{
  "t": "2025-09-01T23:48:33.134Z",
  "spot": 2.7544,
  "sigma_d": 0.03897106993741514,
  "ERI": 3.8971069937415144,
  "percentiles": {
    "p10": 3.8971069937415144,
    "p50": 3.8971069937415144,
    "p90": 3.89746227888432
  },
  "ema": {
    "fast": 0.7445225611459614,
    "slow": 0.7443874652519851,
    "fast_period": 20,
    "slow_period": 100
  },
  "etv": {
    "horizon_days": 1,
    "risk_budget_usd": 100,
    "expected_move_usd": 0.10734191503561627,
    "qty": 931.60253351936,
    "notional_usd": 2566.006018325725,
    "leverage": 1
  }
}