{
  "t": "2025-09-01T20:53:52.501Z",
  "spot": 2.7609,
  "sigma_d": 0.03897106993741514,
  "ERI": 3.8971069937415144,
  "percentiles": {
    "p10": 3.8957139627604276,
    "p50": 3.8971069937415144,
    "p90": 3.8982357745461136
  },
  "ema": {
    "fast": 0.7444485766877664,
    "slow": 0.7443294681021819,
    "fast_period": 20,
    "slow_period": 100
  },
  "etv": {
    "horizon_days": 1,
    "risk_budget_usd": 100,
    "expected_move_usd": 0.10759522699020946,
    "qty": 929.4092572442773,
    "notional_usd": 2566.006018325725,
    "leverage": 1
  }
}