{
  "t": "2025-09-01T22:32:20.054Z",
  "spot": 2.7198,
  "sigma_d": 0.03897106993741514,
  "ERI": 3.8971069937415144,
  "percentiles": {
    "p10": 3.8968359741133316,
    "p50": 3.8971069937415144,
    "p90": 3.897898171311205
  },
  "ema": {
    "fast": 0.7445035976026635,
    "slow": 0.7443643552486932,
    "fast_period": 20,
    "slow_period": 100
  },
  "etv": {
    "horizon_days": 1,
    "risk_budget_usd": 100,
    "expected_move_usd": 0.10599351601578172,
    "qty": 943.4539371739558,
    "notional_usd": 2566.006018325725,
    "leverage": 1
  }
}