{
  "t": "2025-09-01T22:45:25.065Z",
  "spot": 2.7225,
  "sigma_d": 0.03897106993741514,
  "ERI": 3.8971069937415144,
  "percentiles": {
    "p10": 3.8971069937415144,
    "p50": 3.8971069937415144,
    "p90": 3.897817564027126
  },
  "ema": {
    "fast": 0.7445104271962932,
    "slow": 0.7443712914505892,
    "fast_period": 20,
    "slow_period": 100
  },
  "etv": {
    "horizon_days": 1,
    "risk_budget_usd": 100,
    "expected_move_usd": 0.10609873790461273,
    "qty": 942.5182803767585,
    "notional_usd": 2566.006018325725,
    "leverage": 1
  }
}