{
  "t": "2025-09-02T01:46:12.933Z",
  "spot": 2.7682,
  "sigma_d": 0.03897106993741514,
  "ERI": 3.8971069937415144,
  "percentiles": {
    "p10": 3.8971069937415144,
    "p50": 3.8971069937415144,
    "p90": 3.8971780507700755
  },
  "ema": {
    "fast": 0.7445287252617163,
    "slow": 0.7443992888361444,
    "fast_period": 20,
    "slow_period": 100
  },
  "etv": {
    "horizon_days": 1,
    "risk_budget_usd": 100,
    "expected_move_usd": 0.1078797158007526,
    "qty": 926.9583188807619,
    "notional_usd": 2566.006018325725,
    "leverage": 1
  }
}