{
  "t": "2025-09-01T20:45:59.806Z",
  "spot": 2.7392,
  "sigma_d": 0.03897106993741514,
  "ERI": 3.8971069937415144,
  "percentiles": {
    "p10": 3.8956760299202546,
    "p50": 3.8971069937415144,
    "p90": 3.898250948644707
  },
  "ema": {
    "fast": 0.7444388220509474,
    "slow": 0.744325189766114,
    "fast_period": 20,
    "slow_period": 100
  },
  "etv": {
    "horizon_days": 1,
    "risk_budget_usd": 100,
    "expected_move_usd": 0.10674955477256755,
    "qty": 936.7720569238192,
    "notional_usd": 2566.006018325725,
    "leverage": 1
  }
}