{
  "t": "2025-09-02T09:56:19.552Z",
  "spot": 110.419,
  "sigma_d": 0.038964957044797965,
  "ERI": 3.8964957044797965,
  "percentiles": {
    "p10": 3.896171772399179,
    "p50": 3.896584064936875,
    "p90": 3.896584064936877
  },
  "ema": {
    "fast": 0.7444541770134184,
    "slow": 0.7448051394855532,
    "fast_period": 20,
    "slow_period": 100
  },
  "etv": {
    "horizon_days": 1,
    "risk_budget_usd": 100,
    "expected_move_usd": 4.302471591929546,
    "qty": 23.242454450501697,
    "notional_usd": 2566.4085779699467,
    "leverage": 1
  }
}