{
  "t": "2025-09-01T22:45:39.185Z",
  "spot": 106.824,
  "sigma_d": 0.03896584064936874,
  "ERI": 3.896584064936874,
  "percentiles": {
    "p10": 3.895550302183748,
    "p50": 3.8965840649368753,
    "p90": 3.896584064936877
  },
  "ema": {
    "fast": 0.744518384397763,
    "slow": 0.7449156569974192,
    "fast_period": 20,
    "slow_period": 100
  },
  "etv": {
    "horizon_days": 1,
    "risk_budget_usd": 100,
    "expected_move_usd": 4.162486961528166,
    "qty": 24.024099276286307,
    "notional_usd": 2566.3503810900083,
    "leverage": 1
  }
}