{
  "t": "2025-09-01T23:21:48.682Z",
  "spot": 107.999,
  "sigma_d": 0.03896584064936875,
  "ERI": 3.896584064936875,
  "percentiles": {
    "p10": 3.8956523551560043,
    "p50": 3.896584064936875,
    "p90": 3.896584064936877
  },
  "ema": {
    "fast": 0.7445044081495882,
    "slow": 0.7448970581671979,
    "fast_period": 20,
    "slow_period": 100
  },
  "etv": {
    "horizon_days": 1,
    "risk_budget_usd": 100,
    "expected_move_usd": 4.208271824291176,
    "qty": 23.76272355382927,
    "notional_usd": 2566.3503810900074,
    "leverage": 1
  }
}