{
  "t": "2025-09-01T21:47:52.828Z",
  "spot": 107.102,
  "sigma_d": 0.03896584064936875,
  "ERI": 3.896584064936875,
  "percentiles": {
    "p10": 3.895277150684257,
    "p50": 3.896584064936876,
    "p90": 3.8970151512529836
  },
  "ema": {
    "fast": 0.7445684175408375,
    "slow": 0.7449655430642664,
    "fast_period": 20,
    "slow_period": 100
  },
  "etv": {
    "horizon_days": 1,
    "risk_budget_usd": 100,
    "expected_move_usd": 4.173319465228691,
    "qty": 23.96174096739564,
    "notional_usd": 2566.350381090008,
    "leverage": 1
  }
}