{
  "t": "2025-09-01T22:42:20.674Z",
  "spot": 106.799,
  "sigma_d": 0.03896584064936874,
  "ERI": 3.896584064936874,
  "percentiles": {
    "p10": 3.89549927569762,
    "p50": 3.8965840649368753,
    "p90": 3.896584064936877
  },
  "ema": {
    "fast": 0.7445264942996643,
    "slow": 0.7449252391523227,
    "fast_period": 20,
    "slow_period": 100
  },
  "etv": {
    "horizon_days": 1,
    "risk_budget_usd": 100,
    "expected_move_usd": 4.161512815511933,
    "qty": 24.02972294768685,
    "notional_usd": 2566.350381090008,
    "leverage": 1
  }
}