{
  "t": "2025-09-01T23:48:46.249Z",
  "spot": 108.551,
  "sigma_d": 0.038965840649368755,
  "ERI": 3.8965840649368753,
  "percentiles": {
    "p10": 3.895805434614389,
    "p50": 3.896584064936875,
    "p90": 3.896584064936877
  },
  "ema": {
    "fast": 0.7444880504232765,
    "slow": 0.7448705183679686,
    "fast_period": 20,
    "slow_period": 100
  },
  "etv": {
    "horizon_days": 1,
    "risk_budget_usd": 100,
    "expected_move_usd": 4.229780968329628,
    "qty": 23.641886128087325,
    "notional_usd": 2566.3503810900074,
    "leverage": 1
  }
}