{
  "t": "2025-09-01T21:53:00.948Z",
  "spot": 106.992,
  "sigma_d": 0.03896584064936875,
  "ERI": 3.896584064936875,
  "percentiles": {
    "p10": 3.895332681937598,
    "p50": 3.8965840649368757,
    "p90": 3.896907379673957
  },
  "ema": {
    "fast": 0.7445563149493005,
    "slow": 0.7449551628120967,
    "fast_period": 20,
    "slow_period": 100
  },
  "etv": {
    "horizon_days": 1,
    "risk_budget_usd": 100,
    "expected_move_usd": 4.169033222757261,
    "qty": 23.986376374775755,
    "notional_usd": 2566.350381090008,
    "leverage": 1
  }
}