{
  "t": "2025-09-03T03:00:34.225Z",
  "spot": 0.215253,
  "sigma_d": 0.04978405429769868,
  "ERI": 4.978405429769868,
  "percentiles": {
    "p10": 4.975482428351624,
    "p50": 4.978405429769868,
    "p90": 4.986367432148043
  },
  "ema": {
    "fast": 0.9511369702946953,
    "slow": 0.9517553743761372,
    "fast_period": 20,
    "slow_period": 100
  },
  "etv": {
    "horizon_days": 1,
    "risk_budget_usd": 100,
    "expected_move_usd": 0.010716167039742534,
    "qty": 9331.694777538909,
    "notional_usd": 2008.6752959495827,
    "leverage": 1
  }
}