{
  "t": "2025-09-01T22:42:14.607Z",
  "spot": 0.206404,
  "sigma_d": 0.04978019525000256,
  "ERI": 4.978019525000256,
  "percentiles": {
    "p10": 4.975183266670827,
    "p50": 4.97811267972102,
    "p90": 4.987472634065451
  },
  "ema": {
    "fast": 0.951118354699318,
    "slow": 0.9520037442130586,
    "fast_period": 20,
    "slow_period": 100
  },
  "etv": {
    "horizon_days": 1,
    "risk_budget_usd": 100,
    "expected_move_usd": 0.010274831420381528,
    "qty": 9732.519776590823,
    "notional_usd": 2008.8310119674522,
    "leverage": 1
  }
}