{
  "t": "2025-09-01T20:24:35.696Z",
  "spot": 0.211618,
  "sigma_d": 0.04978782461025567,
  "ERI": 4.978782461025567,
  "percentiles": {
    "p10": 4.974721572656804,
    "p50": 4.9787384584813825,
    "p90": 4.988891120558263
  },
  "ema": {
    "fast": 0.9512997781154016,
    "slow": 0.9522632690633311,
    "fast_period": 20,
    "slow_period": 100
  },
  "etv": {
    "horizon_days": 1,
    "risk_budget_usd": 100,
    "expected_move_usd": 0.010535999868373084,
    "qty": 9491.268151984277,
    "notional_usd": 2008.5231837866088,
    "leverage": 1
  }
}