{
  "t": "2025-09-02T03:33:58.522Z",
  "spot": 0.213133,
  "sigma_d": 0.04978536719268046,
  "ERI": 4.978536719268046,
  "percentiles": {
    "p10": 4.975401891445827,
    "p50": 4.978367984751764,
    "p90": 4.986864711282818
  },
  "ema": {
    "fast": 0.9511414383861022,
    "slow": 0.9518076025420228,
    "fast_period": 20,
    "slow_period": 100
  },
  "etv": {
    "horizon_days": 1,
    "risk_budget_usd": 100,
    "expected_move_usd": 0.010610904665877564,
    "qty": 9424.267124138712,
    "notional_usd": 2008.622324969056,
    "leverage": 1
  }
}