{
  "t": "2025-09-01T23:53:14.136Z",
  "spot": 0.209926,
  "sigma_d": 0.04978788492398414,
  "ERI": 4.978788492398413,
  "percentiles": {
    "p10": 4.975365294774296,
    "p50": 4.978234664063685,
    "p90": 4.986864711282818
  },
  "ema": {
    "fast": 0.9511325422078906,
    "slow": 0.9518908662289115,
    "fast_period": 20,
    "slow_period": 100
  },
  "etv": {
    "horizon_days": 1,
    "risk_budget_usd": 100,
    "expected_move_usd": 0.010451771530552293,
    "qty": 9567.756021807701,
    "notional_usd": 2008.5207506340037,
    "leverage": 1
  }
}