{
  "t": "2025-09-01T22:45:32.612Z",
  "spot": 0.206622,
  "sigma_d": 0.04978134921284549,
  "ERI": 4.978134921284549,
  "percentiles": {
    "p10": 4.975235810111644,
    "p50": 4.978134921284549,
    "p90": 4.9872699931379065
  },
  "ema": {
    "fast": 0.9511138772330935,
    "slow": 0.9519852807891159,
    "fast_period": 20,
    "slow_period": 100
  },
  "etv": {
    "horizon_days": 1,
    "risk_budget_usd": 100,
    "expected_move_usd": 0.01028592193705656,
    "qty": 9722.02595080322,
    "notional_usd": 2008.784446006863,
    "leverage": 1
  }
}