{
  "t": "2025-09-02T01:46:23.036Z",
  "spot": 0.211353,
  "sigma_d": 0.04978460735475273,
  "ERI": 4.978460735475273,
  "percentiles": {
    "p10": 4.975383593110061,
    "p50": 4.97825093033485,
    "p90": 4.986864711282818
  },
  "ema": {
    "fast": 0.9511415475299491,
    "slow": 0.9518488427887071,
    "fast_period": 20,
    "slow_period": 100
  },
  "etv": {
    "horizon_days": 1,
    "risk_budget_usd": 100,
    "expected_move_usd": 0.010522126118249054,
    "qty": 9503.782683859392,
    "notional_usd": 2008.6529815817341,
    "leverage": 1
  }
}