{
  "t": "2025-09-01T21:39:12.364Z",
  "spot": 0.206653,
  "sigma_d": 0.04977807653682625,
  "ERI": 4.977807653682625,
  "percentiles": {
    "p10": 4.9748680060259325,
    "p50": 4.978241568735434,
    "p90": 4.988688479630718
  },
  "ema": {
    "fast": 0.9511969275110094,
    "slow": 0.9521291429338979,
    "fast_period": 20,
    "slow_period": 100
  },
  "etv": {
    "horizon_days": 1,
    "risk_budget_usd": 100,
    "expected_move_usd": 0.010286788850564754,
    "qty": 9721.206632379735,
    "notional_usd": 2008.9165142011695,
    "leverage": 1
  }
}