{
  "t": "2025-09-02T02:59:49.470Z",
  "spot": 0.212919,
  "sigma_d": 0.04978502575825878,
  "ERI": 4.978502575825878,
  "percentiles": {
    "p10": 4.9753957920005725,
    "p50": 4.978310686007141,
    "p90": 4.986864711282818
  },
  "ema": {
    "fast": 0.9511407366687527,
    "slow": 0.951820925730732,
    "fast_period": 20,
    "slow_period": 100
  },
  "etv": {
    "horizon_days": 1,
    "risk_budget_usd": 100,
    "expected_move_usd": 0.0106001778994227,
    "qty": 9433.803936955259,
    "notional_usd": 2008.6361004525768,
    "leverage": 1
  }
}