{
  "t": "2025-09-01T21:46:17.825Z",
  "spot": 0.205522,
  "sigma_d": 0.04977723062398691,
  "ERI": 4.977723062398691,
  "percentiles": {
    "p10": 4.9749205494667486,
    "p50": 4.978234664063685,
    "p90": 4.988485838703173
  },
  "ema": {
    "fast": 0.9511774730598942,
    "slow": 0.9521066382376683,
    "fast_period": 20,
    "slow_period": 100
  },
  "etv": {
    "horizon_days": 1,
    "risk_budget_usd": 100,
    "expected_move_usd": 0.010230315992303039,
    "qty": 9774.869131631593,
    "notional_usd": 2008.9506536711883,
    "leverage": 1
  }
}