{
  "t": "2025-09-03T02:24:04.421Z",
  "spot": 0.215189,
  "sigma_d": 0.049784662704766974,
  "ERI": 4.978466270476697,
  "percentiles": {
    "p10": 4.9754421598987255,
    "p50": 4.978452944793208,
    "p90": 4.986616071715431
  },
  "ema": {
    "fast": 0.9511400613566743,
    "slow": 0.9517811820487674,
    "fast_period": 20,
    "slow_period": 100
  },
  "etv": {
    "horizon_days": 1,
    "risk_budget_usd": 100,
    "expected_move_usd": 0.0107131117827761,
    "qty": 9334.35607017319,
    "notional_usd": 2008.6507483844985,
    "leverage": 1
  }
}