{
  "t": "2025-09-01T22:54:24.689Z",
  "spot": 0.207736,
  "sigma_d": 0.04978253387262518,
  "ERI": 4.978253387262518,
  "percentiles": {
    "p10": 4.975288353552459,
    "p50": 4.978164301952627,
    "p90": 4.987067352210363
  },
  "ema": {
    "fast": 0.9511119817058724,
    "slow": 0.9519676311536338,
    "fast_period": 20,
    "slow_period": 100
  },
  "etv": {
    "horizon_days": 1,
    "risk_budget_usd": 100,
    "expected_move_usd": 0.010341624456563664,
    "qty": 9669.660740439245,
    "notional_usd": 2008.736643575887,
    "leverage": 1
  }
}