{
  "t": "2025-09-01T21:36:47.123Z",
  "spot": 0.206265,
  "sigma_d": 0.04978031676821335,
  "ERI": 4.9780316768213355,
  "percentiles": {
    "p10": 4.974815462585116,
    "p50": 4.9782484734071835,
    "p90": 4.988891120558263
  },
  "ema": {
    "fast": 0.951216728626231,
    "slow": 0.9521517757827362,
    "fast_period": 20,
    "slow_period": 100
  },
  "etv": {
    "horizon_days": 1,
    "risk_budget_usd": 100,
    "expected_move_usd": 0.010267937038195528,
    "qty": 9739.0546541152,
    "notional_usd": 2008.8261082310717,
    "leverage": 1
  }
}