{
  "t": "2025-09-01T21:36:31.083Z",
  "spot": 195.8838,
  "sigma_d": 0.044712520417187825,
  "ERI": 4.471252041718783,
  "percentiles": {
    "p10": 4.462958294819018,
    "p50": 4.471648268169488,
    "p90": 4.483162748806825
  },
  "ema": {
    "fast": 0.854196832340141,
    "slow": 0.8539845046372738,
    "fast_period": 20,
    "slow_period": 100
  },
  "etv": {
    "horizon_days": 1,
    "risk_budget_usd": 100,
    "expected_move_usd": 8.758458406896336,
    "qty": 11.417534382678674,
    "notional_usd": 2236.510021509753,
    "leverage": 1
  }
}