{
  "t": "2025-09-01T22:21:30.543Z",
  "spot": 195.0493,
  "sigma_d": 0.0447170682298866,
  "ERI": 4.4717068229886605,
  "percentiles": {
    "p10": 4.463168895769329,
    "p50": 4.471456546801946,
    "p90": 4.483072234422896
  },
  "ema": {
    "fast": 0.8542246932300703,
    "slow": 0.85401105853495,
    "fast_period": 20,
    "slow_period": 100
  },
  "etv": {
    "horizon_days": 1,
    "risk_budget_usd": 100,
    "expected_move_usd": 8.72203285629162,
    "qty": 11.465217071254807,
    "notional_usd": 2236.2825640963,
    "leverage": 1
  }
}