{
  "t": "2025-09-02T01:33:57.725Z",
  "spot": 198.1826,
  "sigma_d": 0.044710042003836235,
  "ERI": 4.471004200383623,
  "percentiles": {
    "p10": 4.463486591376924,
    "p50": 4.4717068229886605,
    "p90": 4.481162323943497
  },
  "ema": {
    "fast": 0.8542936823268867,
    "slow": 0.8540767294584495,
    "fast_period": 20,
    "slow_period": 100
  },
  "etv": {
    "horizon_days": 1,
    "risk_budget_usd": 100,
    "expected_move_usd": 8.860752370429475,
    "qty": 11.28572335840518,
    "notional_usd": 2236.6339980494704,
    "leverage": 1
  }
}