{
  "t": "2025-09-01T21:52:41.555Z",
  "spot": 194.7049,
  "sigma_d": 0.04471584932813872,
  "ERI": 4.471584932813872,
  "percentiles": {
    "p10": 4.4631267755792665,
    "p50": 4.47132816079002,
    "p90": 4.483090337299682
  },
  "ema": {
    "fast": 0.8542148305199532,
    "slow": 0.8540048498391675,
    "fast_period": 20,
    "slow_period": 100
  },
  "etv": {
    "horizon_days": 1,
    "risk_budget_usd": 100,
    "expected_move_usd": 8.706394971850317,
    "qty": 11.48581018014022,
    "notional_usd": 2236.3435225431836,
    "leverage": 1
  }
}