{
  "t": "2025-09-03T02:24:52.154Z",
  "spot": 211.2057,
  "sigma_d": 0.044713216706087335,
  "ERI": 4.4713216706087335,
  "percentiles": {
    "p10": 4.4635834774652015,
    "p50": 4.471456546801946,
    "p90": 4.480908159579549
  },
  "ema": {
    "fast": 0.8542470249831782,
    "slow": 0.8540924227592721,
    "fast_period": 20,
    "slow_period": 100
  },
  "etv": {
    "horizon_days": 1,
    "risk_budget_usd": 100,
    "expected_move_usd": 9.44368623366087,
    "qty": 10.589085397983911,
    "notional_usd": 2236.475193840971,
    "leverage": 1
  }
}