{
  "t": "2025-09-01T20:45:53.458Z",
  "spot": 196.4374,
  "sigma_d": 0.044707496827955565,
  "ERI": 4.470749682795557,
  "percentiles": {
    "p10": 4.46278981405877,
    "p50": 4.4718755982386185,
    "p90": 4.483235160313967
  },
  "ema": {
    "fast": 0.8541831887621284,
    "slow": 0.8539645931061131,
    "fast_period": 20,
    "slow_period": 100
  },
  "etv": {
    "horizon_days": 1,
    "risk_budget_usd": 100,
    "expected_move_usd": 8.782224437391838,
    "qty": 11.386636804023446,
    "notional_usd": 2236.7613285266752,
    "leverage": 1
  }
}