{
  "t": "2025-09-01T22:45:27.354Z",
  "spot": 0.7871,
  "sigma_d": 0.0432834545248117,
  "ERI": 4.32834545248117,
  "percentiles": {
    "p10": 4.328326644221942,
    "p50": 4.3283454524811695,
    "p90": 4.32834545248117
  },
  "ema": {
    "fast": 0.8270300026903797,
    "slow": 0.8273958104006245,
    "fast_period": 20,
    "slow_period": 100
  },
  "etv": {
    "horizon_days": 1,
    "risk_budget_usd": 100,
    "expected_move_usd": 0.03406840705647929,
    "qty": 2935.270787219901,
    "notional_usd": 2310.351636620784,
    "leverage": 1
  }
}