{
  "t": "2025-09-02T01:53:42.503Z",
  "spot": 0.8081,
  "sigma_d": 0.04328345452481167,
  "ERI": 4.328345452481167,
  "percentiles": {
    "p10": 4.328345452481168,
    "p50": 4.3283454524811695,
    "p90": 4.32834545248117
  },
  "ema": {
    "fast": 0.8269662760792341,
    "slow": 0.8273112325532764,
    "fast_period": 20,
    "slow_period": 100
  },
  "etv": {
    "horizon_days": 1,
    "risk_budget_usd": 100,
    "expected_move_usd": 0.034977359601500314,
    "qty": 2858.9922492523024,
    "notional_usd": 2310.3516366207855,
    "leverage": 1
  }
}