{
  "t": "2025-09-01T21:20:14.399Z",
  "spot": 0.7907,
  "sigma_d": 0.04328345452481169,
  "ERI": 4.3283454524811695,
  "percentiles": {
    "p10": 4.327912952829829,
    "p50": 4.328345452481169,
    "p90": 4.328702719095604
  },
  "ema": {
    "fast": 0.8271772659634653,
    "slow": 0.8274878300101944,
    "fast_period": 20,
    "slow_period": 100
  },
  "etv": {
    "horizon_days": 1,
    "risk_budget_usd": 100,
    "expected_move_usd": 0.03422422749276861,
    "qty": 2921.9067112947823,
    "notional_usd": 2310.351636620784,
    "leverage": 1
  }
}