{
  "t": "2025-09-01T21:36:41.708Z",
  "spot": 0.7886,
  "sigma_d": 0.04328345452481169,
  "ERI": 4.3283454524811695,
  "percentiles": {
    "p10": 4.328251411185037,
    "p50": 4.328345452481169,
    "p90": 4.3283454524811695
  },
  "ema": {
    "fast": 0.8271536442143801,
    "slow": 0.8274767687743108,
    "fast_period": 20,
    "slow_period": 100
  },
  "etv": {
    "horizon_days": 1,
    "risk_budget_usd": 100,
    "expected_move_usd": 0.0341333322382665,
    "qty": 2929.6875939903434,
    "notional_usd": 2310.3516366207846,
    "leverage": 1
  }
}