{
  "t": "2025-09-01T20:11:38.826Z",
  "spot": 0.8097,
  "sigma_d": 0.043283454524811686,
  "ERI": 4.328345452481169,
  "percentiles": {
    "p10": 4.326220661053787,
    "p50": 4.328345452481169,
    "p90": 4.330489052167776
  },
  "ema": {
    "fast": 0.827338337918832,
    "slow": 0.8275465797449352,
    "fast_period": 20,
    "slow_period": 100
  },
  "etv": {
    "horizon_days": 1,
    "risk_budget_usd": 100,
    "expected_move_usd": 0.03504661312874002,
    "qty": 2853.3427647533467,
    "notional_usd": 2310.3516366207846,
    "leverage": 1
  }
}