{
  "t": "2025-09-01T23:53:08.871Z",
  "spot": 0.7984,
  "sigma_d": 0.043283454524811686,
  "ERI": 4.328345452481169,
  "percentiles": {
    "p10": 4.328345452481169,
    "p50": 4.3283454524811695,
    "p90": 4.32834545248117
  },
  "ema": {
    "fast": 0.8269845109680966,
    "slow": 0.8273430488965239,
    "fast_period": 20,
    "slow_period": 100
  },
  "etv": {
    "horizon_days": 1,
    "risk_budget_usd": 100,
    "expected_move_usd": 0.03455751009260965,
    "qty": 2893.7269997755325,
    "notional_usd": 2310.351636620785,
    "leverage": 1
  }
}