{
  "t": "2025-09-01T20:57:00.439Z",
  "spot": 0.7946,
  "sigma_d": 0.04328345452481169,
  "ERI": 4.3283454524811695,
  "percentiles": {
    "p10": 4.327574494474621,
    "p50": 4.328345452481169,
    "p90": 4.329059985710039
  },
  "ema": {
    "fast": 0.8272033742124543,
    "slow": 0.827499114705389,
    "fast_period": 20,
    "slow_period": 100
  },
  "etv": {
    "horizon_days": 1,
    "risk_budget_usd": 100,
    "expected_move_usd": 0.03439303296541537,
    "qty": 2907.5656136682414,
    "notional_usd": 2310.3516366207846,
    "leverage": 1
  }
}