{
  "t": "2025-09-01T21:47:39.770Z",
  "spot": 0.787,
  "sigma_d": 0.0432834545248117,
  "ERI": 4.32834545248117,
  "percentiles": {
    "p10": 4.328279623573876,
    "p50": 4.3283454524811695,
    "p90": 4.32834545248117
  },
  "ema": {
    "fast": 0.8270954404899038,
    "slow": 0.8274448820095335,
    "fast_period": 20,
    "slow_period": 100
  },
  "etv": {
    "horizon_days": 1,
    "risk_budget_usd": 100,
    "expected_move_usd": 0.03406407871102681,
    "qty": 2935.643756824376,
    "notional_usd": 2310.351636620784,
    "leverage": 1
  }
}