{
  "t": "2025-09-01T22:42:07.439Z",
  "spot": 0.7874,
  "sigma_d": 0.0432834545248117,
  "ERI": 4.32834545248117,
  "percentiles": {
    "p10": 4.328317240092329,
    "p50": 4.3283454524811695,
    "p90": 4.32834545248117
  },
  "ema": {
    "fast": 0.8270406095422018,
    "slow": 0.8274052361138075,
    "fast_period": 20,
    "slow_period": 100
  },
  "etv": {
    "horizon_days": 1,
    "risk_budget_usd": 100,
    "expected_move_usd": 0.03408139209283673,
    "qty": 2934.1524468132893,
    "notional_usd": 2310.351636620784,
    "leverage": 1
  }
}