{
  "t": "2025-09-02T01:11:32.837Z",
  "spot": 0.8033,
  "sigma_d": 0.043283454524811686,
  "ERI": 4.328345452481169,
  "percentiles": {
    "p10": 4.328345452481169,
    "p50": 4.3283454524811695,
    "p90": 4.32834545248117
  },
  "ema": {
    "fast": 0.8269792468376179,
    "slow": 0.8273348546133862,
    "fast_period": 20,
    "slow_period": 100
  },
  "etv": {
    "horizon_days": 1,
    "risk_budget_usd": 100,
    "expected_move_usd": 0.03476959901978123,
    "qty": 2876.0757333758056,
    "notional_usd": 2310.3516366207846,
    "leverage": 1
  }
}