{
  "t": "2025-09-01T20:24:29.545Z",
  "spot": 0.8057,
  "sigma_d": 0.043283454524811686,
  "ERI": 4.328345452481169,
  "percentiles": {
    "p10": 4.326559119408996,
    "p50": 4.328345452481169,
    "p90": 4.330131785553341
  },
  "ema": {
    "fast": 0.8272993759835214,
    "slow": 0.8275343551479675,
    "fast_period": 20,
    "slow_period": 100
  },
  "etv": {
    "horizon_days": 1,
    "risk_budget_usd": 100,
    "expected_move_usd": 0.034873479310640776,
    "qty": 2867.5085473759277,
    "notional_usd": 2310.351636620785,
    "leverage": 1
  }
}