{
  "t": "2026-05-03T11:54:34.672Z",
  "spot": 2322.19,
  "sigma_d": 0.0022298267925301074,
  "ERI": 0.22298267925301074,
  "percentiles": {
    "p10": 0.08441840954145854,
    "p50": 0.19355487851195086,
    "p90": 0.26547081351184115
  },
  "ema": {
    "fast": 0.029722996660380988,
    "slow": 0.032392697874258074,
    "fast_period": 20,
    "slow_period": 100
  },
  "etv": {
    "horizon_days": 1,
    "risk_budget_usd": 100,
    "expected_move_usd": 5.17808147934549,
    "qty": 19.312171969267663,
    "notional_usd": 44846.53262531367,
    "leverage": 1
  }
}