{
  "t": "2026-01-01T20:33:50.999Z",
  "spot": 2987.13,
  "sigma_d": 0.0033404085899434834,
  "ERI": 0.3340408589943483,
  "percentiles": {
    "p10": 0.15193186862445265,
    "p50": 0.21675264474667377,
    "p90": 0.3111114009415137
  },
  "ema": {
    "fast": 0.06014775842608865,
    "slow": 0.05125588789169539,
    "fast_period": 20,
    "slow_period": 100
  },
  "etv": {
    "horizon_days": 1,
    "risk_budget_usd": 100,
    "expected_move_usd": 9.978234711277878,
    "qty": 10.021812764834568,
    "notional_usd": 29936.457564220284,
    "leverage": 1
  }
}