{
  "t": "2025-09-06T12:47:19.395Z",
  "spot": 4296.76,
  "sigma_d": 0.0007129728853091835,
  "ERI": 0.07129728853091835,
  "percentiles": {
    "p10": 0.0775496837240153,
    "p50": 0.20375558495681773,
    "p90": 0.3022616689986821
  },
  "ema": {
    "fast": 0.030168394027759237,
    "slow": 0.03654031040489061,
    "fast_period": 20,
    "slow_period": 100
  },
  "etv": {
    "horizon_days": 1,
    "risk_budget_usd": 100,
    "expected_move_usd": 3.063473374681087,
    "qty": 32.64268618310096,
    "notional_usd": 140257.7882841009,
    "leverage": 1
  }
}