{
  "t": "2026-05-16T10:24:03.275Z",
  "spot": 2168.82,
  "sigma_d": 0.0021013649690198688,
  "ERI": 0.21013649690198688,
  "percentiles": {
    "p10": 0.08883214396533406,
    "p50": 0.21642235564517087,
    "p90": 0.28079985935575635
  },
  "ema": {
    "fast": 0.04022203021128083,
    "slow": 0.04138698159978877,
    "fast_period": 20,
    "slow_period": 100
  },
  "etv": {
    "horizon_days": 1,
    "risk_budget_usd": 100,
    "expected_move_usd": 4.557482372109672,
    "qty": 21.94193895558826,
    "notional_usd": 47588.116045658935,
    "leverage": 1
  }
}