{
  "t": "2026-07-01T21:44:23.854Z",
  "spot": 1625.83,
  "sigma_d": 0.0024453224754209693,
  "ERI": 0.24453224754209693,
  "percentiles": {
    "p10": 0.08710514296383465,
    "p50": 0.22769650861101692,
    "p90": 0.35930762446011894
  },
  "ema": {
    "fast": 0.045982383960539344,
    "slow": 0.04421847161071751,
    "fast_period": 20,
    "slow_period": 100
  },
  "etv": {
    "horizon_days": 1,
    "risk_budget_usd": 100,
    "expected_move_usd": 3.9756786402136743,
    "qty": 25.152938416226082,
    "notional_usd": 40894.40186525285,
    "leverage": 1
  }
}