{
  "t": "2025-10-26T16:31:54.642Z",
  "spot": 4054.44,
  "sigma_d": 0.0022254816448318165,
  "ERI": 0.22254816448318165,
  "percentiles": {
    "p10": 0.08098626447852347,
    "p50": 0.20828071260360845,
    "p90": 0.270154701258962
  },
  "ema": {
    "fast": 0.044274602774745125,
    "slow": 0.039965479638440035,
    "fast_period": 20,
    "slow_period": 100
  },
  "etv": {
    "horizon_days": 1,
    "risk_budget_usd": 100,
    "expected_move_usd": 9.02308180007191,
    "qty": 11.082687956924323,
    "notional_usd": 44934.09336007225,
    "leverage": 1
  }
}