{
  "t": "2026-03-21T20:39:06.875Z",
  "spot": 2153.91,
  "sigma_d": 0.001054488422577551,
  "ERI": 0.1054488422577551,
  "percentiles": {
    "p10": 0.09602220930021997,
    "p50": 0.234142418234356,
    "p90": 0.3462198930047046
  },
  "ema": {
    "fast": 0.024757032054870516,
    "slow": 0.0361555292089854,
    "fast_period": 20,
    "slow_period": 100
  },
  "etv": {
    "horizon_days": 1,
    "risk_budget_usd": 100,
    "expected_move_usd": 2.271273158274013,
    "qty": 44.0281696790676,
    "notional_usd": 94832.71495344049,
    "leverage": 1
  }
}