{
  "t": "2026-01-08T18:43:19.790Z",
  "spot": 3117.48,
  "sigma_d": 0.0013948221131481278,
  "ERI": 0.13948221131481278,
  "percentiles": {
    "p10": 0.12564330436083648,
    "p50": 0.21485528164637033,
    "p90": 0.31809552589193696
  },
  "ema": {
    "fast": 0.03932420296337771,
    "slow": 0.04130309167429472,
    "fast_period": 20,
    "slow_period": 100
  },
  "etv": {
    "horizon_days": 1,
    "risk_budget_usd": 100,
    "expected_move_usd": 4.348330041297025,
    "qty": 22.997334390508197,
    "notional_usd": 71693.73001572149,
    "leverage": 1
  }
}