{
  "t": "2026-01-10T18:41:30.733Z",
  "spot": 3089.44,
  "sigma_d": 0.002357369537371322,
  "ERI": 0.23573695373713222,
  "percentiles": {
    "p10": 0.10586925557021208,
    "p50": 0.2263253600114612,
    "p90": 0.3186189896762125
  },
  "ema": {
    "fast": 0.04348775894638238,
    "slow": 0.04022267534205622,
    "fast_period": 20,
    "slow_period": 100
  },
  "etv": {
    "horizon_days": 1,
    "risk_budget_usd": 100,
    "expected_move_usd": 7.282951743536458,
    "qty": 13.730696497989147,
    "notional_usd": 42420.162988747594,
    "leverage": 1
  }
}