{
  "t": "2026-01-06T08:44:35.019Z",
  "spot": 3218.92,
  "sigma_d": 0.001640820467946868,
  "ERI": 0.1640820467946868,
  "percentiles": {
    "p10": 0.13300930458723387,
    "p50": 0.20884838321906668,
    "p90": 0.3124313469826511
  },
  "ema": {
    "fast": 0.038730211607070776,
    "slow": 0.040201082999236,
    "fast_period": 20,
    "slow_period": 100
  },
  "etv": {
    "horizon_days": 1,
    "risk_budget_usd": 100,
    "expected_move_usd": 5.281669820683533,
    "qty": 18.93340617552242,
    "notional_usd": 60945.11980651263,
    "leverage": 1
  }
}