{
  "t": "2025-12-24T02:20:11.808Z",
  "spot": 2949.74,
  "sigma_d": 0.002275615517846376,
  "ERI": 0.2275615517846376,
  "percentiles": {
    "p10": 0.08291299551388288,
    "p50": 0.22412868224590107,
    "p90": 0.29211438569505715
  },
  "ema": {
    "fast": 0.044638867049868206,
    "slow": 0.04301667673976684,
    "fast_period": 20,
    "slow_period": 100
  },
  "etv": {
    "horizon_days": 1,
    "risk_budget_usd": 100,
    "expected_move_usd": 6.712474117612168,
    "qty": 14.897636586429483,
    "notional_usd": 43944.1545444545,
    "leverage": 1
  }
}