{
  "t": "2025-11-24T20:31:39.239Z",
  "spot": 2976.74,
  "sigma_d": 0.00317724247724891,
  "ERI": 0.317724247724891,
  "percentiles": {
    "p10": 0.08194322726202576,
    "p50": 0.19552158439079495,
    "p90": 0.2956837187868645
  },
  "ema": {
    "fast": 0.03809835970946856,
    "slow": 0.03770894030970589,
    "fast_period": 20,
    "slow_period": 100
  },
  "etv": {
    "horizon_days": 1,
    "risk_budget_usd": 100,
    "expected_move_usd": 9.45782477172592,
    "qty": 10.573255734124942,
    "notional_usd": 31473.833273999076,
    "leverage": 1
  }
}