{
  "t": "2026-05-05T20:14:54.717Z",
  "spot": 2377.71,
  "sigma_d": 0.002477567921239828,
  "ERI": 0.2477567921239828,
  "percentiles": {
    "p10": 0.0837017603130209,
    "p50": 0.19494662549557154,
    "p90": 0.2626314429449677
  },
  "ema": {
    "fast": 0.04201702727772061,
    "slow": 0.03702655254639702,
    "fast_period": 20,
    "slow_period": 100
  },
  "etv": {
    "horizon_days": 1,
    "risk_budget_usd": 100,
    "expected_move_usd": 5.890938022011151,
    "qty": 16.97522527420179,
    "notional_usd": 40362.16288672234,
    "leverage": 1
  }
}