{
  "t": "2026-01-01T10:34:54.013Z",
  "spot": 2978.73,
  "sigma_d": 0.0031337843718446017,
  "ERI": 0.3133784371844602,
  "percentiles": {
    "p10": 0.15193186862445265,
    "p50": 0.21675264474667377,
    "p90": 0.3059405379216962
  },
  "ema": {
    "fast": 0.05725279633840086,
    "slow": 0.048955879783040626,
    "fast_period": 20,
    "slow_period": 100
  },
  "etv": {
    "horizon_days": 1,
    "risk_budget_usd": 100,
    "expected_move_usd": 9.33469752194467,
    "qty": 10.712719910303777,
    "notional_usd": 31910.30017841917,
    "leverage": 1
  }
}