{
  "t": "2026-04-11T15:44:17.296Z",
  "spot": 2247.84,
  "sigma_d": 0.0008284100865868919,
  "ERI": 0.08284100865868918,
  "percentiles": {
    "p10": 0.08949175669885677,
    "p50": 0.2282361075457852,
    "p90": 0.34972341073660895
  },
  "ema": {
    "fast": 0.04762061227804386,
    "slow": 0.04594296006935668,
    "fast_period": 20,
    "slow_period": 100
  },
  "etv": {
    "horizon_days": 1,
    "risk_budget_usd": 100,
    "expected_move_usd": 1.8621333290334792,
    "qty": 53.701847467551616,
    "notional_usd": 120713.16081146123,
    "leverage": 1
  }
}