{
  "t": "2025-10-24T15:29:24.416Z",
  "spot": 3918.03,
  "sigma_d": 0.0011943261082355194,
  "ERI": 0.11943261082355194,
  "percentiles": {
    "p10": 0.08119823422044536,
    "p50": 0.21436687227789636,
    "p90": 0.27145451146879207
  },
  "ema": {
    "fast": 0.039750991701078646,
    "slow": 0.040028829144479194,
    "fast_period": 20,
    "slow_period": 100
  },
  "etv": {
    "horizon_days": 1,
    "risk_budget_usd": 100,
    "expected_move_usd": 4.679405521850012,
    "qty": 21.37023592699117,
    "notional_usd": 83729.22546902922,
    "leverage": 1
  }
}