{
  "t": "2025-12-17T07:31:54.948Z",
  "spot": 2937.55,
  "sigma_d": 0.0026647838116061677,
  "ERI": 0.2664783811606168,
  "percentiles": {
    "p10": 0.08135616126397803,
    "p50": 0.2195677760936087,
    "p90": 0.29211438569505715
  },
  "ema": {
    "fast": 0.041056868187886134,
    "slow": 0.03803367846028034,
    "fast_period": 20,
    "slow_period": 100
  },
  "etv": {
    "horizon_days": 1,
    "risk_budget_usd": 100,
    "expected_move_usd": 7.827935685783698,
    "qty": 12.77476004071033,
    "notional_usd": 37526.49635758863,
    "leverage": 1
  }
}