{
  "t": "2026-05-03T10:14:05.966Z",
  "spot": 2313.22,
  "sigma_d": 0.0017785564266008893,
  "ERI": 0.17785564266008894,
  "percentiles": {
    "p10": 0.08441840954145854,
    "p50": 0.19249771099542096,
    "p90": 0.26547081351184115
  },
  "ema": {
    "fast": 0.02836744040829851,
    "slow": 0.0321864739716135,
    "fast_period": 20,
    "slow_period": 100
  },
  "etv": {
    "horizon_days": 1,
    "risk_budget_usd": 100,
    "expected_move_usd": 4.114192297141709,
    "qty": 24.30610743923514,
    "notional_usd": 56225.37385058751,
    "leverage": 1
  }
}