{
  "t": "2025-09-28T14:22:27.887Z",
  "spot": 4020.59,
  "sigma_d": 0.0013206710789633582,
  "ERI": 0.13206710789633583,
  "percentiles": {
    "p10": 0.07098066855024097,
    "p50": 0.1811739711729434,
    "p90": 0.2558474654166809
  },
  "ema": {
    "fast": 0.03065932676932836,
    "slow": 0.031115997779114665,
    "fast_period": 20,
    "slow_period": 100
  },
  "etv": {
    "horizon_days": 1,
    "risk_budget_usd": 100,
    "expected_move_usd": 5.309876933369289,
    "qty": 18.83282819071793,
    "notional_usd": 75719.0806953186,
    "leverage": 1
  }
}