{
  "t": "2026-04-26T22:53:58.049Z",
  "spot": 2364.74,
  "sigma_d": 0.0018080066577196988,
  "ERI": 0.18080066577196988,
  "percentiles": {
    "p10": 0.08565908225879268,
    "p50": 0.2080853158620277,
    "p90": 0.31523751139492406
  },
  "ema": {
    "fast": 0.03552437431397718,
    "slow": 0.03569503934102845,
    "fast_period": 20,
    "slow_period": 100
  },
  "etv": {
    "horizon_days": 1,
    "risk_budget_usd": 100,
    "expected_move_usd": 4.27546566377608,
    "qty": 23.389265138356944,
    "notional_usd": 55309.5308432782,
    "leverage": 1
  }
}