{
  "t": "2025-10-24T12:57:48.966Z",
  "spot": 3966.8,
  "sigma_d": 0.002477026326278107,
  "ERI": 0.24770263262781073,
  "percentiles": {
    "p10": 0.08166357686791983,
    "p50": 0.2157734081088998,
    "p90": 0.27145451146879207
  },
  "ema": {
    "fast": 0.04412677544807334,
    "slow": 0.04078142976220226,
    "fast_period": 20,
    "slow_period": 100
  },
  "etv": {
    "horizon_days": 1,
    "risk_budget_usd": 100,
    "expected_move_usd": 9.825868031079995,
    "qty": 10.177217899089639,
    "notional_usd": 40370.98796210878,
    "leverage": 1
  }
}