{
  "t": "2026-02-06T16:59:49.630Z",
  "spot": 2029.06,
  "sigma_d": 0.0031110461018988796,
  "ERI": 0.31110461018988794,
  "percentiles": {
    "p10": 0.07716787856358145,
    "p50": 0.20045310034798108,
    "p90": 0.34401242683985406
  },
  "ema": {
    "fast": 0.06024096979469765,
    "slow": 0.05081246688307501,
    "fast_period": 20,
    "slow_period": 100
  },
  "etv": {
    "horizon_days": 1,
    "risk_budget_usd": 100,
    "expected_move_usd": 6.31249920351894,
    "qty": 15.841586157231418,
    "notional_usd": 32143.528808191983,
    "leverage": 1
  }
}