{
  "t": "2026-01-15T22:33:42.578Z",
  "spot": 3308.46,
  "sigma_d": 0.0008788309862779588,
  "ERI": 0.08788309862779588,
  "percentiles": {
    "p10": 0.08716307014687602,
    "p50": 0.20391727237899077,
    "p90": 0.27876920591552673
  },
  "ema": {
    "fast": 0.030901228607641266,
    "slow": 0.034003030244478795,
    "fast_period": 20,
    "slow_period": 100
  },
  "etv": {
    "horizon_days": 1,
    "risk_budget_usd": 100,
    "expected_move_usd": 2.9075771648611757,
    "qty": 34.39289632912445,
    "notional_usd": 113787.52178905507,
    "leverage": 1
  }
}