{
  "t": "2026-03-02T19:47:21.059Z",
  "spot": 2032.96,
  "sigma_d": 0.0029968855322912956,
  "ERI": 0.2996885532291296,
  "percentiles": {
    "p10": 0.11515427170860416,
    "p50": 0.2889114013156136,
    "p90": 0.38035838123005156
  },
  "ema": {
    "fast": 0.046575891848566746,
    "slow": 0.0448319187548572,
    "fast_period": 20,
    "slow_period": 100
  },
  "etv": {
    "horizon_days": 1,
    "risk_budget_usd": 100,
    "expected_move_usd": 6.092548411726912,
    "qty": 16.413492883785775,
    "notional_usd": 33367.97449302113,
    "leverage": 1
  }
}