{
  "t": "2026-03-19T03:17:30.968Z",
  "spot": 2205.89,
  "sigma_d": 0.0011589595036685131,
  "ERI": 0.11589595036685131,
  "percentiles": {
    "p10": 0.10466532600928417,
    "p50": 0.25293140480540377,
    "p90": 0.3548847506364679
  },
  "ema": {
    "fast": 0.03958491258494307,
    "slow": 0.041513141913206396,
    "fast_period": 20,
    "slow_period": 100
  },
  "etv": {
    "horizon_days": 1,
    "risk_budget_usd": 100,
    "expected_move_usd": 2.556537179547336,
    "qty": 39.11541001633551,
    "notional_usd": 86284.29180093433,
    "leverage": 1
  }
}