{
  "t": "2026-04-25T21:49:36.845Z",
  "spot": 2315.16,
  "sigma_d": 0.001832225696153304,
  "ERI": 0.1832225696153304,
  "percentiles": {
    "p10": 0.08726502285401226,
    "p50": 0.21198657181043923,
    "p90": 0.3254301788119981
  },
  "ema": {
    "fast": 0.03357173132153737,
    "slow": 0.03482844812971388,
    "fast_period": 20,
    "slow_period": 100
  },
  "etv": {
    "horizon_days": 1,
    "risk_budget_usd": 100,
    "expected_move_usd": 4.241895642706283,
    "qty": 23.574365902175067,
    "notional_usd": 54578.428962079626,
    "leverage": 1
  }
}