{
  "t": "2026-01-08T07:33:42.628Z",
  "spot": 3117.09,
  "sigma_d": 0.0013872065089985024,
  "ERI": 0.13872065089985025,
  "percentiles": {
    "p10": 0.13246180605059185,
    "p50": 0.21263899274023285,
    "p90": 0.3155246088476158
  },
  "ema": {
    "fast": 0.042381510324548594,
    "slow": 0.04211749928902993,
    "fast_period": 20,
    "slow_period": 100
  },
  "etv": {
    "horizon_days": 1,
    "risk_budget_usd": 100,
    "expected_move_usd": 4.324047537134142,
    "qty": 23.126480257494396,
    "notional_usd": 72087.32034583321,
    "leverage": 1
  }
}