{
  "t": "2025-11-10T12:59:24.342Z",
  "spot": 3590.41,
  "sigma_d": 0.0029841101992940425,
  "ERI": 0.2984110199294043,
  "percentiles": {
    "p10": 0.07668084942646544,
    "p50": 0.2160250670663546,
    "p90": 0.295243874043454
  },
  "ema": {
    "fast": 0.03798053957349759,
    "slow": 0.03615807981931543,
    "fast_period": 20,
    "slow_period": 100
  },
  "etv": {
    "horizon_days": 1,
    "risk_budget_usd": 100,
    "expected_move_usd": 10.714179100647323,
    "qty": 9.333426206582477,
    "notional_usd": 33510.82678637579,
    "leverage": 1
  }
}