{
  "t": "2025-12-16T04:45:44.160Z",
  "spot": 2912.35,
  "sigma_d": 0.0015357738696062824,
  "ERI": 0.15357738696062825,
  "percentiles": {
    "p10": 0.08423522182925255,
    "p50": 0.2195677760936087,
    "p90": 0.2986853296729768
  },
  "ema": {
    "fast": 0.038742005725020415,
    "slow": 0.03681824231752715,
    "fast_period": 20,
    "slow_period": 100
  },
  "etv": {
    "horizon_days": 1,
    "risk_budget_usd": 100,
    "expected_move_usd": 4.472711029147857,
    "qty": 22.3578047739543,
    "notional_usd": 65113.752733425805,
    "leverage": 1
  }
}