{
  "t": "2025-10-11T18:31:50.867Z",
  "spot": 3819.71,
  "sigma_d": 0.0018796646376448732,
  "ERI": 0.1879664637644873,
  "percentiles": {
    "p10": 0.07266048910980512,
    "p50": 0.21629729072766252,
    "p90": 0.2767314733589211
  },
  "ema": {
    "fast": 0.03471272727561842,
    "slow": 0.03681228639379498,
    "fast_period": 20,
    "slow_period": 100
  },
  "etv": {
    "horizon_days": 1,
    "risk_budget_usd": 100,
    "expected_move_usd": 7.179773813058499,
    "qty": 13.928015367019087,
    "notional_usd": 53200.97957755648,
    "leverage": 1
  }
}