{
  "t": "2026-02-07T04:45:48.624Z",
  "spot": 2081.85,
  "sigma_d": 0.003166195322676293,
  "ERI": 0.3166195322676293,
  "percentiles": {
    "p10": 0.07716787856358145,
    "p50": 0.1996233121406636,
    "p90": 0.34947359871995287
  },
  "ema": {
    "fast": 0.050886585385487806,
    "slow": 0.04977633028617833,
    "fast_period": 20,
    "slow_period": 100
  },
  "etv": {
    "horizon_days": 1,
    "risk_budget_usd": 100,
    "expected_move_usd": 6.591543732513641,
    "qty": 15.170952975209296,
    "notional_usd": 31583.648451439472,
    "leverage": 1
  }
}