{
  "t": "2025-10-10T06:39:23.509Z",
  "spot": 4348.48,
  "sigma_d": 0.0022312227571652777,
  "ERI": 0.22312227571652776,
  "percentiles": {
    "p10": 0.07139514265924364,
    "p50": 0.2189836331772912,
    "p90": 0.27663929364461687
  },
  "ema": {
    "fast": 0.04103614044192298,
    "slow": 0.039055145610607085,
    "fast_period": 20,
    "slow_period": 100
  },
  "etv": {
    "horizon_days": 1,
    "risk_budget_usd": 100,
    "expected_move_usd": 9.702427535078066,
    "qty": 10.306698982132145,
    "notional_usd": 44818.47438982199,
    "leverage": 1
  }
}