{
  "t": "2026-02-10T11:07:33.306Z",
  "spot": 2012.14,
  "sigma_d": 0.0021354866766328693,
  "ERI": 0.21354866766328692,
  "percentiles": {
    "p10": 0.0817932490228026,
    "p50": 0.22223498635809058,
    "p90": 0.375467635310218
  },
  "ema": {
    "fast": 0.12815859264265306,
    "slow": 0.06800484286049055,
    "fast_period": 20,
    "slow_period": 100
  },
  "etv": {
    "horizon_days": 1,
    "risk_budget_usd": 100,
    "expected_move_usd": 4.296898161520062,
    "qty": 23.272601826016796,
    "notional_usd": 46827.73303820144,
    "leverage": 1
  }
}