{
  "t": "2025-10-23T20:29:17.151Z",
  "spot": 3847.54,
  "sigma_d": 0.0021382612768624664,
  "ERI": 0.21382612768624665,
  "percentiles": {
    "p10": 0.08166357686791983,
    "p50": 0.21587204028235252,
    "p90": 0.27255370346420243
  },
  "ema": {
    "fast": 0.043610376556126325,
    "slow": 0.03973805746516082,
    "fast_period": 20,
    "slow_period": 100
  },
  "etv": {
    "horizon_days": 1,
    "risk_budget_usd": 100,
    "expected_move_usd": 8.227045793179414,
    "qty": 12.155031406644708,
    "notional_usd": 46766.96953832178,
    "leverage": 1
  }
}