{
  "t": "2026-03-17T20:52:53.969Z",
  "spot": 2327.51,
  "sigma_d": 0.002398663762811066,
  "ERI": 0.2398663762811066,
  "percentiles": {
    "p10": 0.10580637078218988,
    "p50": 0.2598930328197381,
    "p90": 0.3567350633979202
  },
  "ema": {
    "fast": 0.040740061049351343,
    "slow": 0.041442402607689104,
    "fast_period": 20,
    "slow_period": 100
  },
  "etv": {
    "horizon_days": 1,
    "risk_budget_usd": 100,
    "expected_move_usd": 5.582913894580385,
    "qty": 17.91179335527188,
    "notional_usd": 41689.878152328856,
    "leverage": 1
  }
}