{
  "t": "2025-09-04T01:55:24.014Z",
  "spot": 4465.47,
  "sigma_d": 0.0026001314638145175,
  "ERI": 0.26001314638145173,
  "percentiles": {
    "p10": 0.08525587088074599,
    "p50": 0.2293210259558634,
    "p90": 0.2961374591469058
  },
  "ema": {
    "fast": 0.04650471170455517,
    "slow": 0.04283162011713322,
    "fast_period": 20,
    "slow_period": 100
  },
  "etv": {
    "horizon_days": 1,
    "risk_budget_usd": 100,
    "expected_move_usd": 11.610809047719814,
    "qty": 8.612664250097065,
    "notional_usd": 38459.59382888094,
    "leverage": 1
  }
}