{
  "t": "2026-03-31T09:14:40.697Z",
  "spot": 2034.79,
  "sigma_d": 0.032014222166431176,
  "ERI": 3.2014222166431177,
  "percentiles": {
    "p10": 0.09328358097327766,
    "p50": 0.22287544580792773,
    "p90": 0.31001767763095
  },
  "ema": {
    "fast": 0.09546323249632827,
    "slow": 0.05425893899720397,
    "fast_period": 20,
    "slow_period": 100
  },
  "etv": {
    "horizon_days": 1,
    "risk_budget_usd": 100,
    "expected_move_usd": 65.14221912203249,
    "qty": 1.5351027543699056,
    "notional_usd": 3123.6117335643403,
    "leverage": 1
  }
}