{
  "t": "2025-12-19T08:41:15.942Z",
  "spot": 2947.29,
  "sigma_d": 0.0008298821239128176,
  "ERI": 0.08298821239128176,
  "percentiles": {
    "p10": 0.07939482920405169,
    "p50": 0.19712865950380196,
    "p90": 0.2787280772068192
  },
  "ema": {
    "fast": 0.031074732969852664,
    "slow": 0.03433045615846791,
    "fast_period": 20,
    "slow_period": 100
  },
  "etv": {
    "horizon_days": 1,
    "risk_budget_usd": 100,
    "expected_move_usd": 2.445903284987008,
    "qty": 40.88469099076874,
    "notional_usd": 120499.0409101828,
    "leverage": 1
  }
}