{
  "t": "2026-03-12T11:39:07.246Z",
  "spot": 2073.49,
  "sigma_d": 0.0025954562779847137,
  "ERI": 0.25954562779847135,
  "percentiles": {
    "p10": 0.10503062610363459,
    "p50": 0.2647479822889713,
    "p90": 0.36057735857294637
  },
  "ema": {
    "fast": 0.042226113797077705,
    "slow": 0.048831758443753634,
    "fast_period": 20,
    "slow_period": 100
  },
  "etv": {
    "horizon_days": 1,
    "risk_budget_usd": 100,
    "expected_move_usd": 5.381652637838523,
    "qty": 18.581652650135332,
    "notional_usd": 38528.870953529105,
    "leverage": 1
  }
}