{
  "t": "2026-02-14T11:32:50.488Z",
  "spot": 2094.39,
  "sigma_d": 0.003639405467230133,
  "ERI": 0.3639405467230133,
  "percentiles": {
    "p10": 0.0933273567652321,
    "p50": 0.2614671953291945,
    "p90": 0.3819860851745566
  },
  "ema": {
    "fast": 0.0413273191152394,
    "slow": 0.05017018767186059,
    "fast_period": 20,
    "slow_period": 100
  },
  "etv": {
    "horizon_days": 1,
    "risk_budget_usd": 100,
    "expected_move_usd": 7.622334416512118,
    "qty": 13.119340419304079,
    "notional_usd": 27477.015380786266,
    "leverage": 1
  }
}