{
  "t": "2025-10-03T03:35:34.006Z",
  "spot": 4531.69,
  "sigma_d": 0.0017940129165498306,
  "ERI": 0.17940129165498306,
  "percentiles": {
    "p10": 0.07088027110115395,
    "p50": 0.18451679426011017,
    "p90": 0.2676809576473457
  },
  "ema": {
    "fast": 0.038441742635926174,
    "slow": 0.03518261744493323,
    "fast_period": 20,
    "slow_period": 100
  },
  "etv": {
    "horizon_days": 1,
    "risk_budget_usd": 100,
    "expected_move_usd": 8.129910393799701,
    "qty": 12.300258570655991,
    "notional_usd": 55740.95876205604,
    "leverage": 1
  }
}