{
  "t": "2026-03-05T23:18:58.463Z",
  "spot": 2079.19,
  "sigma_d": 0.002949263376843206,
  "ERI": 0.2949263376843206,
  "percentiles": {
    "p10": 0.11015841647567107,
    "p50": 0.28099829512656094,
    "p90": 0.36564512992137516
  },
  "ema": {
    "fast": 0.05128088291991717,
    "slow": 0.04765664624219121,
    "fast_period": 20,
    "slow_period": 100
  },
  "etv": {
    "horizon_days": 1,
    "risk_budget_usd": 100,
    "expected_move_usd": 6.132078920498626,
    "qty": 16.307683135928812,
    "notional_usd": 33906.77169939183,
    "leverage": 1
  }
}