{
  "t": "2025-12-09T13:45:36.954Z",
  "spot": 3114.62,
  "sigma_d": 0.0014756585693117999,
  "ERI": 0.14756585693118,
  "percentiles": {
    "p10": 0.07816810724850534,
    "p50": 0.22103888762934099,
    "p90": 0.34396451174852344
  },
  "ema": {
    "fast": 0.030813554312958208,
    "slow": 0.03988667368505244,
    "fast_period": 20,
    "slow_period": 100
  },
  "etv": {
    "horizon_days": 1,
    "risk_budget_usd": 100,
    "expected_move_usd": 4.596115693149918,
    "qty": 21.757502786329045,
    "notional_usd": 67766.35332835617,
    "leverage": 1
  }
}