{
  "t": "2026-02-04T17:02:22.151Z",
  "spot": 2131.81,
  "sigma_d": 0.0025650138368671243,
  "ERI": 0.25650138368671244,
  "percentiles": {
    "p10": 0.07716787856358145,
    "p50": 0.20045310034798108,
    "p90": 0.3178996556660396
  },
  "ema": {
    "fast": 0.05238116929932916,
    "slow": 0.04530323690092683,
    "fast_period": 20,
    "slow_period": 100
  },
  "etv": {
    "horizon_days": 1,
    "risk_budget_usd": 100,
    "expected_move_usd": 5.468122147571704,
    "qty": 18.287813860267956,
    "notional_usd": 38986.14446545783,
    "leverage": 1
  }
}