{
  "t": "2025-10-29T10:33:13.197Z",
  "spot": 3997.39,
  "sigma_d": 0.000728483732184336,
  "ERI": 0.0728483732184336,
  "percentiles": {
    "p10": 0.08404584829997809,
    "p50": 0.20845866821788928,
    "p90": 0.274231272095601
  },
  "ema": {
    "fast": 0.029525200443024247,
    "slow": 0.03502158569191005,
    "fast_period": 20,
    "slow_period": 100
  },
  "etv": {
    "horizon_days": 1,
    "risk_budget_usd": 100,
    "expected_move_usd": 2.9120335861963427,
    "qty": 34.3402632696344,
    "notional_usd": 137271.42499140385,
    "leverage": 1
  }
}