{
  "t": "2025-12-05T06:45:30.219Z",
  "spot": 3165.08,
  "sigma_d": 0.0030700666610018203,
  "ERI": 0.307006666100182,
  "percentiles": {
    "p10": 0.07361188766149436,
    "p50": 0.2005608910113988,
    "p90": 0.3447200362489877
  },
  "ema": {
    "fast": 0.052726210262519696,
    "slow": 0.04524031990995767,
    "fast_period": 20,
    "slow_period": 100
  },
  "etv": {
    "horizon_days": 1,
    "risk_budget_usd": 100,
    "expected_move_usd": 9.717006587403642,
    "qty": 10.291235176235455,
    "notional_usd": 32572.582631599314,
    "leverage": 1
  }
}