{
  "t": "2026-02-05T04:57:03.799Z",
  "spot": 2101.62,
  "sigma_d": 0.0008995426396033829,
  "ERI": 0.08995426396033829,
  "percentiles": {
    "p10": 0.07716787856358145,
    "p50": 0.19995666920524938,
    "p90": 0.3178996556660396
  },
  "ema": {
    "fast": 0.04241789184619202,
    "slow": 0.043722136957111184,
    "fast_period": 20,
    "slow_period": 100
  },
  "etv": {
    "horizon_days": 1,
    "risk_budget_usd": 100,
    "expected_move_usd": 1.8904968022432613,
    "qty": 52.89614871675007,
    "notional_usd": 111167.60406609628,
    "leverage": 1
  }
}