{
  "t": "2025-09-05T17:24:25.664Z",
  "spot": 4291.16,
  "sigma_d": 0.003289384618840506,
  "ERI": 0.3289384618840506,
  "percentiles": {
    "p10": 0.08186857228250721,
    "p50": 0.2247470898727552,
    "p90": 0.30193548428812245
  },
  "ema": {
    "fast": 0.04139906656743744,
    "slow": 0.040912272968587064,
    "fast_period": 20,
    "slow_period": 100
  },
  "etv": {
    "horizon_days": 1,
    "risk_budget_usd": 100,
    "expected_move_usd": 14.115275700983625,
    "qty": 7.084523329078969,
    "notional_usd": 30400.82312881051,
    "leverage": 1
  }
}