{
  "t": "2026-05-24T13:55:51.981Z",
  "spot": 2110.91,
  "sigma_d": 0.0012348769177222781,
  "ERI": 0.12348769177222782,
  "percentiles": {
    "p10": 0.09338809797969481,
    "p50": 0.21333150885003221,
    "p90": 0.29929341012517596
  },
  "ema": {
    "fast": 0.03429110658892103,
    "slow": 0.038521781617651,
    "fast_period": 20,
    "slow_period": 100
  },
  "etv": {
    "horizon_days": 1,
    "risk_budget_usd": 100,
    "expected_move_usd": 2.606714034389134,
    "qty": 38.36247424180318,
    "notional_usd": 80979.73050176474,
    "leverage": 1
  }
}