{
  "t": "2025-11-02T05:28:04.773Z",
  "spot": 3894.25,
  "sigma_d": 0.0029612555004219212,
  "ERI": 0.2961255500421921,
  "percentiles": {
    "p10": 0.09107553041054071,
    "p50": 0.21577974486127016,
    "p90": 0.28793068515846454
  },
  "ema": {
    "fast": 0.05497010644562604,
    "slow": 0.044806709113251256,
    "fast_period": 20,
    "slow_period": 100
  },
  "etv": {
    "horizon_days": 1,
    "risk_budget_usd": 100,
    "expected_move_usd": 11.531869232518067,
    "qty": 8.67162105151311,
    "notional_usd": 33769.46027985493,
    "leverage": 1
  }
}