{
  "t": "2025-12-13T04:35:46.653Z",
  "spot": 3087.48,
  "sigma_d": 0.002419452448078859,
  "ERI": 0.2419452448078859,
  "percentiles": {
    "p10": 0.08317025413542126,
    "p50": 0.22373479786098888,
    "p90": 0.3354547618461036
  },
  "ema": {
    "fast": 0.044645801419762696,
    "slow": 0.03992334812690854,
    "fast_period": 20,
    "slow_period": 100
  },
  "etv": {
    "horizon_days": 1,
    "risk_budget_usd": 100,
    "expected_move_usd": 7.470011044394516,
    "qty": 13.386861064287158,
    "notional_usd": 41331.665798765316,
    "leverage": 1
  }
}