{
  "t": "2026-04-01T19:17:54.534Z",
  "spot": 2129.54,
  "sigma_d": 0.002814990212264565,
  "ERI": 0.28149902122645654,
  "percentiles": {
    "p10": 0.09341368984264971,
    "p50": 0.22537484609597086,
    "p90": 0.31829156001400705
  },
  "ema": {
    "fast": 0.05504773048171065,
    "slow": 0.05178566876964481,
    "fast_period": 20,
    "slow_period": 100
  },
  "etv": {
    "horizon_days": 1,
    "risk_budget_usd": 100,
    "expected_move_usd": 5.994634256625882,
    "qty": 16.681584850563617,
    "notional_usd": 35524.102202669244,
    "leverage": 1
  }
}