{
  "t": "2026-02-22T09:41:41.781Z",
  "spot": 1972.72,
  "sigma_d": 0.003592044097702413,
  "ERI": 0.3592044097702413,
  "percentiles": {
    "p10": 0.12858723269188602,
    "p50": 0.30573581355948354,
    "p90": 0.3845594596074728
  },
  "ema": {
    "fast": 0.06989233365512196,
    "slow": 0.061645888271276345,
    "fast_period": 20,
    "slow_period": 100
  },
  "etv": {
    "horizon_days": 1,
    "risk_budget_usd": 100,
    "expected_move_usd": 7.086097232419505,
    "qty": 14.112140536611802,
    "notional_usd": 27839.301879384835,
    "leverage": 1
  }
}