{
  "t": "2025-10-26T10:28:06.102Z",
  "spot": 3979.01,
  "sigma_d": 0.0027433071941964362,
  "ERI": 0.2743307194196436,
  "percentiles": {
    "p10": 0.08098626447852347,
    "p50": 0.2077191332031465,
    "p90": 0.2696622016780655
  },
  "ema": {
    "fast": 0.04061870534163076,
    "slow": 0.03879770351960668,
    "fast_period": 20,
    "slow_period": 100
  },
  "etv": {
    "horizon_days": 1,
    "risk_budget_usd": 100,
    "expected_move_usd": 10.915646758779562,
    "qty": 9.161161240360679,
    "notional_usd": 36452.35218700755,
    "leverage": 1
  }
}