{
  "t": "2025-10-25T07:24:03.924Z",
  "spot": 3936.86,
  "sigma_d": 0.0018608679900422426,
  "ERI": 0.18608679900422426,
  "percentiles": {
    "p10": 0.08098626447852347,
    "p50": 0.2084216619171047,
    "p90": 0.27255370346420243
  },
  "ema": {
    "fast": 0.03439981797511436,
    "slow": 0.03817614539057967,
    "fast_period": 20,
    "slow_period": 100
  },
  "etv": {
    "horizon_days": 1,
    "risk_budget_usd": 100,
    "expected_move_usd": 7.325976755277703,
    "qty": 13.650056960385392,
    "notional_usd": 53738.363245062836,
    "leverage": 1
  }
}