{
  "t": "2026-03-05T11:44:02.110Z",
  "spot": 2136.49,
  "sigma_d": 0.0031911029831787805,
  "ERI": 0.31911029831787807,
  "percentiles": {
    "p10": 0.11015841647567107,
    "p50": 0.2800499571319899,
    "p90": 0.36564512992137516
  },
  "ema": {
    "fast": 0.04751409196011122,
    "slow": 0.04662638904522219,
    "fast_period": 20,
    "slow_period": 100
  },
  "etv": {
    "horizon_days": 1,
    "risk_budget_usd": 100,
    "expected_move_usd": 6.817759612531632,
    "qty": 14.667574934175054,
    "notional_usd": 31337.12717111566,
    "leverage": 1
  }
}