{
  "t": "2026-02-05T10:56:21.270Z",
  "spot": 2093.88,
  "sigma_d": 0.0033073917112363548,
  "ERI": 0.3307391711236355,
  "percentiles": {
    "p10": 0.07716787856358145,
    "p50": 0.1996233121406636,
    "p90": 0.3187678954051761
  },
  "ema": {
    "fast": 0.04372098639096951,
    "slow": 0.043840087262592614,
    "fast_period": 20,
    "slow_period": 100
  },
  "etv": {
    "horizon_days": 1,
    "risk_budget_usd": 100,
    "expected_move_usd": 6.925281356323579,
    "qty": 14.439846535431878,
    "notional_usd": 30235.3058636101,
    "leverage": 1
  }
}