{
  "t": "2025-09-17T21:22:06.164Z",
  "spot": 4520.65,
  "sigma_d": 0.0010621760563908668,
  "ERI": 0.10621760563908668,
  "percentiles": {
    "p10": 0.07989218135523876,
    "p50": 0.18738870784128936,
    "p90": 0.3152051881240566
  },
  "ema": {
    "fast": 0.032111303797126754,
    "slow": 0.03171566578085027,
    "fast_period": 20,
    "slow_period": 100
  },
  "etv": {
    "horizon_days": 1,
    "risk_budget_usd": 100,
    "expected_move_usd": 4.801726189323372,
    "qty": 20.825843885548867,
    "notional_usd": 94146.35116120648,
    "leverage": 1
  }
}