{
  "t": "2025-10-11T11:19:48.892Z",
  "spot": 3805.57,
  "sigma_d": 0.0008794420628434988,
  "ERI": 0.08794420628434987,
  "percentiles": {
    "p10": 0.07266048910980512,
    "p50": 0.2189836331772912,
    "p90": 0.2767314733589211
  },
  "ema": {
    "fast": 0.032078192676754595,
    "slow": 0.03678426537742969,
    "fast_period": 20,
    "slow_period": 100
  },
  "etv": {
    "horizon_days": 1,
    "risk_budget_usd": 100,
    "expected_move_usd": 3.346778331095334,
    "qty": 29.87948113291148,
    "notional_usd": 113708.45701497394,
    "leverage": 1
  }
}