{
  "t": "2026-03-08T21:34:11.717Z",
  "spot": 1952.07,
  "sigma_d": 0.0009527027248589475,
  "ERI": 0.09527027248589476,
  "percentiles": {
    "p10": 0.10503062610363459,
    "p50": 0.2688025630510842,
    "p90": 0.35657547707706666
  },
  "ema": {
    "fast": 0.05335556905521999,
    "slow": 0.05240503870648719,
    "fast_period": 20,
    "slow_period": 100
  },
  "etv": {
    "horizon_days": 1,
    "risk_budget_usd": 100,
    "expected_move_usd": 1.8597424081154057,
    "qty": 53.77088760444857,
    "notional_usd": 104964.53656601592,
    "leverage": 1
  }
}