{
  "t": "2026-02-17T22:47:31.411Z",
  "spot": 1998.5,
  "sigma_d": 0.0007197631567799758,
  "ERI": 0.07197631567799759,
  "percentiles": {
    "p10": 0.09679517091466512,
    "p50": 0.2852916285293164,
    "p90": 0.38267737689229514
  },
  "ema": {
    "fast": 0.056879245502523705,
    "slow": 0.05542548581281375,
    "fast_period": 20,
    "slow_period": 100
  },
  "etv": {
    "horizon_days": 1,
    "risk_budget_usd": 100,
    "expected_move_usd": 1.4384466688247817,
    "qty": 69.5194352124994,
    "notional_usd": 138934.59127218006,
    "leverage": 1
  }
}