{
  "t": "2025-11-29T19:22:46.597Z",
  "spot": 2998.92,
  "sigma_d": 0.0007328134674181405,
  "ERI": 0.07328134674181405,
  "percentiles": {
    "p10": 0.07975103573944424,
    "p50": 0.19360243696378715,
    "p90": 0.3100528930660246
  },
  "ema": {
    "fast": 0.03512151975464606,
    "slow": 0.03605506070844074,
    "fast_period": 20,
    "slow_period": 100
  },
  "etv": {
    "horizon_days": 1,
    "risk_budget_usd": 100,
    "expected_move_usd": 2.19764896370961,
    "qty": 45.50317254999678,
    "notional_usd": 136460.37422363635,
    "leverage": 1
  }
}