{
  "t": "2026-04-05T11:39:47.997Z",
  "spot": 2041.07,
  "sigma_d": 0.0036513152432732484,
  "ERI": 0.3651315243273248,
  "percentiles": {
    "p10": 0.09084878321617929,
    "p50": 0.20465528175552117,
    "p90": 0.3302427670799767
  },
  "ema": {
    "fast": 0.04531040338470754,
    "slow": 0.03968000656628461,
    "fast_period": 20,
    "slow_period": 100
  },
  "etv": {
    "horizon_days": 1,
    "risk_budget_usd": 100,
    "expected_move_usd": 7.452590003587729,
    "qty": 13.418153950755281,
    "notional_usd": 27387.39148426808,
    "leverage": 1
  }
}