{
  "t": "2026-01-08T08:44:03.791Z",
  "spot": 3120.83,
  "sigma_d": 0.0015429954503627377,
  "ERI": 0.15429954503627377,
  "percentiles": {
    "p10": 0.13246180605059185,
    "p50": 0.21263899274023285,
    "p90": 0.3155246088476158
  },
  "ema": {
    "fast": 0.04115268902579365,
    "slow": 0.041867229732566395,
    "fast_period": 20,
    "slow_period": 100
  },
  "etv": {
    "horizon_days": 1,
    "risk_budget_usd": 100,
    "expected_move_usd": 4.8154264913555425,
    "qty": 20.76659257067176,
    "notional_usd": 64809.00509232955,
    "leverage": 1
  }
}