{
  "t": "2026-03-31T23:46:24.416Z",
  "spot": 2102.99,
  "sigma_d": 0.001015938031812072,
  "ERI": 0.1015938031812072,
  "percentiles": {
    "p10": 0.09326210169284976,
    "p50": 0.22133319583516003,
    "p90": 0.3149713229295378
  },
  "ema": {
    "fast": 0.0611962911231254,
    "slow": 0.05178368298056322,
    "fast_period": 20,
    "slow_period": 100
  },
  "etv": {
    "horizon_days": 1,
    "risk_budget_usd": 100,
    "expected_move_usd": 2.136507521520469,
    "qty": 46.805358274064915,
    "notional_usd": 98431.20039677576,
    "leverage": 1
  }
}