{
  "t": "2025-11-14T14:30:45.457Z",
  "spot": 3141.67,
  "sigma_d": 0.002522338809602785,
  "ERI": 0.2522338809602785,
  "percentiles": {
    "p10": 0.07605246285199697,
    "p50": 0.19068377211277335,
    "p90": 0.28431946478988
  },
  "ema": {
    "fast": 0.03347243166146291,
    "slow": 0.034149809405849926,
    "fast_period": 20,
    "slow_period": 100
  },
  "etv": {
    "horizon_days": 1,
    "risk_budget_usd": 100,
    "expected_move_usd": 7.924356167964781,
    "qty": 12.619321731683733,
    "notional_usd": 39645.744504778835,
    "leverage": 1
  }
}