{
  "t": "2026-06-26T21:38:34.645Z",
  "spot": 1572.95,
  "sigma_d": 0.002283701229482484,
  "ERI": 0.22837012294824843,
  "percentiles": {
    "p10": 0.08241905834499225,
    "p50": 0.2224331236978609,
    "p90": 0.3817902617639839
  },
  "ema": {
    "fast": 0.04085815196121826,
    "slow": 0.04184755443181759,
    "fast_period": 20,
    "slow_period": 100
  },
  "etv": {
    "horizon_days": 1,
    "risk_budget_usd": 100,
    "expected_move_usd": 3.5921478489144736,
    "qty": 27.8384978029842,
    "notional_usd": 43788.565119204,
    "leverage": 1
  }
}