{
  "t": "2025-12-24T14:31:03.105Z",
  "spot": 2926.8,
  "sigma_d": 0.0016421660490835677,
  "ERI": 0.16421660490835677,
  "percentiles": {
    "p10": 0.08305265429854167,
    "p50": 0.20994057285500312,
    "p90": 0.2883199483531363
  },
  "ema": {
    "fast": 0.036741759945184055,
    "slow": 0.04106045710121279,
    "fast_period": 20,
    "slow_period": 100
  },
  "etv": {
    "horizon_days": 1,
    "risk_budget_usd": 100,
    "expected_move_usd": 4.806291592457787,
    "qty": 20.80606182049457,
    "notional_usd": 60895.18173622351,
    "leverage": 1
  }
}