{
  "t": "2026-04-20T03:47:51.739Z",
  "spot": 2281.87,
  "sigma_d": 0.0022231766034083045,
  "ERI": 0.22231766034083045,
  "percentiles": {
    "p10": 0.08725533151389452,
    "p50": 0.2181011312365756,
    "p90": 0.34035603190096625
  },
  "ema": {
    "fast": 0.035683029700176463,
    "slow": 0.03795032759443058,
    "fast_period": 20,
    "slow_period": 100
  },
  "etv": {
    "horizon_days": 1,
    "risk_budget_usd": 100,
    "expected_move_usd": 5.072999996019307,
    "qty": 19.712201868414787,
    "notional_usd": 44980.68207747965,
    "leverage": 1
  }
}