{
  "t": "2025-10-31T02:05:29.303Z",
  "spot": 3848.07,
  "sigma_d": 0.0023059608778172314,
  "ERI": 0.23059608778172314,
  "percentiles": {
    "p10": 0.08256068332481364,
    "p50": 0.2068252222798853,
    "p90": 0.2759948651816427
  },
  "ema": {
    "fast": 0.040343606796380826,
    "slow": 0.03637545126422975,
    "fast_period": 20,
    "slow_period": 100
  },
  "etv": {
    "horizon_days": 1,
    "risk_budget_usd": 100,
    "expected_move_usd": 8.873498875102154,
    "qty": 11.269511768417143,
    "notional_usd": 43365.87015069296,
    "leverage": 1
  }
}