{
  "t": "2026-05-23T19:25:04.514Z",
  "spot": 2074.79,
  "sigma_d": 0.0032667844367163033,
  "ERI": 0.32667844367163035,
  "percentiles": {
    "p10": 0.08950066499078002,
    "p50": 0.2191207420093981,
    "p90": 0.29929341012517596
  },
  "ema": {
    "fast": 0.044726542829650384,
    "slow": 0.04068877432856829,
    "fast_period": 20,
    "slow_period": 100
  },
  "etv": {
    "horizon_days": 1,
    "risk_budget_usd": 100,
    "expected_move_usd": 6.777891681454618,
    "qty": 14.7538504154051,
    "notional_usd": 30611.141303378346,
    "leverage": 1
  }
}