{
  "t": "2025-09-23T21:23:53.944Z",
  "spot": 4169.04,
  "sigma_d": 0.002303896508633522,
  "ERI": 0.23038965086335222,
  "percentiles": {
    "p10": 0.07712850404614739,
    "p50": 0.18056258733040806,
    "p90": 0.23501593174321897
  },
  "ema": {
    "fast": 0.03572849864401372,
    "slow": 0.03378852239016493,
    "fast_period": 20,
    "slow_period": 100
  },
  "etv": {
    "horizon_days": 1,
    "risk_budget_usd": 100,
    "expected_move_usd": 9.6050367003535,
    "qty": 10.411204362844302,
    "notional_usd": 43404.72743687241,
    "leverage": 1
  }
}