{
  "t": "2025-11-22T13:30:18.899Z",
  "spot": 2714.76,
  "sigma_d": 0.0014025145276272107,
  "ERI": 0.14025145276272108,
  "percentiles": {
    "p10": 0.08416797247765259,
    "p50": 0.20110529045175912,
    "p90": 0.29085513465767265
  },
  "ema": {
    "fast": 0.038555071424672197,
    "slow": 0.039114987697558785,
    "fast_period": 20,
    "slow_period": 100
  },
  "etv": {
    "horizon_days": 1,
    "risk_budget_usd": 100,
    "expected_move_usd": 3.8074903390212467,
    "qty": 26.26401936602313,
    "notional_usd": 71300.50921410497,
    "leverage": 1
  }
}