{
  "t": "2025-11-17T18:39:54.233Z",
  "spot": 3028.3,
  "sigma_d": 0.0016827505501841044,
  "ERI": 0.16827505501841045,
  "percentiles": {
    "p10": 0.08207956278134289,
    "p50": 0.1979759965499681,
    "p90": 0.28492229070796543
  },
  "ema": {
    "fast": 0.03958991195644592,
    "slow": 0.03739548174150667,
    "fast_period": 20,
    "slow_period": 100
  },
  "etv": {
    "horizon_days": 1,
    "risk_budget_usd": 100,
    "expected_move_usd": 5.095873491122524,
    "qty": 19.623721070432598,
    "notional_usd": 59426.514517591044,
    "leverage": 1
  }
}