{
  "t": "2026-02-16T09:02:28.670Z",
  "spot": 1975.85,
  "sigma_d": 0.0034705403337179155,
  "ERI": 0.3470540333717915,
  "percentiles": {
    "p10": 0.09631124683910958,
    "p50": 0.27600805196340256,
    "p90": 0.3819860851745566
  },
  "ema": {
    "fast": 0.05390762311735531,
    "slow": 0.05223409201173142,
    "fast_period": 20,
    "slow_period": 100
  },
  "etv": {
    "horizon_days": 1,
    "risk_budget_usd": 100,
    "expected_move_usd": 6.8572671183765435,
    "qty": 14.58306906726932,
    "notional_usd": 28813.957016564087,
    "leverage": 1
  }
}