{
  "t": "2025-09-17T07:25:10.775Z",
  "spot": 4551.51,
  "sigma_d": 0.0008002721857723249,
  "ERI": 0.0800272185772325,
  "percentiles": {
    "p10": 0.07989218135523876,
    "p50": 0.1877104820061697,
    "p90": 0.3190080304577889
  },
  "ema": {
    "fast": 0.031444654588137534,
    "slow": 0.03167790052702931,
    "fast_period": 20,
    "slow_period": 100
  },
  "etv": {
    "horizon_days": 1,
    "risk_budget_usd": 100,
    "expected_move_usd": 3.642446856264595,
    "qty": 27.454072480978372,
    "notional_usd": 124957.48543789788,
    "leverage": 1
  }
}