{
  "t": "2026-02-16T15:53:25.585Z",
  "spot": 1951.72,
  "sigma_d": 0.0027231396894999635,
  "ERI": 0.2723139689499964,
  "percentiles": {
    "p10": 0.09679517091466512,
    "p50": 0.27771801072735924,
    "p90": 0.3819860851745566
  },
  "ema": {
    "fast": 0.053120467259144,
    "slow": 0.05225005014793712,
    "fast_period": 20,
    "slow_period": 100
  },
  "etv": {
    "horizon_days": 1,
    "risk_budget_usd": 100,
    "expected_move_usd": 5.314806194790869,
    "qty": 18.815361526825136,
    "notional_usd": 36722.31739913516,
    "leverage": 1
  }
}