{
  "t": "2026-04-11T19:46:38.200Z",
  "spot": 2319.43,
  "sigma_d": 0.002448297441826569,
  "ERI": 0.2448297441826569,
  "percentiles": {
    "p10": 0.08949175669885677,
    "p50": 0.22758761183352677,
    "p90": 0.34972341073660895
  },
  "ema": {
    "fast": 0.04424237020263511,
    "slow": 0.04527948490933619,
    "fast_period": 20,
    "slow_period": 100
  },
  "etv": {
    "horizon_days": 1,
    "risk_budget_usd": 100,
    "expected_move_usd": 5.678654535495799,
    "qty": 17.60980517038427,
    "notional_usd": 40844.710406344384,
    "leverage": 1
  }
}