{
  "t": "2026-05-09T04:32:11.391Z",
  "spot": 2316.66,
  "sigma_d": 0.0020242630946076564,
  "ERI": 0.20242630946076565,
  "percentiles": {
    "p10": 0.08518837533931631,
    "p50": 0.20002268881722357,
    "p90": 0.26879827541805956
  },
  "ema": {
    "fast": 0.04352354786975596,
    "slow": 0.040968001469930376,
    "fast_period": 20,
    "slow_period": 100
  },
  "etv": {
    "horizon_days": 1,
    "risk_budget_usd": 100,
    "expected_move_usd": 4.689529340753773,
    "qty": 21.324101574749175,
    "notional_usd": 49400.69315415842,
    "leverage": 1
  }
}