{
  "t": "2025-10-20T11:24:40.867Z",
  "spot": 4025.35,
  "sigma_d": 0.0014873610428043547,
  "ERI": 0.14873610428043546,
  "percentiles": {
    "p10": 0.08015997712154355,
    "p50": 0.2036627207025605,
    "p90": 0.26651940600161017
  },
  "ema": {
    "fast": 0.03615935333010434,
    "slow": 0.03595044745050393,
    "fast_period": 20,
    "slow_period": 100
  },
  "etv": {
    "horizon_days": 1,
    "risk_budget_usd": 100,
    "expected_move_usd": 5.987148773652509,
    "qty": 16.70244114194513,
    "notional_usd": 67233.17145072883,
    "leverage": 1
  }
}