{
  "t": "2025-09-24T06:38:52.812Z",
  "spot": 4175.23,
  "sigma_d": 0.002414763600715517,
  "ERI": 0.2414763600715517,
  "percentiles": {
    "p10": 0.07712850404614739,
    "p50": 0.18146381857600624,
    "p90": 0.23832593203140007
  },
  "ema": {
    "fast": 0.03872855460915375,
    "slow": 0.03494500103618018,
    "fast_period": 20,
    "slow_period": 100
  },
  "etv": {
    "horizon_days": 1,
    "risk_budget_usd": 100,
    "expected_move_usd": 10.082193428615447,
    "qty": 9.91847663983299,
    "notional_usd": 41411.92122092989,
    "leverage": 1
  }
}