{
  "t": "2026-01-22T16:48:27.146Z",
  "spot": 2941.49,
  "sigma_d": 0.001977225574441509,
  "ERI": 0.1977225574441509,
  "percentiles": {
    "p10": 0.07171379171361833,
    "p50": 0.16958338612543966,
    "p90": 0.2658901785436972
  },
  "ema": {
    "fast": 0.03507538317871076,
    "slow": 0.03330317252850874,
    "fast_period": 20,
    "slow_period": 100
  },
  "etv": {
    "horizon_days": 1,
    "risk_budget_usd": 100,
    "expected_move_usd": 5.815989254963954,
    "qty": 17.193979496205202,
    "notional_usd": 50575.918748292635,
    "leverage": 1
  }
}