{
  "t": "2025-09-03T13:33:47.622Z",
  "spot": 4377.47,
  "sigma_d": 0.002863935398177808,
  "ERI": 0.2863935398177808,
  "percentiles": {
    "p10": 0.08259552019520994,
    "p50": 0.2173250223728886,
    "p90": 0.29663599685304565
  },
  "ema": {
    "fast": 0.03945248636136033,
    "slow": 0.04111488539756971,
    "fast_period": 20,
    "slow_period": 100
  },
  "etv": {
    "horizon_days": 1,
    "risk_budget_usd": 100,
    "expected_move_usd": 12.53679128746141,
    "qty": 7.976522676900137,
    "notional_usd": 34916.98872245004,
    "leverage": 1
  }
}