{
  "t": "2025-09-14T19:18:30.121Z",
  "spot": 4613.37,
  "sigma_d": 0.001160137446251341,
  "ERI": 0.11601374462513411,
  "percentiles": {
    "p10": 0.0769039127618506,
    "p50": 0.18970305472089632,
    "p90": 0.32605710988921516
  },
  "ema": {
    "fast": 0.027985103635802817,
    "slow": 0.03249571742873619,
    "fast_period": 20,
    "slow_period": 100
  },
  "etv": {
    "horizon_days": 1,
    "risk_budget_usd": 100,
    "expected_move_usd": 5.352143290412549,
    "qty": 18.684103652294386,
    "notional_usd": 86196.68326638536,
    "leverage": 1
  }
}