{
  "t": "2026-05-10T07:32:12.588Z",
  "spot": 2328.7,
  "sigma_d": 0.0026925563267714506,
  "ERI": 0.2692556326771451,
  "percentiles": {
    "p10": 0.08562035957300303,
    "p50": 0.20302376031106192,
    "p90": 0.2719957300009673
  },
  "ema": {
    "fast": 0.0458760626636607,
    "slow": 0.041852267757547586,
    "fast_period": 20,
    "slow_period": 100
  },
  "etv": {
    "horizon_days": 1,
    "risk_budget_usd": 100,
    "expected_move_usd": 6.2701559181526765,
    "qty": 15.948566719129078,
    "notional_usd": 37139.42731883588,
    "leverage": 1
  }
}