{
  "t": "2025-10-31T18:39:38.312Z",
  "spot": 3810.59,
  "sigma_d": 0.0008430720885055383,
  "ERI": 0.08430720885055383,
  "percentiles": {
    "p10": 0.08497790374072993,
    "p50": 0.2068252222798853,
    "p90": 0.2756831503724505
  },
  "ema": {
    "fast": 0.03852679538530714,
    "slow": 0.037079813589965996,
    "fast_period": 20,
    "slow_period": 100
  },
  "etv": {
    "horizon_days": 1,
    "risk_budget_usd": 100,
    "expected_move_usd": 3.2126020697383195,
    "qty": 31.12741566780645,
    "notional_usd": 118613.81886958658,
    "leverage": 1
  }
}