{
  "t": "2025-11-30T15:26:46.058Z",
  "spot": 3034.91,
  "sigma_d": 0.0021080513423942073,
  "ERI": 0.21080513423942074,
  "percentiles": {
    "p10": 0.07736381397781375,
    "p50": 0.1916753922565065,
    "p90": 0.31778913517438373
  },
  "ema": {
    "fast": 0.03350639811166037,
    "slow": 0.0358133910081122,
    "fast_period": 20,
    "slow_period": 100
  },
  "etv": {
    "horizon_days": 1,
    "risk_budget_usd": 100,
    "expected_move_usd": 6.3977460995456035,
    "qty": 15.63050462523082,
    "notional_usd": 47437.17479215927,
    "leverage": 1
  }
}