{
  "t": "2025-11-11T02:08:14.723Z",
  "spot": 3565,
  "sigma_d": 0.0020277314494558884,
  "ERI": 0.20277314494558885,
  "percentiles": {
    "p10": 0.08208011254149013,
    "p50": 0.21656804019952614,
    "p90": 0.2966531254526318
  },
  "ema": {
    "fast": 0.043636957696447584,
    "slow": 0.03809931404662555,
    "fast_period": 20,
    "slow_period": 100
  },
  "etv": {
    "horizon_days": 1,
    "risk_budget_usd": 100,
    "expected_move_usd": 7.228862617310242,
    "qty": 13.833434842230906,
    "notional_usd": 49316.19521255318,
    "leverage": 1
  }
}