{
  "t": "2025-10-27T11:24:47.210Z",
  "spot": 4146.61,
  "sigma_d": 0.0020287244880681002,
  "ERI": 0.20287244880681002,
  "percentiles": {
    "p10": 0.08404584829997809,
    "p50": 0.2111947522173443,
    "p90": 0.270154701258962
  },
  "ema": {
    "fast": 0.03854550279851805,
    "slow": 0.03921651528635992,
    "fast_period": 20,
    "slow_period": 100
  },
  "etv": {
    "horizon_days": 1,
    "risk_budget_usd": 100,
    "expected_move_usd": 8.412329249468064,
    "qty": 11.887314087988567,
    "notional_usd": 49292.05547039427,
    "leverage": 1
  }
}