{
  "t": "2026-01-26T17:40:21.395Z",
  "spot": 2901.61,
  "sigma_d": 0.0006505236025060511,
  "ERI": 0.06505236025060511,
  "percentiles": {
    "p10": 0.07084846538066926,
    "p50": 0.1915764145783398,
    "p90": 0.27475522187325496
  },
  "ema": {
    "fast": 0.03388857343456825,
    "slow": 0.03837347280130623,
    "fast_period": 20,
    "slow_period": 100
  },
  "etv": {
    "horizon_days": 1,
    "risk_budget_usd": 100,
    "expected_move_usd": 1.887565790267583,
    "qty": 52.97828585133656,
    "notional_usd": 153722.3240090967,
    "leverage": 1
  }
}