{
  "t": "2025-09-03T21:23:27.400Z",
  "spot": 4470.59,
  "sigma_d": 0.0026959331322738895,
  "ERI": 0.26959331322738894,
  "percentiles": {
    "p10": 0.08445269669991065,
    "p50": 0.22812151686677307,
    "p90": 0.29630489274749583
  },
  "ema": {
    "fast": 0.04533529541826724,
    "slow": 0.04239533992569671,
    "fast_period": 20,
    "slow_period": 100
  },
  "etv": {
    "horizon_days": 1,
    "risk_budget_usd": 100,
    "expected_move_usd": 12.052411701812328,
    "qty": 8.297094596010435,
    "notional_usd": 37092.90812997829,
    "leverage": 1
  }
}