{
  "t": "2025-12-12T02:20:36.072Z",
  "spot": 3248.47,
  "sigma_d": 0.0007504150344689897,
  "ERI": 0.07504150344689897,
  "percentiles": {
    "p10": 0.08418805675846316,
    "p50": 0.22161144871083055,
    "p90": 0.3354547618461036
  },
  "ema": {
    "fast": 0.030148320909723206,
    "slow": 0.03728309699409276,
    "fast_period": 20,
    "slow_period": 100
  },
  "etv": {
    "horizon_days": 1,
    "risk_budget_usd": 100,
    "expected_move_usd": 2.4377007270214786,
    "qty": 41.022262860866306,
    "notional_usd": 133259.59023563837,
    "leverage": 1
  }
}