{
  "t": "2026-01-29T09:55:42.640Z",
  "spot": 2941.64,
  "sigma_d": 0.0021547278015381934,
  "ERI": 0.21547278015381935,
  "percentiles": {
    "p10": 0.0723947900384728,
    "p50": 0.17301178481602936,
    "p90": 0.27475522187325496
  },
  "ema": {
    "fast": 0.023995574964357013,
    "slow": 0.029343554641224123,
    "fast_period": 20,
    "slow_period": 100
  },
  "etv": {
    "horizon_days": 1,
    "risk_budget_usd": 100,
    "expected_move_usd": 6.338433490116811,
    "qty": 15.77676884295225,
    "notional_usd": 46409.57429918206,
    "leverage": 1
  }
}