{
  "t": "2026-04-07T15:23:40.210Z",
  "spot": 2075.45,
  "sigma_d": 0.0029281848213735446,
  "ERI": 0.29281848213735445,
  "percentiles": {
    "p10": 0.09100989284009256,
    "p50": 0.21574220530747196,
    "p90": 0.34133532164666136
  },
  "ema": {
    "fast": 0.04702692557486691,
    "slow": 0.042267571148651054,
    "fast_period": 20,
    "slow_period": 100
  },
  "etv": {
    "horizon_days": 1,
    "risk_budget_usd": 100,
    "expected_move_usd": 6.077301187519723,
    "qty": 16.454672380786207,
    "notional_usd": 34150.84979270273,
    "leverage": 1
  }
}