{
  "t": "2025-11-23T07:26:14.791Z",
  "spot": 2790.71,
  "sigma_d": 0.003115065271675524,
  "ERI": 0.3115065271675524,
  "percentiles": {
    "p10": 0.08416797247765259,
    "p50": 0.20622139665882783,
    "p90": 0.29153839848250634
  },
  "ema": {
    "fast": 0.04173629425939285,
    "slow": 0.04047679067395333,
    "fast_period": 20,
    "slow_period": 100
  },
  "etv": {
    "horizon_days": 1,
    "risk_budget_usd": 100,
    "expected_move_usd": 8.693243804317602,
    "qty": 11.503185951178986,
    "notional_usd": 32102.05606581471,
    "leverage": 1
  }
}