{
  "t": "2025-10-04T12:48:34.427Z",
  "spot": 4485.3,
  "sigma_d": 0.00270045383251625,
  "ERI": 0.270045383251625,
  "percentiles": {
    "p10": 0.07088027110115395,
    "p50": 0.185352262611777,
    "p90": 0.27116621066327024
  },
  "ema": {
    "fast": 0.0329067683957527,
    "slow": 0.03527000994785167,
    "fast_period": 20,
    "slow_period": 100
  },
  "etv": {
    "horizon_days": 1,
    "risk_budget_usd": 100,
    "expected_move_usd": 12.112345574985138,
    "qty": 8.256039210648323,
    "notional_usd": 37030.81267152092,
    "leverage": 1
  }
}