{
  "t": "2026-04-24T06:19:02.607Z",
  "spot": 2314.81,
  "sigma_d": 0.001815311317939035,
  "ERI": 0.18153113179390348,
  "percentiles": {
    "p10": 0.08560033522110613,
    "p50": 0.22689841548619283,
    "p90": 0.33415974162661405
  },
  "ema": {
    "fast": 0.0350080033698609,
    "slow": 0.03510870991806428,
    "fast_period": 20,
    "slow_period": 100
  },
  "etv": {
    "horizon_days": 1,
    "risk_budget_usd": 100,
    "expected_move_usd": 4.202100791878458,
    "qty": 23.797620512404983,
    "notional_usd": 55086.96993832017,
    "leverage": 1
  }
}