{
  "t": "2025-09-12T18:32:40.844Z",
  "spot": 4619,
  "sigma_d": 0.0016081453645317694,
  "ERI": 0.16081453645317695,
  "percentiles": {
    "p10": 0.07596701395528663,
    "p50": 0.20593554112576867,
    "p90": 0.32605710988921516
  },
  "ema": {
    "fast": 0.031076121934741647,
    "slow": 0.03541481421244273,
    "fast_period": 20,
    "slow_period": 100
  },
  "etv": {
    "horizon_days": 1,
    "risk_budget_usd": 100,
    "expected_move_usd": 7.428023438772243,
    "qty": 13.46253156364955,
    "notional_usd": 62183.43329249728,
    "leverage": 1
  }
}