{
  "t": "2025-12-16T20:34:57.250Z",
  "spot": 2950.37,
  "sigma_d": 0.0007817540925426522,
  "ERI": 0.07817540925426522,
  "percentiles": {
    "p10": 0.08148380690304494,
    "p50": 0.21748997718042828,
    "p90": 0.2859407613003132
  },
  "ema": {
    "fast": 0.03657184719026176,
    "slow": 0.03703314951887452,
    "fast_period": 20,
    "slow_period": 100
  },
  "etv": {
    "horizon_days": 1,
    "risk_budget_usd": 100,
    "expected_move_usd": 2.306463822015065,
    "qty": 43.356413851154194,
    "notional_usd": 127917.46273402979,
    "leverage": 1
  }
}