{
  "t": "2025-09-13T01:50:23.873Z",
  "spot": 4714.89,
  "sigma_d": 0.0013009501742896885,
  "ERI": 0.13009501742896884,
  "percentiles": {
    "p10": 0.07596701395528663,
    "p50": 0.2019253180939698,
    "p90": 0.32605710988921516
  },
  "ema": {
    "fast": 0.03226515835749925,
    "slow": 0.035262491914980244,
    "fast_period": 20,
    "slow_period": 100
  },
  "etv": {
    "horizon_days": 1,
    "risk_budget_usd": 100,
    "expected_move_usd": 6.13383696725671,
    "qty": 16.303009117101443,
    "notional_usd": 76866.89465613043,
    "leverage": 1
  }
}