{
  "t": "2025-11-12T18:38:13.821Z",
  "spot": 3442.05,
  "sigma_d": 0.002065155691590014,
  "ERI": 0.2065155691590014,
  "percentiles": {
    "p10": 0.0791458086107687,
    "p50": 0.21404289245249408,
    "p90": 0.29561773461855895
  },
  "ema": {
    "fast": 0.03674274667070568,
    "slow": 0.037430704657477415,
    "fast_period": 20,
    "slow_period": 100
  },
  "etv": {
    "horizon_days": 1,
    "risk_budget_usd": 100,
    "expected_move_usd": 7.108369148237408,
    "qty": 14.06792443028877,
    "notional_usd": 48422.49928527546,
    "leverage": 1
  }
}