{
  "t": "2026-02-05T14:57:21.377Z",
  "spot": 2062.68,
  "sigma_d": 0.0017505763320479063,
  "ERI": 0.17505763320479062,
  "percentiles": {
    "p10": 0.07716787856358145,
    "p50": 0.19995666920524938,
    "p90": 0.3187678954051761
  },
  "ema": {
    "fast": 0.04157750511682728,
    "slow": 0.04338847752183846,
    "fast_period": 20,
    "slow_period": 100
  },
  "etv": {
    "horizon_days": 1,
    "risk_budget_usd": 100,
    "expected_move_usd": 3.610878788588575,
    "qty": 27.69408940450425,
    "notional_usd": 57124.044332882826,
    "leverage": 1
  }
}