{
  "t": "2025-09-21T16:30:08.869Z",
  "spot": 4482.49,
  "sigma_d": 0.002285335026220361,
  "ERI": 0.2285335026220361,
  "percentiles": {
    "p10": 0.08199021503244962,
    "p50": 0.17516196602769546,
    "p90": 0.23033419995358273
  },
  "ema": {
    "fast": 0.03932210399425479,
    "slow": 0.032467557403655256,
    "fast_period": 20,
    "slow_period": 100
  },
  "etv": {
    "horizon_days": 1,
    "risk_budget_usd": 100,
    "expected_move_usd": 10.243991401682505,
    "qty": 9.761819985867588,
    "notional_usd": 43757.2604684516,
    "leverage": 1
  }
}