{
  "t": "2025-11-22T14:25:51.460Z",
  "spot": 2743.83,
  "sigma_d": 0.0024267897718072157,
  "ERI": 0.24267897718072157,
  "percentiles": {
    "p10": 0.08416797247765259,
    "p50": 0.20110529045175912,
    "p90": 0.29085513465767265
  },
  "ema": {
    "fast": 0.039298755430954055,
    "slow": 0.0392585276142533,
    "fast_period": 20,
    "slow_period": 100
  },
  "etv": {
    "horizon_days": 1,
    "risk_budget_usd": 100,
    "expected_move_usd": 6.658698579577792,
    "qty": 15.017949649605658,
    "notional_usd": 41206.70078707749,
    "leverage": 1
  }
}