{
  "t": "2026-02-25T05:36:16.913Z",
  "spot": 1886.09,
  "sigma_d": 0.004389207098259375,
  "ERI": 0.43892070982593745,
  "percentiles": {
    "p10": 0.14370603163561818,
    "p50": 0.30573581355948354,
    "p90": 0.3818437403380982
  },
  "ema": {
    "fast": 0.05566588853078702,
    "slow": 0.057123836524565604,
    "fast_period": 20,
    "slow_period": 100
  },
  "etv": {
    "horizon_days": 1,
    "risk_budget_usd": 100,
    "expected_move_usd": 8.278439615956023,
    "qty": 12.07957110748964,
    "notional_usd": 22783.158270125135,
    "leverage": 1
  }
}