{
  "t": "2025-12-28T07:29:16.105Z",
  "spot": 2936.73,
  "sigma_d": 0.001961798213264592,
  "ERI": 0.1961798213264592,
  "percentiles": {
    "p10": 0.11364537625022435,
    "p50": 0.20349473582078226,
    "p90": 0.2887329018255286
  },
  "ema": {
    "fast": 0.03563847952224839,
    "slow": 0.037564461660279255,
    "fast_period": 20,
    "slow_period": 100
  },
  "etv": {
    "horizon_days": 1,
    "risk_budget_usd": 100,
    "expected_move_usd": 5.761271666840526,
    "qty": 17.357279049269323,
    "notional_usd": 50973.642102360696,
    "leverage": 1
  }
}