{
  "t": "2025-10-26T06:37:43.098Z",
  "spot": 3943.95,
  "sigma_d": 0.0020370239479273983,
  "ERI": 0.20370239479273983,
  "percentiles": {
    "p10": 0.08098626447852347,
    "p50": 0.20744265157391142,
    "p90": 0.2696622016780655
  },
  "ema": {
    "fast": 0.037490485315317124,
    "slow": 0.03815465538559441,
    "fast_period": 20,
    "slow_period": 100
  },
  "etv": {
    "horizon_days": 1,
    "risk_budget_usd": 100,
    "expected_move_usd": 8.033920599428262,
    "qty": 12.447222842495675,
    "notional_usd": 49091.224529660816,
    "leverage": 1
  }
}