{
  "t": "2025-11-13T11:25:51.559Z",
  "spot": 3502.55,
  "sigma_d": 0.0007782053932778524,
  "ERI": 0.07782053932778524,
  "percentiles": {
    "p10": 0.07691061974518629,
    "p50": 0.20643281263796495,
    "p90": 0.2926379989212764
  },
  "ema": {
    "fast": 0.03153092951266401,
    "slow": 0.03563894985566972,
    "fast_period": 20,
    "slow_period": 100
  },
  "etv": {
    "horizon_days": 1,
    "risk_budget_usd": 100,
    "expected_move_usd": 2.725703300225342,
    "qty": 36.687778890583104,
    "notional_usd": 128500.77995321185,
    "leverage": 1
  }
}