{
  "t": "2025-09-04T15:28:00.089Z",
  "spot": 4307.65,
  "sigma_d": 0.0008304401752481676,
  "ERI": 0.08304401752481677,
  "percentiles": {
    "p10": 0.08190125392083908,
    "p50": 0.2293210259558634,
    "p90": 0.2969843522574113
  },
  "ema": {
    "fast": 0.039514823329652046,
    "slow": 0.04153092772511287,
    "fast_period": 20,
    "slow_period": 100
  },
  "etv": {
    "horizon_days": 1,
    "risk_budget_usd": 100,
    "expected_move_usd": 3.577245620907769,
    "qty": 27.954468492611863,
    "notional_usd": 120418.06620219948,
    "leverage": 1
  }
}