{
  "t": "2026-05-30T18:12:18.314Z",
  "spot": 2024.92,
  "sigma_d": 0.0016905161469215689,
  "ERI": 0.16905161469215688,
  "percentiles": {
    "p10": 0.09791702581101389,
    "p50": 0.2213525465645411,
    "p90": 0.3208549427952852
  },
  "ema": {
    "fast": 0.02886495370926466,
    "slow": 0.037679763490294504,
    "fast_period": 20,
    "slow_period": 100
  },
  "etv": {
    "horizon_days": 1,
    "risk_budget_usd": 100,
    "expected_move_usd": 3.4231599562244233,
    "qty": 29.212774535460234,
    "notional_usd": 59153.53141234414,
    "leverage": 1
  }
}