{
  "t": "2026-05-11T19:06:16.001Z",
  "spot": 2333.38,
  "sigma_d": 0.00271913483322588,
  "ERI": 0.271913483322588,
  "percentiles": {
    "p10": 0.08676897632937358,
    "p50": 0.20736877800336864,
    "p90": 0.2740671392392626
  },
  "ema": {
    "fast": 0.048209524303112414,
    "slow": 0.043396301839437795,
    "fast_period": 20,
    "slow_period": 100
  },
  "etv": {
    "horizon_days": 1,
    "risk_budget_usd": 100,
    "expected_move_usd": 6.344774837152604,
    "qty": 15.761000597600058,
    "notional_usd": 36776.403574428026,
    "leverage": 1
  }
}