{
  "t": "2026-03-07T21:32:01.797Z",
  "spot": 1969.32,
  "sigma_d": 0.002624429668851848,
  "ERI": 0.2624429668851848,
  "percentiles": {
    "p10": 0.1069178646034985,
    "p50": 0.2726860791242862,
    "p90": 0.35657547707706666
  },
  "ema": {
    "fast": 0.055158588919657324,
    "slow": 0.05165786756258755,
    "fast_period": 20,
    "slow_period": 100
  },
  "etv": {
    "horizon_days": 1,
    "risk_budget_usd": 100,
    "expected_move_usd": 5.1683418354633215,
    "qty": 19.34856539748118,
    "notional_usd": 38103.51680856764,
    "leverage": 1
  }
}