{
  "t": "2026-01-20T11:33:19.721Z",
  "spot": 3105.74,
  "sigma_d": 0.0007428338674787063,
  "ERI": 0.07428338674787063,
  "percentiles": {
    "p10": 0.0736396449661512,
    "p50": 0.1691764445543425,
    "p90": 0.25153694862055076
  },
  "ema": {
    "fast": 0.030839920030594242,
    "slow": 0.028970988901295517,
    "fast_period": 20,
    "slow_period": 100
  },
  "etv": {
    "horizon_days": 1,
    "risk_budget_usd": 100,
    "expected_move_usd": 2.307048855583317,
    "qty": 43.3454193039687,
    "notional_usd": 134619.60254910775,
    "leverage": 1
  }
}