{
  "t": "2026-01-14T11:31:47.420Z",
  "spot": 3296.09,
  "sigma_d": 0.0006013480208749882,
  "ERI": 0.060134802087498815,
  "percentiles": {
    "p10": 0.07745706354625648,
    "p50": 0.20030404369879753,
    "p90": 0.28436606991250957
  },
  "ema": {
    "fast": 0.03457812876958853,
    "slow": 0.03517388195013507,
    "fast_period": 20,
    "slow_period": 100
  },
  "etv": {
    "horizon_days": 1,
    "risk_budget_usd": 100,
    "expected_move_usd": 1.98209719812584,
    "qty": 50.45161261241598,
    "notional_usd": 166293.05581565818,
    "leverage": 1
  }
}