{
  "t": "2025-12-23T04:47:51.935Z",
  "spot": 2988.21,
  "sigma_d": 0.003121795516048311,
  "ERI": 0.3121795516048311,
  "percentiles": {
    "p10": 0.08272229023222978,
    "p50": 0.20994057285500312,
    "p90": 0.29211438569505715
  },
  "ema": {
    "fast": 0.042155309459909106,
    "slow": 0.04185538534842607,
    "fast_period": 20,
    "slow_period": 100
  },
  "etv": {
    "horizon_days": 1,
    "risk_budget_usd": 100,
    "expected_move_usd": 9.328580579010724,
    "qty": 10.719744461981673,
    "notional_usd": 32032.847598738255,
    "leverage": 1
  }
}