{
  "t": "2026-03-30T07:59:05.843Z",
  "spot": 2057.18,
  "sigma_d": 0.0013925463054547484,
  "ERI": 0.13925463054547485,
  "percentiles": {
    "p10": 0.09296096709153077,
    "p50": 0.22287544580792773,
    "p90": 0.30903782984167993
  },
  "ema": {
    "fast": 0.04255643009428371,
    "slow": 0.04375727043326509,
    "fast_period": 20,
    "slow_period": 100
  },
  "etv": {
    "horizon_days": 1,
    "risk_budget_usd": 100,
    "expected_move_usd": 2.864718408655399,
    "qty": 34.90744489854993,
    "notional_usd": 71810.89749639895,
    "leverage": 1
  }
}