{
  "t": "2026-01-06T14:35:18.454Z",
  "spot": 3291.35,
  "sigma_d": 0.0033982352089599317,
  "ERI": 0.33982352089599316,
  "percentiles": {
    "p10": 0.13300930458723387,
    "p50": 0.20693262909079047,
    "p90": 0.31270047333231266
  },
  "ema": {
    "fast": 0.04023237900914111,
    "slow": 0.04027602494263037,
    "fast_period": 20,
    "slow_period": 100
  },
  "etv": {
    "horizon_days": 1,
    "risk_budget_usd": 100,
    "expected_move_usd": 11.18478145501027,
    "qty": 8.940720067016112,
    "notional_usd": 29427.03899257348,
    "leverage": 1
  }
}