{
  "t": "2025-10-10T22:26:44.309Z",
  "spot": 3877.71,
  "sigma_d": 0.003266485123158781,
  "ERI": 0.3266485123158781,
  "percentiles": {
    "p10": 0.0714250111978366,
    "p50": 0.2189836331772912,
    "p90": 0.2772309688934991
  },
  "ema": {
    "fast": 0.04176009704876954,
    "slow": 0.0392767779673515,
    "fast_period": 20,
    "slow_period": 100
  },
  "etv": {
    "horizon_days": 1,
    "risk_budget_usd": 100,
    "expected_move_usd": 12.666482026924037,
    "qty": 7.89485192395479,
    "notional_usd": 30613.94625403873,
    "leverage": 1
  }
}