{
  "t": "2025-10-21T05:28:33.340Z",
  "spot": 3857.14,
  "sigma_d": 0.0022847027065617323,
  "ERI": 0.22847027065617323,
  "percentiles": {
    "p10": 0.08117505264610382,
    "p50": 0.20744265157391142,
    "p90": 0.26936987783772326
  },
  "ema": {
    "fast": 0.041681607763038926,
    "slow": 0.03752429193623635,
    "fast_period": 20,
    "slow_period": 100
  },
  "etv": {
    "horizon_days": 1,
    "risk_budget_usd": 100,
    "expected_move_usd": 8.81241819758752,
    "qty": 11.347623065298457,
    "notional_usd": 43769.37083008529,
    "leverage": 1
  }
}