{
  "t": "2026-01-08T02:25:00.015Z",
  "spot": 3170.04,
  "sigma_d": 0.003053824823816175,
  "ERI": 0.3053824823816175,
  "percentiles": {
    "p10": 0.13254614878099003,
    "p50": 0.21174702147748478,
    "p90": 0.3155246088476158
  },
  "ema": {
    "fast": 0.046223081975589796,
    "slow": 0.042688167232891094,
    "fast_period": 20,
    "slow_period": 100
  },
  "etv": {
    "horizon_days": 1,
    "risk_budget_usd": 100,
    "expected_move_usd": 9.680746844490228,
    "qty": 10.32978153508009,
    "notional_usd": 32745.820657465287,
    "leverage": 1
  }
}