{
  "t": "2026-03-15T17:40:01.349Z",
  "spot": 2096.25,
  "sigma_d": 0.002955295932935547,
  "ERI": 0.2955295932935547,
  "percentiles": {
    "p10": 0.10601568688289394,
    "p50": 0.2724737336664784,
    "p90": 0.36057735857294637
  },
  "ema": {
    "fast": 0.04292321278772916,
    "slow": 0.04468807329517256,
    "fast_period": 20,
    "slow_period": 100
  },
  "etv": {
    "horizon_days": 1,
    "risk_budget_usd": 100,
    "expected_move_usd": 6.195039099416141,
    "qty": 16.14194816129968,
    "notional_usd": 33837.55883312446,
    "leverage": 1
  }
}