{
  "t": "2025-12-11T20:32:45.181Z",
  "spot": 3203.04,
  "sigma_d": 0.0007353243521192083,
  "ERI": 0.07353243521192084,
  "percentiles": {
    "p10": 0.08418805675846316,
    "p50": 0.22200610853027294,
    "p90": 0.3354547618461036
  },
  "ema": {
    "fast": 0.030695707691668184,
    "slow": 0.03794859548930572,
    "fast_period": 20,
    "slow_period": 100
  },
  "etv": {
    "horizon_days": 1,
    "risk_budget_usd": 100,
    "expected_move_usd": 2.355273312811909,
    "qty": 42.45791749774135,
    "notional_usd": 135994.40806196546,
    "leverage": 1
  }
}