{
  "t": "2025-10-14T11:23:06.221Z",
  "spot": 3971.96,
  "sigma_d": 0.0024025114665951917,
  "ERI": 0.24025114665951916,
  "percentiles": {
    "p10": 0.0779655118371052,
    "p50": 0.2189836331772912,
    "p90": 0.27569173721386064
  },
  "ema": {
    "fast": 0.031793563616246565,
    "slow": 0.03569739602585999,
    "fast_period": 20,
    "slow_period": 100
  },
  "etv": {
    "horizon_days": 1,
    "risk_budget_usd": 100,
    "expected_move_usd": 9.542679444857438,
    "qty": 10.479237050542459,
    "notional_usd": 41623.110395272626,
    "leverage": 1
  }
}