{
  "t": "2025-09-16T14:29:21.392Z",
  "spot": 4439.49,
  "sigma_d": 0.0022620966424206205,
  "ERI": 0.22620966424206204,
  "percentiles": {
    "p10": 0.0769039127618506,
    "p50": 0.18511242921626203,
    "p90": 0.32489068392658976
  },
  "ema": {
    "fast": 0.027833091200427526,
    "slow": 0.03166547243364509,
    "fast_period": 20,
    "slow_period": 100
  },
  "etv": {
    "horizon_days": 1,
    "risk_budget_usd": 100,
    "expected_move_usd": 10.04255542305992,
    "qty": 9.957624905945549,
    "notional_usd": 44206.776193696205,
    "leverage": 1
  }
}