{
  "t": "2025-12-29T02:32:16.812Z",
  "spot": 3003.7,
  "sigma_d": 0.0006792954398005808,
  "ERI": 0.06792954398005809,
  "percentiles": {
    "p10": 0.13305493360680498,
    "p50": 0.20412228905398372,
    "p90": 0.28582780467356655
  },
  "ema": {
    "fast": 0.035621454789813455,
    "slow": 0.03744459904901382,
    "fast_period": 20,
    "slow_period": 100
  },
  "etv": {
    "horizon_days": 1,
    "risk_budget_usd": 100,
    "expected_move_usd": 2.0403997125290045,
    "qty": 49.0100049445966,
    "notional_usd": 147211.3518520848,
    "leverage": 1
  }
}