{
  "t": "2025-12-21T02:27:41.224Z",
  "spot": 2965.02,
  "sigma_d": 0.002583404730943404,
  "ERI": 0.2583404730943404,
  "percentiles": {
    "p10": 0.08135616126397803,
    "p50": 0.20709042598218402,
    "p90": 0.28582780467356655
  },
  "ema": {
    "fast": 0.04984790476194109,
    "slow": 0.04118981034644609,
    "fast_period": 20,
    "slow_period": 100
  },
  "etv": {
    "horizon_days": 1,
    "risk_budget_usd": 100,
    "expected_move_usd": 7.659846695341812,
    "qty": 13.055091567408663,
    "notional_usd": 38708.60759919803,
    "leverage": 1
  }
}