{
  "t": "2025-10-17T12:56:01.999Z",
  "spot": 3778.56,
  "sigma_d": 0.0019985815404711983,
  "ERI": 0.19985815404711982,
  "percentiles": {
    "p10": 0.07791427115409727,
    "p50": 0.21174107651569068,
    "p90": 0.27569173721386064
  },
  "ema": {
    "fast": 0.033153975208081256,
    "slow": 0.03324776814518119,
    "fast_period": 20,
    "slow_period": 100
  },
  "etv": {
    "horizon_days": 1,
    "risk_budget_usd": 100,
    "expected_move_usd": 7.551760265562851,
    "qty": 13.24194578262963,
    "notional_usd": 50035.48665641301,
    "leverage": 1
  }
}