{
  "t": "2025-11-16T22:27:47.118Z",
  "spot": 3071.6,
  "sigma_d": 0.0027297548963408328,
  "ERI": 0.2729754896340833,
  "percentiles": {
    "p10": 0.08207956278134289,
    "p50": 0.1974961896024583,
    "p90": 0.2796859558945468
  },
  "ema": {
    "fast": 0.038003340114832924,
    "slow": 0.035231489624541916,
    "fast_period": 20,
    "slow_period": 100
  },
  "etv": {
    "horizon_days": 1,
    "risk_budget_usd": 100,
    "expected_move_usd": 8.384715139600502,
    "qty": 11.92646361087523,
    "notional_usd": 36633.325627164355,
    "leverage": 1
  }
}