{
  "t": "2026-05-14T13:00:52.699Z",
  "spot": 2260.08,
  "sigma_d": 0.0014545352326444932,
  "ERI": 0.14545352326444932,
  "percentiles": {
    "p10": 0.0853450764659121,
    "p50": 0.2189836170328523,
    "p90": 0.27770632731323136
  },
  "ema": {
    "fast": 0.04028640536586481,
    "slow": 0.042459795747954304,
    "fast_period": 20,
    "slow_period": 100
  },
  "etv": {
    "horizon_days": 1,
    "risk_budget_usd": 100,
    "expected_move_usd": 3.287365988595166,
    "qty": 30.41949096843164,
    "notional_usd": 68750.48314793297,
    "leverage": 1
  }
}