{
  "t": "2025-11-24T08:40:04.018Z",
  "spot": 2825.83,
  "sigma_d": 0.0018087264168802348,
  "ERI": 0.18087264168802347,
  "percentiles": {
    "p10": 0.08416797247765259,
    "p50": 0.19674660860731663,
    "p90": 0.29254851448737423
  },
  "ema": {
    "fast": 0.03838468282320439,
    "slow": 0.03848990370414882,
    "fast_period": 20,
    "slow_period": 100
  },
  "etv": {
    "horizon_days": 1,
    "risk_budget_usd": 100,
    "expected_move_usd": 5.111153370612674,
    "qty": 19.56505562422851,
    "notional_usd": 55287.52113461365,
    "leverage": 1
  }
}