{
  "t": "2026-06-09T19:26:21.925Z",
  "spot": 1650.77,
  "sigma_d": 0.0008478281502477196,
  "ERI": 0.08478281502477196,
  "percentiles": {
    "p10": 0.08219290420103595,
    "p50": 0.20175869356921616,
    "p90": 0.35930762446011894
  },
  "ema": {
    "fast": 0.046674089785419176,
    "slow": 0.04352274338398082,
    "fast_period": 20,
    "slow_period": 100
  },
  "etv": {
    "horizon_days": 1,
    "risk_budget_usd": 100,
    "expected_move_usd": 1.399569275584428,
    "qty": 71.45055392720185,
    "notional_usd": 117948.430906407,
    "leverage": 1
  }
}