{
  "t": "2025-09-08T08:37:02.772Z",
  "spot": 4300.54,
  "sigma_d": 0.0007179009911519987,
  "ERI": 0.07179009911519987,
  "percentiles": {
    "p10": 0.07340278279283624,
    "p50": 0.21303206749392067,
    "p90": 0.31574141618408974
  },
  "ema": {
    "fast": 0.03150288591641669,
    "slow": 0.03794560265844108,
    "fast_period": 20,
    "slow_period": 100
  },
  "etv": {
    "horizon_days": 1,
    "risk_budget_usd": 100,
    "expected_move_usd": 3.0873619284888165,
    "qty": 32.39011243782079,
    "notional_usd": 139294.9741433458,
    "leverage": 1
  }
}