{
  "t": "2025-11-27T16:36:04.339Z",
  "spot": 3019.31,
  "sigma_d": 0.001489849138408565,
  "ERI": 0.1489849138408565,
  "percentiles": {
    "p10": 0.08687708203115108,
    "p50": 0.19706488167819491,
    "p90": 0.3038533171741895
  },
  "ema": {
    "fast": 0.036133889367663534,
    "slow": 0.03746815717904425,
    "fast_period": 20,
    "slow_period": 100
  },
  "etv": {
    "horizon_days": 1,
    "risk_budget_usd": 100,
    "expected_move_usd": 4.498316402088364,
    "qty": 22.230539397712118,
    "notional_usd": 67120.88990890617,
    "leverage": 1
  }
}