{
  "t": "2026-02-19T08:59:26.071Z",
  "spot": 1968.14,
  "sigma_d": 0.003332564623191797,
  "ERI": 0.3332564623191797,
  "percentiles": {
    "p10": 0.09837462120246589,
    "p50": 0.28739004283603,
    "p90": 0.3860526086309107
  },
  "ema": {
    "fast": 0.05940352889589678,
    "slow": 0.05666793434878687,
    "fast_period": 20,
    "slow_period": 100
  },
  "etv": {
    "horizon_days": 1,
    "risk_budget_usd": 100,
    "expected_move_usd": 6.558953737488704,
    "qty": 15.246334095701071,
    "notional_usd": 30006.919987113106,
    "leverage": 1
  }
}