{
  "t": "2025-09-16T05:27:26.978Z",
  "spot": 4515.55,
  "sigma_d": 0.0013587137249781492,
  "ERI": 0.13587137249781492,
  "percentiles": {
    "p10": 0.07783208253782735,
    "p50": 0.18776469732420595,
    "p90": 0.3255508656102769
  },
  "ema": {
    "fast": 0.03243696587796754,
    "slow": 0.03326055947234772,
    "fast_period": 20,
    "slow_period": 100
  },
  "etv": {
    "horizon_days": 1,
    "risk_budget_usd": 100,
    "expected_move_usd": 6.135339760825082,
    "qty": 16.299015848887883,
    "notional_usd": 73599.02101644568,
    "leverage": 1
  }
}