{
  "t": "2026-02-10T03:24:25.116Z",
  "spot": 2082.83,
  "sigma_d": 0.0033991410735639,
  "ERI": 0.33991410735639,
  "percentiles": {
    "p10": 0.08175867334808906,
    "p50": 0.22125309636061785,
    "p90": 0.3739081657437554
  },
  "ema": {
    "fast": 0.04894357710541895,
    "slow": 0.050320168023612964,
    "fast_period": 20,
    "slow_period": 100
  },
  "etv": {
    "horizon_days": 1,
    "risk_budget_usd": 100,
    "expected_move_usd": 7.079833002251097,
    "qty": 14.12462694645539,
    "notional_usd": 29419.196742885677,
    "leverage": 1
  }
}