{
  "t": "2026-03-30T03:34:31.648Z",
  "spot": 2035.01,
  "sigma_d": 0.0030912371651698836,
  "ERI": 0.30912371651698833,
  "percentiles": {
    "p10": 0.09300085277709264,
    "p50": 0.22407895060721023,
    "p90": 0.30903782984167993
  },
  "ema": {
    "fast": 0.04742662154614927,
    "slow": 0.04471355072895735,
    "fast_period": 20,
    "slow_period": 100
  },
  "etv": {
    "horizon_days": 1,
    "risk_budget_usd": 100,
    "expected_move_usd": 6.290698543492365,
    "qty": 15.896485789077992,
    "notional_usd": 32349.507545631604,
    "leverage": 1
  }
}