{
  "t": "2026-06-02T23:58:16.729Z",
  "spot": 1858.25,
  "sigma_d": 0.0035290753290270643,
  "ERI": 0.35290753290270643,
  "percentiles": {
    "p10": 0.0933657222384407,
    "p50": 0.21121394044212227,
    "p90": 0.33107418389729204
  },
  "ema": {
    "fast": 0.048387944815413544,
    "slow": 0.039980406793718455,
    "fast_period": 20,
    "slow_period": 100
  },
  "etv": {
    "horizon_days": 1,
    "risk_budget_usd": 100,
    "expected_move_usd": 6.557904230164542,
    "qty": 15.248774073282087,
    "notional_usd": 28336.03442167644,
    "leverage": 1
  }
}