{
  "t": "2026-03-08T16:42:17.145Z",
  "spot": 1938.03,
  "sigma_d": 0.003836054018161224,
  "ERI": 0.3836054018161224,
  "percentiles": {
    "p10": 0.10560626629855942,
    "p50": 0.26974962122590074,
    "p90": 0.35657547707706666
  },
  "ema": {
    "fast": 0.05821545962574709,
    "slow": 0.05286789215412268,
    "fast_period": 20,
    "slow_period": 100
  },
  "etv": {
    "horizon_days": 1,
    "risk_budget_usd": 100,
    "expected_move_usd": 7.434387768816997,
    "qty": 13.451006741865521,
    "notional_usd": 26068.454595937637,
    "leverage": 1
  }
}