{
  "t": "2026-01-10T10:32:27.126Z",
  "spot": 3091.64,
  "sigma_d": 0.0024164850557474586,
  "ERI": 0.24164850557474588,
  "percentiles": {
    "p10": 0.10586925557021208,
    "p50": 0.22077618787594405,
    "p90": 0.3186189896762125
  },
  "ema": {
    "fast": 0.03994958250215717,
    "slow": 0.03913404908760013,
    "fast_period": 20,
    "slow_period": 100
  },
  "etv": {
    "horizon_days": 1,
    "risk_budget_usd": 100,
    "expected_move_usd": 7.470901857751072,
    "qty": 13.385264845401474,
    "notional_usd": 41382.42020663701,
    "leverage": 1
  }
}