{
  "t": "2026-01-27T04:13:47.121Z",
  "spot": 2946.55,
  "sigma_d": 0.002210386480971729,
  "ERI": 0.22103864809717289,
  "percentiles": {
    "p10": 0.07159610232154241,
    "p50": 0.19069558639489537,
    "p90": 0.27475522187325496
  },
  "ema": {
    "fast": 0.032079748454984895,
    "slow": 0.0370530871220905,
    "fast_period": 20,
    "slow_period": 100
  },
  "etv": {
    "horizon_days": 1,
    "risk_budget_usd": 100,
    "expected_move_usd": 6.513014285507248,
    "qty": 15.353873892541566,
    "notional_usd": 45240.957118068356,
    "leverage": 1
  }
}