{
  "t": "2025-11-05T15:28:05.886Z",
  "spot": 3354.43,
  "sigma_d": 0.0021209808923552944,
  "ERI": 0.21209808923552945,
  "percentiles": {
    "p10": 0.07612664004424849,
    "p50": 0.21656804019952614,
    "p90": 0.2939978864147874
  },
  "ema": {
    "fast": 0.032614926647997894,
    "slow": 0.03843321882081049,
    "fast_period": 20,
    "slow_period": 100
  },
  "etv": {
    "horizon_days": 1,
    "risk_budget_usd": 100,
    "expected_move_usd": 7.11468193474337,
    "qty": 14.055442100885294,
    "notional_usd": 47147.99664647265,
    "leverage": 1
  }
}