{
  "t": "2026-06-08T06:03:30.513Z",
  "spot": 1656.74,
  "sigma_d": 0.0018159495159045813,
  "ERI": 0.18159495159045813,
  "percentiles": {
    "p10": 0.08241905834499225,
    "p50": 0.19451431749692344,
    "p90": 0.3568565891554239
  },
  "ema": {
    "fast": 0.04548824248504575,
    "slow": 0.04229818749806744,
    "fast_period": 20,
    "slow_period": 100
  },
  "etv": {
    "horizon_days": 1,
    "risk_budget_usd": 100,
    "expected_move_usd": 3.008556200979756,
    "qty": 33.23853480531105,
    "notional_usd": 55067.61015335102,
    "leverage": 1
  }
}