{
  "t": "2026-02-21T13:09:07.809Z",
  "spot": 1974.18,
  "sigma_d": 0.0035981937676536147,
  "ERI": 0.35981937676536146,
  "percentiles": {
    "p10": 0.12577061352026117,
    "p50": 0.2946214580703802,
    "p90": 0.37667875585538585
  },
  "ema": {
    "fast": 0.06328741305622078,
    "slow": 0.05744718923024276,
    "fast_period": 20,
    "slow_period": 100
  },
  "etv": {
    "horizon_days": 1,
    "risk_budget_usd": 100,
    "expected_move_usd": 7.103482172226413,
    "qty": 14.077602727150568,
    "notional_usd": 27791.72175188611,
    "leverage": 1
  }
}