{
  "t": "2026-01-16T07:34:00.456Z",
  "spot": 3304.98,
  "sigma_d": 0.0007587916627520978,
  "ERI": 0.07587916627520977,
  "percentiles": {
    "p10": 0.08426552730399803,
    "p50": 0.2044922054321208,
    "p90": 0.27876920591552673
  },
  "ema": {
    "fast": 0.029559616241153736,
    "slow": 0.0333402898249612,
    "fast_period": 20,
    "slow_period": 100
  },
  "etv": {
    "horizon_days": 1,
    "risk_budget_usd": 100,
    "expected_move_usd": 2.507791269562428,
    "qty": 39.87572698482538,
    "notional_usd": 131788.48017030818,
    "leverage": 1
  }
}