{
  "t": "2025-09-17T23:23:47.164Z",
  "spot": 4596.84,
  "sigma_d": 0.0006816787159657656,
  "ERI": 0.06816787159657656,
  "percentiles": {
    "p10": 0.0788233878464367,
    "p50": 0.1860387113290879,
    "p90": 0.3065001681493725
  },
  "ema": {
    "fast": 0.03050568939577484,
    "slow": 0.03140101882592769,
    "fast_period": 20,
    "slow_period": 100
  },
  "etv": {
    "horizon_days": 1,
    "risk_budget_usd": 100,
    "expected_move_usd": 3.13356798870007,
    "qty": 31.912503689279777,
    "notional_usd": 146696.67345902885,
    "leverage": 1
  }
}