{
  "t": "2026-02-14T21:35:16.845Z",
  "spot": 2083.43,
  "sigma_d": 0.0034778444582858384,
  "ERI": 0.34778444582858387,
  "percentiles": {
    "p10": 0.09574277746787141,
    "p50": 0.2635858338469824,
    "p90": 0.3819860851745566
  },
  "ema": {
    "fast": 0.052718230248659945,
    "slow": 0.051689808821611095,
    "fast_period": 20,
    "slow_period": 100
  },
  "etv": {
    "horizon_days": 1,
    "risk_budget_usd": 100,
    "expected_move_usd": 7.245845479726464,
    "qty": 13.801011942608397,
    "notional_usd": 28753.442311588613,
    "leverage": 1
  }
}