{
  "t": "2025-09-26T19:20:34.572Z",
  "spot": 4044.44,
  "sigma_d": 0.0019335224374548094,
  "ERI": 0.19335224374548093,
  "percentiles": {
    "p10": 0.07393248550203152,
    "p50": 0.18908219067229365,
    "p90": 0.24723096215016804
  },
  "ema": {
    "fast": 0.03668391943914187,
    "slow": 0.0362956859820665,
    "fast_period": 20,
    "slow_period": 100
  },
  "etv": {
    "horizon_days": 1,
    "risk_budget_usd": 100,
    "expected_move_usd": 7.820015486939729,
    "qty": 12.787698460061979,
    "notional_usd": 51719.07915981307,
    "leverage": 1
  }
}