{
  "t": "2026-03-11T15:01:36.462Z",
  "spot": 2064.12,
  "sigma_d": 0.0016722059970631618,
  "ERI": 0.16722059970631617,
  "percentiles": {
    "p10": 0.10503062610363459,
    "p50": 0.2680585904467716,
    "p90": 0.36057735857294637
  },
  "ema": {
    "fast": 0.050318604208732944,
    "slow": 0.052534415583416774,
    "fast_period": 20,
    "slow_period": 100
  },
  "etv": {
    "horizon_days": 1,
    "risk_budget_usd": 100,
    "expected_move_usd": 3.4516338426580133,
    "qty": 28.971786857609615,
    "notional_usd": 59801.24468852916,
    "leverage": 1
  }
}