{
  "t": "2026-03-06T22:42:17.660Z",
  "spot": 1984.32,
  "sigma_d": 0.0033928505357322765,
  "ERI": 0.33928505357322764,
  "percentiles": {
    "p10": 0.1069178646034985,
    "p50": 0.2799829128082929,
    "p90": 0.36564512992137516
  },
  "ema": {
    "fast": 0.0535422651877697,
    "slow": 0.04897140577807672,
    "fast_period": 20,
    "slow_period": 100
  },
  "etv": {
    "horizon_days": 1,
    "risk_budget_usd": 100,
    "expected_move_usd": 6.732501175064271,
    "qty": 14.853320838677071,
    "notional_usd": 29473.741606603686,
    "leverage": 1
  }
}