{
  "t": "2025-10-16T23:21:45.534Z",
  "spot": 3887.52,
  "sigma_d": 0.0021586570352998217,
  "ERI": 0.21586570352998216,
  "percentiles": {
    "p10": 0.07730443595017843,
    "p50": 0.21174107651569068,
    "p90": 0.27569173721386064
  },
  "ema": {
    "fast": 0.03081263215228667,
    "slow": 0.03313291870505932,
    "fast_period": 20,
    "slow_period": 100
  },
  "etv": {
    "horizon_days": 1,
    "risk_budget_usd": 100,
    "expected_move_usd": 8.391822397868763,
    "qty": 11.916362770665474,
    "notional_usd": 46325.098598217446,
    "leverage": 1
  }
}