{
  "t": "2026-03-24T20:54:15.611Z",
  "spot": 2150.9,
  "sigma_d": 0.00092136135196503,
  "ERI": 0.092136135196503,
  "percentiles": {
    "p10": 0.09574480377442898,
    "p50": 0.22133319583516003,
    "p90": 0.29863439682544846
  },
  "ema": {
    "fast": 0.038601175149485176,
    "slow": 0.03806474225888964,
    "fast_period": 20,
    "slow_period": 100
  },
  "etv": {
    "horizon_days": 1,
    "risk_budget_usd": 100,
    "expected_move_usd": 1.981756131941583,
    "qty": 50.460295486522426,
    "notional_usd": 108535.04956196109,
    "leverage": 1
  }
}