{
  "t": "2026-03-22T19:35:47.470Z",
  "spot": 2055.31,
  "sigma_d": 0.0012317188411862209,
  "ERI": 0.12317188411862208,
  "percentiles": {
    "p10": 0.09602220930021997,
    "p50": 0.23039323517100957,
    "p90": 0.34230832407508827
  },
  "ema": {
    "fast": 0.039392726056033424,
    "slow": 0.03760916557296292,
    "fast_period": 20,
    "slow_period": 100
  },
  "etv": {
    "horizon_days": 1,
    "risk_budget_usd": 100,
    "expected_move_usd": 2.5315640514784516,
    "qty": 39.501271927763106,
    "notional_usd": 81187.3592058508,
    "leverage": 1
  }
}