{
  "t": "2025-11-17T05:31:19.118Z",
  "spot": 3188.19,
  "sigma_d": 0.0029867441253392957,
  "ERI": 0.29867441253392957,
  "percentiles": {
    "p10": 0.08238404108804202,
    "p50": 0.20011152278214928,
    "p90": 0.2825028674712307
  },
  "ema": {
    "fast": 0.042890702845247194,
    "slow": 0.036627826348332074,
    "fast_period": 20,
    "slow_period": 100
  },
  "etv": {
    "horizon_days": 1,
    "risk_budget_usd": 100,
    "expected_move_usd": 9.522307752965489,
    "qty": 10.501655963477704,
    "notional_usd": 33481.27452619998,
    "leverage": 1
  }
}