{
  "t": "2025-12-22T15:32:12.866Z",
  "spot": 3039.84,
  "sigma_d": 0.001946000716144904,
  "ERI": 0.19460007161449042,
  "percentiles": {
    "p10": 0.0798454856819872,
    "p50": 0.20789613437578727,
    "p90": 0.2883199483531363
  },
  "ema": {
    "fast": 0.04041697738320841,
    "slow": 0.0419594081317851,
    "fast_period": 20,
    "slow_period": 100
  },
  "etv": {
    "horizon_days": 1,
    "risk_budget_usd": 100,
    "expected_move_usd": 5.9155308169659255,
    "qty": 16.90465371479376,
    "notional_usd": 51387.44254837867,
    "leverage": 1
  }
}