{
  "t": "2026-01-07T23:30:18.370Z",
  "spot": 3169.29,
  "sigma_d": 0.003015389569446705,
  "ERI": 0.3015389569446705,
  "percentiles": {
    "p10": 0.13254614878099003,
    "p50": 0.2112540786099536,
    "p90": 0.3155246088476158
  },
  "ema": {
    "fast": 0.04494727572683494,
    "slow": 0.04237190310954019,
    "fast_period": 20,
    "slow_period": 100
  },
  "etv": {
    "horizon_days": 1,
    "risk_budget_usd": 100,
    "expected_move_usd": 9.556644008551748,
    "qty": 10.463924355716834,
    "notional_usd": 33163.210821329805,
    "leverage": 1
  }
}