{
  "t": "2026-03-06T14:51:50.029Z",
  "spot": 1982.52,
  "sigma_d": 0.0033045414256518916,
  "ERI": 0.3304541425651892,
  "percentiles": {
    "p10": 0.1069178646034985,
    "p50": 0.2804198087542327,
    "p90": 0.36564512992137516
  },
  "ema": {
    "fast": 0.04711085457082214,
    "slow": 0.04737139673819289,
    "fast_period": 20,
    "slow_period": 100
  },
  "etv": {
    "horizon_days": 1,
    "risk_budget_usd": 100,
    "expected_move_usd": 6.551319467183388,
    "qty": 15.26410069008481,
    "notional_usd": 30261.384900106936,
    "leverage": 1
  }
}