{
  "t": "2026-07-02T16:59:22.543Z",
  "spot": 1697.56,
  "sigma_d": 0.0033738890746640117,
  "ERI": 0.33738890746640116,
  "percentiles": {
    "p10": 0.092874891308948,
    "p50": 0.2288529801393659,
    "p90": 0.35930762446011894
  },
  "ema": {
    "fast": 0.04643178681433504,
    "slow": 0.044467997285295005,
    "fast_period": 20,
    "slow_period": 100
  },
  "etv": {
    "horizon_days": 1,
    "risk_budget_usd": 100,
    "expected_move_usd": 5.72737913758664,
    "qty": 17.459993061003686,
    "notional_usd": 29639.385820637417,
    "leverage": 1
  }
}