{
  "t": "2025-10-20T13:36:43.684Z",
  "spot": 4031.19,
  "sigma_d": 0.0016272347689900997,
  "ERI": 0.16272347689900996,
  "percentiles": {
    "p10": 0.08015997712154355,
    "p50": 0.20202515232958898,
    "p90": 0.26651940600161017
  },
  "ema": {
    "fast": 0.035294478065853244,
    "slow": 0.03577219268741765,
    "fast_period": 20,
    "slow_period": 100
  },
  "etv": {
    "horizon_days": 1,
    "risk_budget_usd": 100,
    "expected_move_usd": 6.5596925284052,
    "qty": 15.244616964434478,
    "notional_usd": 61453.947460858624,
    "leverage": 1
  }
}