{
  "t": "2026-03-19T05:35:33.826Z",
  "spot": 2189.66,
  "sigma_d": 0.0027340390352513315,
  "ERI": 0.27340390352513316,
  "percentiles": {
    "p10": 0.10466532600928417,
    "p50": 0.25293140480540377,
    "p90": 0.3548847506364679
  },
  "ema": {
    "fast": 0.040789563046056077,
    "slow": 0.041725431032284085,
    "fast_period": 20,
    "slow_period": 100
  },
  "etv": {
    "horizon_days": 1,
    "risk_budget_usd": 100,
    "expected_move_usd": 5.98661591392843,
    "qty": 16.70392780123751,
    "notional_usd": 36575.92254925772,
    "leverage": 1
  }
}