{
  "t": "2026-01-09T11:29:07.142Z",
  "spot": 3097.5,
  "sigma_d": 0.0007075860458727002,
  "ERI": 0.07075860458727003,
  "percentiles": {
    "p10": 0.10586925557021208,
    "p50": 0.21851574427163928,
    "p90": 0.3186189896762125
  },
  "ema": {
    "fast": 0.03326692714398712,
    "slow": 0.03881498786333188,
    "fast_period": 20,
    "slow_period": 100
  },
  "etv": {
    "horizon_days": 1,
    "risk_budget_usd": 100,
    "expected_move_usd": 2.191747777090689,
    "qty": 45.62568788491681,
    "notional_usd": 141325.56822352982,
    "leverage": 1
  }
}