{
  "t": "2025-10-06T18:38:26.634Z",
  "spot": 4691.47,
  "sigma_d": 0.0027912581389029894,
  "ERI": 0.27912581389029895,
  "percentiles": {
    "p10": 0.07133249581256872,
    "p50": 0.19279351365491573,
    "p90": 0.27540025184837297
  },
  "ema": {
    "fast": 0.041546888739958945,
    "slow": 0.037908891002724564,
    "fast_period": 20,
    "slow_period": 100
  },
  "etv": {
    "horizon_days": 1,
    "risk_budget_usd": 100,
    "expected_move_usd": 13.095103820919208,
    "qty": 7.636441937959414,
    "notional_usd": 35826.13825867845,
    "leverage": 1
  }
}