{
  "t": "2025-10-21T07:27:43.880Z",
  "spot": 3891.68,
  "sigma_d": 0.0025524690024278157,
  "ERI": 0.25524690024278157,
  "percentiles": {
    "p10": 0.08117505264610382,
    "p50": 0.20786425448120857,
    "p90": 0.2701053784852573
  },
  "ema": {
    "fast": 0.04345590277847143,
    "slow": 0.03807528491558391,
    "fast_period": 20,
    "slow_period": 100
  },
  "etv": {
    "horizon_days": 1,
    "risk_budget_usd": 100,
    "expected_move_usd": 9.933392567368282,
    "qty": 10.067054062526964,
    "notional_usd": 39177.75295405493,
    "leverage": 1
  }
}