{
  "t": "2025-09-09T20:28:24.702Z",
  "spot": 4288.7,
  "sigma_d": 0.003487672816615303,
  "ERI": 0.3487672816615303,
  "percentiles": {
    "p10": 0.07484931596231145,
    "p50": 0.2171571857006171,
    "p90": 0.3255508656102769
  },
  "ema": {
    "fast": 0.05312600815766147,
    "slow": 0.04289739381122899,
    "fast_period": 20,
    "slow_period": 100
  },
  "etv": {
    "horizon_days": 1,
    "risk_budget_usd": 100,
    "expected_move_usd": 14.95758240861805,
    "qty": 6.685572391858153,
    "notional_usd": 28672.41431696206,
    "leverage": 1
  }
}