{
  "t": "2025-11-19T11:25:19.224Z",
  "spot": 3093.26,
  "sigma_d": 0.0032382653951664488,
  "ERI": 0.32382653951664486,
  "percentiles": {
    "p10": 0.08238404108804202,
    "p50": 0.2075105770763963,
    "p90": 0.28457078858055657
  },
  "ema": {
    "fast": 0.04491457206427109,
    "slow": 0.03877397739598429,
    "fast_period": 20,
    "slow_period": 100
  },
  "etv": {
    "horizon_days": 1,
    "risk_budget_usd": 100,
    "expected_move_usd": 10.01679681625257,
    "qty": 9.98323134974115,
    "notional_usd": 30880.730204900312,
    "leverage": 1
  }
}