{
  "t": "2025-11-24T18:42:34.225Z",
  "spot": 2945.33,
  "sigma_d": 0.0023681216713632817,
  "ERI": 0.2368121671363282,
  "percentiles": {
    "p10": 0.08194322726202576,
    "p50": 0.19552158439079495,
    "p90": 0.2952181465191975
  },
  "ema": {
    "fast": 0.03326821917123596,
    "slow": 0.03680489135172563,
    "fast_period": 20,
    "slow_period": 100
  },
  "etv": {
    "horizon_days": 1,
    "risk_budget_usd": 100,
    "expected_move_usd": 6.974899802316415,
    "qty": 14.337123519220917,
    "notional_usd": 42227.56001486694,
    "leverage": 1
  }
}