{
  "t": "2025-09-13T06:34:14.118Z",
  "spot": 4716.61,
  "sigma_d": 0.0014326223356528243,
  "ERI": 0.14326223356528242,
  "percentiles": {
    "p10": 0.07596701395528663,
    "p50": 0.19553744126429093,
    "p90": 0.32605710988921516
  },
  "ema": {
    "fast": 0.03298209459011157,
    "slow": 0.035116913684714514,
    "fast_period": 20,
    "slow_period": 100
  },
  "etv": {
    "horizon_days": 1,
    "risk_budget_usd": 100,
    "expected_move_usd": 6.757120834563467,
    "qty": 14.799202566940679,
    "notional_usd": 69802.06681925806,
    "leverage": 1
  }
}