{
  "t": "2026-04-11T21:45:45.236Z",
  "spot": 2300.09,
  "sigma_d": 0.0008333642985307155,
  "ERI": 0.08333642985307155,
  "percentiles": {
    "p10": 0.08909764680710797,
    "p50": 0.2282361075457852,
    "p90": 0.34972341073660895
  },
  "ema": {
    "fast": 0.0433367559578102,
    "slow": 0.0450815808109626,
    "fast_period": 20,
    "slow_period": 100
  },
  "etv": {
    "horizon_days": 1,
    "risk_budget_usd": 100,
    "expected_move_usd": 1.9168128894075136,
    "qty": 52.16993299273461,
    "notional_usd": 119995.54117725896,
    "leverage": 1
  }
}