{
  "t": "2026-01-09T08:44:33.000Z",
  "spot": 3091.19,
  "sigma_d": 0.0024008018832074336,
  "ERI": 0.24008018832074335,
  "percentiles": {
    "p10": 0.1093943894363484,
    "p50": 0.21639859132470313,
    "p90": 0.3186189896762125
  },
  "ema": {
    "fast": 0.032817747419751,
    "slow": 0.03902315080842162,
    "fast_period": 20,
    "slow_period": 100
  },
  "etv": {
    "horizon_days": 1,
    "risk_budget_usd": 100,
    "expected_move_usd": 7.421334773351987,
    "qty": 13.47466501027188,
    "notional_usd": 41652.74973310233,
    "leverage": 1
  }
}