{
  "t": "2026-01-04T19:24:26.895Z",
  "spot": 3130.62,
  "sigma_d": 0.001821938865402832,
  "ERI": 0.1821938865402832,
  "percentiles": {
    "p10": 0.13300930458723387,
    "p50": 0.20203674078687422,
    "p90": 0.3094188961160326
  },
  "ema": {
    "fast": 0.03508534857950004,
    "slow": 0.03773364476007465,
    "fast_period": 20,
    "slow_period": 100
  },
  "etv": {
    "horizon_days": 1,
    "risk_budget_usd": 100,
    "expected_move_usd": 5.703798250807414,
    "qty": 17.53217691138432,
    "notional_usd": 54886.58368231798,
    "leverage": 1
  }
}