{
  "t": "2025-09-29T07:27:34.410Z",
  "spot": 4094.51,
  "sigma_d": 0.002912443896471218,
  "ERI": 0.2912443896471218,
  "percentiles": {
    "p10": 0.07116165944170003,
    "p50": 0.17556762385080338,
    "p90": 0.2574689305816626
  },
  "ema": {
    "fast": 0.027939971970228815,
    "slow": 0.03026699262175493,
    "fast_period": 20,
    "slow_period": 100
  },
  "etv": {
    "horizon_days": 1,
    "risk_budget_usd": 100,
    "expected_move_usd": 11.925030658540367,
    "qty": 8.385722675554117,
    "notional_usd": 34335.42535228309,
    "leverage": 1
  }
}