{
  "t": "2025-12-12T23:27:49.432Z",
  "spot": 3092.79,
  "sigma_d": 0.002591467195916757,
  "ERI": 0.2591467195916757,
  "percentiles": {
    "p10": 0.08317025413542126,
    "p50": 0.22291492237135502,
    "p90": 0.3368553562640825
  },
  "ema": {
    "fast": 0.043853089746718,
    "slow": 0.03949133540023433,
    "fast_period": 20,
    "slow_period": 100
  },
  "etv": {
    "horizon_days": 1,
    "risk_budget_usd": 100,
    "expected_move_usd": 8.014863828859387,
    "qty": 12.476818338438475,
    "notional_usd": 38588.17898893913,
    "leverage": 1
  }
}