{
  "t": "2025-11-13T19:23:19.890Z",
  "spot": 3199.43,
  "sigma_d": 0.0006696948137718041,
  "ERI": 0.06696948137718041,
  "percentiles": {
    "p10": 0.07610339711785073,
    "p50": 0.20140541083796526,
    "p90": 0.28539272602358456
  },
  "ema": {
    "fast": 0.026827928309021302,
    "slow": 0.03391414183985248,
    "fast_period": 20,
    "slow_period": 100
  },
  "etv": {
    "horizon_days": 1,
    "risk_budget_usd": 100,
    "expected_move_usd": 2.142641678025923,
    "qty": 46.67135948374385,
    "notional_usd": 149321.74767307457,
    "leverage": 1
  }
}