{
  "t": "2026-01-12T07:36:39.570Z",
  "spot": 3146.72,
  "sigma_d": 0.0025957379631121715,
  "ERI": 0.25957379631121713,
  "percentiles": {
    "p10": 0.08930036936033803,
    "p50": 0.21491669638677624,
    "p90": 0.31809552589193696
  },
  "ema": {
    "fast": 0.028998826283987634,
    "slow": 0.03594172798123631,
    "fast_period": 20,
    "slow_period": 100
  },
  "etv": {
    "horizon_days": 1,
    "risk_budget_usd": 100,
    "expected_move_usd": 8.168060563284332,
    "qty": 12.24280834173817,
    "notional_usd": 38524.689865114335,
    "leverage": 1
  }
}