{
  "t": "2025-12-14T18:39:10.775Z",
  "spot": 3094.27,
  "sigma_d": 0.002749635032917337,
  "ERI": 0.2749635032917337,
  "percentiles": {
    "p10": 0.08418805675846316,
    "p50": 0.2216266875881137,
    "p90": 0.32496960327007124
  },
  "ema": {
    "fast": 0.03744570647425565,
    "slow": 0.035854648204662935,
    "fast_period": 20,
    "slow_period": 100
  },
  "etv": {
    "horizon_days": 1,
    "risk_budget_usd": 100,
    "expected_move_usd": 8.508113193305128,
    "qty": 11.753487257161563,
    "notional_usd": 36368.46301521731,
    "leverage": 1
  }
}