{
  "t": "2026-04-03T03:22:58.165Z",
  "spot": 2055.76,
  "sigma_d": 0.0011947955906396468,
  "ERI": 0.11947955906396468,
  "percentiles": {
    "p10": 0.09341368984264971,
    "p50": 0.22353740957256973,
    "p90": 0.32479671822027906
  },
  "ema": {
    "fast": 0.03997017408680656,
    "slow": 0.04826744059181591,
    "fast_period": 20,
    "slow_period": 100
  },
  "etv": {
    "horizon_days": 1,
    "risk_budget_usd": 100,
    "expected_move_usd": 2.4562129834133604,
    "qty": 40.71308175442977,
    "notional_usd": 83696.32494748656,
    "leverage": 1
  }
}