{
  "t": "2025-12-04T07:30:18.192Z",
  "spot": 3197.36,
  "sigma_d": 0.0007101341498369103,
  "ERI": 0.07101341498369103,
  "percentiles": {
    "p10": 0.07388414732698156,
    "p50": 0.1936834668996273,
    "p90": 0.3276983424996273
  },
  "ema": {
    "fast": 0.038768900395250654,
    "slow": 0.04002824711106882,
    "fast_period": 20,
    "slow_period": 100
  },
  "etv": {
    "horizon_days": 1,
    "risk_budget_usd": 100,
    "expected_move_usd": 2.2705545253225434,
    "qty": 44.042104642166436,
    "notional_usd": 140818.46369867728,
    "leverage": 1
  }
}