{
  "t": "2026-03-14T16:45:21.079Z",
  "spot": 2076.21,
  "sigma_d": 0.002869950391471481,
  "ERI": 0.28699503914714813,
  "percentiles": {
    "p10": 0.10601568688289394,
    "p50": 0.2724737336664784,
    "p90": 0.36057735857294637
  },
  "ema": {
    "fast": 0.049307623689247175,
    "slow": 0.046481864657673386,
    "fast_period": 20,
    "slow_period": 100
  },
  "etv": {
    "horizon_days": 1,
    "risk_budget_usd": 100,
    "expected_move_usd": 5.958619702277004,
    "qty": 16.782410188350564,
    "notional_usd": 34843.80785715533,
    "leverage": 1
  }
}