{
  "t": "2025-10-23T14:31:27.103Z",
  "spot": 3828.69,
  "sigma_d": 0.0016912297899416395,
  "ERI": 0.16912297899416395,
  "percentiles": {
    "p10": 0.08166357686791983,
    "p50": 0.2153866601997641,
    "p90": 0.26991387750988044
  },
  "ema": {
    "fast": 0.04045631546088669,
    "slow": 0.03870319833073124,
    "fast_period": 20,
    "slow_period": 100
  },
  "etv": {
    "horizon_days": 1,
    "risk_budget_usd": 100,
    "expected_move_usd": 6.475194584451656,
    "qty": 15.443551339773116,
    "notional_usd": 59128.57057907593,
    "leverage": 1
  }
}