{
  "t": "2025-09-02T02:59:30.586Z",
  "spot": 4360.57,
  "sigma_d": 0.00246060496238166,
  "ERI": 0.246060496238166,
  "percentiles": {
    "p10": 0.08254976590154532,
    "p50": 0.21862698044298198,
    "p90": 0.2975602840840187
  },
  "ema": {
    "fast": 0.039582061412888996,
    "slow": 0.04215663714212642,
    "fast_period": 20,
    "slow_period": 100
  },
  "etv": {
    "horizon_days": 1,
    "risk_budget_usd": 100,
    "expected_move_usd": 10.729640180812595,
    "qty": 9.319977027638464,
    "notional_usd": 40640.412227409455,
    "leverage": 1
  }
}