{
  "t": "2026-01-25T22:32:34.211Z",
  "spot": 2796,
  "sigma_d": 0.0030779541544345645,
  "ERI": 0.30779541544345645,
  "percentiles": {
    "p10": 0.07369711042141398,
    "p50": 0.19283858650001298,
    "p90": 0.26816507573694753
  },
  "ema": {
    "fast": 0.03911467398631317,
    "slow": 0.039071641682574564,
    "fast_period": 20,
    "slow_period": 100
  },
  "etv": {
    "horizon_days": 1,
    "risk_budget_usd": 100,
    "expected_move_usd": 8.605959815799043,
    "qty": 11.619854396300738,
    "notional_usd": 32489.112892056863,
    "leverage": 1
  }
}