{
  "t": "2026-05-07T14:43:41.198Z",
  "spot": 2292.67,
  "sigma_d": 0.00298224573899917,
  "ERI": 0.298224573899917,
  "percentiles": {
    "p10": 0.08441840954145854,
    "p50": 0.19537868215458315,
    "p90": 0.2626334790624655
  },
  "ema": {
    "fast": 0.043700089726214746,
    "slow": 0.038661383794113144,
    "fast_period": 20,
    "slow_period": 100
  },
  "etv": {
    "horizon_days": 1,
    "risk_budget_usd": 100,
    "expected_move_usd": 6.837305338431228,
    "qty": 14.625644906907771,
    "notional_usd": 33531.777308720244,
    "leverage": 1
  }
}