{
  "t": "2026-04-07T19:19:14.831Z",
  "spot": 2090.93,
  "sigma_d": 0.0037330967841798916,
  "ERI": 0.3733096784179892,
  "percentiles": {
    "p10": 0.09100989284009256,
    "p50": 0.21574220530747196,
    "p90": 0.3415737355900714
  },
  "ema": {
    "fast": 0.05080673825436183,
    "slow": 0.04326551213040698,
    "fast_period": 20,
    "slow_period": 100
  },
  "etv": {
    "horizon_days": 1,
    "risk_budget_usd": 100,
    "expected_move_usd": 7.80564405894526,
    "qty": 12.81124263992029,
    "notional_usd": 26787.411573088528,
    "leverage": 1
  }
}