{
  "t": "2025-10-08T10:30:32.606Z",
  "spot": 4490.08,
  "sigma_d": 0.002961486042006971,
  "ERI": 0.2961486042006971,
  "percentiles": {
    "p10": 0.07088027110115395,
    "p50": 0.206628250155752,
    "p90": 0.2772309688934991
  },
  "ema": {
    "fast": 0.04340346492759939,
    "slow": 0.03939887899374877,
    "fast_period": 20,
    "slow_period": 100
  },
  "etv": {
    "horizon_days": 1,
    "risk_budget_usd": 100,
    "expected_move_usd": 13.29730924749466,
    "qty": 7.5203184447891935,
    "notional_usd": 33766.83144257906,
    "leverage": 1
  }
}