{
  "t": "2026-01-17T10:32:10.692Z",
  "spot": 3296.4,
  "sigma_d": 0.002380434963707107,
  "ERI": 0.2380434963707107,
  "percentiles": {
    "p10": 0.07709150354994503,
    "p50": 0.2022854983130974,
    "p90": 0.26905513154020416
  },
  "ema": {
    "fast": 0.038453047516809134,
    "slow": 0.03391173825202226,
    "fast_period": 20,
    "slow_period": 100
  },
  "etv": {
    "horizon_days": 1,
    "risk_budget_usd": 100,
    "expected_move_usd": 7.846865814364108,
    "qty": 12.743941640615882,
    "notional_usd": 42009.12922412619,
    "leverage": 1
  }
}