{
  "t": "2026-01-03T09:30:16.452Z",
  "spot": 3098.58,
  "sigma_d": 0.0006837739166966555,
  "ERI": 0.06837739166966554,
  "percentiles": {
    "p10": 0.14436706074602404,
    "p50": 0.2121587878654647,
    "p90": 0.31207548969546706
  },
  "ema": {
    "fast": 0.03002441526152208,
    "slow": 0.04251039529973429,
    "fast_period": 20,
    "slow_period": 100
  },
  "etv": {
    "horizon_days": 1,
    "risk_budget_usd": 100,
    "expected_move_usd": 2.1187281827979225,
    "qty": 47.1981261267518,
    "notional_usd": 146247.16965383058,
    "leverage": 1
  }
}