{
  "t": "2026-01-03T07:28:12.095Z",
  "spot": 3086.16,
  "sigma_d": 0.0032941683224544387,
  "ERI": 0.3294168322454439,
  "percentiles": {
    "p10": 0.14471385818418156,
    "p50": 0.2121587878654647,
    "p90": 0.31207548969546706
  },
  "ema": {
    "fast": 0.03378479446535687,
    "slow": 0.043712518295347405,
    "fast_period": 20,
    "slow_period": 100
  },
  "etv": {
    "horizon_days": 1,
    "risk_budget_usd": 100,
    "expected_move_usd": 10.16633051002599,
    "qty": 9.836390809976171,
    "notional_usd": 30356.67586211606,
    "leverage": 1
  }
}