{
  "t": "2025-11-22T09:27:11.632Z",
  "spot": 2723.24,
  "sigma_d": 0.001744730708100053,
  "ERI": 0.17447307081000532,
  "percentiles": {
    "p10": 0.08416797247765259,
    "p50": 0.20387145364419193,
    "p90": 0.2913022202724372
  },
  "ema": {
    "fast": 0.04432964978327642,
    "slow": 0.04014796267959086,
    "fast_period": 20,
    "slow_period": 100
  },
  "etv": {
    "horizon_days": 1,
    "risk_budget_usd": 100,
    "expected_move_usd": 4.751320453526388,
    "qty": 21.046780779810565,
    "notional_usd": 57315.435290811314,
    "leverage": 1
  }
}