{
  "t": "2026-02-20T13:20:54.421Z",
  "spot": 1946.28,
  "sigma_d": 0.002627088689868411,
  "ERI": 0.2627088689868411,
  "percentiles": {
    "p10": 0.11613762506844227,
    "p50": 0.28739004283603,
    "p90": 0.3844019607868248
  },
  "ema": {
    "fast": 0.05311847502190342,
    "slow": 0.05448448814689766,
    "fast_period": 20,
    "slow_period": 100
  },
  "etv": {
    "horizon_days": 1,
    "risk_budget_usd": 100,
    "expected_move_usd": 5.113050175317091,
    "qty": 19.557797512479603,
    "notional_usd": 38064.9501425888,
    "leverage": 1
  }
}