{
  "t": "2026-02-20T16:54:33.871Z",
  "spot": 1961.79,
  "sigma_d": 0.0031630483313574644,
  "ERI": 0.3163048331357464,
  "percentiles": {
    "p10": 0.11613762506844227,
    "p50": 0.28501199508578634,
    "p90": 0.38035838123005156
  },
  "ema": {
    "fast": 0.05369603352978489,
    "slow": 0.05451829405007834,
    "fast_period": 20,
    "slow_period": 100
  },
  "etv": {
    "horizon_days": 1,
    "risk_budget_usd": 100,
    "expected_move_usd": 6.2052365859737595,
    "qty": 16.115421002003174,
    "notional_usd": 31615.071767519807,
    "leverage": 1
  }
}