{
  "t": "2025-09-18T10:29:12.003Z",
  "spot": 4577.35,
  "sigma_d": 0.001690369218395754,
  "ERI": 0.1690369218395754,
  "percentiles": {
    "p10": 0.07823470167988966,
    "p50": 0.18477527446947098,
    "p90": 0.2844977667376156
  },
  "ema": {
    "fast": 0.02788839610598143,
    "slow": 0.030298703859297837,
    "fast_period": 20,
    "slow_period": 100
  },
  "etv": {
    "horizon_days": 1,
    "risk_budget_usd": 100,
    "expected_move_usd": 7.737411541823804,
    "qty": 12.924218837198978,
    "notional_usd": 59158.67309445275,
    "leverage": 1
  }
}