{
  "t": "2026-04-14T08:50:16.878Z",
  "spot": 2388.26,
  "sigma_d": 0.003436816649973159,
  "ERI": 0.3436816649973159,
  "percentiles": {
    "p10": 0.08901808514125302,
    "p50": 0.22740126911753786,
    "p90": 0.3507115550592297
  },
  "ema": {
    "fast": 0.04325452334069204,
    "slow": 0.04511565033188861,
    "fast_period": 20,
    "slow_period": 100
  },
  "etv": {
    "horizon_days": 1,
    "risk_budget_usd": 100,
    "expected_move_usd": 8.208011732464898,
    "qty": 12.1832184528286,
    "notional_usd": 29096.693302152435,
    "leverage": 1
  }
}