{
  "t": "2025-12-09T18:39:35.737Z",
  "spot": 3380.07,
  "sigma_d": 0.0036753060004589165,
  "ERI": 0.36753060004589166,
  "percentiles": {
    "p10": 0.07816810724850534,
    "p50": 0.2221153666325757,
    "p90": 0.3447200362489877
  },
  "ema": {
    "fast": 0.03928056380832938,
    "slow": 0.040896833167889335,
    "fast_period": 20,
    "slow_period": 100
  },
  "etv": {
    "horizon_days": 1,
    "risk_budget_usd": 100,
    "expected_move_usd": 12.422791552971171,
    "qty": 8.049720513589628,
    "notional_usd": 27208.618816368897,
    "leverage": 1
  }
}