{
  "t": "2025-10-08T01:56:59.580Z",
  "spot": 4486.94,
  "sigma_d": 0.0028854416369766545,
  "ERI": 0.28854416369766545,
  "percentiles": {
    "p10": 0.07088027110115395,
    "p50": 0.198248597638888,
    "p90": 0.2767997753290411
  },
  "ema": {
    "fast": 0.03848716947017773,
    "slow": 0.03809197628467038,
    "fast_period": 20,
    "slow_period": 100
  },
  "etv": {
    "horizon_days": 1,
    "risk_budget_usd": 100,
    "expected_move_usd": 12.94680349861603,
    "qty": 7.723914247303566,
    "notional_usd": 34656.73979279626,
    "leverage": 1
  }
}