{
  "t": "2025-12-27T07:28:24.791Z",
  "spot": 2934.86,
  "sigma_d": 0.0018830881085015471,
  "ERI": 0.18830881085015472,
  "percentiles": {
    "p10": 0.10216781768372096,
    "p50": 0.21419256515747884,
    "p90": 0.28916455132537333
  },
  "ema": {
    "fast": 0.0349810687683347,
    "slow": 0.039176985575426634,
    "fast_period": 20,
    "slow_period": 100
  },
  "etv": {
    "horizon_days": 1,
    "risk_budget_usd": 100,
    "expected_move_usd": 5.526599966116851,
    "qty": 18.09430764178557,
    "notional_usd": 53104.259725570795,
    "leverage": 1
  }
}