{
  "t": "2026-01-17T04:00:17.653Z",
  "spot": 3290.52,
  "sigma_d": 0.002212559610183727,
  "ERI": 0.22125596101837272,
  "percentiles": {
    "p10": 0.07709150354994503,
    "p50": 0.2022854983130974,
    "p90": 0.27876920591552673
  },
  "ema": {
    "fast": 0.03368460332097477,
    "slow": 0.03256493589897153,
    "fast_period": 20,
    "slow_period": 100
  },
  "etv": {
    "horizon_days": 1,
    "risk_budget_usd": 100,
    "expected_move_usd": 7.2804716485017575,
    "qty": 13.735373864216465,
    "notional_usd": 45196.52240768156,
    "leverage": 1
  }
}