{
  "t": "2025-10-23T21:22:31.419Z",
  "spot": 3835.21,
  "sigma_d": 0.0018602028944183116,
  "ERI": 0.18602028944183116,
  "percentiles": {
    "p10": 0.08166357686791983,
    "p50": 0.2153866601997641,
    "p90": 0.27255370346420243
  },
  "ema": {
    "fast": 0.0428416860647875,
    "slow": 0.03965491031529761,
    "fast_period": 20,
    "slow_period": 100
  },
  "etv": {
    "horizon_days": 1,
    "risk_budget_usd": 100,
    "expected_move_usd": 7.134268742702053,
    "qty": 14.016853528582624,
    "notional_usd": 53757.57682135537,
    "leverage": 1
  }
}