{
  "t": "2026-04-10T07:58:09.033Z",
  "spot": 2178.12,
  "sigma_d": 0.002646803810823555,
  "ERI": 0.26468038108235553,
  "percentiles": {
    "p10": 0.09084878321617929,
    "p50": 0.2186294414212211,
    "p90": 0.34972341073660895
  },
  "ema": {
    "fast": 0.04978017053184824,
    "slow": 0.04631563534494307,
    "fast_period": 20,
    "slow_period": 100
  },
  "etv": {
    "horizon_days": 1,
    "risk_budget_usd": 100,
    "expected_move_usd": 5.765056316431002,
    "qty": 17.34588432640107,
    "notional_usd": 37781.4175690207,
    "leverage": 1
  }
}