{
  "t": "2026-03-14T07:47:05.288Z",
  "spot": 2078.8,
  "sigma_d": 0.002979542367608464,
  "ERI": 0.2979542367608464,
  "percentiles": {
    "p10": 0.10503062610363459,
    "p50": 0.2704593580847476,
    "p90": 0.36057735857294637
  },
  "ema": {
    "fast": 0.04650272460202742,
    "slow": 0.04564084529814535,
    "fast_period": 20,
    "slow_period": 100
  },
  "etv": {
    "horizon_days": 1,
    "risk_budget_usd": 100,
    "expected_move_usd": 6.193872673784475,
    "qty": 16.1449880013274,
    "notional_usd": 33562.2010571594,
    "leverage": 1
  }
}