{
  "t": "2026-03-19T16:04:14.193Z",
  "spot": 2119.1,
  "sigma_d": 0.0020056925848225262,
  "ERI": 0.20056925848225263,
  "percentiles": {
    "p10": 0.10580637078218988,
    "p50": 0.24844982486375153,
    "p90": 0.3548847506364679
  },
  "ema": {
    "fast": 0.0407113371629859,
    "slow": 0.04157918355658853,
    "fast_period": 20,
    "slow_period": 100
  },
  "etv": {
    "horizon_days": 1,
    "risk_budget_usd": 100,
    "expected_move_usd": 4.250263156497415,
    "qty": 23.527954933126694,
    "notional_usd": 49858.08929878877,
    "leverage": 1
  }
}