{
  "t": "2025-12-25T21:28:07.310Z",
  "spot": 2949.26,
  "sigma_d": 0.0022805992128235517,
  "ERI": 0.22805992128235517,
  "percentiles": {
    "p10": 0.09243505294936748,
    "p50": 0.21491734668093246,
    "p90": 0.2883199483531363
  },
  "ema": {
    "fast": 0.03873183698143671,
    "slow": 0.03955979163299344,
    "fast_period": 20,
    "slow_period": 100
  },
  "etv": {
    "horizon_days": 1,
    "risk_budget_usd": 100,
    "expected_move_usd": 6.726080034411988,
    "qty": 14.8675007565149,
    "notional_usd": 43848.12528115914,
    "leverage": 1
  }
}