{
  "t": "2025-12-04T22:28:56.309Z",
  "spot": 3137.03,
  "sigma_d": 0.002221296196092742,
  "ERI": 0.22212961960927421,
  "percentiles": {
    "p10": 0.07361188766149436,
    "p50": 0.19754375450484887,
    "p90": 0.3447200362489877
  },
  "ema": {
    "fast": 0.04954147799057442,
    "slow": 0.043828510349542826,
    "fast_period": 20,
    "slow_period": 100
  },
  "etv": {
    "horizon_days": 1,
    "risk_budget_usd": 100,
    "expected_move_usd": 6.968272806028815,
    "qty": 14.35075847109228,
    "notional_usd": 45018.75984657062,
    "leverage": 1
  }
}