{
  "t": "2026-05-29T22:01:29.094Z",
  "spot": 2006.72,
  "sigma_d": 0.0007180099019907346,
  "ERI": 0.07180099019907346,
  "percentiles": {
    "p10": 0.09791702581101389,
    "p50": 0.22411893692133944,
    "p90": 0.3208549427952852
  },
  "ema": {
    "fast": 0.03278772097313875,
    "slow": 0.03996450739051907,
    "fast_period": 20,
    "slow_period": 100
  },
  "etv": {
    "horizon_days": 1,
    "risk_budget_usd": 100,
    "expected_move_usd": 1.440844830522847,
    "qty": 69.40372612067635,
    "notional_usd": 139273.84528088366,
    "leverage": 1
  }
}