{
  "t": "2025-09-29T18:38:06.215Z",
  "spot": 4152.84,
  "sigma_d": 0.0021121075667929435,
  "ERI": 0.21121075667929434,
  "percentiles": {
    "p10": 0.07133598006098131,
    "p50": 0.17567247753885568,
    "p90": 0.25813344092531626
  },
  "ema": {
    "fast": 0.03241933472491226,
    "slow": 0.030802386088967064,
    "fast_period": 20,
    "slow_period": 100
  },
  "etv": {
    "horizon_days": 1,
    "risk_budget_usd": 100,
    "expected_move_usd": 8.771244787680407,
    "qty": 11.400890343461207,
    "notional_usd": 47346.07345393944,
    "leverage": 1
  }
}