{
  "t": "2026-04-12T06:01:23.142Z",
  "spot": 2218.11,
  "sigma_d": 0.002495732385738171,
  "ERI": 0.2495732385738171,
  "percentiles": {
    "p10": 0.08909764680710797,
    "p50": 0.23120228130757392,
    "p90": 0.34972341073660895
  },
  "ema": {
    "fast": 0.04685741512468039,
    "slow": 0.04581895475844301,
    "fast_period": 20,
    "slow_period": 100
  },
  "etv": {
    "horizon_days": 1,
    "risk_budget_usd": 100,
    "expected_move_usd": 5.535808962129695,
    "qty": 18.064207179853394,
    "notional_usd": 40068.398587704614,
    "leverage": 1
  }
}