{
  "t": "2025-11-08T08:33:05.050Z",
  "spot": 3450.88,
  "sigma_d": 0.0008245549309310842,
  "ERI": 0.08245549309310841,
  "percentiles": {
    "p10": 0.07486604198958181,
    "p50": 0.20914798084979508,
    "p90": 0.29561773461855895
  },
  "ema": {
    "fast": 0.033612123475761944,
    "slow": 0.03603108715381572,
    "fast_period": 20,
    "slow_period": 100
  },
  "etv": {
    "horizon_days": 1,
    "risk_budget_usd": 100,
    "expected_move_usd": 2.84544012005146,
    "qty": 35.143948134881676,
    "notional_usd": 121277.54773970049,
    "leverage": 1
  }
}