{
  "t": "2026-05-26T16:50:52.190Z",
  "spot": 2077.08,
  "sigma_d": 0.00340009121700527,
  "ERI": 0.340009121700527,
  "percentiles": {
    "p10": 0.09487912413171744,
    "p50": 0.2191207420093981,
    "p90": 0.30968626949378103
  },
  "ema": {
    "fast": 0.04293178462246776,
    "slow": 0.0401113005395269,
    "fast_period": 20,
    "slow_period": 100
  },
  "etv": {
    "horizon_days": 1,
    "risk_budget_usd": 100,
    "expected_move_usd": 7.062261465017306,
    "qty": 14.159770279725116,
    "notional_usd": 29410.975652611443,
    "leverage": 1
  }
}