{
  "t": "2025-11-07T16:32:36.528Z",
  "spot": 3321.95,
  "sigma_d": 0.0017043731592963195,
  "ERI": 0.17043731592963196,
  "percentiles": {
    "p10": 0.07486604198958181,
    "p50": 0.208657321615277,
    "p90": 0.29561773461855895
  },
  "ema": {
    "fast": 0.03163680753409354,
    "slow": 0.036512952508944756,
    "fast_period": 20,
    "slow_period": 100
  },
  "etv": {
    "horizon_days": 1,
    "risk_budget_usd": 100,
    "expected_move_usd": 5.661842416524409,
    "qty": 17.66209524096685,
    "notional_usd": 58672.59728572982,
    "leverage": 1
  }
}