{
  "t": "2025-12-22T06:49:04.795Z",
  "spot": 3027.15,
  "sigma_d": 0.0015909588058835077,
  "ERI": 0.15909588058835078,
  "percentiles": {
    "p10": 0.07939482920405169,
    "p50": 0.2109209270919315,
    "p90": 0.29211438569505715
  },
  "ema": {
    "fast": 0.04133892986064653,
    "slow": 0.04248707607644519,
    "fast_period": 20,
    "slow_period": 100
  },
  "etv": {
    "horizon_days": 1,
    "risk_budget_usd": 100,
    "expected_move_usd": 4.8160709492302605,
    "qty": 20.763813709177754,
    "notional_usd": 62855.17866973744,
    "leverage": 1
  }
}