{
  "t": "2026-03-13T21:45:05.206Z",
  "spot": 2105.06,
  "sigma_d": 0.0012600395985824422,
  "ERI": 0.12600395985824422,
  "percentiles": {
    "p10": 0.10076613005563757,
    "p50": 0.26462383797929145,
    "p90": 0.36057735857294637
  },
  "ema": {
    "fast": 0.03612811303405699,
    "slow": 0.04392961057134879,
    "fast_period": 20,
    "slow_period": 100
  },
  "etv": {
    "horizon_days": 1,
    "risk_budget_usd": 100,
    "expected_move_usd": 2.6524589573919557,
    "qty": 37.70086610438094,
    "notional_usd": 79362.58520168814,
    "leverage": 1
  }
}