{
  "t": "2026-01-28T09:45:19.007Z",
  "spot": 3006.44,
  "sigma_d": 0.0008330879376187888,
  "ERI": 0.08330879376187887,
  "percentiles": {
    "p10": 0.07159610232154241,
    "p50": 0.18002629438202045,
    "p90": 0.27475522187325496
  },
  "ema": {
    "fast": 0.025040467698372783,
    "slow": 0.032163264300090026,
    "fast_period": 20,
    "slow_period": 100
  },
  "etv": {
    "horizon_days": 1,
    "risk_budget_usd": 100,
    "expected_move_usd": 2.5046288991746315,
    "qty": 39.926074490697495,
    "notional_usd": 120035.34739181258,
    "leverage": 1
  }
}