{
  "t": "2026-01-09T02:25:29.559Z",
  "spot": 3120.6,
  "sigma_d": 0.0015336964274342759,
  "ERI": 0.1533696427434276,
  "percentiles": {
    "p10": 0.11962366750166667,
    "p50": 0.21485528164637033,
    "p90": 0.3186189896762125
  },
  "ema": {
    "fast": 0.03533739702065646,
    "slow": 0.040150363520341646,
    "fast_period": 20,
    "slow_period": 100
  },
  "etv": {
    "horizon_days": 1,
    "risk_budget_usd": 100,
    "expected_move_usd": 4.786053071451401,
    "qty": 20.894043276806865,
    "notional_usd": 65201.951449603504,
    "leverage": 1
  }
}