{
  "t": "2026-01-04T13:36:58.029Z",
  "spot": 3138.17,
  "sigma_d": 0.002048131269028817,
  "ERI": 0.2048131269028817,
  "percentiles": {
    "p10": 0.13300930458723387,
    "p50": 0.20443676654715476,
    "p90": 0.3094188961160326
  },
  "ema": {
    "fast": 0.03444391370500613,
    "slow": 0.037946712748876295,
    "fast_period": 20,
    "slow_period": 100
  },
  "etv": {
    "horizon_days": 1,
    "risk_budget_usd": 100,
    "expected_move_usd": 6.427384104528163,
    "qty": 15.558429117305888,
    "notional_usd": 48824.99550305582,
    "leverage": 1
  }
}