{
  "t": "2026-05-15T18:47:48.619Z",
  "spot": 2225.31,
  "sigma_d": 0.0020347905863498084,
  "ERI": 0.20347905863498084,
  "percentiles": {
    "p10": 0.0880319950473507,
    "p50": 0.2189836170328523,
    "p90": 0.279537324525569
  },
  "ema": {
    "fast": 0.037659407693041984,
    "slow": 0.04126624285007743,
    "fast_period": 20,
    "slow_period": 100
  },
  "etv": {
    "horizon_days": 1,
    "risk_budget_usd": 100,
    "expected_move_usd": 4.528039839710092,
    "qty": 22.084611341759416,
    "notional_usd": 49145.10646493064,
    "leverage": 1
  }
}