{
  "t": "2025-11-01T12:50:47.535Z",
  "spot": 3875.17,
  "sigma_d": 0.0029335154050912616,
  "ERI": 0.29335154050912615,
  "percentiles": {
    "p10": 0.08497790374072993,
    "p50": 0.21436687227789636,
    "p90": 0.2781459692665561
  },
  "ema": {
    "fast": 0.048971604603334266,
    "slow": 0.04073609893032516,
    "fast_period": 20,
    "slow_period": 100
  },
  "etv": {
    "horizon_days": 1,
    "risk_budget_usd": 100,
    "expected_move_usd": 11.367870892347504,
    "qty": 8.796722002474262,
    "notional_usd": 34088.79320232818,
    "leverage": 1
  }
}