{
  "t": "2025-12-28T23:28:34.665Z",
  "spot": 2940.7,
  "sigma_d": 0.0020939708207768706,
  "ERI": 0.20939708207768706,
  "percentiles": {
    "p10": 0.13647096419340068,
    "p50": 0.20412228905398372,
    "p90": 0.28582780467356655
  },
  "ema": {
    "fast": 0.03800498464611178,
    "slow": 0.03793887537010543,
    "fast_period": 20,
    "slow_period": 100
  },
  "etv": {
    "horizon_days": 1,
    "risk_budget_usd": 100,
    "expected_move_usd": 6.157739992658543,
    "qty": 16.23972433380156,
    "notional_usd": 47756.15734841025,
    "leverage": 1
  }
}