{
  "t": "2025-10-03T03:02:22.790Z",
  "spot": 4512.16,
  "sigma_d": 0.0008513771075816469,
  "ERI": 0.08513771075816469,
  "percentiles": {
    "p10": 0.07088027110115395,
    "p50": 0.18483271202268176,
    "p90": 0.2676809576473457
  },
  "ema": {
    "fast": 0.038880392529658636,
    "slow": 0.035200961865124454,
    "fast_period": 20,
    "slow_period": 100
  },
  "etv": {
    "horizon_days": 1,
    "risk_budget_usd": 100,
    "expected_move_usd": 3.8415497297456036,
    "qty": 26.03116112898068,
    "notional_usd": 117456.76399974147,
    "leverage": 1
  }
}