{
  "t": "2025-09-16T06:39:22.420Z",
  "spot": 4500.28,
  "sigma_d": 0.0007547119004639427,
  "ERI": 0.07547119004639427,
  "percentiles": {
    "p10": 0.07750861984066773,
    "p50": 0.1877104820061697,
    "p90": 0.3255508656102769
  },
  "ema": {
    "fast": 0.030720945376529852,
    "slow": 0.0328874543464175,
    "fast_period": 20,
    "slow_period": 100
  },
  "etv": {
    "horizon_days": 1,
    "risk_budget_usd": 100,
    "expected_move_usd": 3.396414871419872,
    "qty": 29.44281066529278,
    "notional_usd": 132500.89198080378,
    "leverage": 1
  }
}