{
  "t": "2026-01-28T11:32:37.279Z",
  "spot": 3016.84,
  "sigma_d": 0.001545839178129289,
  "ERI": 0.15458391781292888,
  "percentiles": {
    "p10": 0.0724689719238195,
    "p50": 0.1785021852120316,
    "p90": 0.27475522187325496
  },
  "ema": {
    "fast": 0.026051803118427974,
    "slow": 0.032104358617287596,
    "fast_period": 20,
    "slow_period": 100
  },
  "etv": {
    "horizon_days": 1,
    "risk_budget_usd": 100,
    "expected_move_usd": 4.663549466147564,
    "qty": 21.44289467194338,
    "notional_usd": 64689.782362105674,
    "leverage": 1
  }
}