{
  "t": "2026-05-18T19:57:55.890Z",
  "spot": 2123.31,
  "sigma_d": 0.0014489608544060006,
  "ERI": 0.14489608544060006,
  "percentiles": {
    "p10": 0.08757957974507885,
    "p50": 0.22985118602955712,
    "p90": 0.29686709819303464
  },
  "ema": {
    "fast": 0.0416491012093692,
    "slow": 0.04420754383079683,
    "fast_period": 20,
    "slow_period": 100
  },
  "etv": {
    "horizon_days": 1,
    "risk_budget_usd": 100,
    "expected_move_usd": 3.076593071768805,
    "qty": 32.50348605332706,
    "notional_usd": 69014.97697188988,
    "leverage": 1
  }
}