{
  "t": "2025-12-18T18:45:51.255Z",
  "spot": 2844.46,
  "sigma_d": 0.0027185335146456243,
  "ERI": 0.2718533514645624,
  "percentiles": {
    "p10": 0.07939482920405169,
    "p50": 0.204165355129096,
    "p90": 0.2840410459705529
  },
  "ema": {
    "fast": 0.033300287157098964,
    "slow": 0.03510450214228602,
    "fast_period": 20,
    "slow_period": 100
  },
  "etv": {
    "horizon_days": 1,
    "risk_budget_usd": 100,
    "expected_move_usd": 7.7327598410688925,
    "qty": 12.931993499771886,
    "notional_usd": 36784.53823036114,
    "leverage": 1
  }
}