{
  "t": "2025-10-05T07:22:02.091Z",
  "spot": 4577.49,
  "sigma_d": 0.002543713362447562,
  "ERI": 0.2543713362447562,
  "percentiles": {
    "p10": 0.07133249581256872,
    "p50": 0.1893501764768643,
    "p90": 0.2735178875000177
  },
  "ema": {
    "fast": 0.042767657797044,
    "slow": 0.03755323144366628,
    "fast_period": 20,
    "slow_period": 100
  },
  "etv": {
    "horizon_days": 1,
    "risk_budget_usd": 100,
    "expected_move_usd": 11.64382247947009,
    "qty": 8.588244983665449,
    "notional_usd": 39312.60553027876,
    "leverage": 1
  }
}