{
  "t": "2026-05-25T19:55:17.994Z",
  "spot": 2118.78,
  "sigma_d": 0.0013003057474348697,
  "ERI": 0.13003057474348698,
  "percentiles": {
    "p10": 0.09684705337017646,
    "p50": 0.21642235564517087,
    "p90": 0.30305009789233384
  },
  "ema": {
    "fast": 0.037318454678250616,
    "slow": 0.039156892174609534,
    "fast_period": 20,
    "slow_period": 100
  },
  "etv": {
    "horizon_days": 1,
    "risk_budget_usd": 100,
    "expected_move_usd": 2.7550618115500534,
    "qty": 36.29682629288741,
    "notional_usd": 76904.98961284399,
    "leverage": 1
  }
}