{
  "t": "2025-11-05T19:24:11.314Z",
  "spot": 3455.49,
  "sigma_d": 0.002569024427487087,
  "ERI": 0.2569024427487087,
  "percentiles": {
    "p10": 0.07598662349024785,
    "p50": 0.21680191248930614,
    "p90": 0.2939978864147874
  },
  "ema": {
    "fast": 0.03473398893498131,
    "slow": 0.0383913054073427,
    "fast_period": 20,
    "slow_period": 100
  },
  "etv": {
    "horizon_days": 1,
    "risk_budget_usd": 100,
    "expected_move_usd": 8.877238218937354,
    "qty": 11.264764731296177,
    "notional_usd": 38925.28188134662,
    "leverage": 1
  }
}