{
  "t": "2026-05-07T06:47:57.067Z",
  "spot": 2334.57,
  "sigma_d": 0.0026240817877419384,
  "ERI": 0.26240817877419387,
  "percentiles": {
    "p10": 0.08441840954145854,
    "p50": 0.19494662549557154,
    "p90": 0.26262576975614615
  },
  "ema": {
    "fast": 0.04052640763489257,
    "slow": 0.03779971263718436,
    "fast_period": 20,
    "slow_period": 100
  },
  "etv": {
    "horizon_days": 1,
    "risk_budget_usd": 100,
    "expected_move_usd": 6.126102619208698,
    "qty": 16.323592047975993,
    "notional_usd": 38108.56828744332,
    "leverage": 1
  }
}