{
  "t": "2026-03-11T17:08:53.901Z",
  "spot": 2074.74,
  "sigma_d": 0.0021164134755787727,
  "ERI": 0.21164134755787728,
  "percentiles": {
    "p10": 0.10260114782431864,
    "p50": 0.2669561811382245,
    "p90": 0.36057735857294637
  },
  "ema": {
    "fast": 0.04655107351559597,
    "slow": 0.05161518824817531,
    "fast_period": 20,
    "slow_period": 100
  },
  "etv": {
    "horizon_days": 1,
    "risk_budget_usd": 100,
    "expected_move_usd": 4.391007694322302,
    "qty": 22.77381570733817,
    "notional_usd": 47249.74640064279,
    "leverage": 1
  }
}