{
  "t": "2025-10-08T09:29:50.811Z",
  "spot": 4474.26,
  "sigma_d": 0.002659362163757571,
  "ERI": 0.2659362163757571,
  "percentiles": {
    "p10": 0.07088027110115395,
    "p50": 0.20531689212263965,
    "p90": 0.2767997753290411
  },
  "ema": {
    "fast": 0.042016554773733415,
    "slow": 0.03905180359181792,
    "fast_period": 20,
    "slow_period": 100
  },
  "etv": {
    "horizon_days": 1,
    "risk_budget_usd": 100,
    "expected_move_usd": 11.898677754813951,
    "qty": 8.404295171330457,
    "notional_usd": 37603.00171327701,
    "leverage": 1
  }
}