{
  "t": "2025-10-30T04:32:33.344Z",
  "spot": 3851.5,
  "sigma_d": 0.002365186165145007,
  "ERI": 0.2365186165145007,
  "percentiles": {
    "p10": 0.08256068332481364,
    "p50": 0.2077191332031465,
    "p90": 0.2756831503724505
  },
  "ema": {
    "fast": 0.035702732365925596,
    "slow": 0.03542233266748941,
    "fast_period": 20,
    "slow_period": 100
  },
  "etv": {
    "horizon_days": 1,
    "risk_budget_usd": 100,
    "expected_move_usd": 9.109514515055995,
    "qty": 10.977533416816264,
    "notional_usd": 42279.96995486784,
    "leverage": 1
  }
}