{
  "t": "2025-11-21T09:30:31.308Z",
  "spot": 2712.15,
  "sigma_d": 0.0012413561181729303,
  "ERI": 0.12413561181729303,
  "percentiles": {
    "p10": 0.08416797247765259,
    "p50": 0.20239917850757505,
    "p90": 0.29085513465767265
  },
  "ema": {
    "fast": 0.038141860044148726,
    "slow": 0.03758848463865925,
    "fast_period": 20,
    "slow_period": 100
  },
  "etv": {
    "horizon_days": 1,
    "risk_budget_usd": 100,
    "expected_move_usd": 3.3667439959027132,
    "qty": 29.702288062798594,
    "notional_usd": 80557.0605695192,
    "leverage": 1
  }
}