{
  "t": "2026-03-20T11:40:22.787Z",
  "spot": 2138.43,
  "sigma_d": 0.0027815855230578475,
  "ERI": 0.27815855230578473,
  "percentiles": {
    "p10": 0.10328440700270723,
    "p50": 0.24945385163595474,
    "p90": 0.3548847506364679
  },
  "ema": {
    "fast": 0.04403470069140446,
    "slow": 0.042499770630014,
    "fast_period": 20,
    "slow_period": 100
  },
  "etv": {
    "horizon_days": 1,
    "risk_budget_usd": 100,
    "expected_move_usd": 5.948225930072592,
    "qty": 16.81173532673457,
    "notional_usd": 35950.71917474901,
    "leverage": 1
  }
}