{
  "t": "2025-10-07T22:25:51.065Z",
  "spot": 4502.29,
  "sigma_d": 0.0007036328327197741,
  "ERI": 0.07036328327197741,
  "percentiles": {
    "p10": 0.07088027110115395,
    "p50": 0.1947273615467805,
    "p90": 0.2765686978721385
  },
  "ema": {
    "fast": 0.03502642023002808,
    "slow": 0.037440256168510086,
    "fast_period": 20,
    "slow_period": 100
  },
  "etv": {
    "horizon_days": 1,
    "risk_budget_usd": 100,
    "expected_move_usd": 3.167959066425912,
    "qty": 31.56606442924147,
    "notional_usd": 142119.57621912958,
    "leverage": 1
  }
}