{
  "t": "2026-03-12T08:57:41.528Z",
  "spot": 2047.28,
  "sigma_d": 0.0033428294988235205,
  "ERI": 0.3342829498823521,
  "percentiles": {
    "p10": 0.10503062610363459,
    "p50": 0.26582232303826625,
    "p90": 0.36057735857294637
  },
  "ema": {
    "fast": 0.04299135694074198,
    "slow": 0.049420767963898035,
    "fast_period": 20,
    "slow_period": 100
  },
  "etv": {
    "horizon_days": 1,
    "risk_budget_usd": 100,
    "expected_move_usd": 6.843707976351417,
    "qty": 14.611961870020199,
    "notional_usd": 29914.777297254954,
    "leverage": 1
  }
}