{
  "t": "2026-04-21T21:56:04.919Z",
  "spot": 2312.28,
  "sigma_d": 0.001673171974194868,
  "ERI": 0.1673171974194868,
  "percentiles": {
    "p10": 0.08911239966374813,
    "p50": 0.2245643733493814,
    "p90": 0.34035603190096625
  },
  "ema": {
    "fast": 0.03218796093103064,
    "slow": 0.036042190097520715,
    "fast_period": 20,
    "slow_period": 100
  },
  "etv": {
    "horizon_days": 1,
    "risk_budget_usd": 100,
    "expected_move_usd": 3.8688420924913096,
    "qty": 25.847526885132137,
    "notional_usd": 59766.71946595334,
    "leverage": 1
  }
}