{
  "t": "2025-10-30T02:08:15.063Z",
  "spot": 3926.2,
  "sigma_d": 0.0016685460279490705,
  "ERI": 0.16685460279490705,
  "percentiles": {
    "p10": 0.08256068332481364,
    "p50": 0.2077191332031465,
    "p90": 0.2756831503724505
  },
  "ema": {
    "fast": 0.034543249752289805,
    "slow": 0.03520465950117548,
    "fast_period": 20,
    "slow_period": 100
  },
  "etv": {
    "horizon_days": 1,
    "risk_budget_usd": 100,
    "expected_move_usd": 6.551045414933641,
    "qty": 15.264739238723925,
    "notional_usd": 59932.41919907787,
    "leverage": 1
  }
}