{
  "t": "2026-03-11T05:59:19.715Z",
  "spot": 2017.09,
  "sigma_d": 0.002523687717951337,
  "ERI": 0.2523687717951337,
  "percentiles": {
    "p10": 0.10503062610363459,
    "p50": 0.27145966634556007,
    "p90": 0.3662615116521116
  },
  "ema": {
    "fast": 0.0581665234520359,
    "slow": 0.05397226528030994,
    "fast_period": 20,
    "slow_period": 100
  },
  "etv": {
    "horizon_days": 1,
    "risk_budget_usd": 100,
    "expected_move_usd": 5.090505259002462,
    "qty": 19.644415418911883,
    "notional_usd": 39624.55389733297,
    "leverage": 1
  }
}