{
  "t": "2026-04-18T19:05:00.331Z",
  "spot": 2353.21,
  "sigma_d": 0.0008436406003490912,
  "ERI": 0.08436406003490912,
  "percentiles": {
    "p10": 0.08783948961407936,
    "p50": 0.2215084765672471,
    "p90": 0.3435444668790787
  },
  "ema": {
    "fast": 0.033642451435771145,
    "slow": 0.04020426656256393,
    "fast_period": 20,
    "slow_period": 100
  },
  "etv": {
    "horizon_days": 1,
    "risk_budget_usd": 100,
    "expected_move_usd": 1.985263497147485,
    "qty": 50.37114727777167,
    "notional_usd": 118533.88748552508,
    "leverage": 1
  }
}