{
  "t": "2026-01-25T09:32:39.932Z",
  "spot": 2930.49,
  "sigma_d": 0.0017366439237717474,
  "ERI": 0.17366439237717474,
  "percentiles": {
    "p10": 0.07369711042141398,
    "p50": 0.19283858650001298,
    "p90": 0.266102992046162
  },
  "ema": {
    "fast": 0.041118463677625915,
    "slow": 0.03926675824338177,
    "fast_period": 20,
    "slow_period": 100
  },
  "etv": {
    "horizon_days": 1,
    "risk_budget_usd": 100,
    "expected_move_usd": 5.0892176521738675,
    "qty": 19.649385590196726,
    "notional_usd": 57582.3279782156,
    "leverage": 1
  }
}