{
  "t": "2026-03-09T11:00:32.093Z",
  "spot": 1994.61,
  "sigma_d": 0.004116498341138124,
  "ERI": 0.41164983411381245,
  "percentiles": {
    "p10": 0.10375851823383263,
    "p50": 0.2688025630510842,
    "p90": 0.35493790959441
  },
  "ema": {
    "fast": 0.052517572549368244,
    "slow": 0.052115592262594074,
    "fast_period": 20,
    "slow_period": 100
  },
  "etv": {
    "horizon_days": 1,
    "risk_budget_usd": 100,
    "expected_move_usd": 8.210808756217514,
    "qty": 12.179068222028247,
    "notional_usd": 24292.491266339763,
    "leverage": 1
  }
}