{
  "t": "2025-09-07T11:20:02.183Z",
  "spot": 4306.06,
  "sigma_d": 0.000787063001383228,
  "ERI": 0.0787063001383228,
  "percentiles": {
    "p10": 0.0761573636491184,
    "p50": 0.21617822315836188,
    "p90": 0.3099820602497833
  },
  "ema": {
    "fast": 0.03889831940362679,
    "slow": 0.03926757032044638,
    "fast_period": 20,
    "slow_period": 100
  },
  "etv": {
    "horizon_days": 1,
    "risk_budget_usd": 100,
    "expected_move_usd": 3.389140507736263,
    "qty": 29.506005953938402,
    "notional_usd": 127054.631998016,
    "leverage": 1
  }
}