{
  "t": "2025-09-22T14:30:22.652Z",
  "spot": 4210.74,
  "sigma_d": 0.0008265740087576773,
  "ERI": 0.08265740087576773,
  "percentiles": {
    "p10": 0.07989218135523876,
    "p50": 0.17403611554042098,
    "p90": 0.23033419995358273
  },
  "ema": {
    "fast": 0.03548169107960597,
    "slow": 0.033151453558368155,
    "fast_period": 20,
    "slow_period": 100
  },
  "etv": {
    "horizon_days": 1,
    "risk_budget_usd": 100,
    "expected_move_usd": 3.480488241636302,
    "qty": 28.73160115978051,
    "notional_usd": 120981.30226753418,
    "leverage": 1
  }
}