{
  "t": "2026-01-15T06:49:27.076Z",
  "spot": 3311.58,
  "sigma_d": 0.0008699500783141001,
  "ERI": 0.08699500783141001,
  "percentiles": {
    "p10": 0.07711089933097036,
    "p50": 0.2022854983130974,
    "p90": 0.28340210698723933
  },
  "ema": {
    "fast": 0.033849074656556496,
    "slow": 0.03518923293847395,
    "fast_period": 20,
    "slow_period": 100
  },
  "etv": {
    "horizon_days": 1,
    "risk_budget_usd": 100,
    "expected_move_usd": 2.8809092803434075,
    "qty": 34.71126310096092,
    "notional_usd": 114949.12465988017,
    "leverage": 1
  }
}