{
  "t": "2025-12-16T04:02:23.163Z",
  "spot": 2937.46,
  "sigma_d": 0.0026250173231955965,
  "ERI": 0.26250173231955964,
  "percentiles": {
    "p10": 0.08423522182925255,
    "p50": 0.2200278335477961,
    "p90": 0.2990403713808888
  },
  "ema": {
    "fast": 0.039731593845444474,
    "slow": 0.036969299362709686,
    "fast_period": 20,
    "slow_period": 100
  },
  "etv": {
    "horizon_days": 1,
    "risk_budget_usd": 100,
    "expected_move_usd": 7.710883386194137,
    "qty": 12.968682703598379,
    "notional_usd": 38094.986694512096,
    "leverage": 1
  }
}