{
  "t": "2025-12-23T19:25:49.931Z",
  "spot": 2943.58,
  "sigma_d": 0.002113758463019598,
  "ERI": 0.21137584630195977,
  "percentiles": {
    "p10": 0.08291299551388288,
    "p50": 0.22128323118443421,
    "p90": 0.29211438569505715
  },
  "ema": {
    "fast": 0.04294878773780493,
    "slow": 0.0425513581030381,
    "fast_period": 20,
    "slow_period": 100
  },
  "etv": {
    "horizon_days": 1,
    "risk_budget_usd": 100,
    "expected_move_usd": 6.222017136575228,
    "qty": 16.071958306280525,
    "notional_usd": 47309.09503120123,
    "leverage": 1
  }
}