{
  "t": "2025-09-08T09:31:25.247Z",
  "spot": 4319.92,
  "sigma_d": 0.0017568727983584814,
  "ERI": 0.17568727983584814,
  "percentiles": {
    "p10": 0.07348598446755744,
    "p50": 0.20988591182947947,
    "p90": 0.3157032752566567
  },
  "ema": {
    "fast": 0.031699278465683926,
    "slow": 0.03785885820349617,
    "fast_period": 20,
    "slow_period": 100
  },
  "etv": {
    "horizon_days": 1,
    "risk_budget_usd": 100,
    "expected_move_usd": 7.589549939084771,
    "qty": 13.17601185875576,
    "notional_usd": 56919.31714887619,
    "leverage": 1
  }
}