{
  "t": "2026-01-14T15:35:16.597Z",
  "spot": 3349.57,
  "sigma_d": 0.0018570917590928645,
  "ERI": 0.18570917590928646,
  "percentiles": {
    "p10": 0.07745706354625648,
    "p50": 0.19876797553220887,
    "p90": 0.28436606991250957
  },
  "ema": {
    "fast": 0.03464076942364444,
    "slow": 0.035175723213217235,
    "fast_period": 20,
    "slow_period": 100
  },
  "etv": {
    "horizon_days": 1,
    "risk_budget_usd": 100,
    "expected_move_usd": 6.220458843504686,
    "qty": 16.075984507866096,
    "notional_usd": 53847.63542801304,
    "leverage": 1
  }
}