{
  "t": "2026-03-24T17:12:08.279Z",
  "spot": 2116.15,
  "sigma_d": 0.001939311444012023,
  "ERI": 0.19393114440120232,
  "percentiles": {
    "p10": 0.09574480377442898,
    "p50": 0.22133319583516003,
    "p90": 0.3016277959305298
  },
  "ema": {
    "fast": 0.040376330382755614,
    "slow": 0.03834745150830975,
    "fast_period": 20,
    "slow_period": 100
  },
  "etv": {
    "horizon_days": 1,
    "risk_budget_usd": 100,
    "expected_move_usd": 4.103873912246043,
    "qty": 24.367220372340867,
    "notional_usd": 51564.693390929126,
    "leverage": 1
  }
}