{
  "t": "2026-01-24T12:59:18.555Z",
  "spot": 2957.8,
  "sigma_d": 0.0024383872211443287,
  "ERI": 0.24383872211443286,
  "percentiles": {
    "p10": 0.07238013487319127,
    "p50": 0.18067060265246515,
    "p90": 0.2677988259912101
  },
  "ema": {
    "fast": 0.04427279371529746,
    "slow": 0.03806259886450433,
    "fast_period": 20,
    "slow_period": 100
  },
  "etv": {
    "horizon_days": 1,
    "risk_budget_usd": 100,
    "expected_move_usd": 7.2122617227006955,
    "qty": 13.865276087423254,
    "notional_usd": 41010.7136113805,
    "leverage": 1
  }
}