{
  "t": "2026-03-05T21:47:52.149Z",
  "spot": 2081.87,
  "sigma_d": 0.003077073929896964,
  "ERI": 0.3077073929896964,
  "percentiles": {
    "p10": 0.11015841647567107,
    "p50": 0.28099829512656094,
    "p90": 0.36564512992137516
  },
  "ema": {
    "fast": 0.050747755048408345,
    "slow": 0.047481111869321316,
    "fast_period": 20,
    "slow_period": 100
  },
  "etv": {
    "horizon_days": 1,
    "risk_budget_usd": 100,
    "expected_move_usd": 6.406067902434592,
    "qty": 15.610199817269425,
    "notional_usd": 32498.406693578698,
    "leverage": 1
  }
}