{
  "t": "2026-03-31T21:52:16.292Z",
  "spot": 2101.07,
  "sigma_d": 0.0009233744596889534,
  "ERI": 0.09233744596889534,
  "percentiles": {
    "p10": 0.09326210169284976,
    "p50": 0.22133319583516003,
    "p90": 0.31247220695920136
  },
  "ema": {
    "fast": 0.06546437253565744,
    "slow": 0.052146854067240386,
    "fast_period": 20,
    "slow_period": 100
  },
  "etv": {
    "horizon_days": 1,
    "risk_budget_usd": 100,
    "expected_move_usd": 1.9400743760186694,
    "qty": 51.54441563483528,
    "notional_usd": 108298.42535788337,
    "leverage": 1
  }
}