{
  "t": "2026-03-14T23:38:08.327Z",
  "spot": 2097.05,
  "sigma_d": 0.000890172414717437,
  "ERI": 0.0890172414717437,
  "percentiles": {
    "p10": 0.10852024376886579,
    "p50": 0.27212708713464195,
    "p90": 0.36057735857294637
  },
  "ema": {
    "fast": 0.04710320099525208,
    "slow": 0.04648658334465158,
    "fast_period": 20,
    "slow_period": 100
  },
  "etv": {
    "horizon_days": 1,
    "risk_budget_usd": 100,
    "expected_move_usd": 1.8667360622832014,
    "qty": 53.56943706208267,
    "notional_usd": 112337.78799104047,
    "leverage": 1
  }
}