{
  "t": "2026-02-18T14:58:52.993Z",
  "spot": 1970.74,
  "sigma_d": 0.0033830644947585907,
  "ERI": 0.3383064494758591,
  "percentiles": {
    "p10": 0.09801038082152105,
    "p50": 0.2888355629955974,
    "p90": 0.3860526086309107
  },
  "ema": {
    "fast": 0.058169038295604165,
    "slow": 0.05594810605969804,
    "fast_period": 20,
    "slow_period": 100
  },
  "etv": {
    "horizon_days": 1,
    "risk_budget_usd": 100,
    "expected_move_usd": 6.667140522400545,
    "qty": 14.998933900375388,
    "notional_usd": 29558.99899482579,
    "leverage": 1
  }
}