{
  "t": "2025-11-15T02:03:32.335Z",
  "spot": 3167.31,
  "sigma_d": 0.0018746033857727446,
  "ERI": 0.18746033857727445,
  "percentiles": {
    "p10": 0.07647166308888562,
    "p50": 0.19376322097526721,
    "p90": 0.28431946478988
  },
  "ema": {
    "fast": 0.034857708613833645,
    "slow": 0.03462662365703684,
    "fast_period": 20,
    "slow_period": 100
  },
  "etv": {
    "horizon_days": 1,
    "risk_budget_usd": 100,
    "expected_move_usd": 5.937450049791871,
    "qty": 16.842246951366835,
    "notional_usd": 53344.61719153369,
    "leverage": 1
  }
}