{
  "t": "2025-09-13T08:30:14.811Z",
  "spot": 4720.09,
  "sigma_d": 0.0018015227598439441,
  "ERI": 0.1801522759843944,
  "percentiles": {
    "p10": 0.07596701395528663,
    "p50": 0.19532699691176614,
    "p90": 0.32605710988921516
  },
  "ema": {
    "fast": 0.03350317301384233,
    "slow": 0.03514820903744808,
    "fast_period": 20,
    "slow_period": 100
  },
  "etv": {
    "horizon_days": 1,
    "risk_budget_usd": 100,
    "expected_move_usd": 8.503349563511803,
    "qty": 11.760071634489051,
    "notional_usd": 55508.59652123543,
    "leverage": 1
  }
}