{
  "t": "2026-03-03T04:55:38.523Z",
  "spot": 2000.84,
  "sigma_d": 0.0008512949475901321,
  "ERI": 0.08512949475901321,
  "percentiles": {
    "p10": 0.11015841647567107,
    "p50": 0.2872211863653762,
    "p90": 0.3780455967606457
  },
  "ema": {
    "fast": 0.044804133650327024,
    "slow": 0.044816308537505865,
    "fast_period": 20,
    "slow_period": 100
  },
  "etv": {
    "horizon_days": 1,
    "risk_budget_usd": 100,
    "expected_move_usd": 1.7033049829362397,
    "qty": 58.70939203595539,
    "notional_usd": 117468.09996122097,
    "leverage": 1
  }
}