{
  "t": "2025-11-09T14:24:45.838Z",
  "spot": 3484.32,
  "sigma_d": 0.002603244574119647,
  "ERI": 0.2603244574119647,
  "percentiles": {
    "p10": 0.07605088653337518,
    "p50": 0.20914798084979508,
    "p90": 0.29432453832389915
  },
  "ema": {
    "fast": 0.03357112115995942,
    "slow": 0.03422702259054162,
    "fast_period": 20,
    "slow_period": 100
  },
  "etv": {
    "horizon_days": 1,
    "risk_budget_usd": 100,
    "expected_move_usd": 9.070537134496568,
    "qty": 11.024705430032968,
    "notional_usd": 38413.60162397247,
    "leverage": 1
  }
}