{
  "t": "2025-12-30T09:35:22.507Z",
  "spot": 2972.95,
  "sigma_d": 0.002950095216111466,
  "ERI": 0.29500952161114663,
  "percentiles": {
    "p10": 0.14437116924822657,
    "p50": 0.20731458101275585,
    "p90": 0.2887329018255286
  },
  "ema": {
    "fast": 0.042253397438699096,
    "slow": 0.038644433619994985,
    "fast_period": 20,
    "slow_period": 100
  },
  "etv": {
    "horizon_days": 1,
    "risk_budget_usd": 100,
    "expected_move_usd": 8.770485572738583,
    "qty": 11.401877258749657,
    "notional_usd": 33897.210996399794,
    "leverage": 1
  }
}