{
  "t": "2025-09-05T13:33:12.355Z",
  "spot": 4463.63,
  "sigma_d": 0.0025782409765573453,
  "ERI": 0.25782409765573455,
  "percentiles": {
    "p10": 0.08190779024850545,
    "p50": 0.2247470898727552,
    "p90": 0.30051635884830136
  },
  "ema": {
    "fast": 0.03920508731471145,
    "slow": 0.040604020259897004,
    "fast_period": 20,
    "slow_period": 100
  },
  "etv": {
    "horizon_days": 1,
    "risk_budget_usd": 100,
    "expected_move_usd": 11.508313770190663,
    "qty": 8.689370310620516,
    "notional_usd": 38786.133999595055,
    "leverage": 1
  }
}