{
  "t": "2025-10-24T01:57:35.378Z",
  "spot": 3880.47,
  "sigma_d": 0.0027860527013945993,
  "ERI": 0.2786052701394599,
  "percentiles": {
    "p10": 0.08166357686791983,
    "p50": 0.21587204028235252,
    "p90": 0.2728324554907751
  },
  "ema": {
    "fast": 0.04344872074819089,
    "slow": 0.03995150663704525,
    "fast_period": 20,
    "slow_period": 100
  },
  "etv": {
    "horizon_days": 1,
    "risk_budget_usd": 100,
    "expected_move_usd": 10.8111939261807,
    "qty": 9.249672208527969,
    "notional_usd": 35893.075515026525,
    "leverage": 1
  }
}