{
  "t": "2026-03-14T08:49:53.816Z",
  "spot": 2074.03,
  "sigma_d": 0.002726872321905389,
  "ERI": 0.2726872321905389,
  "percentiles": {
    "p10": 0.10503062610363459,
    "p50": 0.2704593580847476,
    "p90": 0.36057735857294637
  },
  "ema": {
    "fast": 0.04703549583615869,
    "slow": 0.04576868643205149,
    "fast_period": 20,
    "slow_period": 100
  },
  "etv": {
    "horizon_days": 1,
    "risk_budget_usd": 100,
    "expected_move_usd": 5.655615001801435,
    "qty": 17.681543027265445,
    "notional_usd": 36672.050684839356,
    "leverage": 1
  }
}