{
  "t": "2025-10-15T11:23:46.797Z",
  "spot": 4103.39,
  "sigma_d": 0.0007608444031059625,
  "ERI": 0.07608444031059625,
  "percentiles": {
    "p10": 0.0779655118371052,
    "p50": 0.21724444521792435,
    "p90": 0.2761862975375825
  },
  "ema": {
    "fast": 0.03329546653644625,
    "slow": 0.03606550344118422,
    "fast_period": 20,
    "slow_period": 100
  },
  "etv": {
    "horizon_days": 1,
    "risk_budget_usd": 100,
    "expected_move_usd": 3.1220413152609754,
    "qty": 32.03032564341349,
    "notional_usd": 131432.91794192648,
    "leverage": 1
  }
}