{
  "t": "2026-03-10T22:41:19.161Z",
  "spot": 2025.51,
  "sigma_d": 0.003067596483776387,
  "ERI": 0.3067596483776387,
  "percentiles": {
    "p10": 0.10260114782431864,
    "p50": 0.2704593580847476,
    "p90": 0.3662615116521116
  },
  "ema": {
    "fast": 0.05761025544677795,
    "slow": 0.05349151177977406,
    "fast_period": 20,
    "slow_period": 100
  },
  "etv": {
    "horizon_days": 1,
    "risk_budget_usd": 100,
    "expected_move_usd": 6.21344735385391,
    "qty": 16.09412525849675,
    "notional_usd": 32598.81165233775,
    "leverage": 1
  }
}