{
  "t": "2025-12-13T13:33:50.966Z",
  "spot": 3102.25,
  "sigma_d": 0.0007838746974535594,
  "ERI": 0.07838746974535593,
  "percentiles": {
    "p10": 0.08418805675846316,
    "p50": 0.22255330682723737,
    "p90": 0.33421771750952345
  },
  "ema": {
    "fast": 0.038118132683841885,
    "slow": 0.03920815558257622,
    "fast_period": 20,
    "slow_period": 100
  },
  "etv": {
    "horizon_days": 1,
    "risk_budget_usd": 100,
    "expected_move_usd": 2.4317752801753048,
    "qty": 41.12222079697721,
    "notional_usd": 127571.40946742255,
    "leverage": 1
  }
}