{
  "t": "2026-01-26T06:53:18.198Z",
  "spot": 2886.83,
  "sigma_d": 0.0032826580681369613,
  "ERI": 0.3282658068136961,
  "percentiles": {
    "p10": 0.07343543011528292,
    "p50": 0.1936220675073308,
    "p90": 0.2700697762761284
  },
  "ema": {
    "fast": 0.04296732592181129,
    "slow": 0.03987061943040977,
    "fast_period": 20,
    "slow_period": 100
  },
  "etv": {
    "horizon_days": 1,
    "risk_budget_usd": 100,
    "expected_move_usd": 9.476475790839824,
    "qty": 10.552446099916411,
    "notional_usd": 30463.11797462169,
    "leverage": 1
  }
}