{
  "t": "2026-02-04T14:54:31.017Z",
  "spot": 2191.66,
  "sigma_d": 0.003319437764410546,
  "ERI": 0.3319437764410546,
  "percentiles": {
    "p10": 0.07716787856358145,
    "p50": 0.20045310034798108,
    "p90": 0.3178996556660396
  },
  "ema": {
    "fast": 0.05659926388408716,
    "slow": 0.04581810202497776,
    "fast_period": 20,
    "slow_period": 100
  },
  "etv": {
    "horizon_days": 1,
    "risk_budget_usd": 100,
    "expected_move_usd": 7.275078970748017,
    "qty": 13.745555258174482,
    "notional_usd": 30125.583637130683,
    "leverage": 1
  }
}