{
  "t": "2026-03-10T16:12:00.771Z",
  "spot": 2073.1,
  "sigma_d": 0.002817425372721345,
  "ERI": 0.2817425372721345,
  "percentiles": {
    "p10": 0.1024655879195603,
    "p50": 0.2680585904467716,
    "p90": 0.36057735857294637
  },
  "ema": {
    "fast": 0.04909262406187903,
    "slow": 0.05164979044930815,
    "fast_period": 20,
    "slow_period": 100
  },
  "etv": {
    "horizon_days": 1,
    "risk_budget_usd": 100,
    "expected_move_usd": 5.8408045401886195,
    "qty": 17.120929028173002,
    "notional_usd": 35493.39796830545,
    "leverage": 1
  }
}