{
  "t": "2025-10-17T01:59:51.023Z",
  "spot": 3911.19,
  "sigma_d": 0.0011419944976779075,
  "ERI": 0.11419944976779074,
  "percentiles": {
    "p10": 0.07730443595017843,
    "p50": 0.21174107651569068,
    "p90": 0.27569173721386064
  },
  "ema": {
    "fast": 0.029955979018127167,
    "slow": 0.032908856438496004,
    "fast_period": 20,
    "slow_period": 100
  },
  "etv": {
    "horizon_days": 1,
    "risk_budget_usd": 100,
    "expected_move_usd": 4.466557459372855,
    "qty": 22.38860708937144,
    "notional_usd": 87566.09616187868,
    "leverage": 1
  }
}