{
  "t": "2025-10-27T03:55:57.251Z",
  "spot": 4204.57,
  "sigma_d": 0.0007597773168698726,
  "ERI": 0.07597773168698725,
  "percentiles": {
    "p10": 0.08266583436772346,
    "p50": 0.21380800729477484,
    "p90": 0.270154701258962
  },
  "ema": {
    "fast": 0.03921375431616138,
    "slow": 0.03965677186883857,
    "fast_period": 20,
    "slow_period": 100
  },
  "etv": {
    "horizon_days": 1,
    "risk_budget_usd": 100,
    "expected_move_usd": 3.19453691319156,
    "qty": 31.303441693554635,
    "notional_usd": 131617.511841469,
    "leverage": 1
  }
}