{
  "t": "2025-11-15T04:31:44.254Z",
  "spot": 3170.62,
  "sigma_d": 0.002020252120695613,
  "ERI": 0.20202521206956128,
  "percentiles": {
    "p10": 0.07647166308888562,
    "p50": 0.19506433945110824,
    "p90": 0.28431946478988
  },
  "ema": {
    "fast": 0.03636680417270176,
    "slow": 0.03496944515239983,
    "fast_period": 20,
    "slow_period": 100
  },
  "etv": {
    "horizon_days": 1,
    "risk_budget_usd": 100,
    "expected_move_usd": 6.405451778919924,
    "qty": 15.611701321223874,
    "notional_usd": 49498.77244309884,
    "leverage": 1
  }
}