{
  "t": "2025-10-01T23:23:56.296Z",
  "spot": 4332.33,
  "sigma_d": 0.0018585483256111928,
  "ERI": 0.1858548325611193,
  "percentiles": {
    "p10": 0.07090048133551577,
    "p50": 0.19153324261213445,
    "p90": 0.2656173384163754
  },
  "ema": {
    "fast": 0.031376261503819676,
    "slow": 0.0321830250121269,
    "fast_period": 20,
    "slow_period": 100
  },
  "etv": {
    "horizon_days": 1,
    "risk_budget_usd": 100,
    "expected_move_usd": 8.05184466749514,
    "qty": 12.419514301324588,
    "notional_usd": 53805.43439305755,
    "leverage": 1
  }
}