{
  "t": "2025-10-04T10:26:44.925Z",
  "spot": 4501.2,
  "sigma_d": 0.0006926155211757021,
  "ERI": 0.06926155211757021,
  "percentiles": {
    "p10": 0.07088027110115395,
    "p50": 0.18451679426011017,
    "p90": 0.2701622087100835
  },
  "ema": {
    "fast": 0.028633293192338156,
    "slow": 0.03457840603516746,
    "fast_period": 20,
    "slow_period": 100
  },
  "etv": {
    "horizon_days": 1,
    "risk_budget_usd": 100,
    "expected_move_usd": 3.1176009839160703,
    "qty": 32.07594574030072,
    "notional_usd": 144380.2469662416,
    "leverage": 1
  }
}