{
  "t": "2026-01-06T04:07:01.637Z",
  "spot": 3225.06,
  "sigma_d": 0.0016153905241038317,
  "ERI": 0.16153905241038316,
  "percentiles": {
    "p10": 0.13300930458723387,
    "p50": 0.207840620297713,
    "p90": 0.3124313469826511
  },
  "ema": {
    "fast": 0.04088631829459001,
    "slow": 0.04066964960707075,
    "fast_period": 20,
    "slow_period": 100
  },
  "etv": {
    "horizon_days": 1,
    "risk_budget_usd": 100,
    "expected_move_usd": 5.209731363666303,
    "qty": 19.194847683974604,
    "notional_usd": 61904.53547167913,
    "leverage": 1
  }
}