{
  "t": "2025-10-15T19:22:32.700Z",
  "spot": 4003.49,
  "sigma_d": 0.0007126442163152744,
  "ERI": 0.07126442163152744,
  "percentiles": {
    "p10": 0.07894408447529352,
    "p50": 0.2182663582731273,
    "p90": 0.27569173721386064
  },
  "ema": {
    "fast": 0.03145348271838714,
    "slow": 0.03523206069393562,
    "fast_period": 20,
    "slow_period": 100
  },
  "etv": {
    "horizon_days": 1,
    "risk_budget_usd": 100,
    "expected_move_usd": 2.853063993576038,
    "qty": 35.05003751235868,
    "notional_usd": 140322.47468035284,
    "leverage": 1
  }
}