{
  "t": "2026-04-26T23:52:39.093Z",
  "spot": 2373.74,
  "sigma_d": 0.0021944816392297983,
  "ERI": 0.21944816392297983,
  "percentiles": {
    "p10": 0.08565908225879268,
    "p50": 0.2080853158620277,
    "p90": 0.31523751139492406
  },
  "ema": {
    "fast": 0.03613400655545669,
    "slow": 0.035818415054067736,
    "fast_period": 20,
    "slow_period": 100
  },
  "etv": {
    "horizon_days": 1,
    "risk_budget_usd": 100,
    "expected_move_usd": 5.209128846305341,
    "qty": 19.19706786882928,
    "notional_usd": 45568.84788295481,
    "leverage": 1
  }
}