{
  "t": "2025-12-24T09:34:07.613Z",
  "spot": 2920.74,
  "sigma_d": 0.0014434569046798873,
  "ERI": 0.14434569046798873,
  "percentiles": {
    "p10": 0.08305265429854167,
    "p50": 0.2166395444753222,
    "p90": 0.28913979996754835
  },
  "ema": {
    "fast": 0.03918617009155929,
    "slow": 0.04190168882196883,
    "fast_period": 20,
    "slow_period": 100
  },
  "etv": {
    "horizon_days": 1,
    "risk_budget_usd": 100,
    "expected_move_usd": 4.215962319774734,
    "qty": 23.719377075775945,
    "notional_usd": 69278.13340030183,
    "leverage": 1
  }
}