{
  "t": "2025-10-08T17:25:26.270Z",
  "spot": 4540.59,
  "sigma_d": 0.0021461083013146567,
  "ERI": 0.21461083013146567,
  "percentiles": {
    "p10": 0.07088027110115395,
    "p50": 0.20820912973135758,
    "p90": 0.2772309688934991
  },
  "ema": {
    "fast": 0.0438200618139866,
    "slow": 0.03995855447550311,
    "fast_period": 20,
    "slow_period": 100
  },
  "etv": {
    "horizon_days": 1,
    "risk_budget_usd": 100,
    "expected_move_usd": 9.744597891866317,
    "qty": 10.262096097722887,
    "notional_usd": 46595.97092035956,
    "leverage": 1
  }
}