{
  "t": "2026-02-27T14:52:59.804Z",
  "spot": 1947.71,
  "sigma_d": 0.0008218438641008114,
  "ERI": 0.08218438641008113,
  "percentiles": {
    "p10": 0.12189561318247943,
    "p50": 0.30538089816558867,
    "p90": 0.3823909153274117
  },
  "ema": {
    "fast": 0.042973532266554315,
    "slow": 0.05088233533828957,
    "fast_period": 20,
    "slow_period": 100
  },
  "etv": {
    "horizon_days": 1,
    "risk_budget_usd": 100,
    "expected_move_usd": 1.6007135125477914,
    "qty": 62.47214083976465,
    "notional_usd": 121677.61343501801,
    "leverage": 1
  }
}