{
  "t": "2025-09-16T11:22:31.933Z",
  "spot": 4496.95,
  "sigma_d": 0.002405515114931106,
  "ERI": 0.24055151149311058,
  "percentiles": {
    "p10": 0.07750861984066773,
    "p50": 0.1868707124396367,
    "p90": 0.32489068392658976
  },
  "ema": {
    "fast": 0.02860145350475961,
    "slow": 0.032086483036353836,
    "fast_period": 20,
    "slow_period": 100
  },
  "etv": {
    "horizon_days": 1,
    "risk_budget_usd": 100,
    "expected_move_usd": 10.817481196089435,
    "qty": 9.244296170919199,
    "notional_usd": 41571.13766581509,
    "leverage": 1
  }
}