{
  "t": "2026-03-15T08:51:34.470Z",
  "spot": 2111.62,
  "sigma_d": 0.0015639890943477813,
  "ERI": 0.15639890943477813,
  "percentiles": {
    "p10": 0.10852024376886579,
    "p50": 0.27212708713464195,
    "p90": 0.36057735857294637
  },
  "ema": {
    "fast": 0.040357770081962216,
    "slow": 0.04493391229747289,
    "fast_period": 20,
    "slow_period": 100
  },
  "etv": {
    "horizon_days": 1,
    "risk_budget_usd": 100,
    "expected_move_usd": 3.302550651406662,
    "qty": 30.27962643280181,
    "notional_usd": 63939.06476803295,
    "leverage": 1
  }
}