{
  "t": "2025-12-28T22:30:53.542Z",
  "spot": 2939.46,
  "sigma_d": 0.0020588811451120515,
  "ERI": 0.20588811451120514,
  "percentiles": {
    "p10": 0.13647096419340068,
    "p50": 0.20343285295822633,
    "p90": 0.28582780467356655
  },
  "ema": {
    "fast": 0.03779442972894276,
    "slow": 0.03789713029961832,
    "fast_period": 20,
    "slow_period": 100
  },
  "etv": {
    "horizon_days": 1,
    "risk_budget_usd": 100,
    "expected_move_usd": 6.051998770811071,
    "qty": 16.523466673903222,
    "notional_usd": 48570.069349271565,
    "leverage": 1
  }
}