{
  "t": "2025-10-12T14:24:26.558Z",
  "spot": 3830.12,
  "sigma_d": 0.0022728494626826318,
  "ERI": 0.22728494626826318,
  "percentiles": {
    "p10": 0.0735319391642849,
    "p50": 0.2182663582731273,
    "p90": 0.2765686978721385
  },
  "ema": {
    "fast": 0.03684798273151877,
    "slow": 0.03681434447723442,
    "fast_period": 20,
    "slow_period": 100
  },
  "etv": {
    "horizon_days": 1,
    "risk_budget_usd": 100,
    "expected_move_usd": 8.705286184010001,
    "qty": 11.48727312189707,
    "notional_usd": 43997.6345296404,
    "leverage": 1
  }
}