{
  "t": "2026-07-01T05:50:37.089Z",
  "spot": 1590.21,
  "sigma_d": 0.00322495103307148,
  "ERI": 0.322495103307148,
  "percentiles": {
    "p10": 0.08710514296383465,
    "p50": 0.22769650861101692,
    "p90": 0.37033670454895484
  },
  "ema": {
    "fast": 0.046606554015450746,
    "slow": 0.04410937286633286,
    "fast_period": 20,
    "slow_period": 100
  },
  "etv": {
    "horizon_days": 1,
    "risk_budget_usd": 100,
    "expected_move_usd": 5.128349382300598,
    "qty": 19.499451489231337,
    "notional_usd": 31008.222752690566,
    "leverage": 1
  }
}