{
  "t": "2026-02-24T10:05:20.698Z",
  "spot": 1824.47,
  "sigma_d": 0.0019678770998528172,
  "ERI": 0.19678770998528172,
  "percentiles": {
    "p10": 0.13416420136987287,
    "p50": 0.3001661094246423,
    "p90": 0.3818437403380982
  },
  "ema": {
    "fast": 0.051294921705767715,
    "slow": 0.05782180233614376,
    "fast_period": 20,
    "slow_period": 100
  },
  "etv": {
    "horizon_days": 1,
    "risk_budget_usd": 100,
    "expected_move_usd": 3.5903327323684695,
    "qty": 27.85257174034453,
    "notional_usd": 50816.18156310639,
    "leverage": 1
  }
}