{
  "t": "2025-09-25T11:23:27.302Z",
  "spot": 4001.43,
  "sigma_d": 0.000687830082217118,
  "ERI": 0.06878300822171181,
  "percentiles": {
    "p10": 0.07498088177951935,
    "p50": 0.1850977057888616,
    "p90": 0.2415159443346077
  },
  "ema": {
    "fast": 0.032448738516827134,
    "slow": 0.03551717027319063,
    "fast_period": 20,
    "slow_period": 100
  },
  "etv": {
    "horizon_days": 1,
    "risk_budget_usd": 100,
    "expected_move_usd": 2.7523039258860424,
    "qty": 36.333196730011295,
    "notional_usd": 145384.7433913691,
    "leverage": 1
  }
}