{
  "t": "2025-11-05T16:37:28.894Z",
  "spot": 3397.35,
  "sigma_d": 0.0006569651137415044,
  "ERI": 0.06569651137415045,
  "percentiles": {
    "p10": 0.07598662349024785,
    "p50": 0.21656804019952614,
    "p90": 0.2939978864147874
  },
  "ema": {
    "fast": 0.030704105145773514,
    "slow": 0.037920705594153684,
    "fast_period": 20,
    "slow_period": 100
  },
  "etv": {
    "horizon_days": 1,
    "risk_budget_usd": 100,
    "expected_move_usd": 2.2319404291697,
    "qty": 44.80406317887293,
    "notional_usd": 152215.08404074394,
    "leverage": 1
  }
}