{
  "t": "2026-02-14T22:37:19.167Z",
  "spot": 2089.09,
  "sigma_d": 0.003624820935150418,
  "ERI": 0.3624820935150418,
  "percentiles": {
    "p10": 0.09574277746787141,
    "p50": 0.2635858338469824,
    "p90": 0.3819860851745566
  },
  "ema": {
    "fast": 0.05429288515150851,
    "slow": 0.05203757709699642,
    "fast_period": 20,
    "slow_period": 100
  },
  "etv": {
    "horizon_days": 1,
    "risk_budget_usd": 100,
    "expected_move_usd": 7.572577167413387,
    "qty": 13.205543870892983,
    "notional_usd": 27587.569645243824,
    "leverage": 1
  }
}