{
  "t": "2026-01-03T17:27:28.855Z",
  "spot": 3106.95,
  "sigma_d": 0.0008058986016334544,
  "ERI": 0.08058986016334545,
  "percentiles": {
    "p10": 0.13653226391280435,
    "p50": 0.21038646418982343,
    "p90": 0.30978822161420505
  },
  "ema": {
    "fast": 0.02403879140666808,
    "slow": 0.03923019775814556,
    "fast_period": 20,
    "slow_period": 100
  },
  "etv": {
    "horizon_days": 1,
    "risk_budget_usd": 100,
    "expected_move_usd": 2.503886660345061,
    "qty": 39.937909963631895,
    "notional_usd": 124085.0893615061,
    "leverage": 1
  }
}