{
  "t": "2025-10-24T23:25:01.671Z",
  "spot": 3929.72,
  "sigma_d": 0.0016779787471382724,
  "ERI": 0.16779787471382723,
  "percentiles": {
    "p10": 0.08098626447852347,
    "p50": 0.21042940362359802,
    "p90": 0.27255370346420243
  },
  "ema": {
    "fast": 0.035710442669240845,
    "slow": 0.03886865436454429,
    "fast_period": 20,
    "slow_period": 100
  },
  "etv": {
    "horizon_days": 1,
    "risk_budget_usd": 100,
    "expected_move_usd": 6.593986642204212,
    "qty": 15.165332510678608,
    "notional_usd": 59595.510473863935,
    "leverage": 1
  }
}