{
  "t": "2025-12-16T22:29:45.605Z",
  "spot": 2952.85,
  "sigma_d": 0.0008288104151788821,
  "ERI": 0.08288104151788821,
  "percentiles": {
    "p10": 0.08148380690304494,
    "p50": 0.21748997718042828,
    "p90": 0.28823691542437196
  },
  "ema": {
    "fast": 0.03635154889329344,
    "slow": 0.036999675410641995,
    "fast_period": 20,
    "slow_period": 100
  },
  "etv": {
    "horizon_days": 1,
    "risk_budget_usd": 100,
    "expected_move_usd": 2.447352834460962,
    "qty": 40.8604752824802,
    "notional_usd": 120654.85443787166,
    "leverage": 1
  }
}