{
  "t": "2025-12-23T14:33:13.936Z",
  "spot": 2947.42,
  "sigma_d": 0.002221313919468581,
  "ERI": 0.2221313919468581,
  "percentiles": {
    "p10": 0.08288340117440547,
    "p50": 0.22409028769977787,
    "p90": 0.29211438569505715
  },
  "ema": {
    "fast": 0.0452684429168467,
    "slow": 0.04291449612032449,
    "fast_period": 20,
    "slow_period": 100
  },
  "etv": {
    "horizon_days": 1,
    "risk_budget_usd": 100,
    "expected_move_usd": 6.5471450725200855,
    "qty": 15.273832929061497,
    "notional_usd": 45018.400651774435,
    "leverage": 1
  }
}