{
  "t": "2025-09-21T22:25:29.367Z",
  "spot": 4452.22,
  "sigma_d": 0.0018218215416347932,
  "ERI": 0.18218215416347933,
  "percentiles": {
    "p10": 0.08199021503244962,
    "p50": 0.17516196602769546,
    "p90": 0.2296292067533514
  },
  "ema": {
    "fast": 0.04032152316790781,
    "slow": 0.03353140907508219,
    "fast_period": 20,
    "slow_period": 100
  },
  "etv": {
    "horizon_days": 1,
    "risk_budget_usd": 100,
    "expected_move_usd": 8.11115030409726,
    "qty": 12.328707550824953,
    "notional_usd": 54890.118331933874,
    "leverage": 1
  }
}