{
  "t": "2025-12-28T17:28:05.889Z",
  "spot": 2946.77,
  "sigma_d": 0.0022490380089654977,
  "ERI": 0.22490380089654977,
  "percentiles": {
    "p10": 0.13647096419340068,
    "p50": 0.20412228905398372,
    "p90": 0.28582780467356655
  },
  "ema": {
    "fast": 0.03899171456064285,
    "slow": 0.03810765164953912,
    "fast_period": 20,
    "slow_period": 100
  },
  "etv": {
    "horizon_days": 1,
    "risk_budget_usd": 100,
    "expected_move_usd": 6.62739773367926,
    "qty": 15.088878624534294,
    "notional_usd": 44463.45486441892,
    "leverage": 1
  }
}