{
  "t": "2025-12-28T10:32:38.470Z",
  "spot": 2938.64,
  "sigma_d": 0.002016409751423564,
  "ERI": 0.20164097514235638,
  "percentiles": {
    "p10": 0.12810710590108715,
    "p50": 0.20349473582078226,
    "p90": 0.2887329018255286
  },
  "ema": {
    "fast": 0.03642652261932754,
    "slow": 0.03762824260558243,
    "fast_period": 20,
    "slow_period": 100
  },
  "etv": {
    "horizon_days": 1,
    "risk_budget_usd": 100,
    "expected_move_usd": 5.925502351923341,
    "qty": 16.876206279378373,
    "notional_usd": 49593.09482083246,
    "leverage": 1
  }
}