{
  "t": "2026-06-24T09:48:41.287Z",
  "spot": 1664.58,
  "sigma_d": 0.001938097124343001,
  "ERI": 0.1938097124343001,
  "percentiles": {
    "p10": 0.08370521180631367,
    "p50": 0.21670843656187902,
    "p90": 0.3817902617639839
  },
  "ema": {
    "fast": 0.037517676489692724,
    "slow": 0.042967946945089465,
    "fast_period": 20,
    "slow_period": 100
  },
  "etv": {
    "horizon_days": 1,
    "risk_budget_usd": 100,
    "expected_move_usd": 3.226117711238872,
    "qty": 30.99700908358941,
    "notional_usd": 51597.00138036126,
    "leverage": 1
  }
}