{
  "t": "2025-09-28T06:35:41.846Z",
  "spot": 3999.38,
  "sigma_d": 0.0007114340802516229,
  "ERI": 0.0711434080251623,
  "percentiles": {
    "p10": 0.07116165944170003,
    "p50": 0.1811739711729434,
    "p90": 0.2534779782947238
  },
  "ema": {
    "fast": 0.021797182759842815,
    "slow": 0.030230211273387368,
    "fast_period": 20,
    "slow_period": 100
  },
  "etv": {
    "horizon_days": 1,
    "risk_budget_usd": 100,
    "expected_move_usd": 2.8452952318767357,
    "qty": 35.145737735637624,
    "notional_usd": 140561.1605851544,
    "leverage": 1
  }
}