{
  "t": "2025-10-30T21:25:13.131Z",
  "spot": 3760.19,
  "sigma_d": 0.002641216414324035,
  "ERI": 0.2641216414324035,
  "percentiles": {
    "p10": 0.08256068332481364,
    "p50": 0.20406921780368506,
    "p90": 0.2756831503724505
  },
  "ema": {
    "fast": 0.03629139273943997,
    "slow": 0.03539501448061958,
    "fast_period": 20,
    "slow_period": 100
  },
  "etv": {
    "horizon_days": 1,
    "risk_budget_usd": 100,
    "expected_move_usd": 9.931475548977094,
    "qty": 10.068997250896887,
    "notional_usd": 37861.34277284997,
    "leverage": 1
  }
}