{
  "t": "2026-01-18T12:57:51.010Z",
  "spot": 3320.84,
  "sigma_d": 0.0014486602760362772,
  "ERI": 0.1448660276036277,
  "percentiles": {
    "p10": 0.07543773376335262,
    "p50": 0.1932896444648957,
    "p90": 0.2594676882666627
  },
  "ema": {
    "fast": 0.02323967076701528,
    "slow": 0.02909342991674371,
    "fast_period": 20,
    "slow_period": 100
  },
  "etv": {
    "horizon_days": 1,
    "risk_budget_usd": 100,
    "expected_move_usd": 4.810768991072311,
    "qty": 20.78669754992958,
    "notional_usd": 69029.29669170815,
    "leverage": 1
  }
}