{
  "t": "2025-11-07T20:28:02.343Z",
  "spot": 3431.44,
  "sigma_d": 0.0022207844733343044,
  "ERI": 0.22207844733343043,
  "percentiles": {
    "p10": 0.07486604198958181,
    "p50": 0.20800967647472257,
    "p90": 0.29561773461855895
  },
  "ema": {
    "fast": 0.03363774536456058,
    "slow": 0.036574094056865736,
    "fast_period": 20,
    "slow_period": 100
  },
  "etv": {
    "horizon_days": 1,
    "risk_budget_usd": 100,
    "expected_move_usd": 7.620488673178266,
    "qty": 13.122518028531253,
    "notional_usd": 45029.133263823285,
    "leverage": 1
  }
}