{
  "t": "2026-03-18T13:48:53.728Z",
  "spot": 2238.85,
  "sigma_d": 0.0026315945420990992,
  "ERI": 0.26315945420990994,
  "percentiles": {
    "p10": 0.10580637078218988,
    "p50": 0.25293140480540377,
    "p90": 0.35511798945354267
  },
  "ema": {
    "fast": 0.04343377763612666,
    "slow": 0.04206830211519336,
    "fast_period": 20,
    "slow_period": 100
  },
  "etv": {
    "horizon_days": 1,
    "risk_budget_usd": 100,
    "expected_move_usd": 5.8917454405785685,
    "qty": 16.972898949649803,
    "notional_usd": 37999.77481342346,
    "leverage": 1
  }
}