{
  "t": "2025-12-11T22:31:47.322Z",
  "spot": 3237.04,
  "sigma_d": 0.0022123202776867133,
  "ERI": 0.22123202776867132,
  "percentiles": {
    "p10": 0.08505312170836248,
    "p50": 0.22200610853027294,
    "p90": 0.3354547618461036
  },
  "ema": {
    "fast": 0.030907864925451542,
    "slow": 0.03769288283786418,
    "fast_period": 20,
    "slow_period": 100
  },
  "etv": {
    "horizon_days": 1,
    "risk_budget_usd": 100,
    "expected_move_usd": 7.161369231682999,
    "qty": 13.963810098994006,
    "notional_usd": 45201.411842847556,
    "leverage": 1
  }
}