{
  "t": "2025-10-23T09:30:35.059Z",
  "spot": 3886.27,
  "sigma_d": 0.0028803209796203775,
  "ERI": 0.28803209796203777,
  "percentiles": {
    "p10": 0.08119823422044536,
    "p50": 0.2110039256665989,
    "p90": 0.26936987783772326
  },
  "ema": {
    "fast": 0.03810204667597287,
    "slow": 0.03806392508251369,
    "fast_period": 20,
    "slow_period": 100
  },
  "etv": {
    "horizon_days": 1,
    "risk_budget_usd": 100,
    "expected_move_usd": 11.193705013469284,
    "qty": 8.933592575440473,
    "notional_usd": 34718.352818157044,
    "leverage": 1
  }
}