{
  "t": "2026-02-21T06:57:45.254Z",
  "spot": 1960.86,
  "sigma_d": 0.003155777840126944,
  "ERI": 0.3155777840126944,
  "percentiles": {
    "p10": 0.12212660643475559,
    "p50": 0.29249007479317896,
    "p90": 0.37667875585538585
  },
  "ema": {
    "fast": 0.05975331832784267,
    "slow": 0.0562104527573475,
    "fast_period": 20,
    "slow_period": 100
  },
  "etv": {
    "horizon_days": 1,
    "risk_budget_usd": 100,
    "expected_move_usd": 6.188038535591319,
    "qty": 16.16020964071843,
    "notional_usd": 31687.90867609914,
    "leverage": 1
  }
}