{
  "t": "2026-02-25T10:07:46.096Z",
  "spot": 1913.38,
  "sigma_d": 0.0012970399199618125,
  "ERI": 0.12970399199618124,
  "percentiles": {
    "p10": 0.1300468347091661,
    "p50": 0.30658788289063355,
    "p90": 0.3823909153274117
  },
  "ema": {
    "fast": 0.05196155870784861,
    "slow": 0.056299219539426765,
    "fast_period": 20,
    "slow_period": 100
  },
  "etv": {
    "horizon_days": 1,
    "risk_budget_usd": 100,
    "expected_move_usd": 2.481730242056533,
    "qty": 40.29446807124899,
    "notional_usd": 77098.62931816641,
    "leverage": 1
  }
}