{
  "t": "2026-03-04T23:40:03.011Z",
  "spot": 2125.83,
  "sigma_d": 0.0026517350017163013,
  "ERI": 0.2651735001716301,
  "percentiles": {
    "p10": 0.11015841647567107,
    "p50": 0.28099829512656094,
    "p90": 0.3663617949720153
  },
  "ema": {
    "fast": 0.04722494551307061,
    "slow": 0.046443741852306396,
    "fast_period": 20,
    "slow_period": 100
  },
  "etv": {
    "horizon_days": 1,
    "risk_budget_usd": 100,
    "expected_move_usd": 5.637137818698564,
    "qty": 17.73949887623766,
    "notional_usd": 37711.15889607231,
    "leverage": 1
  }
}