{
  "t": "2025-12-28T02:34:24.609Z",
  "spot": 2946.77,
  "sigma_d": 0.002233873484122473,
  "ERI": 0.2233873484122473,
  "percentiles": {
    "p10": 0.11364537625022435,
    "p50": 0.20614077382697882,
    "p90": 0.2887329018255286
  },
  "ema": {
    "fast": 0.034467112160812316,
    "slow": 0.037523665946695275,
    "fast_period": 20,
    "slow_period": 100
  },
  "etv": {
    "horizon_days": 1,
    "risk_budget_usd": 100,
    "expected_move_usd": 6.58271136680758,
    "qty": 15.191308630701371,
    "notional_usd": 44765.29253369188,
    "leverage": 1
  }
}