{
  "t": "2025-10-22T14:32:44.153Z",
  "spot": 3808.61,
  "sigma_d": 0.0008156907955377573,
  "ERI": 0.08156907955377574,
  "percentiles": {
    "p10": 0.08159366816098101,
    "p50": 0.2110039256665989,
    "p90": 0.2669112605786823
  },
  "ema": {
    "fast": 0.03831531238282883,
    "slow": 0.03873408604056516,
    "fast_period": 20,
    "slow_period": 100
  },
  "etv": {
    "horizon_days": 1,
    "risk_budget_usd": 100,
    "expected_move_usd": 3.106648120793058,
    "qty": 32.1890333606473,
    "notional_usd": 122595.47434769492,
    "leverage": 1
  }
}