{
  "t": "2025-10-18T14:24:39.071Z",
  "spot": 3863.47,
  "sigma_d": 0.001541620352645491,
  "ERI": 0.1541620352645491,
  "percentiles": {
    "p10": 0.08100428794121864,
    "p50": 0.20857999681868006,
    "p90": 0.27220540099740365
  },
  "ema": {
    "fast": 0.03837183643264439,
    "slow": 0.03496956867373854,
    "fast_period": 20,
    "slow_period": 100
  },
  "etv": {
    "horizon_days": 1,
    "risk_budget_usd": 100,
    "expected_move_usd": 5.9560039838352745,
    "qty": 16.789780576272648,
    "notional_usd": 64866.81356301208,
    "leverage": 1
  }
}