{
  "t": "2025-11-12T07:28:18.752Z",
  "spot": 3442.35,
  "sigma_d": 0.0027973909281282885,
  "ERI": 0.2797390928128288,
  "percentiles": {
    "p10": 0.08199996634415183,
    "p50": 0.21627990180957424,
    "p90": 0.29607826864715775
  },
  "ema": {
    "fast": 0.038617624018769156,
    "slow": 0.03751984881041744,
    "fast_period": 20,
    "slow_period": 100
  },
  "etv": {
    "horizon_days": 1,
    "risk_budget_usd": 100,
    "expected_move_usd": 9.629598661442413,
    "qty": 10.384648780889176,
    "notional_usd": 35747.59573089385,
    "leverage": 1
  }
}