{
  "t": "2025-11-22T15:25:40.592Z",
  "spot": 2743.49,
  "sigma_d": 0.0024181277745853966,
  "ERI": 0.24181277745853966,
  "percentiles": {
    "p10": 0.08416797247765259,
    "p50": 0.20255449928365943,
    "p90": 0.29085513465767265
  },
  "ema": {
    "fast": 0.03995585170096518,
    "slow": 0.03939594818161603,
    "fast_period": 20,
    "slow_period": 100
  },
  "etv": {
    "horizon_days": 1,
    "risk_budget_usd": 100,
    "expected_move_usd": 6.634109368297289,
    "qty": 15.073613419440205,
    "notional_usd": 41354.307680100006,
    "leverage": 1
  }
}