{
  "t": "2026-01-07T06:49:21.112Z",
  "spot": 3249.58,
  "sigma_d": 0.0023887642559577683,
  "ERI": 0.23887642559577682,
  "percentiles": {
    "p10": 0.13300930458723387,
    "p50": 0.20693262909079047,
    "p90": 0.31395953498463963
  },
  "ema": {
    "fast": 0.04678306358109733,
    "slow": 0.042217240166814385,
    "fast_period": 20,
    "slow_period": 100
  },
  "etv": {
    "horizon_days": 1,
    "risk_budget_usd": 100,
    "expected_move_usd": 7.762480550875244,
    "qty": 12.88247994241025,
    "notional_usd": 41862.6491712575,
    "leverage": 1
  }
}