{
  "t": "2026-01-24T09:31:08.662Z",
  "spot": 2956.7,
  "sigma_d": 0.002407976573816856,
  "ERI": 0.2407976573816856,
  "percentiles": {
    "p10": 0.07238013487319127,
    "p50": 0.177065525004587,
    "p90": 0.2677988259912101
  },
  "ema": {
    "fast": 0.04354426985900342,
    "slow": 0.03755225102528619,
    "fast_period": 20,
    "slow_period": 100
  },
  "etv": {
    "horizon_days": 1,
    "risk_budget_usd": 100,
    "expected_move_usd": 7.1196643358042975,
    "qty": 14.045605984134244,
    "notional_usd": 41528.64321328972,
    "leverage": 1
  }
}