{
  "t": "2026-03-23T07:25:42.372Z",
  "spot": 2030.97,
  "sigma_d": 0.002717379703205816,
  "ERI": 0.2717379703205816,
  "percentiles": {
    "p10": 0.09602220930021997,
    "p50": 0.2252551289420448,
    "p90": 0.31476066023028376
  },
  "ema": {
    "fast": 0.03856644632346323,
    "slow": 0.037607406021490056,
    "fast_period": 20,
    "slow_period": 100
  },
  "etv": {
    "horizon_days": 1,
    "risk_budget_usd": 100,
    "expected_move_usd": 5.518916655819916,
    "qty": 18.119498125514554,
    "notional_usd": 36800.157107976294,
    "leverage": 1
  }
}