{
  "t": "2026-06-15T23:57:28.210Z",
  "spot": 1795.33,
  "sigma_d": 0.0037247212070280577,
  "ERI": 0.3724721207028058,
  "percentiles": {
    "p10": 0.08509939726906793,
    "p50": 0.21089222237681304,
    "p90": 0.3804041668054057
  },
  "ema": {
    "fast": 0.0521366775759135,
    "slow": 0.04858732259888759,
    "fast_period": 20,
    "slow_period": 100
  },
  "etv": {
    "horizon_days": 1,
    "risk_budget_usd": 100,
    "expected_move_usd": 6.687103724613682,
    "qty": 14.9541571535556,
    "notional_usd": 26847.646962492974,
    "leverage": 1
  }
}