{
  "t": "2025-09-09T14:27:42.671Z",
  "spot": 4316.24,
  "sigma_d": 0.0014616324825755154,
  "ERI": 0.14616324825755153,
  "percentiles": {
    "p10": 0.07484350747758663,
    "p50": 0.21617822315836188,
    "p90": 0.31669444190034046
  },
  "ema": {
    "fast": 0.042431808028008874,
    "slow": 0.03993989669927837,
    "fast_period": 20,
    "slow_period": 100
  },
  "etv": {
    "horizon_days": 1,
    "risk_budget_usd": 100,
    "expected_move_usd": 6.308756586591742,
    "qty": 15.850984045340104,
    "notional_usd": 68416.65137585877,
    "leverage": 1
  }
}