{
  "t": "2026-06-25T11:47:46.243Z",
  "spot": 1629.96,
  "sigma_d": 0.0024941087290351236,
  "ERI": 0.24941087290351235,
  "percentiles": {
    "p10": 0.08241905834499225,
    "p50": 0.2224331236978609,
    "p90": 0.3817902617639839
  },
  "ema": {
    "fast": 0.03708805382153669,
    "slow": 0.04207044823764048,
    "fast_period": 20,
    "slow_period": 100
  },
  "etv": {
    "horizon_days": 1,
    "risk_budget_usd": 100,
    "expected_move_usd": 4.06529746397809,
    "qty": 24.59844596516811,
    "notional_usd": 40094.48298538542,
    "leverage": 1
  }
}