{
  "t": "2025-11-09T09:25:31.039Z",
  "spot": 3433.14,
  "sigma_d": 0.0023520702528600536,
  "ERI": 0.23520702528600534,
  "percentiles": {
    "p10": 0.07507611078038272,
    "p50": 0.20914798084979508,
    "p90": 0.2946835826373701
  },
  "ema": {
    "fast": 0.029834250513853095,
    "slow": 0.033678726106617755,
    "fast_period": 20,
    "slow_period": 100
  },
  "etv": {
    "horizon_days": 1,
    "risk_budget_usd": 100,
    "expected_move_usd": 8.074986467903964,
    "qty": 12.38392168178545,
    "notional_usd": 42515.7368826049,
    "leverage": 1
  }
}