{
  "t": "2025-12-12T19:25:48.266Z",
  "spot": 3075.17,
  "sigma_d": 0.0030883999905027765,
  "ERI": 0.30883999905027765,
  "percentiles": {
    "p10": 0.08317025413542126,
    "p50": 0.22291492237135502,
    "p90": 0.3368553562640825
  },
  "ema": {
    "fast": 0.04333578476866885,
    "slow": 0.039081323126324646,
    "fast_period": 20,
    "slow_period": 100
  },
  "etv": {
    "horizon_days": 1,
    "risk_budget_usd": 100,
    "expected_move_usd": 9.497354998794423,
    "qty": 10.529247354941857,
    "notional_usd": 32379.225588496553,
    "leverage": 1
  }
}