{
  "t": "2025-12-11T05:34:15.365Z",
  "spot": 3206.62,
  "sigma_d": 0.0008914097968324357,
  "ERI": 0.08914097968324357,
  "percentiles": {
    "p10": 0.08317025413542126,
    "p50": 0.22373479786098888,
    "p90": 0.3447200362489877
  },
  "ema": {
    "fast": 0.042797672685587373,
    "slow": 0.04184446432326082,
    "fast_period": 20,
    "slow_period": 100
  },
  "etv": {
    "horizon_days": 1,
    "risk_budget_usd": 100,
    "expected_move_usd": 2.858412482718825,
    "qty": 34.9844539948564,
    "notional_usd": 112181.84986898644,
    "leverage": 1
  }
}