{
  "t": "2026-01-14T21:32:16.395Z",
  "spot": 3372.65,
  "sigma_d": 0.0023005271722999383,
  "ERI": 0.23005271722999382,
  "percentiles": {
    "p10": 0.07745706354625648,
    "p50": 0.20030404369879753,
    "p90": 0.28340210698723933
  },
  "ema": {
    "fast": 0.03707002615054221,
    "slow": 0.03571320246164026,
    "fast_period": 20,
    "slow_period": 100
  },
  "etv": {
    "horizon_days": 1,
    "risk_budget_usd": 100,
    "expected_move_usd": 7.758872967657387,
    "qty": 12.8884698095776,
    "notional_usd": 43468.29770327189,
    "leverage": 1
  }
}