{
  "t": "2025-09-25T19:21:52.854Z",
  "spot": 3933.63,
  "sigma_d": 0.0017271340407987946,
  "ERI": 0.17271340407987945,
  "percentiles": {
    "p10": 0.07481238292075419,
    "p50": 0.18792568670637205,
    "p90": 0.24318158261973175
  },
  "ema": {
    "fast": 0.03710809357671501,
    "slow": 0.036234213700933535,
    "fast_period": 20,
    "slow_period": 100
  },
  "etv": {
    "horizon_days": 1,
    "risk_budget_usd": 100,
    "expected_move_usd": 6.793906276907363,
    "qty": 14.719072640124903,
    "notional_usd": 57899.385709374525,
    "leverage": 1
  }
}