{
  "t": "2026-05-21T21:45:04.784Z",
  "spot": 2134.82,
  "sigma_d": 0.0018560014196937812,
  "ERI": 0.18560014196937813,
  "percentiles": {
    "p10": 0.08883214396533406,
    "p50": 0.2213525465645411,
    "p90": 0.29686709819303464
  },
  "ema": {
    "fast": 0.031598261764230515,
    "slow": 0.038970445658300136,
    "fast_period": 20,
    "slow_period": 100
  },
  "etv": {
    "horizon_days": 1,
    "risk_budget_usd": 100,
    "expected_move_usd": 3.9622289507906783,
    "qty": 25.23831945149071,
    "notional_usd": 53879.2691314314,
    "leverage": 1
  }
}