{
  "t": "2026-04-29T20:18:32.859Z",
  "spot": 2231.05,
  "sigma_d": 0.002379406721119639,
  "ERI": 0.2379406721119639,
  "percentiles": {
    "p10": 0.08967263213847505,
    "p50": 0.2080853158620277,
    "p90": 0.2932537316708495
  },
  "ema": {
    "fast": 0.0410779888153236,
    "slow": 0.03822154968798407,
    "fast_period": 20,
    "slow_period": 100
  },
  "etv": {
    "horizon_days": 1,
    "risk_budget_usd": 100,
    "expected_move_usd": 5.308575365153971,
    "qty": 18.837445665066785,
    "notional_usd": 42027.28315104725,
    "leverage": 1
  }
}