{
  "t": "2026-06-23T18:10:21.742Z",
  "spot": 1654.29,
  "sigma_d": 0.0009801698198069846,
  "ERI": 0.09801698198069846,
  "percentiles": {
    "p10": 0.08370521180631367,
    "p50": 0.21670843656187902,
    "p90": 0.3817902617639839
  },
  "ema": {
    "fast": 0.03786003325701598,
    "slow": 0.04361283137130206,
    "fast_period": 20,
    "slow_period": 100
  },
  "etv": {
    "horizon_days": 1,
    "risk_budget_usd": 100,
    "expected_move_usd": 1.6214851312084966,
    "qty": 61.67185753067607,
    "notional_usd": 102023.13719442212,
    "leverage": 1
  }
}