{
  "t": "2026-03-09T21:43:42.986Z",
  "spot": 2026.26,
  "sigma_d": 0.003057782016548297,
  "ERI": 0.30577820165482966,
  "percentiles": {
    "p10": 0.10375851823383263,
    "p50": 0.2688025630510842,
    "p90": 0.3532576656859189
  },
  "ema": {
    "fast": 0.054592438829564036,
    "slow": 0.05279266066176043,
    "fast_period": 20,
    "slow_period": 100
  },
  "etv": {
    "horizon_days": 1,
    "risk_budget_usd": 100,
    "expected_move_usd": 6.195861388851152,
    "qty": 16.13980586782336,
    "notional_usd": 32703.44303773576,
    "leverage": 1
  }
}