{
  "t": "2025-09-25T15:29:01.378Z",
  "spot": 3985.96,
  "sigma_d": 0.00275462188120598,
  "ERI": 0.27546218812059803,
  "percentiles": {
    "p10": 0.07481238292075419,
    "p50": 0.18472478580466817,
    "p90": 0.24174707661433129
  },
  "ema": {
    "fast": 0.03333416493969341,
    "slow": 0.0354809068011456,
    "fast_period": 20,
    "slow_period": 100
  },
  "etv": {
    "horizon_days": 1,
    "risk_budget_usd": 100,
    "expected_move_usd": 10.97981263361179,
    "qty": 9.107623539392328,
    "notional_usd": 36302.62312307624,
    "leverage": 1
  }
}