{
  "t": "2026-05-04T09:30:03.122Z",
  "spot": 2363.09,
  "sigma_d": 0.0017568423902922256,
  "ERI": 0.17568423902922256,
  "percentiles": {
    "p10": 0.08441840954145854,
    "p50": 0.19355487851195086,
    "p90": 0.2620112672265368
  },
  "ema": {
    "fast": 0.040765575441411836,
    "slow": 0.03541049841161032,
    "fast_period": 20,
    "slow_period": 100
  },
  "etv": {
    "horizon_days": 1,
    "risk_budget_usd": 100,
    "expected_move_usd": 4.151576684075656,
    "qty": 24.08723422683565,
    "notional_usd": 56920.302329093065,
    "leverage": 1
  }
}