{
  "t": "2025-10-27T17:26:27.109Z",
  "spot": 4208.85,
  "sigma_d": 0.0008298035899118582,
  "ERI": 0.08298035899118582,
  "percentiles": {
    "p10": 0.08418166287851903,
    "p50": 0.21380800729477484,
    "p90": 0.270154701258962
  },
  "ema": {
    "fast": 0.034547359823212144,
    "slow": 0.0382756635731334,
    "fast_period": 20,
    "slow_period": 100
  },
  "etv": {
    "horizon_days": 1,
    "risk_budget_usd": 100,
    "expected_move_usd": 3.4925188394005247,
    "qty": 28.632630086875796,
    "notional_usd": 120510.44514114721,
    "leverage": 1
  }
}