{
  "t": "2026-04-21T12:07:07.112Z",
  "spot": 2321.26,
  "sigma_d": 0.0020760909392548233,
  "ERI": 0.20760909392548232,
  "percentiles": {
    "p10": 0.08832473410625495,
    "p50": 0.2245643733493814,
    "p90": 0.34035603190096625
  },
  "ema": {
    "fast": 0.03572391697105484,
    "slow": 0.03698867171829223,
    "fast_period": 20,
    "slow_period": 100
  },
  "etv": {
    "horizon_days": 1,
    "risk_budget_usd": 100,
    "expected_move_usd": 4.819146853654652,
    "qty": 20.75056084339159,
    "notional_usd": 48167.44686333116,
    "leverage": 1
  }
}