{
  "t": "2025-10-21T18:39:11.742Z",
  "spot": 3990.1,
  "sigma_d": 0.002829310944081337,
  "ERI": 0.2829310944081337,
  "percentiles": {
    "p10": 0.08098626447852347,
    "p50": 0.2082915078242432,
    "p90": 0.27145451146879207
  },
  "ema": {
    "fast": 0.04388771706747494,
    "slow": 0.03939144354699441,
    "fast_period": 20,
    "slow_period": 100
  },
  "etv": {
    "horizon_days": 1,
    "risk_budget_usd": 100,
    "expected_move_usd": 11.289233597978942,
    "qty": 8.857997235339566,
    "notional_usd": 35344.2947687284,
    "leverage": 1
  }
}