{
  "t": "2025-09-04T23:24:07.778Z",
  "spot": 4336.06,
  "sigma_d": 0.0019870302822782735,
  "ERI": 0.19870302822782734,
  "percentiles": {
    "p10": 0.08188818126550633,
    "p50": 0.22848926191863425,
    "p90": 0.3004524691383561
  },
  "ema": {
    "fast": 0.03844892469212289,
    "slow": 0.04114210366606688,
    "fast_period": 20,
    "slow_period": 100
  },
  "etv": {
    "horizon_days": 1,
    "risk_budget_usd": 100,
    "expected_move_usd": 8.61588252577553,
    "qty": 11.60647208232436,
    "notional_usd": 50326.35933728337,
    "leverage": 1
  }
}