{
  "t": "2026-05-02T20:55:10.513Z",
  "spot": 2311.11,
  "sigma_d": 0.0016429132356228107,
  "ERI": 0.16429132356228107,
  "percentiles": {
    "p10": 0.08513760804424016,
    "p50": 0.19355487851195086,
    "p90": 0.2676378560146328
  },
  "ema": {
    "fast": 0.026500450566688597,
    "slow": 0.03234038812114102,
    "fast_period": 20,
    "slow_period": 100
  },
  "etv": {
    "horizon_days": 1,
    "risk_budget_usd": 100,
    "expected_move_usd": 3.796953207980234,
    "qty": 26.336906072433372,
    "notional_usd": 60867.486993061495,
    "leverage": 1
  }
}