{
  "t": "2025-10-26T09:24:47.856Z",
  "spot": 3973.48,
  "sigma_d": 0.0026323301586841743,
  "ERI": 0.2632330158684174,
  "percentiles": {
    "p10": 0.08098626447852347,
    "p50": 0.2077191332031465,
    "p90": 0.2696622016780655
  },
  "ema": {
    "fast": 0.039377431129733666,
    "slow": 0.03852269126031282,
    "fast_period": 20,
    "slow_period": 100
  },
  "etv": {
    "horizon_days": 1,
    "risk_budget_usd": 100,
    "expected_move_usd": 10.459511238928393,
    "qty": 9.560676184162244,
    "notional_usd": 37989.15560424499,
    "leverage": 1
  }
}