{
  "t": "2026-01-03T20:32:16.710Z",
  "spot": 3108.87,
  "sigma_d": 0.0008834753615424707,
  "ERI": 0.08834753615424706,
  "percentiles": {
    "p10": 0.13300930458723387,
    "p50": 0.2082811508577565,
    "p90": 0.3094188961160326
  },
  "ema": {
    "fast": 0.022355967413972836,
    "slow": 0.03796992777090146,
    "fast_period": 20,
    "slow_period": 100
  },
  "etv": {
    "horizon_days": 1,
    "risk_budget_usd": 100,
    "expected_move_usd": 2.7466100472385406,
    "qty": 36.40851751071858,
    "notional_usd": 113189.34783354767,
    "leverage": 1
  }
}