{
  "t": "2026-01-15T05:37:19.772Z",
  "spot": 3303.74,
  "sigma_d": 0.0007077488289350995,
  "ERI": 0.07077488289350994,
  "percentiles": {
    "p10": 0.07711089933097036,
    "p50": 0.2022854983130974,
    "p90": 0.28340210698723933
  },
  "ema": {
    "fast": 0.035662622208890625,
    "slow": 0.035564361423910146,
    "fast_period": 20,
    "slow_period": 100
  },
  "etv": {
    "horizon_days": 1,
    "risk_budget_usd": 100,
    "expected_move_usd": 2.3382181161060456,
    "qty": 42.767609792766095,
    "notional_usd": 141293.06317675306,
    "leverage": 1
  }
}