{
  "t": "2026-01-22T02:31:18.195Z",
  "spot": 3032.7,
  "sigma_d": 0.001697719693300705,
  "ERI": 0.1697719693300705,
  "percentiles": {
    "p10": 0.07186111088544152,
    "p50": 0.18201118388643803,
    "p90": 0.2594676882666627
  },
  "ema": {
    "fast": 0.03357736585168798,
    "slow": 0.033171051179968006,
    "fast_period": 20,
    "slow_period": 100
  },
  "etv": {
    "horizon_days": 1,
    "risk_budget_usd": 100,
    "expected_move_usd": 5.148674513873048,
    "qty": 19.42247460594976,
    "notional_usd": 58902.53873746383,
    "leverage": 1
  }
}