{
  "t": "2025-12-11T18:45:46.812Z",
  "spot": 3226.62,
  "sigma_d": 0.0018790525741063922,
  "ERI": 0.1879052574106392,
  "percentiles": {
    "p10": 0.08505312170836248,
    "p50": 0.22200610853027294,
    "p90": 0.3354547618461036
  },
  "ema": {
    "fast": 0.03411707225589704,
    "slow": 0.03887262011412204,
    "fast_period": 20,
    "slow_period": 100
  },
  "etv": {
    "horizon_days": 1,
    "risk_budget_usd": 100,
    "expected_move_usd": 6.062988616663167,
    "qty": 16.49351604012018,
    "notional_usd": 53218.308725372575,
    "leverage": 1
  }
}