{
  "t": "2025-09-01T20:45:50.972Z",
  "spot": 4273.12,
  "sigma_d": 0.0027595566739763698,
  "ERI": 0.275955667397637,
  "percentiles": {
    "p10": 0.08418497197296554,
    "p50": 0.19773012497080397,
    "p90": 0.29260015197179834
  },
  "ema": {
    "fast": 0.04355086875112877,
    "slow": 0.04159882185710441,
    "fast_period": 20,
    "slow_period": 100
  },
  "etv": {
    "horizon_days": 1,
    "risk_budget_usd": 100,
    "expected_move_usd": 11.791916814701905,
    "qty": 8.480385468401726,
    "notional_usd": 36237.70475273678,
    "leverage": 1
  }
}