{
  "t": "2026-01-28T02:29:34.398Z",
  "spot": 3010.03,
  "sigma_d": 0.0009976717642866213,
  "ERI": 0.09976717642866213,
  "percentiles": {
    "p10": 0.07076295757611355,
    "p50": 0.1807772504834157,
    "p90": 0.27475522187325496
  },
  "ema": {
    "fast": 0.025083730316501254,
    "slow": 0.03303018012427852,
    "fast_period": 20,
    "slow_period": 100
  },
  "etv": {
    "horizon_days": 1,
    "risk_budget_usd": 100,
    "expected_move_usd": 3.003021940655659,
    "qty": 33.29979000358775,
    "notional_usd": 100233.36690449924,
    "leverage": 1
  }
}