{
  "t": "2026-03-29T18:59:42.776Z",
  "spot": 1996.07,
  "sigma_d": 0.003622461164994535,
  "ERI": 0.3622461164994535,
  "percentiles": {
    "p10": 0.09328358097327766,
    "p50": 0.22537484609597086,
    "p90": 0.30708688219419866
  },
  "ema": {
    "fast": 0.050519099623609606,
    "slow": 0.044955032116120425,
    "fast_period": 20,
    "slow_period": 100
  },
  "etv": {
    "horizon_days": 1,
    "risk_budget_usd": 100,
    "expected_move_usd": 7.230686057610641,
    "qty": 13.829946315363152,
    "notional_usd": 27605.540941706928,
    "leverage": 1
  }
}