{
  "t": "2025-11-20T09:30:49.482Z",
  "spot": 3013.11,
  "sigma_d": 0.001083116380508247,
  "ERI": 0.1083116380508247,
  "percentiles": {
    "p10": 0.08259572103244264,
    "p50": 0.20292846572167322,
    "p90": 0.28657348538401595
  },
  "ema": {
    "fast": 0.03470161579712091,
    "slow": 0.037611586582633784,
    "fast_period": 20,
    "slow_period": 100
  },
  "etv": {
    "horizon_days": 1,
    "risk_budget_usd": 100,
    "expected_move_usd": 3.263548797273204,
    "qty": 30.641490663033167,
    "notional_usd": 92326.18193169187,
    "leverage": 1
  }
}