{
  "t": "2026-01-09T19:28:29.032Z",
  "spot": 3074.82,
  "sigma_d": 0.0018398168755072298,
  "ERI": 0.18398168755072297,
  "percentiles": {
    "p10": 0.10511289400529371,
    "p50": 0.21851574427163928,
    "p90": 0.3186189896762125
  },
  "ema": {
    "fast": 0.03451893904247529,
    "slow": 0.03838701150472864,
    "fast_period": 20,
    "slow_period": 100
  },
  "etv": {
    "horizon_days": 1,
    "risk_budget_usd": 100,
    "expected_move_usd": 5.657105725147141,
    "qty": 17.676883703176504,
    "notional_usd": 54353.23554820118,
    "leverage": 1
  }
}