{
  "t": "2026-03-27T05:47:42.098Z",
  "spot": 2057.51,
  "sigma_d": 0.001374803194929436,
  "ERI": 0.1374803194929436,
  "percentiles": {
    "p10": 0.09510863386087964,
    "p50": 0.21490494602357887,
    "p90": 0.28984009752829104
  },
  "ema": {
    "fast": 0.038378412873045054,
    "slow": 0.03894736829594966,
    "fast_period": 20,
    "slow_period": 100
  },
  "etv": {
    "horizon_days": 1,
    "risk_budget_usd": 100,
    "expected_move_usd": 2.8286713215992645,
    "qty": 35.35228686218035,
    "notional_usd": 72737.68374180469,
    "leverage": 1
  }
}