{
  "t": "2026-01-15T20:37:09.137Z",
  "spot": 3286.38,
  "sigma_d": 0.0020764199119954726,
  "ERI": 0.20764199119954727,
  "percentiles": {
    "p10": 0.08720951389952114,
    "p50": 0.20391727237899077,
    "p90": 0.27876920591552673
  },
  "ema": {
    "fast": 0.03440593375687205,
    "slow": 0.0347779928969878,
    "fast_period": 20,
    "slow_period": 100
  },
  "etv": {
    "horizon_days": 1,
    "risk_budget_usd": 100,
    "expected_move_usd": 6.823904870383681,
    "qty": 14.65436607037246,
    "notional_usd": 48159.81556635065,
    "leverage": 1
  }
}