{
  "t": "2026-04-28T22:08:53.761Z",
  "spot": 2293.48,
  "sigma_d": 0.0027362973527774843,
  "ERI": 0.2736297352777484,
  "percentiles": {
    "p10": 0.08444086062049966,
    "p50": 0.20729518031065097,
    "p90": 0.30709334712385283
  },
  "ema": {
    "fast": 0.04148241089601397,
    "slow": 0.037746532499311675,
    "fast_period": 20,
    "slow_period": 100
  },
  "etv": {
    "horizon_days": 1,
    "risk_budget_usd": 100,
    "expected_move_usd": 6.275643252648105,
    "qty": 15.934621515938378,
    "notional_usd": 36545.73575437435,
    "leverage": 1
  }
}