{
  "t": "2026-03-06T19:00:37.716Z",
  "spot": 1975.38,
  "sigma_d": 0.002904048766675055,
  "ERI": 0.2904048766675055,
  "percentiles": {
    "p10": 0.1069178646034985,
    "p50": 0.2799829128082929,
    "p90": 0.36564512992137516
  },
  "ema": {
    "fast": 0.049029986201543155,
    "slow": 0.04781932698173759,
    "fast_period": 20,
    "slow_period": 100
  },
  "etv": {
    "horizon_days": 1,
    "risk_budget_usd": 100,
    "expected_move_usd": 5.73659985271457,
    "qty": 17.431928767470126,
    "notional_usd": 34434.68344868514,
    "leverage": 1
  }
}