{
  "t": "2026-01-05T11:30:05.151Z",
  "spot": 3175.59,
  "sigma_d": 0.0030799911804953424,
  "ERI": 0.3079991180495342,
  "percentiles": {
    "p10": 0.13572569967968154,
    "p50": 0.207840620297713,
    "p90": 0.30978822161420505
  },
  "ema": {
    "fast": 0.04730011099483897,
    "slow": 0.040683679788585114,
    "fast_period": 20,
    "slow_period": 100
  },
  "etv": {
    "horizon_days": 1,
    "risk_budget_usd": 100,
    "expected_move_usd": 9.780789192869205,
    "qty": 10.224123844004954,
    "notional_usd": 32467.625437783692,
    "leverage": 1
  }
}