{
  "t": "2025-11-14T18:39:45.425Z",
  "spot": 3177.08,
  "sigma_d": 0.00225883629686746,
  "ERI": 0.225883629686746,
  "percentiles": {
    "p10": 0.07610339711785073,
    "p50": 0.1922524624410325,
    "p90": 0.28431946478988
  },
  "ema": {
    "fast": 0.037282446160904065,
    "slow": 0.03499072942842147,
    "fast_period": 20,
    "slow_period": 100
  },
  "etv": {
    "horizon_days": 1,
    "risk_budget_usd": 100,
    "expected_move_usd": 7.17650362205167,
    "qty": 13.934362088625448,
    "notional_usd": 44270.58310453014,
    "leverage": 1
  }
}