{
  "t": "2026-01-11T17:27:48.066Z",
  "spot": 3126.46,
  "sigma_d": 0.0019124979376060089,
  "ERI": 0.1912497937606009,
  "percentiles": {
    "p10": 0.0963172351351387,
    "p50": 0.2239714641524111,
    "p90": 0.31809552589193696
  },
  "ema": {
    "fast": 0.03367743065614284,
    "slow": 0.03834114566478569,
    "fast_period": 20,
    "slow_period": 100
  },
  "etv": {
    "horizon_days": 1,
    "risk_budget_usd": 100,
    "expected_move_usd": 5.979348302007683,
    "qty": 16.724230626675997,
    "notional_usd": 52287.63808507744,
    "leverage": 1
  }
}