{
  "t": "2025-09-10T12:53:44.342Z",
  "spot": 4362.33,
  "sigma_d": 0.0028510433391199202,
  "ERI": 0.285104333911992,
  "percentiles": {
    "p10": 0.07548826391034644,
    "p50": 0.2171571857006171,
    "p90": 0.3255508656102769
  },
  "ema": {
    "fast": 0.037452276704621666,
    "slow": 0.039448446428891955,
    "fast_period": 20,
    "slow_period": 100
  },
  "etv": {
    "horizon_days": 1,
    "risk_budget_usd": 100,
    "expected_move_usd": 12.437191889543001,
    "qty": 8.040400187447332,
    "notional_usd": 35074.87894970712,
    "leverage": 1
  }
}