{
  "t": "2026-02-06T13:22:07.712Z",
  "spot": 1942.73,
  "sigma_d": 0.0035000920004590857,
  "ERI": 0.3500092000459086,
  "percentiles": {
    "p10": 0.07716787856358145,
    "p50": 0.20045310034798108,
    "p90": 0.3380048297196212
  },
  "ema": {
    "fast": 0.05819649998234381,
    "slow": 0.04984837690533235,
    "fast_period": 20,
    "slow_period": 100
  },
  "etv": {
    "horizon_days": 1,
    "risk_budget_usd": 100,
    "expected_move_usd": 6.799733732051879,
    "qty": 14.706458214478367,
    "notional_usd": 28570.677567013558,
    "leverage": 1
  }
}