{
  "t": "2026-04-10T16:04:05.431Z",
  "spot": 2224.58,
  "sigma_d": 0.0024319637404620065,
  "ERI": 0.24319637404620065,
  "percentiles": {
    "p10": 0.090387308486617,
    "p50": 0.21900252303781548,
    "p90": 0.34972341073660895
  },
  "ema": {
    "fast": 0.048090649826306675,
    "slow": 0.046212893130840364,
    "fast_period": 20,
    "slow_period": 100
  },
  "etv": {
    "horizon_days": 1,
    "risk_budget_usd": 100,
    "expected_move_usd": 5.4100978977569705,
    "qty": 18.483953874745975,
    "notional_usd": 41119.0341106824,
    "leverage": 1
  }
}