{
  "t": "2026-05-14T15:27:33.729Z",
  "spot": 2287.43,
  "sigma_d": 0.0027616837159721123,
  "ERI": 0.27616837159721125,
  "percentiles": {
    "p10": 0.0853450764659121,
    "p50": 0.2189836170328523,
    "p90": 0.27770632731323136
  },
  "ema": {
    "fast": 0.04147454707485091,
    "slow": 0.04266379767988033,
    "fast_period": 20,
    "slow_period": 100
  },
  "etv": {
    "horizon_days": 1,
    "risk_budget_usd": 100,
    "expected_move_usd": 6.3171581824260885,
    "qty": 15.829902799995306,
    "notional_usd": 36209.794561793264,
    "leverage": 1
  }
}