{
  "t": "2026-02-11T13:43:36.604Z",
  "spot": 1956.11,
  "sigma_d": 0.0027839202087305347,
  "ERI": 0.2783920208730535,
  "percentiles": {
    "p10": 0.08379424469310494,
    "p50": 0.23161787282874152,
    "p90": 0.37771311101948796
  },
  "ema": {
    "fast": 0.06555046169312473,
    "slow": 0.06246473133337423,
    "fast_period": 20,
    "slow_period": 100
  },
  "etv": {
    "horizon_days": 1,
    "risk_budget_usd": 100,
    "expected_move_usd": 5.4456541594998855,
    "qty": 18.363266757502597,
    "notional_usd": 35920.569737018406,
    "leverage": 1
  }
}