{
  "t": "2026-03-25T23:47:38.682Z",
  "spot": 2165.28,
  "sigma_d": 0.002127385471995763,
  "ERI": 0.2127385471995763,
  "percentiles": {
    "p10": 0.09510863386087964,
    "p50": 0.21439323356861473,
    "p90": 0.294162212227688
  },
  "ema": {
    "fast": 0.0411286155920224,
    "slow": 0.03895254179799364,
    "fast_period": 20,
    "slow_period": 100
  },
  "etv": {
    "horizon_days": 1,
    "risk_budget_usd": 100,
    "expected_move_usd": 4.6063852148029865,
    "qty": 21.70899639019377,
    "notional_usd": 47006.05570375877,
    "leverage": 1
  }
}