{
  "t": "2025-10-11T06:35:12.010Z",
  "spot": 3807.24,
  "sigma_d": 0.0009375206226242679,
  "ERI": 0.09375206226242679,
  "percentiles": {
    "p10": 0.07177527997402261,
    "p50": 0.2189836331772912,
    "p90": 0.2768096025315583
  },
  "ema": {
    "fast": 0.032491243738768175,
    "slow": 0.037330591441365364,
    "fast_period": 20,
    "slow_period": 100
  },
  "etv": {
    "horizon_days": 1,
    "risk_budget_usd": 100,
    "expected_move_usd": 3.5693660152800173,
    "qty": 28.01617978428446,
    "notional_usd": 106664.32032191916,
    "leverage": 1
  }
}