{
  "t": "2026-03-18T15:19:39.689Z",
  "spot": 2185.59,
  "sigma_d": 0.002579205041190625,
  "ERI": 0.2579205041190625,
  "percentiles": {
    "p10": 0.10580637078218988,
    "p50": 0.25293140480540377,
    "p90": 0.35511798945354267
  },
  "ema": {
    "fast": 0.04399014577779006,
    "slow": 0.04221102173912205,
    "fast_period": 20,
    "slow_period": 100
  },
  "etv": {
    "horizon_days": 1,
    "risk_budget_usd": 100,
    "expected_move_usd": 5.637084745975819,
    "qty": 17.73966589226597,
    "notional_usd": 38771.63637747758,
    "leverage": 1
  }
}