{
  "t": "2025-10-29T15:31:49.456Z",
  "spot": 3974.52,
  "sigma_d": 0.002762612226092192,
  "ERI": 0.2762612226092192,
  "percentiles": {
    "p10": 0.08256068332481364,
    "p50": 0.20991766680410295,
    "p90": 0.27520565733279
  },
  "ema": {
    "fast": 0.030800111485844286,
    "slow": 0.03463375961938397,
    "fast_period": 20,
    "slow_period": 100
  },
  "etv": {
    "horizon_days": 1,
    "risk_budget_usd": 100,
    "expected_move_usd": 10.98005754484794,
    "qty": 9.107420392976172,
    "notional_usd": 36197.624500291655,
    "leverage": 1
  }
}