{
  "t": "2025-10-24T03:06:54.752Z",
  "spot": 3885.22,
  "sigma_d": 0.002870179699263056,
  "ERI": 0.28701796992630557,
  "percentiles": {
    "p10": 0.08166357686791983,
    "p50": 0.21615787876809783,
    "p90": 0.2729031959693523
  },
  "ema": {
    "fast": 0.04453310031127156,
    "slow": 0.04024622345929263,
    "fast_period": 20,
    "slow_period": 100
  },
  "etv": {
    "horizon_days": 1,
    "risk_budget_usd": 100,
    "expected_move_usd": 11.151279571170809,
    "qty": 8.967580748179616,
    "notional_usd": 34841.02407444241,
    "leverage": 1
  }
}