{
  "t": "2026-01-06T09:37:21.610Z",
  "spot": 3220.1,
  "sigma_d": 0.0016954018532714605,
  "ERI": 0.16954018532714604,
  "percentiles": {
    "p10": 0.13300930458723387,
    "p50": 0.20884838321906668,
    "p90": 0.3124313469826511
  },
  "ema": {
    "fast": 0.038126439732761315,
    "slow": 0.040046420106712936,
    "fast_period": 20,
    "slow_period": 100
  },
  "etv": {
    "horizon_days": 1,
    "risk_budget_usd": 100,
    "expected_move_usd": 5.45936350771943,
    "qty": 18.317153612981077,
    "notional_usd": 58983.06634916036,
    "leverage": 1
  }
}