{
  "t": "2026-06-02T15:02:39.953Z",
  "spot": 1936.99,
  "sigma_d": 0.0024365478765752766,
  "ERI": 0.24365478765752765,
  "percentiles": {
    "p10": 0.09482201381085394,
    "p50": 0.21259579598053813,
    "p90": 0.32972473114700035
  },
  "ema": {
    "fast": 0.04584698809856656,
    "slow": 0.03909127937648428,
    "fast_period": 20,
    "slow_period": 100
  },
  "etv": {
    "horizon_days": 1,
    "risk_budget_usd": 100,
    "expected_move_usd": 4.719568871447545,
    "qty": 21.1883760410787,
    "notional_usd": 41041.67250780903,
    "leverage": 1
  }
}