{
  "t": "2025-09-06T16:28:48.229Z",
  "spot": 4255.61,
  "sigma_d": 0.0025763620970019083,
  "ERI": 0.2576362097001908,
  "percentiles": {
    "p10": 0.07630047380119576,
    "p50": 0.20375558495681773,
    "p90": 0.30292628726740567
  },
  "ema": {
    "fast": 0.03201900151609366,
    "slow": 0.0363663181999244,
    "fast_period": 20,
    "slow_period": 100
  },
  "etv": {
    "horizon_days": 1,
    "risk_budget_usd": 100,
    "expected_move_usd": 10.96399230362229,
    "qty": 9.120765249621888,
    "notional_usd": 38814.4198039434,
    "leverage": 1
  }
}