{
  "t": "2026-06-25T20:19:23.833Z",
  "spot": 1565.13,
  "sigma_d": 0.0018306903047653669,
  "ERI": 0.1830690304765367,
  "percentiles": {
    "p10": 0.08241905834499225,
    "p50": 0.2224331236978609,
    "p90": 0.3817902617639839
  },
  "ema": {
    "fast": 0.03684993796438147,
    "slow": 0.04172707195884768,
    "fast_period": 20,
    "slow_period": 100
  },
  "etv": {
    "horizon_days": 1,
    "risk_budget_usd": 100,
    "expected_move_usd": 2.865268316697419,
    "qty": 34.90074539171345,
    "notional_usd": 54624.20363493248,
    "leverage": 1
  }
}