{
  "t": "2026-01-19T02:32:04.831Z",
  "spot": 3208.09,
  "sigma_d": 0.0007804691820411496,
  "ERI": 0.07804691820411497,
  "percentiles": {
    "p10": 0.07543773376335262,
    "p50": 0.1863105505678347,
    "p90": 0.2562501878017609
  },
  "ema": {
    "fast": 0.027921956071780878,
    "slow": 0.029399093488389406,
    "fast_period": 20,
    "slow_period": 100
  },
  "etv": {
    "horizon_days": 1,
    "risk_budget_usd": 100,
    "expected_move_usd": 2.5038153782143917,
    "qty": 39.93904697211161,
    "notional_usd": 128128.05720076154,
    "leverage": 1
  }
}