{
  "t": "2025-09-18T06:38:27.785Z",
  "spot": 4566.98,
  "sigma_d": 0.0019671637490740767,
  "ERI": 0.19671637490740768,
  "percentiles": {
    "p10": 0.07811761397177577,
    "p50": 0.18228397506080699,
    "p90": 0.2844977667376156
  },
  "ema": {
    "fast": 0.026358012791334595,
    "slow": 0.030200925314169194,
    "fast_period": 20,
    "slow_period": 100
  },
  "etv": {
    "horizon_days": 1,
    "risk_budget_usd": 100,
    "expected_move_usd": 8.983997498746326,
    "qty": 11.130902475646783,
    "notional_usd": 50834.60898822934,
    "leverage": 1
  }
}