{
  "t": "2026-02-12T13:40:50.486Z",
  "spot": 1986.36,
  "sigma_d": 0.002972800120847709,
  "ERI": 0.2972800120847709,
  "percentiles": {
    "p10": 0.08997237073302357,
    "p50": 0.25224788916650515,
    "p90": 0.37771311101948796
  },
  "ema": {
    "fast": 0.056161954654341935,
    "slow": 0.05975686857799552,
    "fast_period": 20,
    "slow_period": 100
  },
  "etv": {
    "horizon_days": 1,
    "risk_budget_usd": 100,
    "expected_move_usd": 5.905051248047054,
    "qty": 16.9346540443781,
    "notional_usd": 33638.31940759088,
    "leverage": 1
  }
}