{
  "t": "2025-12-20T22:28:57.674Z",
  "spot": 2974.37,
  "sigma_d": 0.0027829755091007603,
  "ERI": 0.278297550910076,
  "percentiles": {
    "p10": 0.08135616126397803,
    "p50": 0.20682705670719104,
    "p90": 0.28582780467356655
  },
  "ema": {
    "fast": 0.04952936994091628,
    "slow": 0.040774476346889556,
    "fast_period": 20,
    "slow_period": 100
  },
  "etv": {
    "horizon_days": 1,
    "risk_budget_usd": 100,
    "expected_move_usd": 8.277598865004029,
    "qty": 12.080798022573823,
    "notional_usd": 35932.763214402905,
    "leverage": 1
  }
}