{
  "t": "2025-09-15T04:32:09.521Z",
  "spot": 4648.58,
  "sigma_d": 0.0007987717721946167,
  "ERI": 0.07987717721946168,
  "percentiles": {
    "p10": 0.07750861984066773,
    "p50": 0.18782605762438825,
    "p90": 0.32605710988921516
  },
  "ema": {
    "fast": 0.031192744180399325,
    "slow": 0.0328087608097532,
    "fast_period": 20,
    "slow_period": 100
  },
  "etv": {
    "horizon_days": 1,
    "risk_budget_usd": 100,
    "expected_move_usd": 3.7131544847884514,
    "qty": 26.931279161604092,
    "notional_usd": 125192.20568504954,
    "leverage": 1
  }
}