{
  "t": "2025-10-22T12:59:46.812Z",
  "spot": 3848.01,
  "sigma_d": 0.00213789886903303,
  "ERI": 0.213789886903303,
  "percentiles": {
    "p10": 0.08122282282765064,
    "p50": 0.21042940362359802,
    "p90": 0.2669112605786823
  },
  "ema": {
    "fast": 0.040595553257188804,
    "slow": 0.039149737014368226,
    "fast_period": 20,
    "slow_period": 100
  },
  "etv": {
    "horizon_days": 1,
    "risk_budget_usd": 100,
    "expected_move_usd": 8.22665622702779,
    "qty": 12.155606997586796,
    "notional_usd": 46774.89728278397,
    "leverage": 1
  }
}