{
  "t": "2025-10-16T02:00:48.319Z",
  "spot": 4010.38,
  "sigma_d": 0.0008015436288914358,
  "ERI": 0.08015436288914358,
  "percentiles": {
    "p10": 0.080323181072865,
    "p50": 0.2189836331772912,
    "p90": 0.27569173721386064
  },
  "ema": {
    "fast": 0.033749216095487464,
    "slow": 0.0355188219390939,
    "fast_period": 20,
    "slow_period": 100
  },
  "etv": {
    "horizon_days": 1,
    "risk_budget_usd": 100,
    "expected_move_usd": 3.2144945384336365,
    "qty": 31.10909003090985,
    "notional_usd": 124759.27247816024,
    "leverage": 1
  }
}