{
  "t": "2026-05-11T23:06:46.531Z",
  "spot": 2338.88,
  "sigma_d": 0.0029672032332992136,
  "ERI": 0.2967203233299214,
  "percentiles": {
    "p10": 0.08676897632937358,
    "p50": 0.2080853158620277,
    "p90": 0.274562806070942
  },
  "ema": {
    "fast": 0.0497503158580419,
    "slow": 0.04391811182081939,
    "fast_period": 20,
    "slow_period": 100
  },
  "etv": {
    "horizon_days": 1,
    "risk_budget_usd": 100,
    "expected_move_usd": 6.939932298298865,
    "qty": 14.40936246950309,
    "notional_usd": 33701.76969267139,
    "leverage": 1
  }
}