{
  "t": "2026-03-14T21:36:44.533Z",
  "spot": 2083.81,
  "sigma_d": 0.0025176289914525083,
  "ERI": 0.25176289914525085,
  "percentiles": {
    "p10": 0.11009029888217114,
    "p50": 0.2728995776483467,
    "p90": 0.36057735857294637
  },
  "ema": {
    "fast": 0.05022445799808439,
    "slow": 0.04700872896885978,
    "fast_period": 20,
    "slow_period": 100
  },
  "etv": {
    "horizon_days": 1,
    "risk_budget_usd": 100,
    "expected_move_usd": 5.246260468678651,
    "qty": 19.061196179073146,
    "notional_usd": 39719.91120991441,
    "leverage": 1
  }
}