{
  "t": "2025-09-08T22:26:31.480Z",
  "spot": 4320.85,
  "sigma_d": 0.0017934890095494713,
  "ERI": 0.17934890095494713,
  "percentiles": {
    "p10": 0.07442297349496432,
    "p50": 0.21027101106387328,
    "p90": 0.3161455110270498
  },
  "ema": {
    "fast": 0.038772697467456166,
    "slow": 0.038691181845861226,
    "fast_period": 20,
    "slow_period": 100
  },
  "etv": {
    "horizon_days": 1,
    "risk_budget_usd": 100,
    "expected_move_usd": 7.749396986911834,
    "qty": 12.904229860580468,
    "notional_usd": 55757.24159308912,
    "leverage": 1
  }
}