{
  "t": "2025-12-09T14:35:13.655Z",
  "spot": 3103.48,
  "sigma_d": 0.0007795324249108388,
  "ERI": 0.07795324249108389,
  "percentiles": {
    "p10": 0.07816810724850534,
    "p50": 0.22103888762934099,
    "p90": 0.34396451174852344
  },
  "ema": {
    "fast": 0.02929730590854389,
    "slow": 0.0393917483856773,
    "fast_period": 20,
    "slow_period": 100
  },
  "etv": {
    "horizon_days": 1,
    "risk_budget_usd": 100,
    "expected_move_usd": 2.41926329006229,
    "qty": 41.33489745029994,
    "notional_usd": 128282.02753905686,
    "leverage": 1
  }
}