{
  "t": "2025-09-26T20:28:15.807Z",
  "spot": 4018.69,
  "sigma_d": 0.0011307669745787166,
  "ERI": 0.11307669745787166,
  "percentiles": {
    "p10": 0.07393248550203152,
    "p50": 0.18856748530898582,
    "p90": 0.24723096215016804
  },
  "ema": {
    "fast": 0.03524766737026982,
    "slow": 0.03600474710551044,
    "fast_period": 20,
    "slow_period": 100
  },
  "etv": {
    "horizon_days": 1,
    "risk_budget_usd": 100,
    "expected_move_usd": 4.5442019330697425,
    "qty": 22.006064315114415,
    "notional_usd": 88435.55060250715,
    "leverage": 1
  }
}