{
  "t": "2026-01-18T21:27:23.299Z",
  "spot": 3338.28,
  "sigma_d": 0.0016645778646467823,
  "ERI": 0.16645778646467824,
  "percentiles": {
    "p10": 0.07543773376335262,
    "p50": 0.1899778675152023,
    "p90": 0.257597336484723
  },
  "ema": {
    "fast": 0.029213573439308277,
    "slow": 0.029685696773146735,
    "fast_period": 20,
    "slow_period": 100
  },
  "etv": {
    "horizon_days": 1,
    "risk_budget_usd": 100,
    "expected_move_usd": 5.556826993993061,
    "qty": 17.995881482022053,
    "notional_usd": 60075.291233804586,
    "leverage": 1
  }
}