{
  "t": "2025-12-31T06:48:19.296Z",
  "spot": 2972.1,
  "sigma_d": 0.002947585933936226,
  "ERI": 0.2947585933936226,
  "percentiles": {
    "p10": 0.15193186862445265,
    "p50": 0.21675264474667377,
    "p90": 0.2965373562215648
  },
  "ema": {
    "fast": 0.05352851080459657,
    "slow": 0.04404950382241015,
    "fast_period": 20,
    "slow_period": 100
  },
  "etv": {
    "horizon_days": 1,
    "risk_budget_usd": 100,
    "expected_move_usd": 8.760520154251857,
    "qty": 11.414847319478593,
    "notional_usd": 33926.06771822232,
    "leverage": 1
  }
}