{
  "t": "2026-01-09T06:49:37.484Z",
  "spot": 3120.14,
  "sigma_d": 0.00151129552021236,
  "ERI": 0.15112955202123599,
  "percentiles": {
    "p10": 0.11566558724604548,
    "p50": 0.21485528164637033,
    "p90": 0.3186189896762125
  },
  "ema": {
    "fast": 0.03277649688026679,
    "slow": 0.039290914330582585,
    "fast_period": 20,
    "slow_period": 100
  },
  "etv": {
    "horizon_days": 1,
    "risk_budget_usd": 100,
    "expected_move_usd": 4.7154536044353925,
    "qty": 21.206867544182646,
    "notional_usd": 66168.39569930604,
    "leverage": 1
  }
}