{
  "t": "2025-11-11T23:25:46.847Z",
  "spot": 3431.47,
  "sigma_d": 0.0024295661277449914,
  "ERI": 0.24295661277449915,
  "percentiles": {
    "p10": 0.08208011254149013,
    "p50": 0.21627990180957424,
    "p90": 0.29607826864715775
  },
  "ema": {
    "fast": 0.038392846651067604,
    "slow": 0.03723246527493158,
    "fast_period": 20,
    "slow_period": 100
  },
  "etv": {
    "horizon_days": 1,
    "risk_budget_usd": 100,
    "expected_move_usd": 8.336983280373106,
    "qty": 11.994746377316075,
    "notional_usd": 41159.612351368785,
    "leverage": 1
  }
}