{
  "t": "2026-03-07T14:36:10.090Z",
  "spot": 1977.15,
  "sigma_d": 0.0030555927700616488,
  "ERI": 0.30555927700616486,
  "percentiles": {
    "p10": 0.1069178646034985,
    "p50": 0.2795215561618538,
    "p90": 0.3608180597469755
  },
  "ema": {
    "fast": 0.059312606794749624,
    "slow": 0.05157914512303659,
    "fast_period": 20,
    "slow_period": 100
  },
  "etv": {
    "horizon_days": 1,
    "risk_budget_usd": 100,
    "expected_move_usd": 6.041365245327389,
    "qty": 16.552549951742055,
    "notional_usd": 32726.874137086805,
    "leverage": 1
  }
}