{
  "t": "2026-06-21T15:15:36.944Z",
  "spot": 1727.32,
  "sigma_d": 0.002165634285691988,
  "ERI": 0.2165634285691988,
  "percentiles": {
    "p10": 0.08219290420103595,
    "p50": 0.2104607987501042,
    "p90": 0.3817902617639839
  },
  "ema": {
    "fast": 0.04266473629745825,
    "slow": 0.04559893817523137,
    "fast_period": 20,
    "slow_period": 100
  },
  "etv": {
    "horizon_days": 1,
    "risk_budget_usd": 100,
    "expected_move_usd": 3.7407434143614844,
    "qty": 26.732654160688863,
    "notional_usd": 46175.84818484109,
    "leverage": 1
  }
}