{
  "t": "2025-09-05T09:27:30.465Z",
  "spot": 4382.33,
  "sigma_d": 0.0030430981764455727,
  "ERI": 0.3043098176445573,
  "percentiles": {
    "p10": 0.08188164493783995,
    "p50": 0.2247470898727552,
    "p90": 0.3006396828273511
  },
  "ema": {
    "fast": 0.04199873035761546,
    "slow": 0.041297278706487216,
    "fast_period": 20,
    "slow_period": 100
  },
  "etv": {
    "horizon_days": 1,
    "risk_budget_usd": 100,
    "expected_move_usd": 13.335860431582727,
    "qty": 7.498578776602553,
    "notional_usd": 32861.24673006867,
    "leverage": 1
  }
}