{
  "t": "2025-10-10T01:58:30.432Z",
  "spot": 4375.64,
  "sigma_d": 0.002807061969915118,
  "ERI": 0.2807061969915118,
  "percentiles": {
    "p10": 0.07139514265924364,
    "p50": 0.21528724023602325,
    "p90": 0.27663929364461687
  },
  "ema": {
    "fast": 0.03940790355736292,
    "slow": 0.0386119999541958,
    "fast_period": 20,
    "slow_period": 100
  },
  "etv": {
    "horizon_days": 1,
    "risk_budget_usd": 100,
    "expected_move_usd": 12.282692638039387,
    "qty": 8.141537279073557,
    "notional_usd": 35624.43617980542,
    "leverage": 1
  }
}