{
  "t": "2025-10-24T17:26:05.694Z",
  "spot": 3897.92,
  "sigma_d": 0.0006868331244066407,
  "ERI": 0.06868331244066407,
  "percentiles": {
    "p10": 0.08098626447852347,
    "p50": 0.21380800729477484,
    "p90": 0.27255370346420243
  },
  "ema": {
    "fast": 0.03837095944736048,
    "slow": 0.039751038564174494,
    "fast_period": 20,
    "slow_period": 100
  },
  "etv": {
    "horizon_days": 1,
    "risk_budget_usd": 100,
    "expected_move_usd": 2.677220572287133,
    "qty": 37.35217076812263,
    "notional_usd": 145595.77348048057,
    "leverage": 1
  }
}