{
  "t": "2026-04-05T09:52:40.722Z",
  "spot": 2045.03,
  "sigma_d": 0.0038315084116680846,
  "ERI": 0.3831508411668085,
  "percentiles": {
    "p10": 0.09084878321617929,
    "p50": 0.20465528175552117,
    "p90": 0.3286349350210798
  },
  "ema": {
    "fast": 0.03955240740877224,
    "slow": 0.03838715936186819,
    "fast_period": 20,
    "slow_period": 100
  },
  "etv": {
    "horizon_days": 1,
    "risk_budget_usd": 100,
    "expected_move_usd": 7.835549647113583,
    "qty": 12.762346549209532,
    "notional_usd": 26099.38156352997,
    "leverage": 1
  }
}