{
  "t": "2025-11-03T15:30:30.989Z",
  "spot": 3655.81,
  "sigma_d": 0.002377156592227468,
  "ERI": 0.23771565922274682,
  "percentiles": {
    "p10": 0.08418521328055745,
    "p50": 0.2190380952761337,
    "p90": 0.2909961502761157
  },
  "ema": {
    "fast": 0.03411731755929055,
    "slow": 0.041690567093726455,
    "fast_period": 20,
    "slow_period": 100
  },
  "etv": {
    "horizon_days": 1,
    "risk_budget_usd": 100,
    "expected_move_usd": 8.6904328414311,
    "qty": 11.506906712776859,
    "notional_usd": 42067.06462963677,
    "leverage": 1
  }
}