{
  "t": "2025-09-07T10:25:58.808Z",
  "spot": 4300.17,
  "sigma_d": 0.0007179217131577586,
  "ERI": 0.07179217131577587,
  "percentiles": {
    "p10": 0.07610966026509262,
    "p50": 0.2173250223728886,
    "p90": 0.3100122000099002
  },
  "ema": {
    "fast": 0.04141005644315574,
    "slow": 0.03975708047786749,
    "fast_period": 20,
    "slow_period": 100
  },
  "etv": {
    "horizon_days": 1,
    "risk_budget_usd": 100,
    "expected_move_usd": 3.087185413269599,
    "qty": 32.39196439908391,
    "notional_usd": 139290.95355000865,
    "leverage": 1
  }
}