{
  "t": "2025-09-20T22:24:23.655Z",
  "spot": 4495.01,
  "sigma_d": 0.0006029281342177386,
  "ERI": 0.06029281342177386,
  "percentiles": {
    "p10": 0.08076271068410723,
    "p50": 0.17260106852305718,
    "p90": 0.23203035452664267
  },
  "ema": {
    "fast": 0.030468860521691662,
    "slow": 0.029040739463684555,
    "fast_period": 20,
    "slow_period": 100
  },
  "etv": {
    "horizon_days": 1,
    "risk_budget_usd": 100,
    "expected_move_usd": 2.710167992590077,
    "qty": 36.898081695825475,
    "notional_usd": 165857.24620355247,
    "leverage": 1
  }
}