{
  "t": "2026-04-25T07:42:48.554Z",
  "spot": 2316.73,
  "sigma_d": 0.001889555424664609,
  "ERI": 0.1889555424664609,
  "percentiles": {
    "p10": 0.08726502285401226,
    "p50": 0.2159029356816255,
    "p90": 0.3278416532475534
  },
  "ema": {
    "fast": 0.03573816608594528,
    "slow": 0.035299633086048686,
    "fast_period": 20,
    "slow_period": 100
  },
  "etv": {
    "horizon_days": 1,
    "risk_budget_usd": 100,
    "expected_move_usd": 4.377589738983239,
    "qty": 22.84362079650399,
    "notional_usd": 52922.50160788469,
    "leverage": 1
  }
}