{
  "t": "2026-04-14T20:12:56.695Z",
  "spot": 2318.71,
  "sigma_d": 0.0025108343785556113,
  "ERI": 0.25108343785556114,
  "percentiles": {
    "p10": 0.08901808514125302,
    "p50": 0.22740126911753786,
    "p90": 0.3507115550592297
  },
  "ema": {
    "fast": 0.0468185552422406,
    "slow": 0.04582868027920002,
    "fast_period": 20,
    "slow_period": 100
  },
  "etv": {
    "horizon_days": 1,
    "risk_budget_usd": 100,
    "expected_move_usd": 5.821896781900682,
    "qty": 17.17653262264689,
    "notional_usd": 39827.397957457564,
    "leverage": 1
  }
}