{
  "t": "2026-01-21T02:29:32.967Z",
  "spot": 2964.18,
  "sigma_d": 0.002528117041189503,
  "ERI": 0.2528117041189503,
  "percentiles": {
    "p10": 0.07255502410957532,
    "p50": 0.17679634530840344,
    "p90": 0.25166807114912065
  },
  "ema": {
    "fast": 0.038151886130001034,
    "slow": 0.031159725131111555,
    "fast_period": 20,
    "slow_period": 100
  },
  "etv": {
    "horizon_days": 1,
    "risk_budget_usd": 100,
    "expected_move_usd": 7.493793971153101,
    "qty": 13.344375410498854,
    "notional_usd": 39555.13070429249,
    "leverage": 1
  }
}