{
  "t": "2026-03-28T18:56:56.899Z",
  "spot": 2020.89,
  "sigma_d": 0.0023677003954696604,
  "ERI": 0.23677003954696604,
  "percentiles": {
    "p10": 0.09385409740716054,
    "p50": 0.2299827372253617,
    "p90": 0.30238776937458894
  },
  "ema": {
    "fast": 0.04840308527063698,
    "slow": 0.04441734277262013,
    "fast_period": 20,
    "slow_period": 100
  },
  "etv": {
    "horizon_days": 1,
    "risk_budget_usd": 100,
    "expected_move_usd": 4.784862052200682,
    "qty": 20.89924409712238,
    "notional_usd": 42235.07340343365,
    "leverage": 1
  }
}