{
  "t": "2025-09-22T10:32:12.645Z",
  "spot": 4173.24,
  "sigma_d": 0.0023418377795272507,
  "ERI": 0.23418377795272508,
  "percentiles": {
    "p10": 0.07989218135523876,
    "p50": 0.17340465651228337,
    "p90": 0.2295825845410345
  },
  "ema": {
    "fast": 0.033193953841283326,
    "slow": 0.03248574669111648,
    "fast_period": 20,
    "slow_period": 100
  },
  "etv": {
    "horizon_days": 1,
    "risk_budget_usd": 100,
    "expected_move_usd": 9.773051095034303,
    "qty": 10.232219091825899,
    "notional_usd": 42701.50600277151,
    "leverage": 1
  }
}