{
  "t": "2026-04-24T21:01:33.153Z",
  "spot": 2327.34,
  "sigma_d": 0.0023301784547693142,
  "ERI": 0.2330178454769314,
  "percentiles": {
    "p10": 0.08654196907008266,
    "p50": 0.2226998416812048,
    "p90": 0.33368230383154196
  },
  "ema": {
    "fast": 0.03589654252678774,
    "slow": 0.03527587021290448,
    "fast_period": 20,
    "slow_period": 100
  },
  "etv": {
    "horizon_days": 1,
    "risk_budget_usd": 100,
    "expected_move_usd": 5.423117524922816,
    "qty": 18.439578257419978,
    "notional_usd": 42915.168061623815,
    "leverage": 1
  }
}