{
  "t": "2025-10-11T20:25:52.263Z",
  "spot": 3732.23,
  "sigma_d": 0.002177307893086275,
  "ERI": 0.2177307893086275,
  "percentiles": {
    "p10": 0.07266048910980512,
    "p50": 0.21718086021168587,
    "p90": 0.2767314733589211
  },
  "ema": {
    "fast": 0.03577918378338475,
    "slow": 0.036958818350196494,
    "fast_period": 20,
    "slow_period": 100
  },
  "etv": {
    "horizon_days": 1,
    "risk_budget_usd": 100,
    "expected_move_usd": 8.126213837813388,
    "qty": 12.305853869445814,
    "notional_usd": 45928.27698716175,
    "leverage": 1
  }
}