{
  "t": "2026-05-24T19:37:20.942Z",
  "spot": 2094.49,
  "sigma_d": 0.003866021052560567,
  "ERI": 0.3866021052560567,
  "percentiles": {
    "p10": 0.09165031086267898,
    "p50": 0.21333150885003221,
    "p90": 0.30169690264744425
  },
  "ema": {
    "fast": 0.039370737744073854,
    "slow": 0.03941339981310699,
    "fast_period": 20,
    "slow_period": 100
  },
  "etv": {
    "horizon_days": 1,
    "risk_budget_usd": 100,
    "expected_move_usd": 8.09734243437758,
    "qty": 12.349730891390506,
    "notional_usd": 25866.387854708497,
    "leverage": 1
  }
}