{
  "t": "2025-11-06T22:28:40.757Z",
  "spot": 3318.35,
  "sigma_d": 0.001454139633439798,
  "ERI": 0.1454139633439798,
  "percentiles": {
    "p10": 0.07486604198958181,
    "p50": 0.21680191248930614,
    "p90": 0.29561773461855895
  },
  "ema": {
    "fast": 0.036857129699635435,
    "slow": 0.038733781380360946,
    "fast_period": 20,
    "slow_period": 100
  },
  "etv": {
    "horizon_days": 1,
    "risk_budget_usd": 100,
    "expected_move_usd": 4.825344252624953,
    "qty": 20.723909997841233,
    "notional_usd": 68769.18674133645,
    "leverage": 1
  }
}