{
  "t": "2025-09-19T11:22:58.048Z",
  "spot": 4519.78,
  "sigma_d": 0.0013247401785409392,
  "ERI": 0.13247401785409393,
  "percentiles": {
    "p10": 0.08225378777923717,
    "p50": 0.18185497230232542,
    "p90": 0.2474845306219156
  },
  "ema": {
    "fast": 0.02967714058005252,
    "slow": 0.029924415171483483,
    "fast_period": 20,
    "slow_period": 100
  },
  "etv": {
    "horizon_days": 1,
    "risk_budget_usd": 100,
    "expected_move_usd": 5.987534164165766,
    "qty": 16.701366081296147,
    "notional_usd": 75486.5003869207,
    "leverage": 1
  }
}