{
  "t": "2025-12-12T14:29:06.841Z",
  "spot": 3228.34,
  "sigma_d": 0.0019437352742839775,
  "ERI": 0.19437352742839775,
  "percentiles": {
    "p10": 0.08418805675846316,
    "p50": 0.2222226526494567,
    "p90": 0.3354547618461036
  },
  "ema": {
    "fast": 0.0373294088776112,
    "slow": 0.037831110129757914,
    "fast_period": 20,
    "slow_period": 100
  },
  "etv": {
    "horizon_days": 1,
    "risk_budget_usd": 100,
    "expected_move_usd": 6.275038335381936,
    "qty": 15.936157622519673,
    "notional_usd": 51447.33509908516,
    "leverage": 1
  }
}