{
  "t": "2025-09-06T15:23:11.770Z",
  "spot": 4278.78,
  "sigma_d": 0.00308659535462532,
  "ERI": 0.308659535462532,
  "percentiles": {
    "p10": 0.07625277041716996,
    "p50": 0.20337434161941426,
    "p90": 0.3030265924500944
  },
  "ema": {
    "fast": 0.030208230228195063,
    "slow": 0.03610662101707175,
    "fast_period": 20,
    "slow_period": 100
  },
  "etv": {
    "horizon_days": 1,
    "risk_budget_usd": 100,
    "expected_move_usd": 13.206862471463726,
    "qty": 7.571821105585945,
    "notional_usd": 32398.15671015903,
    "leverage": 1
  }
}