{
  "t": "2025-09-05T14:27:10.790Z",
  "spot": 4337.48,
  "sigma_d": 0.002013165977138968,
  "ERI": 0.20131659771389682,
  "percentiles": {
    "p10": 0.08191432657617183,
    "p50": 0.22174040793059852,
    "p90": 0.30048552785353894
  },
  "ema": {
    "fast": 0.039134267759895335,
    "slow": 0.040561593759486016,
    "fast_period": 20,
    "slow_period": 100
  },
  "etv": {
    "horizon_days": 1,
    "risk_budget_usd": 100,
    "expected_move_usd": 8.73206716252073,
    "qty": 11.452042012367263,
    "notional_usd": 49673.00318780275,
    "leverage": 1
  }
}