{
  "t": "2026-04-18T22:50:27.513Z",
  "spot": 2357.4,
  "sigma_d": 0.0011080737951578011,
  "ERI": 0.11080737951578011,
  "percentiles": {
    "p10": 0.08768601658402408,
    "p50": 0.21385218036352943,
    "p90": 0.342236090202763
  },
  "ema": {
    "fast": 0.028467950977585005,
    "slow": 0.03847871418738346,
    "fast_period": 20,
    "slow_period": 100
  },
  "etv": {
    "horizon_days": 1,
    "risk_budget_usd": 100,
    "expected_move_usd": 2.6121731647050006,
    "qty": 38.282301246783256,
    "notional_usd": 90246.69695916685,
    "leverage": 1
  }
}