{
  "t": "2025-12-02T23:27:13.576Z",
  "spot": 3010.8,
  "sigma_d": 0.0010431694367651126,
  "ERI": 0.10431694367651126,
  "percentiles": {
    "p10": 0.07676241052515967,
    "p50": 0.1936834668996273,
    "p90": 0.32430331733811585
  },
  "ema": {
    "fast": 0.03809042692693184,
    "slow": 0.03736381166669196,
    "fast_period": 20,
    "slow_period": 100
  },
  "etv": {
    "horizon_days": 1,
    "risk_budget_usd": 100,
    "expected_move_usd": 3.1407745402124014,
    "qty": 31.839279999142278,
    "notional_usd": 95861.70422141757,
    "leverage": 1
  }
}