{
  "t": "2025-10-06T12:56:02.417Z",
  "spot": 4579.81,
  "sigma_d": 0.0026286679512088264,
  "ERI": 0.2628667951208826,
  "percentiles": {
    "p10": 0.07091856349939592,
    "p50": 0.18710607455717707,
    "p90": 0.2735178875000177
  },
  "ema": {
    "fast": 0.03960399331614741,
    "slow": 0.03708838709534768,
    "fast_period": 20,
    "slow_period": 100
  },
  "etv": {
    "horizon_days": 1,
    "risk_budget_usd": 100,
    "expected_move_usd": 12.038799769625696,
    "qty": 8.306475887430524,
    "notional_usd": 38042.08133401319,
    "leverage": 1
  }
}