{
  "t": "2025-11-23T10:29:24.868Z",
  "spot": 2809.43,
  "sigma_d": 0.0009623423124086456,
  "ERI": 0.09623423124086457,
  "percentiles": {
    "p10": 0.08270103127911355,
    "p50": 0.2052931724746403,
    "p90": 0.29153839848250634
  },
  "ema": {
    "fast": 0.03536904944907136,
    "slow": 0.03911550111315514,
    "fast_period": 20,
    "slow_period": 100
  },
  "etv": {
    "horizon_days": 1,
    "risk_budget_usd": 100,
    "expected_move_usd": 2.7036333627502214,
    "qty": 36.98726364963807,
    "notional_usd": 103913.12811520266,
    "leverage": 1
  }
}