{
  "t": "2025-10-08T11:22:45.272Z",
  "spot": 4496.88,
  "sigma_d": 0.0006887508088788813,
  "ERI": 0.06887508088788813,
  "percentiles": {
    "p10": 0.07073861986214414,
    "p50": 0.206628250155752,
    "p90": 0.2772309688934991
  },
  "ema": {
    "fast": 0.04052299833712094,
    "slow": 0.038879268830062166,
    "fast_period": 20,
    "slow_period": 100
  },
  "etv": {
    "horizon_days": 1,
    "risk_budget_usd": 100,
    "expected_move_usd": 3.097229737431264,
    "qty": 32.28691717358253,
    "notional_usd": 145190.3920995398,
    "leverage": 1
  }
}