{
  "t": "2026-02-08T11:33:11.373Z",
  "spot": 2114.65,
  "sigma_d": 0.0022146487698746237,
  "ERI": 0.22146487698746237,
  "percentiles": {
    "p10": 0.07765476683970435,
    "p50": 0.20262584584822474,
    "p90": 0.36621823955378113
  },
  "ema": {
    "fast": 0.050419308412307705,
    "slow": 0.04937379260996397,
    "fast_period": 20,
    "slow_period": 100
  },
  "etv": {
    "horizon_days": 1,
    "risk_budget_usd": 100,
    "expected_move_usd": 4.683207021215373,
    "qty": 21.352889066614072,
    "notional_usd": 45153.88686471545,
    "leverage": 1
  }
}