{
  "t": "2025-09-19T12:53:50.526Z",
  "spot": 4519.31,
  "sigma_d": 0.001276002810221478,
  "ERI": 0.1276002810221478,
  "percentiles": {
    "p10": 0.08225378777923717,
    "p50": 0.18154964991597816,
    "p90": 0.2474845306219156
  },
  "ema": {
    "fast": 0.029172460473373477,
    "slow": 0.02981458515739317,
    "fast_period": 20,
    "slow_period": 100
  },
  "etv": {
    "horizon_days": 1,
    "risk_budget_usd": 100,
    "expected_move_usd": 5.7666522602620285,
    "qty": 17.34108378427801,
    "notional_usd": 78369.73335712546,
    "leverage": 1
  }
}