{
  "t": "2025-12-06T16:33:36.270Z",
  "spot": 3054.34,
  "sigma_d": 0.002969584711923848,
  "ERI": 0.2969584711923848,
  "percentiles": {
    "p10": 0.07697496978486684,
    "p50": 0.2062722387850489,
    "p90": 0.34624717054840004
  },
  "ema": {
    "fast": 0.043610577445477285,
    "slow": 0.04346840074218565,
    "fast_period": 20,
    "slow_period": 100
  },
  "etv": {
    "horizon_days": 1,
    "risk_budget_usd": 100,
    "expected_move_usd": 9.070121369017485,
    "qty": 11.025210791730832,
    "notional_usd": 33674.74232961515,
    "leverage": 1
  }
}