{
  "t": "2026-02-11T05:42:02.174Z",
  "spot": 1976.93,
  "sigma_d": 0.003231208058948657,
  "ERI": 0.3231208058948657,
  "percentiles": {
    "p10": 0.08306064352429232,
    "p50": 0.2259374392882126,
    "p90": 0.375467635310218
  },
  "ema": {
    "fast": 0.07409713103641312,
    "slow": 0.06344875739232785,
    "fast_period": 20,
    "slow_period": 100
  },
  "etv": {
    "horizon_days": 1,
    "risk_budget_usd": 100,
    "expected_move_usd": 6.387872147977369,
    "qty": 15.654665228649515,
    "notional_usd": 30948.177330474085,
    "leverage": 1
  }
}