{
  "t": "2026-06-28T16:21:50.462Z",
  "spot": 1577.31,
  "sigma_d": 0.002559970916285556,
  "ERI": 0.2559970916285556,
  "percentiles": {
    "p10": 0.08370521180631367,
    "p50": 0.2288529801393659,
    "p90": 0.3788689558936226
  },
  "ema": {
    "fast": 0.0464205421864336,
    "slow": 0.04351627026511822,
    "fast_period": 20,
    "slow_period": 100
  },
  "etv": {
    "horizon_days": 1,
    "risk_budget_usd": 100,
    "expected_move_usd": 4.03786772596637,
    "qty": 24.765546270109013,
    "notional_usd": 39062.943787305645,
    "leverage": 1
  }
}