{
  "t": "2026-01-10T22:30:58.634Z",
  "spot": 3077.47,
  "sigma_d": 0.001952721139421542,
  "ERI": 0.19527211394215419,
  "percentiles": {
    "p10": 0.10586925557021208,
    "p50": 0.22670475988849054,
    "p90": 0.3186189896762125
  },
  "ema": {
    "fast": 0.04293128986869449,
    "slow": 0.0403619792322157,
    "fast_period": 20,
    "slow_period": 100
  },
  "etv": {
    "horizon_days": 1,
    "risk_budget_usd": 100,
    "expected_move_usd": 6.0094407249356125,
    "qty": 16.64048362854456,
    "notional_usd": 51210.589152337016,
    "leverage": 1
  }
}