{
  "t": "2026-02-07T18:51:29.003Z",
  "spot": 2100.95,
  "sigma_d": 0.0009666128084469103,
  "ERI": 0.09666128084469103,
  "percentiles": {
    "p10": 0.07716787856358145,
    "p50": 0.19770311520756023,
    "p90": 0.3569493722492319
  },
  "ema": {
    "fast": 0.040951285566174646,
    "slow": 0.04742939407467186,
    "fast_period": 20,
    "slow_period": 100
  },
  "etv": {
    "horizon_days": 1,
    "risk_budget_usd": 100,
    "expected_move_usd": 2.030805179906536,
    "qty": 49.24155255729765,
    "notional_usd": 103454.03984525449,
    "leverage": 1
  }
}