{
  "t": "2026-01-10T12:57:50.887Z",
  "spot": 3094.74,
  "sigma_d": 0.0025167464257481744,
  "ERI": 0.2516746425748174,
  "percentiles": {
    "p10": 0.10586925557021208,
    "p50": 0.22218019904725786,
    "p90": 0.3186189896762125
  },
  "ema": {
    "fast": 0.041411987288869044,
    "slow": 0.039482016477742694,
    "fast_period": 20,
    "slow_period": 100
  },
  "etv": {
    "horizon_days": 1,
    "risk_budget_usd": 100,
    "expected_move_usd": 7.788675833619904,
    "qty": 12.839152910735983,
    "notional_usd": 39733.84007897107,
    "leverage": 1
  }
}