{
  "t": "2025-10-21T09:30:13.246Z",
  "spot": 3872.48,
  "sigma_d": 0.0025767939155486633,
  "ERI": 0.25767939155486635,
  "percentiles": {
    "p10": 0.08117505264610382,
    "p50": 0.20786425448120857,
    "p90": 0.2701053784852573
  },
  "ema": {
    "fast": 0.04452642751345431,
    "slow": 0.03851787908276644,
    "fast_period": 20,
    "slow_period": 100
  },
  "etv": {
    "horizon_days": 1,
    "risk_budget_usd": 100,
    "expected_move_usd": 9.978582902083888,
    "qty": 10.02146306557381,
    "notional_usd": 38807.91529217327,
    "leverage": 1
  }
}