{
  "t": "2026-04-11T20:48:59.512Z",
  "spot": 2295.95,
  "sigma_d": 0.003404066579951915,
  "ERI": 0.3404066579951915,
  "percentiles": {
    "p10": 0.08949175669885677,
    "p50": 0.2282361075457852,
    "p90": 0.34972341073660895
  },
  "ema": {
    "fast": 0.04622258263041643,
    "slow": 0.04567067532092041,
    "fast_period": 20,
    "slow_period": 100
  },
  "etv": {
    "horizon_days": 1,
    "risk_budget_usd": 100,
    "expected_move_usd": 7.815566664240598,
    "qty": 12.79497754878616,
    "notional_usd": 29376.628703135582,
    "leverage": 1
  }
}