{
  "t": "2026-05-20T18:28:11.141Z",
  "spot": 2133.05,
  "sigma_d": 0.0017988751566353934,
  "ERI": 0.17988751566353933,
  "percentiles": {
    "p10": 0.0880319950473507,
    "p50": 0.22517338215317503,
    "p90": 0.29686709819303464
  },
  "ema": {
    "fast": 0.031660406348449,
    "slow": 0.040241215226759094,
    "fast_period": 20,
    "slow_period": 100
  },
  "etv": {
    "horizon_days": 1,
    "risk_budget_usd": 100,
    "expected_move_usd": 3.837090652861126,
    "qty": 26.061411899516894,
    "notional_usd": 55590.294652264514,
    "leverage": 1
  }
}