{
  "t": "2025-09-04T18:36:29.064Z",
  "spot": 4289.84,
  "sigma_d": 0.0032329449414232885,
  "ERI": 0.32329449414232886,
  "percentiles": {
    "p10": 0.08202729567103634,
    "p50": 0.22959621263419114,
    "p90": 0.3001779713134092
  },
  "ema": {
    "fast": 0.042103342869817414,
    "slow": 0.041993208245146456,
    "fast_period": 20,
    "slow_period": 100
  },
  "etv": {
    "horizon_days": 1,
    "risk_budget_usd": 100,
    "expected_move_usd": 13.86881652751528,
    "qty": 7.21042057205121,
    "notional_usd": 30931.550586808164,
    "leverage": 1
  }
}