{
  "t": "2025-09-07T03:08:39.825Z",
  "spot": 4296.1,
  "sigma_d": 0.0034736117958270554,
  "ERI": 0.34736117958270557,
  "percentiles": {
    "p10": 0.07691678337314119,
    "p50": 0.21847182158741527,
    "p90": 0.3089134977310267
  },
  "ema": {
    "fast": 0.04907305734184151,
    "slow": 0.040296605262926326,
    "fast_period": 20,
    "slow_period": 100
  },
  "etv": {
    "horizon_days": 1,
    "risk_budget_usd": 100,
    "expected_move_usd": 14.922983636052614,
    "qty": 6.701072817530189,
    "notional_usd": 28788.478931391448,
    "leverage": 1
  }
}