{
  "t": "2026-03-14T09:46:30.809Z",
  "spot": 2074.91,
  "sigma_d": 0.0027810807010541917,
  "ERI": 0.27810807010541916,
  "percentiles": {
    "p10": 0.10503062610363459,
    "p50": 0.2704593580847476,
    "p90": 0.36057735857294637
  },
  "ema": {
    "fast": 0.04761616025079872,
    "slow": 0.04591450397181045,
    "fast_period": 20,
    "slow_period": 100
  },
  "etv": {
    "horizon_days": 1,
    "risk_budget_usd": 100,
    "expected_move_usd": 5.770492157424353,
    "qty": 17.329544390999537,
    "notional_usd": 35957.244952328845,
    "leverage": 1
  }
}