{
  "t": "2025-11-27T19:22:36.188Z",
  "spot": 3032.16,
  "sigma_d": 0.0019424096108220938,
  "ERI": 0.1942409610822094,
  "percentiles": {
    "p10": 0.08885475522273278,
    "p50": 0.19706488167819491,
    "p90": 0.3038533171741895
  },
  "ema": {
    "fast": 0.03544653330768274,
    "slow": 0.03722402639839056,
    "fast_period": 20,
    "slow_period": 100
  },
  "etv": {
    "horizon_days": 1,
    "risk_budget_usd": 100,
    "expected_move_usd": 5.88969672555032,
    "qty": 16.978802926504883,
    "notional_usd": 51482.44708163104,
    "leverage": 1
  }
}