{
  "t": "2026-03-20T19:46:53.602Z",
  "spot": 2128.57,
  "sigma_d": 0.0024243364590102886,
  "ERI": 0.24243364590102887,
  "percentiles": {
    "p10": 0.10328440700270723,
    "p50": 0.24945385163595474,
    "p90": 0.3548847506364679
  },
  "ema": {
    "fast": 0.04605441189574408,
    "slow": 0.043272383292239404,
    "fast_period": 20,
    "slow_period": 100
  },
  "etv": {
    "horizon_days": 1,
    "risk_budget_usd": 100,
    "expected_move_usd": 5.160369856555531,
    "qty": 19.37845595950142,
    "notional_usd": 41248.40000171594,
    "leverage": 1
  }
}