{
  "t": "2026-01-23T07:35:24.586Z",
  "spot": 2945.7,
  "sigma_d": 0.0021097888580727986,
  "ERI": 0.21097888580727986,
  "percentiles": {
    "p10": 0.07171379171361833,
    "p50": 0.16958338612543966,
    "p90": 0.2658901785436972
  },
  "ema": {
    "fast": 0.03999415262814825,
    "slow": 0.035072876558081424,
    "fast_period": 20,
    "slow_period": 100
  },
  "etv": {
    "horizon_days": 1,
    "risk_budget_usd": 100,
    "expected_move_usd": 6.214805039225043,
    "qty": 16.09060933832118,
    "notional_usd": 47398.1079278927,
    "leverage": 1
  }
}