{
  "t": "2026-04-08T05:53:43.141Z",
  "spot": 2243.2,
  "sigma_d": 0.003603040637610436,
  "ERI": 0.36030406376104357,
  "percentiles": {
    "p10": 0.09100989284009256,
    "p50": 0.21439323356861473,
    "p90": 0.34735085021485657
  },
  "ema": {
    "fast": 0.05335940280348508,
    "slow": 0.044722103687294686,
    "fast_period": 20,
    "slow_period": 100
  },
  "etv": {
    "horizon_days": 1,
    "risk_budget_usd": 100,
    "expected_move_usd": 8.08234075828773,
    "qty": 12.372653293225579,
    "notional_usd": 27754.335867363614,
    "leverage": 1
  }
}