{
  "t": "2026-04-24T14:02:20.807Z",
  "spot": 2313.3,
  "sigma_d": 0.0017367063583528333,
  "ERI": 0.17367063583528333,
  "percentiles": {
    "p10": 0.08560033522110613,
    "p50": 0.2226998416812048,
    "p90": 0.33415974162661405
  },
  "ema": {
    "fast": 0.03545141713639958,
    "slow": 0.03520222773612117,
    "fast_period": 20,
    "slow_period": 100
  },
  "etv": {
    "horizon_days": 1,
    "risk_budget_usd": 100,
    "expected_move_usd": 4.01752281877761,
    "qty": 24.890960054441326,
    "notional_usd": 57580.257893939124,
    "leverage": 1
  }
}