{
  "t": "2026-01-07T04:07:30.426Z",
  "spot": 3268.77,
  "sigma_d": 0.002891867385986723,
  "ERI": 0.2891867385986723,
  "percentiles": {
    "p10": 0.13300930458723387,
    "p50": 0.20693262909079047,
    "p90": 0.31395953498463963
  },
  "ema": {
    "fast": 0.04658821228628833,
    "slow": 0.04199153441138686,
    "fast_period": 20,
    "slow_period": 100
  },
  "etv": {
    "horizon_days": 1,
    "risk_budget_usd": 100,
    "expected_move_usd": 9.45284935529182,
    "qty": 10.578820865691549,
    "notional_usd": 34579.732281146564,
    "leverage": 1
  }
}