{
  "t": "2025-11-28T04:34:45.292Z",
  "spot": 3013.98,
  "sigma_d": 0.0012691186023705923,
  "ERI": 0.12691186023705922,
  "percentiles": {
    "p10": 0.08805992666102151,
    "p50": 0.19583985746167326,
    "p90": 0.3038533171741895
  },
  "ema": {
    "fast": 0.030636081497191877,
    "slow": 0.03591814202114299,
    "fast_period": 20,
    "slow_period": 100
  },
  "etv": {
    "horizon_days": 1,
    "risk_budget_usd": 100,
    "expected_move_usd": 3.8250980851729177,
    "qty": 26.143120456865198,
    "notional_usd": 78794.84219458257,
    "leverage": 1
  }
}