{
  "t": "2026-06-07T14:15:38.636Z",
  "spot": 1618.39,
  "sigma_d": 0.0025386926829422322,
  "ERI": 0.25386926829422324,
  "percentiles": {
    "p10": 0.08241905834499225,
    "p50": 0.19406348683052022,
    "p90": 0.35548989769515676
  },
  "ema": {
    "fast": 0.039803794235295606,
    "slow": 0.040880597881143524,
    "fast_period": 20,
    "slow_period": 100
  },
  "etv": {
    "horizon_days": 1,
    "risk_budget_usd": 100,
    "expected_move_usd": 4.108594851146879,
    "qty": 24.339221466941638,
    "notional_usd": 39390.35262988368,
    "leverage": 1
  }
}