{
  "t": "2026-02-24T18:06:38.227Z",
  "spot": 1854.73,
  "sigma_d": 0.003252153708296079,
  "ERI": 0.32521537082960794,
  "percentiles": {
    "p10": 0.13416420136987287,
    "p50": 0.3001661094246423,
    "p90": 0.3818437403380982
  },
  "ema": {
    "fast": 0.0493013224801165,
    "slow": 0.05641307142923188,
    "fast_period": 20,
    "slow_period": 100
  },
  "etv": {
    "horizon_days": 1,
    "risk_budget_usd": 100,
    "expected_move_usd": 6.031867047387987,
    "qty": 16.578614749690736,
    "notional_usd": 30748.8541346939,
    "leverage": 1
  }
}