{
  "t": "2025-12-20T11:23:58.386Z",
  "spot": 2980.78,
  "sigma_d": 0.002675835133833723,
  "ERI": 0.2675835133833723,
  "percentiles": {
    "p10": 0.0798454856819872,
    "p50": 0.1976159276285417,
    "p90": 0.28305128849046535
  },
  "ema": {
    "fast": 0.04755041286955549,
    "slow": 0.03852111093050699,
    "fast_period": 20,
    "slow_period": 100
  },
  "etv": {
    "horizon_days": 1,
    "risk_budget_usd": 100,
    "expected_move_usd": 7.976075850228885,
    "qty": 12.537493609358085,
    "notional_usd": 37371.5102009024,
    "leverage": 1
  }
}