{
  "t": "2025-10-22T21:20:56.930Z",
  "spot": 3747.07,
  "sigma_d": 0.002172091489254111,
  "ERI": 0.2172091489254111,
  "percentiles": {
    "p10": 0.08162142081145844,
    "p50": 0.2110039256665989,
    "p90": 0.2669112605786823
  },
  "ema": {
    "fast": 0.03530874822953934,
    "slow": 0.03775519236679791,
    "fast_period": 20,
    "slow_period": 100
  },
  "etv": {
    "horizon_days": 1,
    "risk_budget_usd": 100,
    "expected_move_usd": 8.138978856639401,
    "qty": 12.286553603518044,
    "notional_usd": 46038.57641113436,
    "leverage": 1
  }
}