{
  "t": "2026-03-11T10:56:02.349Z",
  "spot": 2027.35,
  "sigma_d": 0.0022542141045427486,
  "ERI": 0.22542141045427486,
  "percentiles": {
    "p10": 0.10503062610363459,
    "p50": 0.26974962122590074,
    "p90": 0.3617998177382653
  },
  "ema": {
    "fast": 0.053227651838644044,
    "slow": 0.053170542810281746,
    "fast_period": 20,
    "slow_period": 100
  },
  "etv": {
    "horizon_days": 1,
    "risk_budget_usd": 100,
    "expected_move_usd": 4.570080964844741,
    "qty": 21.881450409576562,
    "notional_usd": 44361.35848785504,
    "leverage": 1
  }
}