{
  "t": "2026-04-04T22:45:01.058Z",
  "spot": 2069.86,
  "sigma_d": 0.0024387785024855505,
  "ERI": 0.24387785024855504,
  "percentiles": {
    "p10": 0.090387308486617,
    "p50": 0.20746289894026293,
    "p90": 0.32479671822027906
  },
  "ema": {
    "fast": 0.0292471216970273,
    "slow": 0.0369308298246429,
    "fast_period": 20,
    "slow_period": 100
  },
  "etv": {
    "horizon_days": 1,
    "risk_budget_usd": 100,
    "expected_move_usd": 5.047930071154742,
    "qty": 19.810100098538896,
    "notional_usd": 41004.13378996172,
    "leverage": 1
  }
}