{
  "t": "2026-01-14T20:32:52.105Z",
  "spot": 3367.79,
  "sigma_d": 0.002213190058893484,
  "ERI": 0.2213190058893484,
  "percentiles": {
    "p10": 0.07745706354625648,
    "p50": 0.19951775426884746,
    "p90": 0.28340210698723933
  },
  "ema": {
    "fast": 0.03634565943858906,
    "slow": 0.035546772008055276,
    "fast_period": 20,
    "slow_period": 100
  },
  "etv": {
    "horizon_days": 1,
    "risk_budget_usd": 100,
    "expected_move_usd": 7.453559348440887,
    "qty": 13.41640890280396,
    "notional_usd": 45183.64773877415,
    "leverage": 1
  }
}