{
  "t": "2025-10-22T23:23:35.039Z",
  "spot": 3782.51,
  "sigma_d": 0.002519723091557231,
  "ERI": 0.2519723091557231,
  "percentiles": {
    "p10": 0.08162142081145844,
    "p50": 0.2131044073693622,
    "p90": 0.2669112605786823
  },
  "ema": {
    "fast": 0.037111418762064835,
    "slow": 0.038044142672531325,
    "fast_period": 20,
    "slow_period": 100
  },
  "etv": {
    "horizon_days": 1,
    "risk_budget_usd": 100,
    "expected_move_usd": 9.530877791046143,
    "qty": 10.492213014623458,
    "notional_usd": 39686.900649943374,
    "leverage": 1
  }
}