{
  "t": "2026-01-10T04:43:56.422Z",
  "spot": 3079.75,
  "sigma_d": 0.00201769827102737,
  "ERI": 0.201769827102737,
  "percentiles": {
    "p10": 0.10586925557021208,
    "p50": 0.22077618787594405,
    "p90": 0.3186189896762125
  },
  "ema": {
    "fast": 0.03770519727702713,
    "slow": 0.03871876611365568,
    "fast_period": 20,
    "slow_period": 100
  },
  "etv": {
    "horizon_days": 1,
    "risk_budget_usd": 100,
    "expected_move_usd": 6.214006250196542,
    "qty": 16.092677730544143,
    "notional_usd": 49561.424240643326,
    "leverage": 1
  }
}