{
  "t": "2026-04-29T11:50:12.552Z",
  "spot": 2331.18,
  "sigma_d": 0.0025243682525362145,
  "ERI": 0.25243682525362143,
  "percentiles": {
    "p10": 0.08967263213847505,
    "p50": 0.20967835192591605,
    "p90": 0.3047788417933895
  },
  "ema": {
    "fast": 0.04230695384405195,
    "slow": 0.038276309279162465,
    "fast_period": 20,
    "slow_period": 100
  },
  "etv": {
    "horizon_days": 1,
    "risk_budget_usd": 100,
    "expected_move_usd": 5.884756782947372,
    "qty": 16.99305573507749,
    "notional_usd": 39613.871668497944,
    "leverage": 1
  }
}