{
  "t": "2026-02-12T19:16:19.201Z",
  "spot": 1916.27,
  "sigma_d": 0.001969825262145453,
  "ERI": 0.19698252621454532,
  "percentiles": {
    "p10": 0.09377210281710072,
    "p50": 0.2532757885468837,
    "p90": 0.37771311101948796
  },
  "ema": {
    "fast": 0.05148878443347997,
    "slow": 0.05844454698877471,
    "fast_period": 20,
    "slow_period": 100
  },
  "etv": {
    "horizon_days": 1,
    "risk_budget_usd": 100,
    "expected_move_usd": 3.7747170550914673,
    "qty": 26.492051865216382,
    "notional_usd": 50765.924227758194,
    "leverage": 1
  }
}