{
  "t": "2025-10-29T07:27:48.241Z",
  "spot": 4029.35,
  "sigma_d": 0.0016974776965083247,
  "ERI": 0.16974776965083246,
  "percentiles": {
    "p10": 0.08461836309939237,
    "p50": 0.2125128014900617,
    "p90": 0.274231272095601
  },
  "ema": {
    "fast": 0.034559799405123215,
    "slow": 0.03624324896788826,
    "fast_period": 20,
    "slow_period": 100
  },
  "etv": {
    "horizon_days": 1,
    "risk_budget_usd": 100,
    "expected_move_usd": 6.839731756425818,
    "qty": 14.620456409866016,
    "notional_usd": 58910.936035093626,
    "leverage": 1
  }
}