{
  "t": "2025-09-08T10:31:23.368Z",
  "spot": 4329.86,
  "sigma_d": 0.002112352367919685,
  "ERI": 0.21123523679196848,
  "percentiles": {
    "p10": 0.07356918614227864,
    "p50": 0.21056057431072397,
    "p90": 0.3156651343292237
  },
  "ema": {
    "fast": 0.03252376959507475,
    "slow": 0.037908315176185106,
    "fast_period": 20,
    "slow_period": 100
  },
  "etv": {
    "horizon_days": 1,
    "risk_budget_usd": 100,
    "expected_move_usd": 9.146190023760726,
    "qty": 10.933514363927687,
    "notional_usd": 47340.58650379593,
    "leverage": 1
  }
}