{
  "t": "2026-06-19T16:12:26.970Z",
  "spot": 1704.59,
  "sigma_d": 0.0009471147678157336,
  "ERI": 0.09471147678157336,
  "percentiles": {
    "p10": 0.08534410826489355,
    "p50": 0.2132051170044406,
    "p90": 0.3817902617639839
  },
  "ema": {
    "fast": 0.04331773487272552,
    "slow": 0.04754729408060996,
    "fast_period": 20,
    "slow_period": 100
  },
  "etv": {
    "horizon_days": 1,
    "risk_budget_usd": 100,
    "expected_move_usd": 1.6144423620710213,
    "qty": 61.94089200664872,
    "notional_usd": 105583.82510561333,
    "leverage": 1
  }
}