{
  "t": "2025-09-22T05:28:04.448Z",
  "spot": 4295.98,
  "sigma_d": 0.00068920781941931,
  "ERI": 0.068920781941931,
  "percentiles": {
    "p10": 0.08045734596095387,
    "p50": 0.17359273209867562,
    "p90": 0.22947838343934054
  },
  "ema": {
    "fast": 0.03219464184535028,
    "slow": 0.03229797057745783,
    "fast_period": 20,
    "slow_period": 100
  },
  "etv": {
    "horizon_days": 1,
    "risk_budget_usd": 100,
    "expected_move_usd": 2.9608230080689673,
    "qty": 33.774393041217095,
    "notional_usd": 145094.1170172078,
    "leverage": 1
  }
}