{
  "t": "2025-11-03T05:30:27.409Z",
  "spot": 3755.96,
  "sigma_d": 0.0026296548729681304,
  "ERI": 0.262965487296813,
  "percentiles": {
    "p10": 0.09210801675896808,
    "p50": 0.22005100264468463,
    "p90": 0.2909961502761157
  },
  "ema": {
    "fast": 0.04761180289464371,
    "slow": 0.04536071874593704,
    "fast_period": 20,
    "slow_period": 100
  },
  "etv": {
    "horizon_days": 1,
    "risk_budget_usd": 100,
    "expected_move_usd": 9.87687851667338,
    "qty": 10.124656269811132,
    "notional_usd": 38027.803963159815,
    "leverage": 1
  }
}