{
  "t": "2025-09-03T15:28:18.412Z",
  "spot": 4458.11,
  "sigma_d": 0.00243170322294465,
  "ERI": 0.243170322294465,
  "percentiles": {
    "p10": 0.08304964927456868,
    "p50": 0.21862698044298198,
    "p90": 0.2965573417372305
  },
  "ema": {
    "fast": 0.040592125252352694,
    "slow": 0.04129484514017792,
    "fast_period": 20,
    "slow_period": 100
  },
  "etv": {
    "horizon_days": 1,
    "risk_budget_usd": 100,
    "expected_move_usd": 10.840800455241773,
    "qty": 9.224411095183266,
    "notional_usd": 41123.439347547464,
    "leverage": 1
  }
}