{
  "t": "2025-12-18T02:17:36.683Z",
  "spot": 2834.17,
  "sigma_d": 0.0018428946663844295,
  "ERI": 0.18428946663844295,
  "percentiles": {
    "p10": 0.08135616126397803,
    "p50": 0.21350842788938562,
    "p90": 0.29211438569505715
  },
  "ema": {
    "fast": 0.03263265356636655,
    "slow": 0.03588479449404249,
    "fast_period": 20,
    "slow_period": 100
  },
  "etv": {
    "horizon_days": 1,
    "risk_budget_usd": 100,
    "expected_move_usd": 5.223076776626758,
    "qty": 19.145803187787607,
    "notional_usd": 54262.461020732,
    "leverage": 1
  }
}