{
  "t": "2025-11-09T21:23:27.598Z",
  "spot": 3586.6,
  "sigma_d": 0.00284510145541189,
  "ERI": 0.28451014554118903,
  "percentiles": {
    "p10": 0.07645736662856599,
    "p50": 0.2160250670663546,
    "p90": 0.29432453832389915
  },
  "ema": {
    "fast": 0.03975308347042615,
    "slow": 0.03566028118103784,
    "fast_period": 20,
    "slow_period": 100
  },
  "etv": {
    "horizon_days": 1,
    "risk_budget_usd": 100,
    "expected_move_usd": 10.204240879980285,
    "qty": 9.799847061253733,
    "notional_usd": 35148.131469892636,
    "leverage": 1
  }
}