{
  "t": "2026-05-24T17:14:21.890Z",
  "spot": 2102.29,
  "sigma_d": 0.0006794796428044992,
  "ERI": 0.06794796428044991,
  "percentiles": {
    "p10": 0.09165031086267898,
    "p50": 0.21333150885003221,
    "p90": 0.2998560865006212
  },
  "ema": {
    "fast": 0.0357402650327777,
    "slow": 0.038717504284050824,
    "fast_period": 20,
    "slow_period": 100
  },
  "etv": {
    "horizon_days": 1,
    "risk_budget_usd": 100,
    "expected_move_usd": 1.4284632582714705,
    "qty": 70.00530074606625,
    "notional_usd": 147171.44370544763,
    "leverage": 1
  }
}