{
  "t": "2025-11-28T07:28:43.686Z",
  "spot": 3018.22,
  "sigma_d": 0.0014479955065716532,
  "ERI": 0.14479955065716532,
  "percentiles": {
    "p10": 0.08805992666102151,
    "p50": 0.1933468304996765,
    "p90": 0.3038533171741895
  },
  "ema": {
    "fast": 0.029299198340520537,
    "slow": 0.03531594109042032,
    "fast_period": 20,
    "slow_period": 100
  },
  "etv": {
    "horizon_days": 1,
    "risk_budget_usd": 100,
    "expected_move_usd": 4.370368997844695,
    "qty": 22.88136311815234,
    "notional_usd": 69060.98779046975,
    "leverage": 1
  }
}