{
  "t": "2025-09-03T09:27:48.756Z",
  "spot": 4322.55,
  "sigma_d": 0.0017741568039846426,
  "ERI": 0.17741568039846425,
  "percentiles": {
    "p10": 0.08190779024850545,
    "p50": 0.20314480973971605,
    "p90": 0.2968691658920899
  },
  "ema": {
    "fast": 0.03398656285312625,
    "slow": 0.0403333544585047,
    "fast_period": 20,
    "slow_period": 100
  },
  "etv": {
    "horizon_days": 1,
    "risk_budget_usd": 100,
    "expected_move_usd": 7.668881493063817,
    "qty": 13.039711213486063,
    "notional_usd": 56364.80370585418,
    "leverage": 1
  }
}