{
  "t": "2025-11-30T09:27:03.760Z",
  "spot": 3009.88,
  "sigma_d": 0.0009381694565756978,
  "ERI": 0.09381694565756978,
  "percentiles": {
    "p10": 0.07697496978486684,
    "p50": 0.19040972030154152,
    "p90": 0.31778913517438373
  },
  "ema": {
    "fast": 0.032772114095898405,
    "slow": 0.03616040132828268,
    "fast_period": 20,
    "slow_period": 100
  },
  "etv": {
    "horizon_days": 1,
    "risk_budget_usd": 100,
    "expected_move_usd": 2.8237774839580614,
    "qty": 35.41355527059128,
    "notional_usd": 106590.55173784729,
    "leverage": 1
  }
}