{
  "t": "2025-10-05T16:29:32.392Z",
  "spot": 4536.25,
  "sigma_d": 0.0019528225943965785,
  "ERI": 0.19528225943965785,
  "percentiles": {
    "p10": 0.07116165944170003,
    "p50": 0.19069481888426276,
    "p90": 0.2735178875000177
  },
  "ema": {
    "fast": 0.04009720202801803,
    "slow": 0.03759961996484878,
    "fast_period": 20,
    "slow_period": 100
  },
  "etv": {
    "horizon_days": 1,
    "risk_budget_usd": 100,
    "expected_move_usd": 8.85849149383148,
    "qty": 11.288603716516969,
    "notional_usd": 51207.9286090501,
    "leverage": 1
  }
}