{
  "t": "2025-12-09T07:31:20.054Z",
  "spot": 3121.25,
  "sigma_d": 0.0017952095555458707,
  "ERI": 0.17952095555458708,
  "percentiles": {
    "p10": 0.07782341832686546,
    "p50": 0.2200278335477961,
    "p90": 0.34396451174852344
  },
  "ema": {
    "fast": 0.03160771958095651,
    "slow": 0.041195824154552495,
    "fast_period": 20,
    "slow_period": 100
  },
  "etv": {
    "horizon_days": 1,
    "risk_budget_usd": 100,
    "expected_move_usd": 5.603297825247549,
    "qty": 17.846633021970785,
    "notional_usd": 55703.803319826315,
    "leverage": 1
  }
}