{
  "t": "2025-10-25T19:20:31.073Z",
  "spot": 3954.48,
  "sigma_d": 0.002251129726095986,
  "ERI": 0.2251129726095986,
  "percentiles": {
    "p10": 0.08098626447852347,
    "p50": 0.20925689932067193,
    "p90": 0.27255370346420243
  },
  "ema": {
    "fast": 0.03706808884567079,
    "slow": 0.03816004603366375,
    "fast_period": 20,
    "slow_period": 100
  },
  "etv": {
    "horizon_days": 1,
    "risk_budget_usd": 100,
    "expected_move_usd": 8.902047479252055,
    "qty": 11.23337077600062,
    "notional_usd": 44422.14006627893,
    "leverage": 1
  }
}