{
  "t": "2025-11-29T06:39:51.517Z",
  "spot": 3003.1,
  "sigma_d": 0.0007009583952475532,
  "ERI": 0.07009583952475532,
  "percentiles": {
    "p10": 0.09105314918159838,
    "p50": 0.19360243696378715,
    "p90": 0.30193391782903517
  },
  "ema": {
    "fast": 0.03745288296065224,
    "slow": 0.03725514666857802,
    "fast_period": 20,
    "slow_period": 100
  },
  "etv": {
    "horizon_days": 1,
    "risk_budget_usd": 100,
    "expected_move_usd": 2.105048156767927,
    "qty": 47.50485145838143,
    "notional_usd": 142661.81941466528,
    "leverage": 1
  }
}