{
  "t": "2026-03-09T20:48:41.677Z",
  "spot": 2023.18,
  "sigma_d": 0.0028833629445239326,
  "ERI": 0.2883362944523933,
  "percentiles": {
    "p10": 0.10375851823383263,
    "p50": 0.2680585904467716,
    "p90": 0.3532576656859189
  },
  "ema": {
    "fast": 0.05418965940112293,
    "slow": 0.052679000404427204,
    "fast_period": 20,
    "slow_period": 100
  },
  "etv": {
    "horizon_days": 1,
    "risk_budget_usd": 100,
    "expected_move_usd": 5.83356224210193,
    "qty": 17.142184457771094,
    "notional_usd": 34681.72475127332,
    "leverage": 1
  }
}