{
  "t": "2025-10-09T15:38:38.476Z",
  "spot": 4307.07,
  "sigma_d": 0.0007724132701487634,
  "ERI": 0.07724132701487633,
  "percentiles": {
    "p10": 0.07145636943354991,
    "p50": 0.21438057656292303,
    "p90": 0.27663929364461687
  },
  "ema": {
    "fast": 0.03732042658216969,
    "slow": 0.038700186937068594,
    "fast_period": 20,
    "slow_period": 100
  },
  "etv": {
    "horizon_days": 1,
    "risk_budget_usd": 100,
    "expected_move_usd": 3.326838023459634,
    "qty": 30.05857192169769,
    "notional_usd": 129464.37336678647,
    "leverage": 1
  }
}