{
  "t": "2025-12-26T18:41:19.349Z",
  "spot": 2922.33,
  "sigma_d": 0.0014852251541269885,
  "ERI": 0.14852251541269884,
  "percentiles": {
    "p10": 0.09390680689747621,
    "p50": 0.21679716770226748,
    "p90": 0.2918933508429971
  },
  "ema": {
    "fast": 0.04106107405912731,
    "slow": 0.0410459753506386,
    "fast_period": 20,
    "slow_period": 100
  },
  "etv": {
    "horizon_days": 1,
    "risk_budget_usd": 100,
    "expected_move_usd": 4.340318024659922,
    "qty": 23.03978635478798,
    "notional_usd": 67329.85885818757,
    "leverage": 1
  }
}