{
  "t": "2026-03-08T05:54:10.724Z",
  "spot": 1949.84,
  "sigma_d": 0.0008713822598115238,
  "ERI": 0.08713822598115238,
  "percentiles": {
    "p10": 0.10560626629855942,
    "p50": 0.2704593580847476,
    "p90": 0.35493790959441
  },
  "ema": {
    "fast": 0.053907569152959856,
    "slow": 0.05176786282084388,
    "fast_period": 20,
    "slow_period": 100
  },
  "etv": {
    "horizon_days": 1,
    "risk_budget_usd": 100,
    "expected_move_usd": 1.6990559854709015,
    "qty": 58.85621242332666,
    "notional_usd": 114760.19723149925,
    "leverage": 1
  }
}