{
  "t": "2026-02-13T17:51:51.491Z",
  "spot": 2060.24,
  "sigma_d": 0.0017586690292597264,
  "ERI": 0.17586690292597265,
  "percentiles": {
    "p10": 0.09631124683910958,
    "p50": 0.25806398807415787,
    "p90": 0.37771311101948796
  },
  "ema": {
    "fast": 0.045002410157572614,
    "slow": 0.05471314402545629,
    "fast_period": 20,
    "slow_period": 100
  },
  "etv": {
    "horizon_days": 1,
    "risk_budget_usd": 100,
    "expected_move_usd": 3.6232802808420583,
    "qty": 27.59930015040398,
    "notional_usd": 56861.18214186829,
    "leverage": 1
  }
}