{
  "t": "2026-04-11T17:45:16.379Z",
  "spot": 2262.75,
  "sigma_d": 0.0020418690147242973,
  "ERI": 0.20418690147242974,
  "percentiles": {
    "p10": 0.08949175669885677,
    "p50": 0.22758761183352677,
    "p90": 0.34972341073660895
  },
  "ema": {
    "fast": 0.046167357200047,
    "slow": 0.04569560525060318,
    "fast_period": 20,
    "slow_period": 100
  },
  "etv": {
    "horizon_days": 1,
    "risk_budget_usd": 100,
    "expected_move_usd": 4.620239113067404,
    "qty": 21.643901441631105,
    "notional_usd": 48974.73798705078,
    "leverage": 1
  }
}