{
  "t": "2026-01-21T17:11:57.758Z",
  "spot": 2898.23,
  "sigma_d": 0.0006415992766773825,
  "ERI": 0.06415992766773825,
  "percentiles": {
    "p10": 0.07255502410957532,
    "p50": 0.1855956921240189,
    "p90": 0.2594676882666627
  },
  "ema": {
    "fast": 0.04305560111242442,
    "slow": 0.034536067636811454,
    "fast_period": 20,
    "slow_period": 100
  },
  "etv": {
    "horizon_days": 1,
    "risk_budget_usd": 100,
    "expected_move_usd": 1.8595022716446903,
    "qty": 53.77783158691822,
    "notional_usd": 155860.524840154,
    "leverage": 1
  }
}