{
  "t": "2026-03-24T13:46:11.504Z",
  "spot": 2137.67,
  "sigma_d": 0.0028619797517316415,
  "ERI": 0.28619797517316414,
  "percentiles": {
    "p10": 0.09574480377442898,
    "p50": 0.22133319583516003,
    "p90": 0.3023437789040041
  },
  "ema": {
    "fast": 0.03943870923088268,
    "slow": 0.03807898593971429,
    "fast_period": 20,
    "slow_period": 100
  },
  "etv": {
    "horizon_days": 1,
    "risk_budget_usd": 100,
    "expected_move_usd": 6.117968255884178,
    "qty": 16.34529566311845,
    "notional_usd": 34940.848180178415,
    "leverage": 1
  }
}