{
  "t": "2025-10-09T22:27:00.106Z",
  "spot": 4368.85,
  "sigma_d": 0.002663909604341119,
  "ERI": 0.2663909604341119,
  "percentiles": {
    "p10": 0.07139514265924364,
    "p50": 0.21438057656292303,
    "p90": 0.2765686978721385
  },
  "ema": {
    "fast": 0.03655479061257175,
    "slow": 0.03805638763701402,
    "fast_period": 20,
    "slow_period": 100
  },
  "etv": {
    "horizon_days": 1,
    "risk_budget_usd": 100,
    "expected_move_usd": 11.638221474925698,
    "qty": 8.592378158075775,
    "notional_usd": 37538.81131590935,
    "leverage": 1
  }
}