{
  "t": "2026-03-04T19:48:55.008Z",
  "spot": 2181.46,
  "sigma_d": 0.0028602919954762076,
  "ERI": 0.28602919954762074,
  "percentiles": {
    "p10": 0.11145856773492052,
    "p50": 0.28211642116230673,
    "p90": 0.3663617949720153
  },
  "ema": {
    "fast": 0.0485036952571003,
    "slow": 0.046641548199317005,
    "fast_period": 20,
    "slow_period": 100
  },
  "etv": {
    "horizon_days": 1,
    "risk_budget_usd": 100,
    "expected_move_usd": 6.239612576451528,
    "qty": 16.02663607311178,
    "notional_usd": 34961.46552805043,
    "leverage": 1
  }
}