{
  "t": "2026-01-21T21:38:48.312Z",
  "spot": 3032.87,
  "sigma_d": 0.001693948029208088,
  "ERI": 0.1693948029208088,
  "percentiles": {
    "p10": 0.07251601136098554,
    "p50": 0.18307000273523757,
    "p90": 0.2594676882666627
  },
  "ema": {
    "fast": 0.03706474502265622,
    "slow": 0.03377585016830913,
    "fast_period": 20,
    "slow_period": 100
  },
  "etv": {
    "horizon_days": 1,
    "risk_budget_usd": 100,
    "expected_move_usd": 5.137524159344333,
    "qty": 19.46462866128153,
    "notional_usd": 59033.688327940916,
    "leverage": 1
  }
}