{
  "t": "2026-04-25T23:51:19.835Z",
  "spot": 2319.19,
  "sigma_d": 0.0020208086658893443,
  "ERI": 0.20208086658893443,
  "percentiles": {
    "p10": 0.08726502285401226,
    "p50": 0.20931295640389092,
    "p90": 0.3247831606673862
  },
  "ema": {
    "fast": 0.034434148871650284,
    "slow": 0.034965120982160064,
    "fast_period": 20,
    "slow_period": 100
  },
  "etv": {
    "horizon_days": 1,
    "risk_budget_usd": 100,
    "expected_move_usd": 4.686639249843909,
    "qty": 21.337251422398378,
    "notional_usd": 49485.14012631209,
    "leverage": 1
  }
}