{
  "t": "2026-01-13T20:36:17.440Z",
  "spot": 3200.91,
  "sigma_d": 0.0007821310866253576,
  "ERI": 0.07821310866253577,
  "percentiles": {
    "p10": 0.07745706354625648,
    "p50": 0.19876797553220887,
    "p90": 0.2946212448641061
  },
  "ema": {
    "fast": 0.033516355109543164,
    "slow": 0.03450049406681195,
    "fast_period": 20,
    "slow_period": 100
  },
  "etv": {
    "horizon_days": 1,
    "risk_budget_usd": 100,
    "expected_move_usd": 2.5035312164899732,
    "qty": 39.94358022833166,
    "notional_usd": 127855.80538866909,
    "leverage": 1
  }
}