{
  "t": "2025-12-24T20:32:27.712Z",
  "spot": 2944.55,
  "sigma_d": 0.002149761143299394,
  "ERI": 0.2149761143299394,
  "percentiles": {
    "p10": 0.08291299551388288,
    "p50": 0.20682705670719104,
    "p90": 0.2883199483531363
  },
  "ema": {
    "fast": 0.036341034838233595,
    "slow": 0.04038590292013374,
    "fast_period": 20,
    "slow_period": 100
  },
  "etv": {
    "horizon_days": 1,
    "risk_budget_usd": 100,
    "expected_move_usd": 6.330079174502231,
    "qty": 15.797590716211468,
    "notional_usd": 46516.79574342048,
    "leverage": 1
  }
}