{
  "t": "2025-11-18T14:31:22.035Z",
  "spot": 3064.57,
  "sigma_d": 0.002618561060106991,
  "ERI": 0.26185610601069914,
  "percentiles": {
    "p10": 0.08238404108804202,
    "p50": 0.20110529045175912,
    "p90": 0.28085228367064424
  },
  "ema": {
    "fast": 0.040049097457250056,
    "slow": 0.03735681228284911,
    "fast_period": 20,
    "slow_period": 100
  },
  "etv": {
    "horizon_days": 1,
    "risk_budget_usd": 100,
    "expected_move_usd": 8.024763667972083,
    "qty": 12.461426172475774,
    "notional_usd": 38188.91280538408,
    "leverage": 1
  }
}