{
  "t": "2026-01-22T08:48:23.829Z",
  "spot": 2992.96,
  "sigma_d": 0.0031362014845464363,
  "ERI": 0.31362014845464364,
  "percentiles": {
    "p10": 0.07184601349790881,
    "p50": 0.17325875294017434,
    "p90": 0.2599956008712999
  },
  "ema": {
    "fast": 0.031864798443757766,
    "slow": 0.03267417812641837,
    "fast_period": 20,
    "slow_period": 100
  },
  "etv": {
    "horizon_days": 1,
    "risk_budget_usd": 100,
    "expected_move_usd": 9.386525595188102,
    "qty": 10.653569202566697,
    "notional_usd": 31885.70648051402,
    "leverage": 1
  }
}