{
  "t": "2026-06-18T23:00:48.592Z",
  "spot": 1705.37,
  "sigma_d": 0.0010598578054073144,
  "ERI": 0.10598578054073143,
  "percentiles": {
    "p10": 0.08534410826489355,
    "p50": 0.21883429584623157,
    "p90": 0.3817902617639839
  },
  "ema": {
    "fast": 0.04500447854826386,
    "slow": 0.04815113453282483,
    "fast_period": 20,
    "slow_period": 100
  },
  "etv": {
    "horizon_days": 1,
    "risk_budget_usd": 100,
    "expected_move_usd": 1.8074497056074716,
    "qty": 55.326574061650405,
    "notional_usd": 94352.27960751674,
    "leverage": 1
  }
}