{
  "t": "2026-02-28T19:29:27.255Z",
  "spot": 1927.81,
  "sigma_d": 0.0028102926298317053,
  "ERI": 0.28102926298317055,
  "percentiles": {
    "p10": 0.134352180497251,
    "p50": 0.3001661094246423,
    "p90": 0.3818437403380982
  },
  "ema": {
    "fast": 0.04021192871597076,
    "slow": 0.046448847312721524,
    "fast_period": 20,
    "slow_period": 100
  },
  "etv": {
    "horizon_days": 1,
    "risk_budget_usd": 100,
    "expected_move_usd": 5.41771023471586,
    "qty": 18.45798237034075,
    "notional_usd": 35583.482993366604,
    "leverage": 1
  }
}