{
  "t": "2026-04-03T07:23:58.885Z",
  "spot": 2064.89,
  "sigma_d": 0.0021016644749977838,
  "ERI": 0.21016644749977836,
  "percentiles": {
    "p10": 0.09341368984264971,
    "p50": 0.22287544580792773,
    "p90": 0.32479671822027906
  },
  "ema": {
    "fast": 0.03949654460281863,
    "slow": 0.04783510074244576,
    "fast_period": 20,
    "slow_period": 100
  },
  "etv": {
    "horizon_days": 1,
    "risk_budget_usd": 100,
    "expected_move_usd": 4.339705957778174,
    "qty": 23.04303585840125,
    "notional_usd": 47581.33431365415,
    "leverage": 1
  }
}