{
  "t": "2025-12-20T02:07:42.275Z",
  "spot": 2974.02,
  "sigma_d": 0.002397065986777224,
  "ERI": 0.2397065986777224,
  "percentiles": {
    "p10": 0.0798454856819872,
    "p50": 0.19257555647465335,
    "p90": 0.27972351274224266
  },
  "ema": {
    "fast": 0.04121784280128989,
    "slow": 0.03581486720301081,
    "fast_period": 20,
    "slow_period": 100
  },
  "etv": {
    "horizon_days": 1,
    "risk_budget_usd": 100,
    "expected_move_usd": 7.1289221859952,
    "qty": 14.027365903425128,
    "notional_usd": 41717.6667441044,
    "leverage": 1
  }
}