{
  "t": "2025-12-31T13:40:19.087Z",
  "spot": 2985.58,
  "sigma_d": 0.0032610027942809234,
  "ERI": 0.32610027942809233,
  "percentiles": {
    "p10": 0.1531089048495774,
    "p50": 0.21846232972836885,
    "p90": 0.2982229835159174
  },
  "ema": {
    "fast": 0.05617645606794794,
    "slow": 0.045914929184535117,
    "fast_period": 20,
    "slow_period": 100
  },
  "etv": {
    "horizon_days": 1,
    "risk_budget_usd": 100,
    "expected_move_usd": 9.735984722549238,
    "qty": 10.271174703920071,
    "notional_usd": 30665.413772529686,
    "leverage": 1
  }
}