{
  "t": "2026-02-06T21:41:15.546Z",
  "spot": 2050.55,
  "sigma_d": 0.0009587802379285136,
  "ERI": 0.09587802379285136,
  "percentiles": {
    "p10": 0.07716787856358145,
    "p50": 0.19995666920524938,
    "p90": 0.34947359871995287
  },
  "ema": {
    "fast": 0.05214461760625506,
    "slow": 0.049897517304088986,
    "fast_period": 20,
    "slow_period": 100
  },
  "etv": {
    "horizon_days": 1,
    "risk_budget_usd": 100,
    "expected_move_usd": 1.9660268168843138,
    "qty": 50.86400609655787,
    "notional_usd": 104299.18770129676,
    "leverage": 1
  }
}