{
  "t": "2026-03-14T04:50:54.474Z",
  "spot": 2104.01,
  "sigma_d": 0.0011270279392491423,
  "ERI": 0.11270279392491422,
  "percentiles": {
    "p10": 0.10241773616315818,
    "p50": 0.2688025630510842,
    "p90": 0.36057735857294637
  },
  "ema": {
    "fast": 0.04168750954717863,
    "slow": 0.04471910835844913,
    "fast_period": 20,
    "slow_period": 100
  },
  "etv": {
    "horizon_days": 1,
    "risk_budget_usd": 100,
    "expected_move_usd": 2.371278054459588,
    "qty": 42.17135135710177,
    "notional_usd": 88728.9449688557,
    "leverage": 1
  }
}