{
  "t": "2025-10-17T16:34:05.525Z",
  "spot": 3810.58,
  "sigma_d": 0.0011712584109830587,
  "ERI": 0.11712584109830587,
  "percentiles": {
    "p10": 0.07791427115409727,
    "p50": 0.20993435957944523,
    "p90": 0.27569173721386064
  },
  "ema": {
    "fast": 0.032017148526146795,
    "slow": 0.033016199226484313,
    "fast_period": 20,
    "slow_period": 100
  },
  "etv": {
    "horizon_days": 1,
    "risk_budget_usd": 100,
    "expected_move_usd": 4.4631738757238235,
    "qty": 22.405580150914982,
    "notional_usd": 85378.2556114736,
    "leverage": 1
  }
}