{
  "t": "2026-01-30T14:49:38.479Z",
  "spot": 2748.57,
  "sigma_d": 0.0025232431571047017,
  "ERI": 0.25232431571047015,
  "percentiles": {
    "p10": 0.07342043759200238,
    "p50": 0.17615047419896718,
    "p90": 0.2812841269121995
  },
  "ema": {
    "fast": 0.03493171144637233,
    "slow": 0.03112371508481501,
    "fast_period": 20,
    "slow_period": 100
  },
  "etv": {
    "horizon_days": 1,
    "risk_budget_usd": 100,
    "expected_move_usd": 6.935310444323271,
    "qty": 14.418965207513178,
    "notional_usd": 39631.535200414495,
    "leverage": 1
  }
}