{
  "t": "2026-01-25T05:38:17.675Z",
  "spot": 2939.77,
  "sigma_d": 0.002002456937204728,
  "ERI": 0.2002456937204728,
  "percentiles": {
    "p10": 0.07369711042141398,
    "p50": 0.19283858650001298,
    "p90": 0.2677988259912101
  },
  "ema": {
    "fast": 0.04348918642051959,
    "slow": 0.03950009533123049,
    "fast_period": 20,
    "slow_period": 100
  },
  "etv": {
    "horizon_days": 1,
    "risk_budget_usd": 100,
    "expected_move_usd": 5.886762830286343,
    "qty": 16.987264967686123,
    "notional_usd": 49938.65193405464,
    "leverage": 1
  }
}