{
  "t": "2026-03-03T18:05:05.726Z",
  "spot": 1982.9,
  "sigma_d": 0.0031455543648761025,
  "ERI": 0.31455543648761025,
  "percentiles": {
    "p10": 0.1069178646034985,
    "p50": 0.2842544105421698,
    "p90": 0.3747311719970657
  },
  "ema": {
    "fast": 0.045340687445426166,
    "slow": 0.044776220546676286,
    "fast_period": 20,
    "slow_period": 100
  },
  "etv": {
    "horizon_days": 1,
    "risk_budget_usd": 100,
    "expected_move_usd": 6.237319750112824,
    "qty": 16.032527432667077,
    "notional_usd": 31790.89864623555,
    "leverage": 1
  }
}