{
  "t": "2025-09-27T12:48:28.536Z",
  "spot": 4013.68,
  "sigma_d": 0.000876186474958724,
  "ERI": 0.08761864749587239,
  "percentiles": {
    "p10": 0.07286338579792584,
    "p50": 0.18480512185225262,
    "p90": 0.2525132358860955
  },
  "ema": {
    "fast": 0.02813171150673835,
    "slow": 0.0332745429951849,
    "fast_period": 20,
    "slow_period": 100
  },
  "etv": {
    "horizon_days": 1,
    "risk_budget_usd": 100,
    "expected_move_usd": 3.516732130812331,
    "qty": 28.435489619421475,
    "notional_usd": 114130.95597567958,
    "leverage": 1
  }
}