{
  "t": "2025-10-07T07:26:13.449Z",
  "spot": 4677.63,
  "sigma_d": 0.0025783778760002586,
  "ERI": 0.25783778760002585,
  "percentiles": {
    "p10": 0.07091856349939592,
    "p50": 0.19279351365491573,
    "p90": 0.2759246180687438
  },
  "ema": {
    "fast": 0.03945154490677732,
    "slow": 0.03752991069302621,
    "fast_period": 20,
    "slow_period": 100
  },
  "etv": {
    "horizon_days": 1,
    "risk_budget_usd": 100,
    "expected_move_usd": 12.060697704115091,
    "qty": 8.291394283589428,
    "notional_usd": 38784.07464274642,
    "leverage": 1
  }
}