{
  "t": "2026-03-28T21:40:12.561Z",
  "spot": 2017.38,
  "sigma_d": 0.0021813214621950873,
  "ERI": 0.21813214621950872,
  "percentiles": {
    "p10": 0.09385409740716054,
    "p50": 0.22730662149319086,
    "p90": 0.30238776937458894
  },
  "ema": {
    "fast": 0.0470738529130426,
    "slow": 0.044352898083131614,
    "fast_period": 20,
    "slow_period": 100
  },
  "etv": {
    "horizon_days": 1,
    "risk_budget_usd": 100,
    "expected_move_usd": 4.400554291403125,
    "qty": 22.72441001247477,
    "notional_usd": 45843.77027096636,
    "leverage": 1
  }
}