{
  "t": "2026-03-17T22:48:06.526Z",
  "spot": 2324.41,
  "sigma_d": 0.0022820619125454296,
  "ERI": 0.22820619125454294,
  "percentiles": {
    "p10": 0.10580637078218988,
    "p50": 0.2572695727402162,
    "p90": 0.3567350633979202
  },
  "ema": {
    "fast": 0.04159440468667237,
    "slow": 0.04160258926862141,
    "fast_period": 20,
    "slow_period": 100
  },
  "etv": {
    "horizon_days": 1,
    "risk_budget_usd": 100,
    "expected_move_usd": 5.304447530139722,
    "qty": 18.85210465968469,
    "notional_usd": 43820.02059201769,
    "leverage": 1
  }
}