{
  "t": "2026-06-29T16:09:43.257Z",
  "spot": 1578.36,
  "sigma_d": 0.002618674969679905,
  "ERI": 0.2618674969679905,
  "percentiles": {
    "p10": 0.08497570531041622,
    "p50": 0.22975714822572907,
    "p90": 0.3758066790004014
  },
  "ema": {
    "fast": 0.045523531888554,
    "slow": 0.04362327931043001,
    "fast_period": 20,
    "slow_period": 100
  },
  "etv": {
    "horizon_days": 1,
    "risk_budget_usd": 100,
    "expected_move_usd": 4.133211825143975,
    "qty": 24.194259629196875,
    "notional_usd": 38187.251628339174,
    "leverage": 1
  }
}