{
  "t": "2025-09-01T20:11:26.328Z",
  "spot": 4361.72,
  "sigma_d": 0.002472881659615375,
  "ERI": 0.2472881659615375,
  "percentiles": {
    "p10": 0.08371777023827405,
    "p50": 0.19492242571939655,
    "p90": 0.2931719046209609
  },
  "ema": {
    "fast": 0.042674678689966536,
    "slow": 0.041366755370885286,
    "fast_period": 20,
    "slow_period": 100
  },
  "etv": {
    "horizon_days": 1,
    "risk_budget_usd": 100,
    "expected_move_usd": 10.786017392377575,
    "qty": 9.271262632180576,
    "notional_usd": 40438.65164803467,
    "leverage": 1
  }
}