{
  "t": "2026-02-24T11:05:11.164Z",
  "spot": 1825.5,
  "sigma_d": 0.002023155547613523,
  "ERI": 0.20231555476135232,
  "percentiles": {
    "p10": 0.13416420136987287,
    "p50": 0.2990546058472695,
    "p90": 0.3818437403380982
  },
  "ema": {
    "fast": 0.05009086558760734,
    "slow": 0.057442208873350484,
    "fast_period": 20,
    "slow_period": 100
  },
  "etv": {
    "horizon_days": 1,
    "risk_budget_usd": 100,
    "expected_move_usd": 3.6932704521684863,
    "qty": 27.076273263791304,
    "notional_usd": 49427.736843051025,
    "leverage": 1
  }
}