{
  "t": "2025-11-07T11:23:56.887Z",
  "spot": 3239.49,
  "sigma_d": 0.0019399790373590938,
  "ERI": 0.1939979037359094,
  "percentiles": {
    "p10": 0.0747777476265019,
    "p50": 0.208657321615277,
    "p90": 0.29561773461855895
  },
  "ema": {
    "fast": 0.0343312931224114,
    "slow": 0.037508382465772316,
    "fast_period": 20,
    "slow_period": 100
  },
  "etv": {
    "horizon_days": 1,
    "risk_budget_usd": 100,
    "expected_move_usd": 6.28454269173441,
    "qty": 15.912056756575547,
    "notional_usd": 51546.948742358916,
    "leverage": 1
  }
}