{
  "t": "2025-11-23T11:22:47.423Z",
  "spot": 2808.64,
  "sigma_d": 0.0009138644330493694,
  "ERI": 0.09138644330493693,
  "percentiles": {
    "p10": 0.08270103127911355,
    "p50": 0.20387145364419193,
    "p90": 0.29153839848250634
  },
  "ema": {
    "fast": 0.03366336430902428,
    "slow": 0.038686666546133786,
    "fast_period": 20,
    "slow_period": 100
  },
  "etv": {
    "horizon_days": 1,
    "risk_budget_usd": 100,
    "expected_move_usd": 2.566716201239781,
    "qty": 38.96028705927745,
    "notional_usd": 109425.420646169,
    "leverage": 1
  }
}