{
  "t": "2026-02-13T21:48:21.825Z",
  "spot": 2051.13,
  "sigma_d": 0.0009031828672898594,
  "ERI": 0.09031828672898594,
  "percentiles": {
    "p10": 0.0959174568307485,
    "p50": 0.25806398807415787,
    "p90": 0.3778388171516272
  },
  "ema": {
    "fast": 0.041513349122410066,
    "slow": 0.05313560446540607,
    "fast_period": 20,
    "slow_period": 100
  },
  "etv": {
    "horizon_days": 1,
    "risk_budget_usd": 100,
    "expected_move_usd": 1.8525454745842493,
    "qty": 53.97978153407658,
    "notional_usd": 110719.5492979905,
    "leverage": 1
  }
}