{
  "t": "2026-02-04T15:56:13.753Z",
  "spot": 2150.43,
  "sigma_d": 0.0008396429590419652,
  "ERI": 0.08396429590419652,
  "percentiles": {
    "p10": 0.07716787856358145,
    "p50": 0.20014290043161914,
    "p90": 0.3178996556660396
  },
  "ema": {
    "fast": 0.052736606010239856,
    "slow": 0.04522846349396217,
    "fast_period": 20,
    "slow_period": 100
  },
  "etv": {
    "horizon_days": 1,
    "risk_budget_usd": 100,
    "expected_move_usd": 1.805593408412613,
    "qty": 55.383454289365716,
    "notional_usd": 119098.24160748071,
    "leverage": 1
  }
}