{
  "t": "2025-09-29T19:21:52.314Z",
  "spot": 4171.63,
  "sigma_d": 0.0024724004976409385,
  "ERI": 0.24724004976409386,
  "percentiles": {
    "p10": 0.07133598006098131,
    "p50": 0.17567247753885568,
    "p90": 0.25813344092531626
  },
  "ema": {
    "fast": 0.03383036429245932,
    "slow": 0.031127787259168833,
    "fast_period": 20,
    "slow_period": 100
  },
  "etv": {
    "horizon_days": 1,
    "risk_budget_usd": 100,
    "expected_move_usd": 10.313940087973869,
    "qty": 9.695615753731278,
    "notional_usd": 40446.52154673801,
    "leverage": 1
  }
}