{
  "t": "2026-02-01T10:40:13.456Z",
  "spot": 2392.06,
  "sigma_d": 0.003853493005479178,
  "ERI": 0.3853493005479178,
  "percentiles": {
    "p10": 0.07275280062388202,
    "p50": 0.19422263034087267,
    "p90": 0.29391517795359073
  },
  "ema": {
    "fast": 0.0419946609854645,
    "slow": 0.036290751545615146,
    "fast_period": 20,
    "slow_period": 100
  },
  "etv": {
    "horizon_days": 1,
    "risk_budget_usd": 100,
    "expected_move_usd": 9.217786478686522,
    "qty": 10.848591495498535,
    "notional_usd": 25950.481772722225,
    "leverage": 1
  }
}