{
  "t": "2026-06-23T21:05:01.231Z",
  "spot": 1662,
  "sigma_d": 0.0017711961411867854,
  "ERI": 0.17711961411867855,
  "percentiles": {
    "p10": 0.08370521180631367,
    "p50": 0.21670843656187902,
    "p90": 0.3817902617639839
  },
  "ema": {
    "fast": 0.03747704482913134,
    "slow": 0.04341928331967682,
    "fast_period": 20,
    "slow_period": 100
  },
  "etv": {
    "horizon_days": 1,
    "risk_budget_usd": 100,
    "expected_move_usd": 2.9437279866524375,
    "qty": 33.97053003994383,
    "notional_usd": 56459.02092638665,
    "leverage": 1
  }
}