{
  "t": "2026-05-27T08:46:45.892Z",
  "spot": 2089.69,
  "sigma_d": 0.003805415140620765,
  "ERI": 0.3805415140620765,
  "percentiles": {
    "p10": 0.09487912413171744,
    "p50": 0.2213525465645411,
    "p90": 0.3152769449368726
  },
  "ema": {
    "fast": 0.05079683220582268,
    "slow": 0.04224690472417968,
    "fast_period": 20,
    "slow_period": 100
  },
  "etv": {
    "horizon_days": 1,
    "risk_budget_usd": 100,
    "expected_move_usd": 7.952137965203806,
    "qty": 12.575234539135298,
    "notional_usd": 26278.341864085643,
    "leverage": 1
  }
}