{
  "t": "2025-10-12T12:49:19.519Z",
  "spot": 3829.19,
  "sigma_d": 0.0022225774900906264,
  "ERI": 0.22225774900906264,
  "percentiles": {
    "p10": 0.0735319391642849,
    "p50": 0.2189836331772912,
    "p90": 0.2767314733589211
  },
  "ema": {
    "fast": 0.037586894727928706,
    "slow": 0.03696608110774813,
    "fast_period": 20,
    "slow_period": 100
  },
  "etv": {
    "horizon_days": 1,
    "risk_budget_usd": 100,
    "expected_move_usd": 8.510671499280125,
    "qty": 11.749954161485201,
    "notional_usd": 44992.80697561752,
    "leverage": 1
  }
}