{
  "t": "2026-01-28T23:36:06.436Z",
  "spot": 3006.05,
  "sigma_d": 0.0008176499959263733,
  "ERI": 0.08176499959263733,
  "percentiles": {
    "p10": 0.07354377670154238,
    "p50": 0.1785021852120316,
    "p90": 0.27475522187325496
  },
  "ema": {
    "fast": 0.022779384059746163,
    "slow": 0.030197700091232908,
    "fast_period": 20,
    "slow_period": 100
  },
  "etv": {
    "horizon_days": 1,
    "risk_budget_usd": 100,
    "expected_move_usd": 2.4578967702544747,
    "qty": 40.685191180607085,
    "notional_usd": 122301.71894846394,
    "leverage": 1
  }
}