{
  "t": "2026-03-19T19:11:50.015Z",
  "spot": 2140.34,
  "sigma_d": 0.002821906633686551,
  "ERI": 0.2821906633686551,
  "percentiles": {
    "p10": 0.10580637078218988,
    "p50": 0.24844982486375153,
    "p90": 0.3548847506364679
  },
  "ema": {
    "fast": 0.040679832176260956,
    "slow": 0.04151626162898239,
    "fast_period": 20,
    "slow_period": 100
  },
  "etv": {
    "horizon_days": 1,
    "risk_budget_usd": 100,
    "expected_move_usd": 6.039839644344673,
    "qty": 16.556730954543426,
    "notional_usd": 35437.03353124748,
    "leverage": 1
  }
}