{
  "t": "2025-12-10T16:39:46.806Z",
  "spot": 3349.18,
  "sigma_d": 0.002786518261267407,
  "ERI": 0.2786518261267407,
  "percentiles": {
    "p10": 0.07796773069300217,
    "p50": 0.22207921363847016,
    "p90": 0.34401014146988695
  },
  "ema": {
    "fast": 0.04102725170942929,
    "slow": 0.04062580657647771,
    "fast_period": 20,
    "slow_period": 100
  },
  "etv": {
    "horizon_days": 1,
    "risk_budget_usd": 100,
    "expected_move_usd": 9.332551230271573,
    "qty": 10.71518361191895,
    "notional_usd": 35887.07864936671,
    "leverage": 1
  }
}