{
  "t": "2025-11-21T12:56:37.017Z",
  "spot": 2731.46,
  "sigma_d": 0.002046591207906263,
  "ERI": 0.2046591207906263,
  "percentiles": {
    "p10": 0.08416797247765259,
    "p50": 0.20110529045175912,
    "p90": 0.29110057116283505
  },
  "ema": {
    "fast": 0.03871849825110064,
    "slow": 0.03777737000621973,
    "fast_period": 20,
    "slow_period": 100
  },
  "etv": {
    "horizon_days": 1,
    "risk_budget_usd": 100,
    "expected_move_usd": 5.590182020747641,
    "qty": 17.888505173687673,
    "notional_usd": 48861.73634172093,
    "leverage": 1
  }
}