{
  "t": "2026-04-08T21:56:11.414Z",
  "spot": 2215.95,
  "sigma_d": 0.0024363167222190996,
  "ERI": 0.24363167222190996,
  "percentiles": {
    "p10": 0.090387308486617,
    "p50": 0.21574220530747196,
    "p90": 0.3482814472603661
  },
  "ema": {
    "fast": 0.04603551399541036,
    "slow": 0.04412755421874429,
    "fast_period": 20,
    "slow_period": 100
  },
  "etv": {
    "horizon_days": 1,
    "risk_budget_usd": 100,
    "expected_move_usd": 5.3987560406014135,
    "qty": 18.52278548020113,
    "notional_usd": 41045.56648485169,
    "leverage": 1
  }
}