{
  "t": "2026-01-09T22:33:02.209Z",
  "spot": 3080.04,
  "sigma_d": 0.0020188392316855706,
  "ERI": 0.20188392316855705,
  "percentiles": {
    "p10": 0.10511289400529371,
    "p50": 0.21885284630066074,
    "p90": 0.3186189896762125
  },
  "ema": {
    "fast": 0.03605121817180183,
    "slow": 0.038509903357594896,
    "fast_period": 20,
    "slow_period": 100
  },
  "etv": {
    "horizon_days": 1,
    "risk_budget_usd": 100,
    "expected_move_usd": 6.218105587160824,
    "qty": 16.08206850113329,
    "notional_usd": 49533.414266230575,
    "leverage": 1
  }
}