{
  "t": "2026-01-06T17:34:06.673Z",
  "spot": 3248.91,
  "sigma_d": 0.002360200327567304,
  "ERI": 0.2360200327567304,
  "percentiles": {
    "p10": 0.13300930458723387,
    "p50": 0.20693262909079047,
    "p90": 0.3131299362545302
  },
  "ema": {
    "fast": 0.04289476347236064,
    "slow": 0.04090057063802697,
    "fast_period": 20,
    "slow_period": 100
  },
  "etv": {
    "horizon_days": 1,
    "risk_budget_usd": 100,
    "expected_move_usd": 7.668078446236689,
    "qty": 13.041076809676827,
    "notional_usd": 42369.284857727136,
    "leverage": 1
  }
}