{
  "t": "2026-06-16T17:19:15.748Z",
  "spot": 1780.58,
  "sigma_d": 0.002980841332316121,
  "ERI": 0.2980841332316121,
  "percentiles": {
    "p10": 0.09042076955413055,
    "p50": 0.21188944006566002,
    "p90": 0.3804041668054057
  },
  "ema": {
    "fast": 0.05325632309894313,
    "slow": 0.04902445251728112,
    "fast_period": 20,
    "slow_period": 100
  },
  "etv": {
    "horizon_days": 1,
    "risk_budget_usd": 100,
    "expected_move_usd": 5.307626459495438,
    "qty": 18.840813452706005,
    "notional_usd": 33547.57561761926,
    "leverage": 1
  }
}