{
  "t": "2026-01-05T15:35:17.854Z",
  "spot": 3177.58,
  "sigma_d": 0.0031317610466882933,
  "ERI": 0.31317610466882934,
  "percentiles": {
    "p10": 0.13572569967968154,
    "p50": 0.20935918428604905,
    "p90": 0.3110059559280314
  },
  "ema": {
    "fast": 0.0488060502864833,
    "slow": 0.041400225932296246,
    "fast_period": 20,
    "slow_period": 100
  },
  "etv": {
    "horizon_days": 1,
    "risk_budget_usd": 100,
    "expected_move_usd": 9.951421266735787,
    "qty": 10.048815874599335,
    "notional_usd": 31930.916346809354,
    "leverage": 1
  }
}