{
  "t": "2025-11-19T21:22:18.956Z",
  "spot": 2958.11,
  "sigma_d": 0.0020787844046869937,
  "ERI": 0.20787844046869938,
  "percentiles": {
    "p10": 0.08207956278134289,
    "p50": 0.2071970048138504,
    "p90": 0.28657348538401595
  },
  "ema": {
    "fast": 0.04024617721091624,
    "slow": 0.03877834113628972,
    "fast_period": 20,
    "slow_period": 100
  },
  "etv": {
    "horizon_days": 1,
    "risk_budget_usd": 100,
    "expected_move_usd": 6.149272935348644,
    "qty": 16.26208513613981,
    "notional_usd": 48105.03666206654,
    "leverage": 1
  }
}