{
  "t": "2025-11-24T15:33:00.622Z",
  "spot": 2820.31,
  "sigma_d": 0.0016044623821908838,
  "ERI": 0.16044623821908838,
  "percentiles": {
    "p10": 0.08270103127911355,
    "p50": 0.19674660860731663,
    "p90": 0.2952181465191975
  },
  "ema": {
    "fast": 0.032253354140161505,
    "slow": 0.03683964430955014,
    "fast_period": 20,
    "slow_period": 100
  },
  "etv": {
    "horizon_days": 1,
    "risk_budget_usd": 100,
    "expected_move_usd": 4.525081301116772,
    "qty": 22.099050458015064,
    "notional_usd": 62326.17299724447,
    "leverage": 1
  }
}