{
  "t": "2025-12-28T16:36:31.653Z",
  "spot": 2942.03,
  "sigma_d": 0.0021203199282372968,
  "ERI": 0.21203199282372967,
  "percentiles": {
    "p10": 0.13647096419340068,
    "p50": 0.20412228905398372,
    "p90": 0.28582780467356655
  },
  "ema": {
    "fast": 0.03857317811125652,
    "slow": 0.03800946661559419,
    "fast_period": 20,
    "slow_period": 100
  },
  "etv": {
    "horizon_days": 1,
    "risk_budget_usd": 100,
    "expected_move_usd": 6.238044838471975,
    "qty": 16.030663868151237,
    "notional_usd": 47162.694020016985,
    "leverage": 1
  }
}