{
  "t": "2025-09-08T19:22:01.168Z",
  "spot": 4312.08,
  "sigma_d": 0.00102019666481691,
  "ERI": 0.102019666481691,
  "percentiles": {
    "p10": 0.0742420564085395,
    "p50": 0.21027101106387328,
    "p90": 0.3145241689620811
  },
  "ema": {
    "fast": 0.036467357108738066,
    "slow": 0.03817666770851205,
    "fast_period": 20,
    "slow_period": 100
  },
  "etv": {
    "horizon_days": 1,
    "risk_budget_usd": 100,
    "expected_move_usd": 4.399169634423701,
    "qty": 22.731562615248,
    "notional_usd": 98020.3165219586,
    "leverage": 1
  }
}