{
  "t": "2025-10-17T13:34:36.086Z",
  "spot": 3788.01,
  "sigma_d": 0.0022649558335873987,
  "ERI": 0.22649558335873987,
  "percentiles": {
    "p10": 0.07791427115409727,
    "p50": 0.21174107651569068,
    "p90": 0.27569173721386064
  },
  "ema": {
    "fast": 0.03411758903990318,
    "slow": 0.033446266210468915,
    "fast_period": 20,
    "slow_period": 100
  },
  "etv": {
    "horizon_days": 1,
    "risk_budget_usd": 100,
    "expected_move_usd": 8.579675347187402,
    "qty": 11.655452677796497,
    "notional_usd": 44150.97129801991,
    "leverage": 1
  }
}