{
  "t": "2026-06-16T23:44:33.343Z",
  "spot": 1792.28,
  "sigma_d": 0.0036212304510624843,
  "ERI": 0.36212304510624843,
  "percentiles": {
    "p10": 0.09042076955413055,
    "p50": 0.21211281071363414,
    "p90": 0.3817864497230434
  },
  "ema": {
    "fast": 0.05657667284006596,
    "slow": 0.04991202631427487,
    "fast_period": 20,
    "slow_period": 100
  },
  "etv": {
    "horizon_days": 1,
    "risk_budget_usd": 100,
    "expected_move_usd": 6.490258912830269,
    "qty": 15.407705816221752,
    "notional_usd": 27614.92298029792,
    "leverage": 1
  }
}