{
  "t": "2026-02-17T19:11:44.625Z",
  "spot": 2002.2,
  "sigma_d": 0.00065416148471497,
  "ERI": 0.065416148471497,
  "percentiles": {
    "p10": 0.09801038082152105,
    "p50": 0.28739004283603,
    "p90": 0.38224077299805304
  },
  "ema": {
    "fast": 0.0575921248356181,
    "slow": 0.05535188508386283,
    "fast_period": 20,
    "slow_period": 100
  },
  "etv": {
    "horizon_days": 1,
    "risk_budget_usd": 100,
    "expected_move_usd": 1.309762124696313,
    "qty": 76.34974176947317,
    "notional_usd": 152867.4529708392,
    "leverage": 1
  }
}