{
  "t": "2026-03-20T10:53:24.527Z",
  "spot": 2148.45,
  "sigma_d": 0.0008986636924175339,
  "ERI": 0.08986636924175338,
  "percentiles": {
    "p10": 0.10328440700270723,
    "p50": 0.24844982486375153,
    "p90": 0.3548847506364679
  },
  "ema": {
    "fast": 0.04307602531147685,
    "slow": 0.04228477373767656,
    "fast_period": 20,
    "slow_period": 100
  },
  "etv": {
    "horizon_days": 1,
    "risk_budget_usd": 100,
    "expected_move_usd": 1.9307340099744505,
    "qty": 51.79377349929383,
    "notional_usd": 111276.33267455781,
    "leverage": 1
  }
}