{
  "t": "2026-02-18T13:37:37.002Z",
  "spot": 1982.99,
  "sigma_d": 0.003748860871587637,
  "ERI": 0.3748860871587637,
  "percentiles": {
    "p10": 0.09801038082152105,
    "p50": 0.2888355629955974,
    "p90": 0.3860526086309107
  },
  "ema": {
    "fast": 0.05748858375618239,
    "slow": 0.05577264645645738,
    "fast_period": 20,
    "slow_period": 100
  },
  "etv": {
    "horizon_days": 1,
    "risk_budget_usd": 100,
    "expected_move_usd": 7.433953619749568,
    "qty": 13.451792291834176,
    "notional_usd": 26674.769596784252,
    "leverage": 1
  }
}