{
  "t": "2025-11-26T20:30:25.434Z",
  "spot": 3020.7,
  "sigma_d": 0.001533627991336519,
  "ERI": 0.15336279913365192,
  "percentiles": {
    "p10": 0.08661925132964557,
    "p50": 0.19872004001691101,
    "p90": 0.30193391782903517
  },
  "ema": {
    "fast": 0.03664773826125152,
    "slow": 0.03788645975645988,
    "fast_period": 20,
    "slow_period": 100
  },
  "etv": {
    "horizon_days": 1,
    "risk_budget_usd": 100,
    "expected_move_usd": 4.632630073430223,
    "qty": 21.58601019613793,
    "notional_usd": 65204.86099947384,
    "leverage": 1
  }
}