{
  "t": "2026-01-15T09:37:58.823Z",
  "spot": 3346.25,
  "sigma_d": 0.0022566389299121447,
  "ERI": 0.22566389299121448,
  "percentiles": {
    "p10": 0.07711089933097036,
    "p50": 0.2035550714311978,
    "p90": 0.28340210698723933
  },
  "ema": {
    "fast": 0.03455222830596576,
    "slow": 0.03524834770395349,
    "fast_period": 20,
    "slow_period": 100
  },
  "etv": {
    "horizon_days": 1,
    "risk_budget_usd": 100,
    "expected_move_usd": 7.551278019218515,
    "qty": 13.242791451393158,
    "notional_usd": 44313.69089422435,
    "leverage": 1
  }
}