{
  "t": "2025-10-24T22:27:55.126Z",
  "spot": 3940.83,
  "sigma_d": 0.0019469472540453885,
  "ERI": 0.19469472540453886,
  "percentiles": {
    "p10": 0.08098626447852347,
    "p50": 0.21042940362359802,
    "p90": 0.27255370346420243
  },
  "ema": {
    "fast": 0.03609493779742097,
    "slow": 0.03900624861531227,
    "fast_period": 20,
    "slow_period": 100
  },
  "etv": {
    "horizon_days": 1,
    "risk_budget_usd": 100,
    "expected_move_usd": 7.672588147159688,
    "qty": 13.03341168351633,
    "notional_usd": 51362.459764751664,
    "leverage": 1
  }
}