{
  "t": "2026-01-27T11:32:58.883Z",
  "spot": 2905.3,
  "sigma_d": 0.000687091611046021,
  "ERI": 0.0687091611046021,
  "percentiles": {
    "p10": 0.07076295757611355,
    "p50": 0.18264775521289492,
    "p90": 0.27475522187325496
  },
  "ema": {
    "fast": 0.027181123245272883,
    "slow": 0.03531629230089508,
    "fast_period": 20,
    "slow_period": 100
  },
  "etv": {
    "horizon_days": 1,
    "risk_budget_usd": 100,
    "expected_move_usd": 1.996207257572005,
    "qty": 50.09499871352558,
    "notional_usd": 145540.99976240587,
    "leverage": 1
  }
}