{
  "t": "2026-03-03T14:59:16.343Z",
  "spot": 1946.18,
  "sigma_d": 0.0033692786556687834,
  "ERI": 0.33692786556687837,
  "percentiles": {
    "p10": 0.1069178646034985,
    "p50": 0.2842544105421698,
    "p90": 0.3747311719970657
  },
  "ema": {
    "fast": 0.042657396500004024,
    "slow": 0.04430260606141042,
    "fast_period": 20,
    "slow_period": 100
  },
  "etv": {
    "horizon_days": 1,
    "risk_budget_usd": 100,
    "expected_move_usd": 6.557222734089473,
    "qty": 15.250358887478887,
    "notional_usd": 29679.94345963366,
    "leverage": 1
  }
}