{
  "t": "2026-04-16T08:51:45.665Z",
  "spot": 2345.21,
  "sigma_d": 0.0027994884697885468,
  "ERI": 0.2799488469788547,
  "percentiles": {
    "p10": 0.08958015709377566,
    "p50": 0.22676650990550165,
    "p90": 0.3482485795053716
  },
  "ema": {
    "fast": 0.039148313172810506,
    "slow": 0.04403352167393983,
    "fast_period": 20,
    "slow_period": 100
  },
  "etv": {
    "horizon_days": 1,
    "risk_budget_usd": 100,
    "expected_move_usd": 6.565388354232798,
    "qty": 15.231391443208167,
    "notional_usd": 35720.811526526224,
    "leverage": 1
  }
}