{
  "t": "2025-11-20T12:57:43.085Z",
  "spot": 3028.32,
  "sigma_d": 0.0017143398324353239,
  "ERI": 0.17143398324353237,
  "percentiles": {
    "p10": 0.08416797247765259,
    "p50": 0.20239917850757505,
    "p90": 0.28657348538401595
  },
  "ema": {
    "fast": 0.032178610621423194,
    "slow": 0.0368624494057003,
    "fast_period": 20,
    "slow_period": 100
  },
  "etv": {
    "horizon_days": 1,
    "risk_budget_usd": 100,
    "expected_move_usd": 5.19156960136054,
    "qty": 19.261997368540197,
    "notional_usd": 58331.49187109765,
    "leverage": 1
  }
}