{
  "t": "2026-05-29T12:25:17.505Z",
  "spot": 1999.46,
  "sigma_d": 0.0006390213816182194,
  "ERI": 0.06390213816182194,
  "percentiles": {
    "p10": 0.09791702581101389,
    "p50": 0.22411893692133944,
    "p90": 0.3208549427952852
  },
  "ema": {
    "fast": 0.035475722647143305,
    "slow": 0.0408389738488119,
    "fast_period": 20,
    "slow_period": 100
  },
  "etv": {
    "horizon_days": 1,
    "risk_budget_usd": 100,
    "expected_move_usd": 1.2776976916903648,
    "qty": 78.26577495628273,
    "notional_usd": 156489.28639408905,
    "leverage": 1
  }
}