{
  "t": "2026-01-06T10:37:09.081Z",
  "spot": 3228.1,
  "sigma_d": 0.0017220452116127772,
  "ERI": 0.1722045211612777,
  "percentiles": {
    "p10": 0.13300930458723387,
    "p50": 0.20884838321906668,
    "p90": 0.3124313469826511
  },
  "ema": {
    "fast": 0.03762864809851852,
    "slow": 0.03990489946248519,
    "fast_period": 20,
    "slow_period": 100
  },
  "etv": {
    "horizon_days": 1,
    "risk_budget_usd": 100,
    "expected_move_usd": 5.558934147607205,
    "qty": 17.989060014867082,
    "notional_usd": 58070.484633992426,
    "leverage": 1
  }
}