{
  "t": "2026-04-25T17:52:44.770Z",
  "spot": 2309.94,
  "sigma_d": 0.0014355986028883932,
  "ERI": 0.14355986028883932,
  "percentiles": {
    "p10": 0.08726502285401226,
    "p50": 0.21385218036352943,
    "p90": 0.32621707539853323
  },
  "ema": {
    "fast": 0.033793727499306675,
    "slow": 0.03495080071430631,
    "fast_period": 20,
    "slow_period": 100
  },
  "etv": {
    "horizon_days": 1,
    "risk_budget_usd": 100,
    "expected_move_usd": 3.3161466367560153,
    "qty": 30.155481935450215,
    "notional_usd": 69657.35394197387,
    "leverage": 1
  }
}