{
  "t": "2025-11-26T17:28:35.787Z",
  "spot": 2958.6,
  "sigma_d": 0.002732171628999301,
  "ERI": 0.2732171628999301,
  "percentiles": {
    "p10": 0.08661925132964557,
    "p50": 0.20102380901329553,
    "p90": 0.30193391782903517
  },
  "ema": {
    "fast": 0.038040259974628544,
    "slow": 0.03819818522553024,
    "fast_period": 20,
    "slow_period": 100
  },
  "etv": {
    "horizon_days": 1,
    "risk_budget_usd": 100,
    "expected_move_usd": 8.083402981557331,
    "qty": 12.371027428442547,
    "notional_usd": 36600.92174979012,
    "leverage": 1
  }
}