{
  "t": "2026-05-17T17:10:06.103Z",
  "spot": 2181.98,
  "sigma_d": 0.0031823794474898047,
  "ERI": 0.3182379447489805,
  "percentiles": {
    "p10": 0.08883214396533406,
    "p50": 0.22871969463172337,
    "p90": 0.29430636872398575
  },
  "ema": {
    "fast": 0.056044030478969345,
    "slow": 0.04601745382233549,
    "fast_period": 20,
    "slow_period": 100
  },
  "etv": {
    "horizon_days": 1,
    "risk_budget_usd": 100,
    "expected_move_usd": 6.943888306833804,
    "qty": 14.401153299310034,
    "notional_usd": 31423.028476028507,
    "leverage": 1
  }
}