{
  "t": "2026-06-12T20:22:19.968Z",
  "spot": 1664.91,
  "sigma_d": 0.0022891840426768366,
  "ERI": 0.22891840426768365,
  "percentiles": {
    "p10": 0.08241905834499225,
    "p50": 0.2011363752689838,
    "p90": 0.3804041668054057
  },
  "ema": {
    "fast": 0.05023184838038781,
    "slow": 0.04716406274714608,
    "fast_period": 20,
    "slow_period": 100
  },
  "etv": {
    "horizon_days": 1,
    "risk_budget_usd": 100,
    "expected_move_usd": 3.811285404493092,
    "qty": 26.23786712013507,
    "notional_usd": 43683.68734698409,
    "leverage": 1
  }
}