{
  "t": "2026-06-14T21:24:21.908Z",
  "spot": 1689.44,
  "sigma_d": 0.0035070140342725793,
  "ERI": 0.3507014034272579,
  "percentiles": {
    "p10": 0.08509939726906793,
    "p50": 0.20861254441862204,
    "p90": 0.3804041668054057
  },
  "ema": {
    "fast": 0.050354058445820214,
    "slow": 0.047956655571943015,
    "fast_period": 20,
    "slow_period": 100
  },
  "etv": {
    "horizon_days": 1,
    "risk_budget_usd": 100,
    "expected_move_usd": 5.924889790061466,
    "qty": 16.877951074759583,
    "notional_usd": 28514.28566374183,
    "leverage": 1
  }
}