{
  "t": "2025-11-06T07:27:28.440Z",
  "spot": 3386.83,
  "sigma_d": 0.0029070297315847496,
  "ERI": 0.29070297315847493,
  "percentiles": {
    "p10": 0.0754255403625963,
    "p50": 0.2170185506052644,
    "p90": 0.29437129788165056
  },
  "ema": {
    "fast": 0.03766597511522576,
    "slow": 0.038408274011984225,
    "fast_period": 20,
    "slow_period": 100
  },
  "etv": {
    "horizon_days": 1,
    "risk_budget_usd": 100,
    "expected_move_usd": 9.845615505823178,
    "qty": 10.156805325259262,
    "notional_usd": 34399.37297974782,
    "leverage": 1
  }
}