{
  "t": "2025-12-03T08:40:21.116Z",
  "spot": 3049.59,
  "sigma_d": 0.002628492577625547,
  "ERI": 0.2628492577625547,
  "percentiles": {
    "p10": 0.07676241052515967,
    "p50": 0.19457667734874612,
    "p90": 0.32430331733811585
  },
  "ema": {
    "fast": 0.04392580931880743,
    "slow": 0.038789199663823284,
    "fast_period": 20,
    "slow_period": 100
  },
  "etv": {
    "horizon_days": 1,
    "risk_budget_usd": 100,
    "expected_move_usd": 8.015824679801092,
    "qty": 12.475322751505269,
    "notional_usd": 38044.61950976295,
    "leverage": 1
  }
}