{
  "t": "2026-01-20T19:07:56.753Z",
  "spot": 2994.31,
  "sigma_d": 0.0031409867967612847,
  "ERI": 0.3140986796761285,
  "percentiles": {
    "p10": 0.0729283039053014,
    "p50": 0.1691764445543425,
    "p90": 0.2507868990188065
  },
  "ema": {
    "fast": 0.034518550874890225,
    "slow": 0.02990711947125929,
    "fast_period": 20,
    "slow_period": 100
  },
  "etv": {
    "horizon_days": 1,
    "risk_budget_usd": 100,
    "expected_move_usd": 9.405088175410283,
    "qty": 10.632542527506676,
    "notional_usd": 31837.128415538515,
    "leverage": 1
  }
}