{
  "t": "2026-06-28T18:14:54.300Z",
  "spot": 1571.59,
  "sigma_d": 0.002270228942737854,
  "ERI": 0.22702289427378539,
  "percentiles": {
    "p10": 0.08370521180631367,
    "p50": 0.22857883947964827,
    "p90": 0.3758066790004014
  },
  "ema": {
    "fast": 0.04613026798306634,
    "slow": 0.04351342655790949,
    "fast_period": 20,
    "slow_period": 100
  },
  "etv": {
    "horizon_days": 1,
    "risk_budget_usd": 100,
    "expected_move_usd": 3.5678691041173836,
    "qty": 28.02793406422849,
    "notional_usd": 44048.42089600085,
    "leverage": 1
  }
}