{
  "t": "2025-11-09T12:51:13.977Z",
  "spot": 3444.24,
  "sigma_d": 0.002702092970091853,
  "ERI": 0.2702092970091853,
  "percentiles": {
    "p10": 0.07507611078038272,
    "p50": 0.2086652141212299,
    "p90": 0.29432453832389915
  },
  "ema": {
    "fast": 0.033553354777145064,
    "slow": 0.03427815761450556,
    "fast_period": 20,
    "slow_period": 100
  },
  "etv": {
    "horizon_days": 1,
    "risk_budget_usd": 100,
    "expected_move_usd": 9.306656691309163,
    "qty": 10.744997190385568,
    "notional_usd": 37008.349123013584,
    "leverage": 1
  }
}