{
  "t": "2025-09-09T09:29:53.077Z",
  "spot": 4363.27,
  "sigma_d": 0.002788497554302479,
  "ERI": 0.27884975543024787,
  "percentiles": {
    "p10": 0.07472369902948789,
    "p50": 0.21224997840778814,
    "p90": 0.3170205782224619
  },
  "ema": {
    "fast": 0.042891666538796586,
    "slow": 0.03968744967311154,
    "fast_period": 20,
    "slow_period": 100
  },
  "etv": {
    "horizon_days": 1,
    "risk_budget_usd": 100,
    "expected_move_usd": 12.16696772376138,
    "qty": 8.218974708439953,
    "notional_usd": 35861.605776094795,
    "leverage": 1
  }
}