{
  "t": "2026-05-27T22:05:56.259Z",
  "spot": 2024.94,
  "sigma_d": 0.0016428945871667531,
  "ERI": 0.1642894587166753,
  "percentiles": {
    "p10": 0.09791702581101389,
    "p50": 0.22411893692133944,
    "p90": 0.3162102267399975
  },
  "ema": {
    "fast": 0.05077394434643226,
    "slow": 0.04298753899352905,
    "fast_period": 20,
    "slow_period": 100
  },
  "etv": {
    "horizon_days": 1,
    "risk_budget_usd": 100,
    "expected_move_usd": 3.326762965337445,
    "qty": 30.05925010045212,
    "notional_usd": 60868.17789840952,
    "leverage": 1
  }
}