{
  "t": "2025-09-21T02:07:09.882Z",
  "spot": 4482.97,
  "sigma_d": 0.0022820057886264976,
  "ERI": 0.22820057886264977,
  "percentiles": {
    "p10": 0.08199021503244962,
    "p50": 0.17302018159978672,
    "p90": 0.2326740181390826
  },
  "ema": {
    "fast": 0.03294595115096778,
    "slow": 0.02963304364537513,
    "fast_period": 20,
    "slow_period": 100
  },
  "etv": {
    "horizon_days": 1,
    "risk_budget_usd": 100,
    "expected_move_usd": 10.23016349023893,
    "qty": 9.775014846577438,
    "notional_usd": 43821.09830676126,
    "leverage": 1
  }
}