{
  "t": "2026-06-01T00:14:03.946Z",
  "spot": 2006.34,
  "sigma_d": 0.0007111057863889982,
  "ERI": 0.07111057863889982,
  "percentiles": {
    "p10": 0.09338809797969481,
    "p50": 0.2064047848534243,
    "p90": 0.3208549427952852
  },
  "ema": {
    "fast": 0.02259083662328893,
    "slow": 0.034334297930920694,
    "fast_period": 20,
    "slow_period": 100
  },
  "etv": {
    "horizon_days": 1,
    "risk_budget_usd": 100,
    "expected_move_usd": 1.4267199834637025,
    "qty": 70.09083853807542,
    "notional_usd": 140626.05299248223,
    "leverage": 1
  }
}