{
  "t": "2025-10-23T23:24:16.277Z",
  "spot": 3854.53,
  "sigma_d": 0.0022879883141466474,
  "ERI": 0.22879883141466473,
  "percentiles": {
    "p10": 0.08166357686791983,
    "p50": 0.2153866601997641,
    "p90": 0.27255370346420243
  },
  "ema": {
    "fast": 0.04241937955084189,
    "slow": 0.03968330551611674,
    "fast_period": 20,
    "slow_period": 100
  },
  "etv": {
    "horizon_days": 1,
    "risk_budget_usd": 100,
    "expected_move_usd": 8.819119596527678,
    "qty": 11.33900032826096,
    "notional_usd": 43706.51693529172,
    "leverage": 1
  }
}