{
  "t": "2025-11-26T11:26:22.319Z",
  "spot": 2913.22,
  "sigma_d": 0.0012574243977613632,
  "ERI": 0.1257424397761363,
  "percentiles": {
    "p10": 0.08661925132964557,
    "p50": 0.20053818679496263,
    "p90": 0.30193391782903517
  },
  "ema": {
    "fast": 0.03599844365830685,
    "slow": 0.03810119543582773,
    "fast_period": 20,
    "slow_period": 100
  },
  "etv": {
    "horizon_days": 1,
    "risk_budget_usd": 100,
    "expected_move_usd": 3.663153904046358,
    "qty": 27.2988803144577,
    "notional_usd": 79527.64410968446,
    "leverage": 1
  }
}