{
  "t": "2025-10-09T07:26:11.271Z",
  "spot": 4428.13,
  "sigma_d": 0.0018520385520971706,
  "ERI": 0.18520385520971705,
  "percentiles": {
    "p10": 0.07116823306372917,
    "p50": 0.2098212781159591,
    "p90": 0.2767314733589211
  },
  "ema": {
    "fast": 0.03919630502290898,
    "slow": 0.039059696748125115,
    "fast_period": 20,
    "slow_period": 100
  },
  "etv": {
    "horizon_days": 1,
    "risk_budget_usd": 100,
    "expected_move_usd": 8.201067473698044,
    "qty": 12.19353460030829,
    "notional_usd": 53994.55636966315,
    "leverage": 1
  }
}