{
  "t": "2026-01-21T05:39:29.514Z",
  "spot": 2989.93,
  "sigma_d": 0.003070493653528509,
  "ERI": 0.30704936535285093,
  "percentiles": {
    "p10": 0.07255502410957532,
    "p50": 0.18156868466872172,
    "p90": 0.25286753335510387
  },
  "ema": {
    "fast": 0.041497251412272534,
    "slow": 0.03215360388587351,
    "fast_period": 20,
    "slow_period": 100
  },
  "etv": {
    "horizon_days": 1,
    "risk_budget_usd": 100,
    "expected_move_usd": 9.180561089494494,
    "qty": 10.892580423481094,
    "notional_usd": 32568.052985578826,
    "leverage": 1
  }
}