{
  "t": "2025-12-24T17:28:08.607Z",
  "spot": 2940.15,
  "sigma_d": 0.0020279421826887765,
  "ERI": 0.20279421826887764,
  "percentiles": {
    "p10": 0.08291299551388288,
    "p50": 0.20731458101275585,
    "p90": 0.2883199483531363
  },
  "ema": {
    "fast": 0.03544587278389885,
    "slow": 0.04048280306348613,
    "fast_period": 20,
    "slow_period": 100
  },
  "etv": {
    "horizon_days": 1,
    "risk_budget_usd": 100,
    "expected_move_usd": 5.962454208432407,
    "qty": 16.77161727440605,
    "notional_usd": 49311.07052934495,
    "leverage": 1
  }
}