{
  "t": "2025-10-28T21:25:48.170Z",
  "spot": 3957.72,
  "sigma_d": 0.002401597717137364,
  "ERI": 0.2401597717137364,
  "percentiles": {
    "p10": 0.08806587454538885,
    "p50": 0.21380800729477484,
    "p90": 0.2728324554907751
  },
  "ema": {
    "fast": 0.03500462056541109,
    "slow": 0.036293356462424736,
    "fast_period": 20,
    "slow_period": 100
  },
  "etv": {
    "horizon_days": 1,
    "risk_budget_usd": 100,
    "expected_move_usd": 9.504851317068887,
    "qty": 10.520943112536564,
    "notional_usd": 41638.946975348204,
    "leverage": 1
  }
}