{
  "t": "2026-05-04T06:51:18.247Z",
  "spot": 2368.48,
  "sigma_d": 0.002036212111613582,
  "ERI": 0.2036212111613582,
  "percentiles": {
    "p10": 0.08441840954145854,
    "p50": 0.19434525402032105,
    "p90": 0.2624420575175349
  },
  "ema": {
    "fast": 0.041523591094357014,
    "slow": 0.03544779278884624,
    "fast_period": 20,
    "slow_period": 100
  },
  "etv": {
    "horizon_days": 1,
    "risk_budget_usd": 100,
    "expected_move_usd": 4.822727662114537,
    "qty": 20.735153839508897,
    "notional_usd": 49110.79716580003,
    "leverage": 1
  }
}