{
  "t": "2025-10-08T22:27:29.601Z",
  "spot": 4528,
  "sigma_d": 0.0018083477452322464,
  "ERI": 0.18083477452322463,
  "percentiles": {
    "p10": 0.07073861986214414,
    "p50": 0.20797484686974654,
    "p90": 0.2767997753290411
  },
  "ema": {
    "fast": 0.03773970394102704,
    "slow": 0.03881607741010812,
    "fast_period": 20,
    "slow_period": 100
  },
  "etv": {
    "horizon_days": 1,
    "risk_budget_usd": 100,
    "expected_move_usd": 8.188198590411611,
    "qty": 12.212698421494089,
    "notional_usd": 55299.098452525235,
    "leverage": 1
  }
}