{
  "t": "2025-11-02T12:50:09.984Z",
  "spot": 3873.98,
  "sigma_d": 0.0029440759253821854,
  "ERI": 0.2944075925382185,
  "percentiles": {
    "p10": 0.08497790374072993,
    "p50": 0.2177448206053081,
    "p90": 0.2909311937713
  },
  "ema": {
    "fast": 0.04920517122088495,
    "slow": 0.04455372016760324,
    "fast_period": 20,
    "slow_period": 100
  },
  "etv": {
    "horizon_days": 1,
    "risk_budget_usd": 100,
    "expected_move_usd": 11.405291253412079,
    "qty": 8.767860265741426,
    "notional_usd": 33966.51531227697,
    "leverage": 1
  }
}