{
  "t": "2025-09-22T17:23:18.663Z",
  "spot": 4164.87,
  "sigma_d": 0.0021869918654355393,
  "ERI": 0.21869918654355394,
  "percentiles": {
    "p10": 0.07989218135523876,
    "p50": 0.17516196602769546,
    "p90": 0.23203035452664267
  },
  "ema": {
    "fast": 0.037776011465330356,
    "slow": 0.03380863470119495,
    "fast_period": 20,
    "slow_period": 100
  },
  "etv": {
    "horizon_days": 1,
    "risk_budget_usd": 100,
    "expected_move_usd": 9.108536810596515,
    "qty": 10.978711738164566,
    "notional_usd": 45724.907156929454,
    "leverage": 1
  }
}