{
  "t": "2025-11-25T23:27:20.248Z",
  "spot": 2965.82,
  "sigma_d": 0.0029335141956500542,
  "ERI": 0.29335141956500543,
  "percentiles": {
    "p10": 0.08661925132964557,
    "p50": 0.20102380901329553,
    "p90": 0.3017130581792139
  },
  "ema": {
    "fast": 0.04162435204951358,
    "slow": 0.038796403142169214,
    "fast_period": 20,
    "slow_period": 100
  },
  "etv": {
    "horizon_days": 1,
    "risk_budget_usd": 100,
    "expected_move_usd": 8.700275071742844,
    "qty": 11.493889466183044,
    "notional_usd": 34088.807256595,
    "leverage": 1
  }
}