{
  "t": "2025-10-16T20:29:47.209Z",
  "spot": 3858,
  "sigma_d": 0.0008941632964643672,
  "ERI": 0.08941632964643671,
  "percentiles": {
    "p10": 0.07730443595017843,
    "p50": 0.21174107651569068,
    "p90": 0.27569173721386064
  },
  "ema": {
    "fast": 0.02952936119943228,
    "slow": 0.0330728445055395,
    "fast_period": 20,
    "slow_period": 100
  },
  "etv": {
    "horizon_days": 1,
    "risk_budget_usd": 100,
    "expected_move_usd": 3.4496819977595283,
    "qty": 28.988179219112716,
    "notional_usd": 111836.39542733686,
    "leverage": 1
  }
}