{
  "t": "2026-03-20T19:03:41.099Z",
  "spot": 2126.57,
  "sigma_d": 0.0023434667240200924,
  "ERI": 0.23434667240200924,
  "percentiles": {
    "p10": 0.10328440700270723,
    "p50": 0.24945385163595474,
    "p90": 0.3548847506364679
  },
  "ema": {
    "fast": 0.04602678335682687,
    "slow": 0.043210878247325904,
    "fast_period": 20,
    "slow_period": 100
  },
  "etv": {
    "horizon_days": 1,
    "risk_budget_usd": 100,
    "expected_move_usd": 4.983546031299408,
    "qty": 20.066033176365792,
    "notional_usd": 42671.82417186421,
    "leverage": 1
  }
}