{
  "t": "2026-03-27T11:53:10.878Z",
  "spot": 1992.72,
  "sigma_d": 0.003389526363431024,
  "ERI": 0.3389526363431024,
  "percentiles": {
    "p10": 0.09510863386087964,
    "p50": 0.21734142399150919,
    "p90": 0.29671180597133445
  },
  "ema": {
    "fast": 0.04689357883792407,
    "slow": 0.04089058491788394,
    "fast_period": 20,
    "slow_period": 100
  },
  "etv": {
    "horizon_days": 1,
    "risk_budget_usd": 100,
    "expected_move_usd": 6.75437697493627,
    "qty": 14.80521451069046,
    "notional_usd": 29502.647059743093,
    "leverage": 1
  }
}