{
  "t": "2026-06-09T12:14:00.963Z",
  "spot": 1677.31,
  "sigma_d": 0.003065881285195307,
  "ERI": 0.3065881285195307,
  "percentiles": {
    "p10": 0.08219290420103595,
    "p50": 0.20454179796547337,
    "p90": 0.35930762446011894
  },
  "ema": {
    "fast": 0.04842181415033706,
    "slow": 0.04367718119428486,
    "fast_period": 20,
    "slow_period": 100
  },
  "etv": {
    "horizon_days": 1,
    "risk_budget_usd": 100,
    "expected_move_usd": 5.14243333847094,
    "qty": 19.446046923329526,
    "notional_usd": 32617.048964969847,
    "leverage": 1
  }
}