{
  "t": "2025-12-18T15:33:44.236Z",
  "spot": 2965.42,
  "sigma_d": 0.0019756206156069864,
  "ERI": 0.19756206156069864,
  "percentiles": {
    "p10": 0.07939482920405169,
    "p50": 0.20470831012784824,
    "p90": 0.2840410459705529
  },
  "ema": {
    "fast": 0.03285870813600718,
    "slow": 0.03519772787353098,
    "fast_period": 20,
    "slow_period": 100
  },
  "etv": {
    "horizon_days": 1,
    "risk_budget_usd": 100,
    "expected_move_usd": 5.85854488593327,
    "qty": 17.069084891729037,
    "notional_usd": 50617.005719631125,
    "leverage": 1
  }
}