{
  "t": "2025-12-10T08:40:26.437Z",
  "spot": 3328.92,
  "sigma_d": 0.00238615144486942,
  "ERI": 0.238615144486942,
  "percentiles": {
    "p10": 0.07796773069300217,
    "p50": 0.22203933051430966,
    "p90": 0.34401014146988695
  },
  "ema": {
    "fast": 0.03763750016306498,
    "slow": 0.04018276753969831,
    "fast_period": 20,
    "slow_period": 100
  },
  "etv": {
    "horizon_days": 1,
    "risk_budget_usd": 100,
    "expected_move_usd": 7.94330726785471,
    "qty": 12.58921462155744,
    "notional_usd": 41908.488337995,
    "leverage": 1
  }
}