{
  "t": "2026-01-30T11:37:42.389Z",
  "spot": 2734.82,
  "sigma_d": 0.002106136417167976,
  "ERI": 0.2106136417167976,
  "percentiles": {
    "p10": 0.0723947900384728,
    "p50": 0.17301178481602936,
    "p90": 0.2812841269121995
  },
  "ema": {
    "fast": 0.03295293739801436,
    "slow": 0.03061134927885776,
    "fast_period": 20,
    "slow_period": 100
  },
  "etv": {
    "horizon_days": 1,
    "risk_budget_usd": 100,
    "expected_move_usd": 5.759903996399325,
    "qty": 17.361400478638664,
    "notional_usd": 47480.30525699059,
    "leverage": 1
  }
}