{
  "t": "2026-03-10T02:47:08.479Z",
  "spot": 2047.4,
  "sigma_d": 0.004154390812604051,
  "ERI": 0.4154390812604051,
  "percentiles": {
    "p10": 0.1024655879195603,
    "p50": 0.26974962122590074,
    "p90": 0.35493790959441
  },
  "ema": {
    "fast": 0.05234813552631264,
    "slow": 0.05232445054002672,
    "fast_period": 20,
    "slow_period": 100
  },
  "etv": {
    "horizon_days": 1,
    "risk_budget_usd": 100,
    "expected_move_usd": 8.505699749725535,
    "qty": 11.756822241841636,
    "notional_usd": 24070.917857946566,
    "leverage": 1
  }
}