{
  "t": "2025-12-16T11:29:07.811Z",
  "spot": 2952.08,
  "sigma_d": 0.0008136845005225064,
  "ERI": 0.08136845005225064,
  "percentiles": {
    "p10": 0.08367908621690445,
    "p50": 0.2195677760936087,
    "p90": 0.29437473053983293
  },
  "ema": {
    "fast": 0.03915596188702797,
    "slow": 0.03728754498829704,
    "fast_period": 20,
    "slow_period": 100
  },
  "etv": {
    "horizon_days": 1,
    "risk_budget_usd": 100,
    "expected_move_usd": 2.402061740302481,
    "qty": 41.630903287026854,
    "notional_usd": 122897.75697556623,
    "leverage": 1
  }
}