{
  "t": "2025-11-07T08:37:09.213Z",
  "spot": 3343.05,
  "sigma_d": 0.0020385363657138005,
  "ERI": 0.20385363657138006,
  "percentiles": {
    "p10": 0.0747777476265019,
    "p50": 0.21005390909958155,
    "p90": 0.29561773461855895
  },
  "ema": {
    "fast": 0.03565938587788444,
    "slow": 0.037968727801900484,
    "fast_period": 20,
    "slow_period": 100
  },
  "etv": {
    "horizon_days": 1,
    "risk_budget_usd": 100,
    "expected_move_usd": 6.814928997399521,
    "qty": 14.673667185404067,
    "notional_usd": 49054.80308416507,
    "leverage": 1
  }
}