{
  "t": "2026-02-10T05:43:19.191Z",
  "spot": 2060.25,
  "sigma_d": 0.0019657191933142217,
  "ERI": 0.19657191933142218,
  "percentiles": {
    "p10": 0.0817932490228026,
    "p50": 0.22125309636061785,
    "p90": 0.3739081657437554
  },
  "ema": {
    "fast": 0.04785895190080306,
    "slow": 0.0500673926658573,
    "fast_period": 20,
    "slow_period": 100
  },
  "etv": {
    "horizon_days": 1,
    "risk_budget_usd": 100,
    "expected_move_usd": 4.049872968025626,
    "qty": 24.692132516134578,
    "notional_usd": 50871.96601636626,
    "leverage": 1
  }
}