{
  "t": "2026-01-30T20:43:22.043Z",
  "spot": 2674.24,
  "sigma_d": 0.002855670515971001,
  "ERI": 0.2855670515971001,
  "percentiles": {
    "p10": 0.07342043759200238,
    "p50": 0.18006674659192912,
    "p90": 0.28398441449179856
  },
  "ema": {
    "fast": 0.037643069010008974,
    "slow": 0.032114628590456655,
    "fast_period": 20,
    "slow_period": 100
  },
  "etv": {
    "horizon_days": 1,
    "risk_budget_usd": 100,
    "expected_move_usd": 7.636748320630289,
    "qty": 13.094578451650039,
    "notional_usd": 35018.0454785406,
    "leverage": 1
  }
}