{
  "t": "2026-01-23T22:30:58.894Z",
  "spot": 2954.18,
  "sigma_d": 0.002336999642772977,
  "ERI": 0.2336999642772977,
  "percentiles": {
    "p10": 0.07184601349790881,
    "p50": 0.16958338612543966,
    "p90": 0.2677988259912101
  },
  "ema": {
    "fast": 0.040392670702350676,
    "slow": 0.035947936280522064,
    "fast_period": 20,
    "slow_period": 100
  },
  "etv": {
    "horizon_days": 1,
    "risk_budget_usd": 100,
    "expected_move_usd": 6.903917604687073,
    "qty": 14.484529759177594,
    "notional_usd": 42789.90812396726,
    "leverage": 1
  }
}