{
  "t": "2025-10-06T17:25:35.244Z",
  "spot": 4716.37,
  "sigma_d": 0.0010194780999829105,
  "ERI": 0.10194780999829105,
  "percentiles": {
    "p10": 0.07116165944170003,
    "p50": 0.19153324261213445,
    "p90": 0.274735224696171
  },
  "ema": {
    "fast": 0.040306886305537165,
    "slow": 0.037597415833749995,
    "fast_period": 20,
    "slow_period": 100
  },
  "etv": {
    "horizon_days": 1,
    "risk_budget_usd": 100,
    "expected_move_usd": 4.808235926416399,
    "qty": 20.797648353859056,
    "notional_usd": 98089.40476669023,
    "leverage": 1
  }
}