{
  "t": "2025-09-24T07:26:45.106Z",
  "spot": 4175.24,
  "sigma_d": 0.0024171103988796135,
  "ERI": 0.24171103988796133,
  "percentiles": {
    "p10": 0.07712850404614739,
    "p50": 0.18146381857600624,
    "p90": 0.2390546958371276
  },
  "ema": {
    "fast": 0.039438104582615624,
    "slow": 0.03516745308161232,
    "fast_period": 20,
    "slow_period": 100
  },
  "etv": {
    "horizon_days": 1,
    "risk_budget_usd": 100,
    "expected_move_usd": 10.092016021818116,
    "qty": 9.90882295309561,
    "notional_usd": 41371.71394668291,
    "leverage": 1
  }
}