{
  "t": "2025-09-19T03:06:13.529Z",
  "spot": 4592.08,
  "sigma_d": 0.002039634256160784,
  "ERI": 0.2039634256160784,
  "percentiles": {
    "p10": 0.08045734596095387,
    "p50": 0.18134857741945648,
    "p90": 0.2474845306219156
  },
  "ema": {
    "fast": 0.0282057993127665,
    "slow": 0.02979632122034205,
    "fast_period": 20,
    "slow_period": 100
  },
  "etv": {
    "horizon_days": 1,
    "risk_budget_usd": 100,
    "expected_move_usd": 9.366163675030812,
    "qty": 10.676729925891566,
    "notional_usd": 49028.39795808814,
    "leverage": 1
  }
}