{
  "t": "2025-09-23T10:30:14.402Z",
  "spot": 4195.4,
  "sigma_d": 0.0006989862723067436,
  "ERI": 0.06989862723067436,
  "percentiles": {
    "p10": 0.07802146378697326,
    "p50": 0.17811075392675008,
    "p90": 0.23360701807623857
  },
  "ema": {
    "fast": 0.029509509431468458,
    "slow": 0.032894369546332694,
    "fast_period": 20,
    "slow_period": 100
  },
  "etv": {
    "horizon_days": 1,
    "risk_budget_usd": 100,
    "expected_move_usd": 2.932527006835712,
    "qty": 34.10028271415755,
    "notional_usd": 143064.32609897657,
    "leverage": 1
  }
}