{
  "t": "2025-09-17T03:35:08.165Z",
  "spot": 4518.86,
  "sigma_d": 0.001776176287317261,
  "ERI": 0.1776176287317261,
  "percentiles": {
    "p10": 0.07750861984066773,
    "p50": 0.1860387113290879,
    "p90": 0.3190080304577889
  },
  "ema": {
    "fast": 0.030484623349297767,
    "slow": 0.03146042667074918,
    "fast_period": 20,
    "slow_period": 100
  },
  "etv": {
    "horizon_days": 1,
    "risk_budget_usd": 100,
    "expected_move_usd": 8.026291977706478,
    "qty": 12.459053355865471,
    "notional_usd": 56300.71784768624,
    "leverage": 1
  }
}