{
  "t": "2025-09-11T04:31:02.988Z",
  "spot": 4416.83,
  "sigma_d": 0.0016165720703823184,
  "ERI": 0.16165720703823183,
  "percentiles": {
    "p10": 0.07596701395528663,
    "p50": 0.22228508715295558,
    "p90": 0.32605710988921516
  },
  "ema": {
    "fast": 0.045107635787101384,
    "slow": 0.04137603937778593,
    "fast_period": 20,
    "slow_period": 100
  },
  "etv": {
    "horizon_days": 1,
    "risk_budget_usd": 100,
    "expected_move_usd": 7.140124017626735,
    "qty": 14.00535897599695,
    "notional_usd": 61859.28968595261,
    "leverage": 1
  }
}