{
  "t": "2026-03-11T19:06:44.198Z",
  "spot": 2074.83,
  "sigma_d": 0.0021226187391170676,
  "ERI": 0.21226187391170676,
  "percentiles": {
    "p10": 0.10260114782431864,
    "p50": 0.2669561811382245,
    "p90": 0.36057735857294637
  },
  "ema": {
    "fast": 0.0449623027877915,
    "slow": 0.05106863763471417,
    "fast_period": 20,
    "slow_period": 100
  },
  "etv": {
    "horizon_days": 1,
    "risk_budget_usd": 100,
    "expected_move_usd": 4.404073038482265,
    "qty": 22.70625376241764,
    "notional_usd": 47111.61649387699,
    "leverage": 1
  }
}