{
  "t": "2025-11-03T13:38:00.525Z",
  "spot": 3718.46,
  "sigma_d": 0.0015429885163884061,
  "ERI": 0.1542988516388406,
  "percentiles": {
    "p10": 0.08418521328055745,
    "p50": 0.21872487384247458,
    "p90": 0.2909961502761157
  },
  "ema": {
    "fast": 0.03312758598304448,
    "slow": 0.04182911419244175,
    "fast_period": 20,
    "slow_period": 100
  },
  "etv": {
    "horizon_days": 1,
    "risk_budget_usd": 100,
    "expected_move_usd": 5.737541078649633,
    "qty": 17.42906911326823,
    "notional_usd": 64809.29633492338,
    "leverage": 1
  }
}