{
  "t": "2026-03-18T10:08:28.663Z",
  "spot": 2325.91,
  "sigma_d": 0.002355213672549624,
  "ERI": 0.23552136725496242,
  "percentiles": {
    "p10": 0.10580637078218988,
    "p50": 0.2535546577762722,
    "p90": 0.35559332555803297
  },
  "ema": {
    "fast": 0.04269855035369326,
    "slow": 0.041883228535983086,
    "fast_period": 20,
    "slow_period": 100
  },
  "etv": {
    "horizon_days": 1,
    "risk_budget_usd": 100,
    "expected_move_usd": 5.478015033119896,
    "qty": 18.254787435851004,
    "notional_usd": 42458.9926449202,
    "leverage": 1
  }
}