{
  "t": "2025-09-09T08:35:28.052Z",
  "spot": 4362.98,
  "sigma_d": 0.002785709206981372,
  "ERI": 0.2785709206981372,
  "percentiles": {
    "p10": 0.07469973733986814,
    "p50": 0.21123523679196848,
    "p90": 0.31708580548688614
  },
  "ema": {
    "fast": 0.04179877133527759,
    "slow": 0.039412970454947585,
    "fast_period": 20,
    "slow_period": 100
  },
  "etv": {
    "horizon_days": 1,
    "risk_budget_usd": 100,
    "expected_move_usd": 12.153993555875585,
    "qty": 8.227748315010185,
    "notional_usd": 35897.50134342314,
    "leverage": 1
  }
}