{
  "t": "2025-11-21T03:48:01.294Z",
  "spot": 2819.59,
  "sigma_d": 0.0015386928337339097,
  "ERI": 0.15386928337339098,
  "percentiles": {
    "p10": 0.08446120466608395,
    "p50": 0.2047996778283795,
    "p90": 0.29085513465767265
  },
  "ema": {
    "fast": 0.039593722169545,
    "slow": 0.03777792457664486,
    "fast_period": 20,
    "slow_period": 100
  },
  "etv": {
    "horizon_days": 1,
    "risk_budget_usd": 100,
    "expected_move_usd": 4.338482927067795,
    "qty": 23.049531755927863,
    "notional_usd": 64990.229243696645,
    "leverage": 1
  }
}