{
  "t": "2026-03-23T22:48:09.080Z",
  "spot": 2151.37,
  "sigma_d": 0.0009358948432876268,
  "ERI": 0.09358948432876268,
  "percentiles": {
    "p10": 0.09596144648786677,
    "p50": 0.2247157439449588,
    "p90": 0.3066615037053578
  },
  "ema": {
    "fast": 0.03637733919494894,
    "slow": 0.03746818475785823,
    "fast_period": 20,
    "slow_period": 100
  },
  "etv": {
    "horizon_days": 1,
    "risk_budget_usd": 100,
    "expected_move_usd": 2.013456089003702,
    "qty": 49.66584597803769,
    "notional_usd": 106849.61106177093,
    "leverage": 1
  }
}