{
  "t": "2025-11-16T14:25:33.353Z",
  "spot": 3150.69,
  "sigma_d": 0.0021806928162731772,
  "ERI": 0.21806928162731773,
  "percentiles": {
    "p10": 0.07890119831904584,
    "p50": 0.19162323466317135,
    "p90": 0.2791330025299503
  },
  "ema": {
    "fast": 0.03305658697169116,
    "slow": 0.03397204633232079,
    "fast_period": 20,
    "slow_period": 100
  },
  "etv": {
    "horizon_days": 1,
    "risk_budget_usd": 100,
    "expected_move_usd": 6.870687049303737,
    "qty": 14.55458519394124,
    "notional_usd": 45856.98602469872,
    "leverage": 1
  }
}