{
  "t": "2026-06-28T20:20:46.175Z",
  "spot": 1570.41,
  "sigma_d": 0.002204135908079412,
  "ERI": 0.22041359080794118,
  "percentiles": {
    "p10": 0.08497570531041622,
    "p50": 0.22857883947964827,
    "p90": 0.3758066790004014
  },
  "ema": {
    "fast": 0.04574738126057466,
    "slow": 0.04348563508937472,
    "fast_period": 20,
    "slow_period": 100
  },
  "etv": {
    "horizon_days": 1,
    "risk_budget_usd": 100,
    "expected_move_usd": 3.4613970714069895,
    "qty": 28.890068933741826,
    "notional_usd": 45369.25315423751,
    "leverage": 1
  }
}