{
  "t": "2025-11-11T12:58:27.780Z",
  "spot": 3555.16,
  "sigma_d": 0.0010644221844196508,
  "ERI": 0.10644221844196508,
  "percentiles": {
    "p10": 0.08208011254149013,
    "p50": 0.21567143466123068,
    "p90": 0.29607826864715775
  },
  "ema": {
    "fast": 0.03575677423694465,
    "slow": 0.036856229753842465,
    "fast_period": 20,
    "slow_period": 100
  },
  "etv": {
    "horizon_days": 1,
    "risk_budget_usd": 100,
    "expected_move_usd": 3.7841911731613656,
    "qty": 26.425726244813003,
    "notional_usd": 93947.68491650939,
    "leverage": 1
  }
}