{
  "t": "2025-11-26T07:28:31.779Z",
  "spot": 2943.48,
  "sigma_d": 0.0023295284660363306,
  "ERI": 0.23295284660363305,
  "percentiles": {
    "p10": 0.08661925132964557,
    "p50": 0.20102380901329553,
    "p90": 0.30193391782903517
  },
  "ema": {
    "fast": 0.042455377421860084,
    "slow": 0.0393539766852247,
    "fast_period": 20,
    "slow_period": 100
  },
  "etv": {
    "horizon_days": 1,
    "risk_budget_usd": 100,
    "expected_move_usd": 6.856920449208618,
    "qty": 14.583806351660584,
    "notional_usd": 42927.1423199859,
    "leverage": 1
  }
}