{
  "t": "2026-04-04T19:39:57.149Z",
  "spot": 2068.17,
  "sigma_d": 0.0023265476774591326,
  "ERI": 0.23265476774591326,
  "percentiles": {
    "p10": 0.090387308486617,
    "p50": 0.20799201473832513,
    "p90": 0.32479671822027906
  },
  "ema": {
    "fast": 0.02440716451511332,
    "slow": 0.03656480737819137,
    "fast_period": 20,
    "slow_period": 100
  },
  "etv": {
    "horizon_days": 1,
    "risk_budget_usd": 100,
    "expected_move_usd": 4.811696110090654,
    "qty": 20.782692362946413,
    "notional_usd": 42982.14086427489,
    "leverage": 1
  }
}