{
  "t": "2026-04-15T10:24:52.887Z",
  "spot": 2317.51,
  "sigma_d": 0.001834038354047002,
  "ERI": 0.1834038354047002,
  "percentiles": {
    "p10": 0.08949175669885677,
    "p50": 0.22915807491529902,
    "p90": 0.35050022859809266
  },
  "ema": {
    "fast": 0.04670255369497259,
    "slow": 0.046043400422654486,
    "fast_period": 20,
    "slow_period": 100
  },
  "etv": {
    "horizon_days": 1,
    "risk_budget_usd": 100,
    "expected_move_usd": 4.250402225887468,
    "qty": 23.527185119314296,
    "notional_usd": 54524.48678586208,
    "leverage": 1
  }
}