{
  "t": "2026-06-05T22:22:10.748Z",
  "spot": 1600.72,
  "sigma_d": 0.0007871454496103992,
  "ERI": 0.07871454496103993,
  "percentiles": {
    "p10": 0.09042076955413055,
    "p50": 0.20904396804533087,
    "p90": 0.35277561914824684
  },
  "ema": {
    "fast": 0.04570840366589168,
    "slow": 0.04297768340252027,
    "fast_period": 20,
    "slow_period": 100
  },
  "etv": {
    "horizon_days": 1,
    "risk_budget_usd": 100,
    "expected_move_usd": 1.2599994641003582,
    "qty": 79.36511312042515,
    "notional_usd": 127041.32387412695,
    "leverage": 1
  }
}