{
  "t": "2025-12-05T05:32:05.109Z",
  "spot": 3157.06,
  "sigma_d": 0.0028462765213956207,
  "ERI": 0.2846276521395621,
  "percentiles": {
    "p10": 0.07361188766149436,
    "p50": 0.2005608910113988,
    "p90": 0.3447200362489877
  },
  "ema": {
    "fast": 0.05210228068989041,
    "slow": 0.04496934574243161,
    "fast_period": 20,
    "slow_period": 100
  },
  "etv": {
    "horizon_days": 1,
    "risk_budget_usd": 100,
    "expected_move_usd": 8.985865754637258,
    "qty": 11.128588244086984,
    "notional_usd": 35133.62080187725,
    "leverage": 1
  }
}