{
  "t": "2025-12-09T05:31:58.063Z",
  "spot": 3104.71,
  "sigma_d": 0.0008252201856019359,
  "ERI": 0.08252201856019359,
  "percentiles": {
    "p10": 0.07816810724850534,
    "p50": 0.2200278335477961,
    "p90": 0.34396451174852344
  },
  "ema": {
    "fast": 0.03307040685250511,
    "slow": 0.041872475208525196,
    "fast_period": 20,
    "slow_period": 100
  },
  "etv": {
    "horizon_days": 1,
    "risk_budget_usd": 100,
    "expected_move_usd": 2.5620693624401865,
    "qty": 39.03094953867963,
    "notional_usd": 121179.77934223403,
    "leverage": 1
  }
}