{
  "t": "2026-01-16T11:29:22.042Z",
  "spot": 3298.94,
  "sigma_d": 0.0006831261183409008,
  "ERI": 0.06831261183409008,
  "percentiles": {
    "p10": 0.07830018050025722,
    "p50": 0.2022854983130974,
    "p90": 0.27876920591552673
  },
  "ema": {
    "fast": 0.025387088301500875,
    "slow": 0.03211112585348796,
    "fast_period": 20,
    "slow_period": 100
  },
  "etv": {
    "horizon_days": 1,
    "risk_budget_usd": 100,
    "expected_move_usd": 2.2535920768395314,
    "qty": 44.37360293715683,
    "notional_usd": 146385.85367350417,
    "leverage": 1
  }
}