{
  "t": "2026-02-05T09:58:28.203Z",
  "spot": 2131.52,
  "sigma_d": 0.002611151889070166,
  "ERI": 0.26111518890701657,
  "percentiles": {
    "p10": 0.07716787856358145,
    "p50": 0.19810576988468634,
    "p90": 0.3178996556660396
  },
  "ema": {
    "fast": 0.041671866019400434,
    "slow": 0.04344922781495053,
    "fast_period": 20,
    "slow_period": 100
  },
  "etv": {
    "horizon_days": 1,
    "risk_budget_usd": 100,
    "expected_move_usd": 5.5657224745908405,
    "qty": 17.967119355398946,
    "notional_usd": 38297.27424841996,
    "leverage": 1
  }
}