{
  "t": "2026-03-23T18:01:44.229Z",
  "spot": 2152.23,
  "sigma_d": 0.0009638681985759785,
  "ERI": 0.09638681985759785,
  "percentiles": {
    "p10": 0.09644758266995106,
    "p50": 0.22591423109305683,
    "p90": 0.30898519994589485
  },
  "ema": {
    "fast": 0.03912977039538586,
    "slow": 0.037970317256277704,
    "fast_period": 20,
    "slow_period": 100
  },
  "etv": {
    "horizon_days": 1,
    "risk_budget_usd": 100,
    "expected_move_usd": 2.0744660530211783,
    "qty": 48.2051754254371,
    "notional_usd": 103748.62470588849,
    "leverage": 1
  }
}