{
  "t": "2026-07-01T13:39:01.503Z",
  "spot": 1575.78,
  "sigma_d": 0.00252678901580848,
  "ERI": 0.252678901580848,
  "percentiles": {
    "p10": 0.08710514296383465,
    "p50": 0.22863908384770193,
    "p90": 0.37033670454895484
  },
  "ema": {
    "fast": 0.047107849643294855,
    "slow": 0.04431745867937268,
    "fast_period": 20,
    "slow_period": 100
  },
  "etv": {
    "horizon_days": 1,
    "risk_budget_usd": 100,
    "expected_move_usd": 3.9816635953306867,
    "qty": 25.1151302981172,
    "notional_usd": 39575.92002116712,
    "leverage": 1
  }
}