{
  "t": "2026-05-03T06:37:25.412Z",
  "spot": 2301.75,
  "sigma_d": 0.0008001364318193992,
  "ERI": 0.08001364318193992,
  "percentiles": {
    "p10": 0.08441840954145854,
    "p50": 0.19249771099542096,
    "p90": 0.26547081351184115
  },
  "ema": {
    "fast": 0.02787490410197673,
    "slow": 0.0322574532293755,
    "fast_period": 20,
    "slow_period": 100
  },
  "etv": {
    "horizon_days": 1,
    "risk_budget_usd": 100,
    "expected_move_usd": 1.841714031940302,
    "qty": 54.29724607932044,
    "notional_usd": 124978.68616307582,
    "leverage": 1
  }
}