{
  "t": "2026-04-07T07:46:49.121Z",
  "spot": 2103.25,
  "sigma_d": 0.0010200360703126626,
  "ERI": 0.10200360703126626,
  "percentiles": {
    "p10": 0.09100989284009256,
    "p50": 0.21425783601757514,
    "p90": 0.33916678248799176
  },
  "ema": {
    "fast": 0.04044346308135321,
    "slow": 0.04075250462812987,
    "fast_period": 20,
    "slow_period": 100
  },
  "etv": {
    "horizon_days": 1,
    "risk_budget_usd": 100,
    "expected_move_usd": 2.1453908648851074,
    "qty": 46.611552997991964,
    "notional_usd": 98035.7488430266,
    "leverage": 1
  }
}