{
  "t": "2025-11-18T19:23:44.624Z",
  "spot": 3161.29,
  "sigma_d": 0.0024682804148953596,
  "ERI": 0.24682804148953597,
  "percentiles": {
    "p10": 0.08238404108804202,
    "p50": 0.20110529045175912,
    "p90": 0.28085228367064424
  },
  "ema": {
    "fast": 0.03932031584962118,
    "slow": 0.03735058293385047,
    "fast_period": 20,
    "slow_period": 100
  },
  "etv": {
    "horizon_days": 1,
    "risk_budget_usd": 100,
    "expected_move_usd": 7.802950192804551,
    "qty": 12.81566555329476,
    "notional_usd": 40514.03535697519,
    "leverage": 1
  }
}