{
  "t": "2026-02-04T19:03:36.889Z",
  "spot": 2150.58,
  "sigma_d": 0.0008385323048988006,
  "ERI": 0.08385323048988005,
  "percentiles": {
    "p10": 0.07716787856358145,
    "p50": 0.20045310034798108,
    "p90": 0.3178996556660396
  },
  "ema": {
    "fast": 0.0475483303213298,
    "slow": 0.04455217998474227,
    "fast_period": 20,
    "slow_period": 100
  },
  "etv": {
    "horizon_days": 1,
    "risk_budget_usd": 100,
    "expected_move_usd": 1.8033308042692624,
    "qty": 55.452942834036236,
    "notional_usd": 119255.98980002165,
    "leverage": 1
  }
}