{
  "t": "2026-01-14T18:48:52.259Z",
  "spot": 3323.63,
  "sigma_d": 0.0015232319825529276,
  "ERI": 0.15232319825529275,
  "percentiles": {
    "p10": 0.07745706354625648,
    "p50": 0.19803839008960605,
    "p90": 0.28340210698723933
  },
  "ema": {
    "fast": 0.03531508833589027,
    "slow": 0.035326583969315664,
    "fast_period": 20,
    "slow_period": 100
  },
  "etv": {
    "horizon_days": 1,
    "risk_budget_usd": 100,
    "expected_move_usd": 5.0626595141723865,
    "qty": 19.752464039910336,
    "notional_usd": 65649.8820569672,
    "leverage": 1
  }
}