{
  "t": "2025-12-26T06:46:50.764Z",
  "spot": 2977.62,
  "sigma_d": 0.002960770999554269,
  "ERI": 0.2960770999554269,
  "percentiles": {
    "p10": 0.09390680689747621,
    "p50": 0.21679716770226748,
    "p90": 0.28913979996754835
  },
  "ema": {
    "fast": 0.043480355992156515,
    "slow": 0.040540709150584026,
    "fast_period": 20,
    "slow_period": 100
  },
  "etv": {
    "horizon_days": 1,
    "risk_budget_usd": 100,
    "expected_move_usd": 8.816050943692781,
    "qty": 11.342947158392096,
    "notional_usd": 33774.98631777147,
    "leverage": 1
  }
}