{
  "t": "2026-02-24T23:43:34.512Z",
  "spot": 1859.36,
  "sigma_d": 0.003427979883702034,
  "ERI": 0.3427979883702034,
  "percentiles": {
    "p10": 0.14370603163561818,
    "p50": 0.3045288288344387,
    "p90": 0.38035838123005156
  },
  "ema": {
    "fast": 0.055010567004455994,
    "slow": 0.057106011293153354,
    "fast_period": 20,
    "slow_period": 100
  },
  "etv": {
    "horizon_days": 1,
    "risk_budget_usd": 100,
    "expected_move_usd": 6.373848676560214,
    "qty": 15.689107958861548,
    "notional_usd": 29171.699774388806,
    "leverage": 1
  }
}