{
  "t": "2025-10-27T05:31:21.609Z",
  "spot": 4247.38,
  "sigma_d": 0.002002263253353942,
  "ERI": 0.20022632533539422,
  "percentiles": {
    "p10": 0.08166357686791983,
    "p50": 0.21185203400663066,
    "p90": 0.270154701258962
  },
  "ema": {
    "fast": 0.03692006331424192,
    "slow": 0.03912431732666282,
    "fast_period": 20,
    "slow_period": 100
  },
  "etv": {
    "horizon_days": 1,
    "risk_budget_usd": 100,
    "expected_move_usd": 8.504372897030468,
    "qty": 11.758656541850101,
    "notional_usd": 49943.482622723284,
    "leverage": 1
  }
}