{
  "t": "2026-02-09T16:09:27.952Z",
  "spot": 2051.39,
  "sigma_d": 0.001008266431867457,
  "ERI": 0.1008266431867457,
  "percentiles": {
    "p10": 0.08047250965474727,
    "p50": 0.21576107807793976,
    "p90": 0.3739081657437554
  },
  "ema": {
    "fast": 0.051180986899438397,
    "slow": 0.05077837211122605,
    "fast_period": 20,
    "slow_period": 100
  },
  "etv": {
    "horizon_days": 1,
    "risk_budget_usd": 100,
    "expected_move_usd": 2.0683476756685826,
    "qty": 48.347771110422975,
    "notional_usd": 99180.13417821059,
    "leverage": 1
  }
}