{
  "t": "2025-11-01T09:25:50.938Z",
  "spot": 3875.95,
  "sigma_d": 0.0029471424820394247,
  "ERI": 0.2947142482039425,
  "percentiles": {
    "p10": 0.08497790374072993,
    "p50": 0.21380800729477484,
    "p90": 0.2759948651816427
  },
  "ema": {
    "fast": 0.046536682894068454,
    "slow": 0.039799064776873304,
    "fast_period": 20,
    "slow_period": 100
  },
  "etv": {
    "horizon_days": 1,
    "risk_budget_usd": 100,
    "expected_move_usd": 11.422976903260707,
    "qty": 8.754285406237216,
    "notional_usd": 33931.17252030513,
    "leverage": 1
  }
}