{
  "t": "2025-10-08T05:28:01.506Z",
  "spot": 4430.78,
  "sigma_d": 0.0019350990401017832,
  "ERI": 0.1935099040101783,
  "percentiles": {
    "p10": 0.07088027110115395,
    "p50": 0.2011666888388448,
    "p90": 0.2767997753290411
  },
  "ema": {
    "fast": 0.03982389110579129,
    "slow": 0.03846914916146526,
    "fast_period": 20,
    "slow_period": 100
  },
  "etv": {
    "horizon_days": 1,
    "risk_budget_usd": 100,
    "expected_move_usd": 8.573998124902179,
    "qty": 11.663170267038156,
    "notional_usd": 51676.94155578732,
    "leverage": 1
  }
}