{
  "t": "2026-01-06T13:03:38.039Z",
  "spot": 3235.09,
  "sigma_d": 0.0019497009021904963,
  "ERI": 0.19497009021904962,
  "percentiles": {
    "p10": 0.13300930458723387,
    "p50": 0.20716642652815176,
    "p90": 0.3124313469826511
  },
  "ema": {
    "fast": 0.03775639869997691,
    "slow": 0.03984504694975598,
    "fast_period": 20,
    "slow_period": 100
  },
  "etv": {
    "horizon_days": 1,
    "risk_budget_usd": 100,
    "expected_move_usd": 6.307457891667453,
    "qty": 15.854247736176925,
    "notional_usd": 51289.91830882861,
    "leverage": 1
  }
}