{
  "t": "2026-04-12T10:54:37.597Z",
  "spot": 2211.24,
  "sigma_d": 0.0020362144375230644,
  "ERI": 0.20362144375230645,
  "percentiles": {
    "p10": 0.08909764680710797,
    "p50": 0.23120228130757392,
    "p90": 0.34972341073660895
  },
  "ema": {
    "fast": 0.04564046632635467,
    "slow": 0.04563645176252168,
    "fast_period": 20,
    "slow_period": 100
  },
  "etv": {
    "horizon_days": 1,
    "risk_budget_usd": 100,
    "expected_move_usd": 4.5025588128285,
    "qty": 22.209593290616045,
    "notional_usd": 49110.74106794182,
    "leverage": 1
  }
}