{
  "t": "2026-04-23T23:57:41.184Z",
  "spot": 2331.53,
  "sigma_d": 0.0024915585950583997,
  "ERI": 0.24915585950583996,
  "percentiles": {
    "p10": 0.08560033522110613,
    "p50": 0.22762117003620413,
    "p90": 0.33415974162661405
  },
  "ema": {
    "fast": 0.036751260100649864,
    "slow": 0.03544682328286654,
    "fast_period": 20,
    "slow_period": 100
  },
  "etv": {
    "horizon_days": 1,
    "risk_budget_usd": 100,
    "expected_move_usd": 5.809143611136511,
    "qty": 17.214241322644085,
    "notional_usd": 40135.52007098437,
    "leverage": 1
  }
}