{
  "t": "2025-11-17T08:39:34.372Z",
  "spot": 3186.8,
  "sigma_d": 0.002955036529158642,
  "ERI": 0.2955036529158642,
  "percentiles": {
    "p10": 0.08238404108804202,
    "p50": 0.20011152278214928,
    "p90": 0.28492229070796543
  },
  "ema": {
    "fast": 0.04647886238258031,
    "slow": 0.037795225447634646,
    "fast_period": 20,
    "slow_period": 100
  },
  "etv": {
    "horizon_days": 1,
    "risk_budget_usd": 100,
    "expected_move_usd": 9.417110411122762,
    "qty": 10.618968625650576,
    "notional_usd": 33840.52921622326,
    "leverage": 1
  }
}