{
  "t": "2025-09-09T02:00:02.020Z",
  "spot": 4286.49,
  "sigma_d": 0.0033806515147565977,
  "ERI": 0.3380651514756598,
  "percentiles": {
    "p10": 0.07451343203817673,
    "p50": 0.21027101106387328,
    "p90": 0.316824896429189
  },
  "ema": {
    "fast": 0.039778847457234895,
    "slow": 0.03887839962243034,
    "fast_period": 20,
    "slow_period": 100
  },
  "etv": {
    "horizon_days": 1,
    "risk_budget_usd": 100,
    "expected_move_usd": 14.491128911489009,
    "qty": 6.900773611965936,
    "notional_usd": 29580.097079955864,
    "leverage": 1
  }
}