{
  "t": "2026-04-02T13:50:32.465Z",
  "spot": 2024.42,
  "sigma_d": 0.002714554213256906,
  "ERI": 0.2714554213256906,
  "percentiles": {
    "p10": 0.09341368984264971,
    "p50": 0.231965415874791,
    "p90": 0.32479671822027906
  },
  "ema": {
    "fast": 0.05158691051891782,
    "slow": 0.05124256519651919,
    "fast_period": 20,
    "slow_period": 100
  },
  "etv": {
    "horizon_days": 1,
    "risk_budget_usd": 100,
    "expected_move_usd": 5.495397840401546,
    "qty": 18.197044673419505,
    "notional_usd": 36838.461177763915,
    "leverage": 1
  }
}