{
  "t": "2026-03-22T23:38:59.115Z",
  "spot": 2059.24,
  "sigma_d": 0.0015687068154680104,
  "ERI": 0.15687068154680103,
  "percentiles": {
    "p10": 0.09602220930021997,
    "p50": 0.22730662149319086,
    "p90": 0.32456012568224113
  },
  "ema": {
    "fast": 0.03868372212717977,
    "slow": 0.03761296719950297,
    "fast_period": 20,
    "slow_period": 100
  },
  "etv": {
    "horizon_days": 1,
    "risk_budget_usd": 100,
    "expected_move_usd": 3.2303438226843455,
    "qty": 30.956457110779674,
    "notional_usd": 63746.77474080193,
    "leverage": 1
  }
}