{
  "t": "2025-09-05T18:34:36.510Z",
  "spot": 4301.84,
  "sigma_d": 0.0007331958111811503,
  "ERI": 0.07331958111811503,
  "percentiles": {
    "p10": 0.08103431584177062,
    "p50": 0.22174040793059852,
    "p90": 0.3017723919328425
  },
  "ema": {
    "fast": 0.03879036368523417,
    "slow": 0.040379508876225004,
    "fast_period": 20,
    "slow_period": 100
  },
  "etv": {
    "horizon_days": 1,
    "risk_budget_usd": 100,
    "expected_move_usd": 3.1540910683715198,
    "qty": 31.70485500649502,
    "notional_usd": 136389.21346114055,
    "leverage": 1
  }
}