{
  "t": "2025-11-25T07:28:47.961Z",
  "spot": 2915.07,
  "sigma_d": 0.0013527808783940524,
  "ERI": 0.13527808783940523,
  "percentiles": {
    "p10": 0.08454110738602574,
    "p50": 0.19706488167819491,
    "p90": 0.2956837187868645
  },
  "ema": {
    "fast": 0.03559789617808672,
    "slow": 0.037401288166952484,
    "fast_period": 20,
    "slow_period": 100
  },
  "etv": {
    "horizon_days": 1,
    "risk_budget_usd": 100,
    "expected_move_usd": 3.9434509551801504,
    "qty": 25.358499734512776,
    "notional_usd": 73921.80182108616,
    "leverage": 1
  }
}