{
  "t": "2025-11-15T21:23:08.347Z",
  "spot": 3182.33,
  "sigma_d": 0.0028267502544532153,
  "ERI": 0.2826750254453215,
  "percentiles": {
    "p10": 0.07990781490901726,
    "p50": 0.19376322097526721,
    "p90": 0.28432663353160226
  },
  "ema": {
    "fast": 0.035236557852469076,
    "slow": 0.034611756237181636,
    "fast_period": 20,
    "slow_period": 100
  },
  "etv": {
    "horizon_days": 1,
    "risk_budget_usd": 100,
    "expected_move_usd": 8.995652137254101,
    "qty": 11.116481437278512,
    "notional_usd": 35376.312372294524,
    "leverage": 1
  }
}