{
  "t": "2025-11-23T21:25:09.870Z",
  "spot": 2828.14,
  "sigma_d": 0.001886801640466252,
  "ERI": 0.18868016404662522,
  "percentiles": {
    "p10": 0.08416797247765259,
    "p50": 0.19816528560693408,
    "p90": 0.2916392987440329
  },
  "ema": {
    "fast": 0.03429044681889152,
    "slow": 0.03798204772596122,
    "fast_period": 20,
    "slow_period": 100
  },
  "etv": {
    "horizon_days": 1,
    "risk_budget_usd": 100,
    "expected_move_usd": 5.336139191468226,
    "qty": 18.740140841881832,
    "notional_usd": 52999.74192055968,
    "leverage": 1
  }
}