{
  "t": "2026-04-30T22:06:00.306Z",
  "spot": 2256.1,
  "sigma_d": 0.001025485257587018,
  "ERI": 0.1025485257587018,
  "percentiles": {
    "p10": 0.08689334032262086,
    "p50": 0.20128810922088344,
    "p90": 0.27519523360280984
  },
  "ema": {
    "fast": 0.028418307943217053,
    "slow": 0.034844571211487214,
    "fast_period": 20,
    "slow_period": 100
  },
  "etv": {
    "horizon_days": 1,
    "risk_budget_usd": 100,
    "expected_move_usd": 2.313597289642071,
    "qty": 43.22273389915264,
    "notional_usd": 97514.80994987825,
    "leverage": 1
  }
}