{
  "t": "2026-01-09T13:04:25.419Z",
  "spot": 3081.92,
  "sigma_d": 0.0020841221045389173,
  "ERI": 0.20841221045389174,
  "percentiles": {
    "p10": 0.10586925557021208,
    "p50": 0.21851574427163928,
    "p90": 0.3186189896762125
  },
  "ema": {
    "fast": 0.03389075283500623,
    "slow": 0.038834831606626055,
    "fast_period": 20,
    "slow_period": 100
  },
  "etv": {
    "horizon_days": 1,
    "risk_budget_usd": 100,
    "expected_move_usd": 6.42309759642058,
    "qty": 15.568812165601736,
    "notional_usd": 47981.833589411304,
    "leverage": 1
  }
}