{
  "t": "2025-10-15T14:31:28.942Z",
  "spot": 4086.25,
  "sigma_d": 0.0025505464406235454,
  "ERI": 0.25505464406235456,
  "percentiles": {
    "p10": 0.07894408447529352,
    "p50": 0.2189836331772912,
    "p90": 0.2761862975375825
  },
  "ema": {
    "fast": 0.034470194069242024,
    "slow": 0.0361689393803235,
    "fast_period": 20,
    "slow_period": 100
  },
  "etv": {
    "horizon_days": 1,
    "risk_budget_usd": 100,
    "expected_move_usd": 10.422170392997963,
    "qty": 9.59493044435198,
    "notional_usd": 39207.28452823328,
    "leverage": 1
  }
}