{
  "t": "2026-04-09T14:07:35.565Z",
  "spot": 2166.32,
  "sigma_d": 0.002028809314100671,
  "ERI": 0.2028809314100671,
  "percentiles": {
    "p10": 0.090387308486617,
    "p50": 0.2177687833547131,
    "p90": 0.34972341073660895
  },
  "ema": {
    "fast": 0.052215910679642694,
    "slow": 0.04628209035180978,
    "fast_period": 20,
    "slow_period": 100
  },
  "etv": {
    "horizon_days": 1,
    "risk_budget_usd": 100,
    "expected_move_usd": 4.395050193322566,
    "qty": 22.75286870487413,
    "notional_usd": 49289.99453274292,
    "leverage": 1
  }
}