{
  "t": "2026-05-22T15:16:53.269Z",
  "spot": 2115.73,
  "sigma_d": 0.001142816648253008,
  "ERI": 0.11428166482530079,
  "percentiles": {
    "p10": 0.08950066499078002,
    "p50": 0.2213525465645411,
    "p90": 0.29686709819303464
  },
  "ema": {
    "fast": 0.031039739470526972,
    "slow": 0.03817935440115308,
    "fast_period": 20,
    "slow_period": 100
  },
  "etv": {
    "horizon_days": 1,
    "risk_budget_usd": 100,
    "expected_move_usd": 2.4178914672083365,
    "qty": 41.35834935364514,
    "notional_usd": 87503.10047798762,
    "leverage": 1
  }
}