{
  "t": "2025-12-19T21:27:27.044Z",
  "spot": 2985.91,
  "sigma_d": 0.0028555636418542358,
  "ERI": 0.2855563641854236,
  "percentiles": {
    "p10": 0.0798454856819872,
    "p50": 0.19257555647465335,
    "p90": 0.27972351274224266
  },
  "ema": {
    "fast": 0.03748244596873867,
    "slow": 0.03480201629897847,
    "fast_period": 20,
    "slow_period": 100
  },
  "etv": {
    "horizon_days": 1,
    "risk_budget_usd": 100,
    "expected_move_usd": 8.52645603384898,
    "qty": 11.7282021513994,
    "notional_usd": 35019.35608588498,
    "leverage": 1
  }
}