{
  "t": "2025-10-13T19:20:39.762Z",
  "spot": 4262.83,
  "sigma_d": 0.0015030691148856827,
  "ERI": 0.15030691148856826,
  "percentiles": {
    "p10": 0.07730443595017843,
    "p50": 0.21956297275763198,
    "p90": 0.2761862975375825
  },
  "ema": {
    "fast": 0.03655330983500874,
    "slow": 0.03786147179425641,
    "fast_period": 20,
    "slow_period": 100
  },
  "etv": {
    "horizon_days": 1,
    "risk_budget_usd": 100,
    "expected_move_usd": 6.407328115008134,
    "qty": 15.607129556197709,
    "notional_usd": 66530.54008604628,
    "leverage": 1
  }
}