{
  "t": "2026-04-30T18:21:03.254Z",
  "spot": 2260.12,
  "sigma_d": 0.0015770497267224384,
  "ERI": 0.15770497267224384,
  "percentiles": {
    "p10": 0.08689334032262086,
    "p50": 0.20285115517062044,
    "p90": 0.27519523360280984
  },
  "ema": {
    "fast": 0.02898618195348011,
    "slow": 0.03520065941633035,
    "fast_period": 20,
    "slow_period": 100
  },
  "etv": {
    "horizon_days": 1,
    "risk_budget_usd": 100,
    "expected_move_usd": 3.564321628359917,
    "qty": 28.055829531302393,
    "notional_usd": 63409.54144028716,
    "leverage": 1
  }
}