{
  "t": "2025-11-15T19:20:06.769Z",
  "spot": 3206.4,
  "sigma_d": 0.0010661893744534018,
  "ERI": 0.10661893744534018,
  "percentiles": {
    "p10": 0.0789152244669551,
    "p50": 0.19300356376877376,
    "p90": 0.28243834879573054
  },
  "ema": {
    "fast": 0.030898619706857176,
    "slow": 0.03378597494695555,
    "fast_period": 20,
    "slow_period": 100
  },
  "etv": {
    "horizon_days": 1,
    "risk_budget_usd": 100,
    "expected_move_usd": 3.418629610247388,
    "qty": 29.25148711643071,
    "notional_usd": 93791.96829012343,
    "leverage": 1
  }
}