{
  "t": "2025-12-16T10:37:52.818Z",
  "spot": 2932.26,
  "sigma_d": 0.002440963279989561,
  "ERI": 0.24409632799895611,
  "percentiles": {
    "p10": 0.08423522182925255,
    "p50": 0.2195677760936087,
    "p90": 0.29437473053983293
  },
  "ema": {
    "fast": 0.041641282027238935,
    "slow": 0.037726779825332867,
    "fast_period": 20,
    "slow_period": 100
  },
  "etv": {
    "horizon_days": 1,
    "risk_budget_usd": 100,
    "expected_move_usd": 7.157538987382191,
    "qty": 13.971282612122264,
    "notional_usd": 40967.43315222163,
    "leverage": 1
  }
}