{
  "t": "2026-06-21T17:48:16.978Z",
  "spot": 1726.26,
  "sigma_d": 0.0021189243038984623,
  "ERI": 0.21189243038984623,
  "percentiles": {
    "p10": 0.08219290420103595,
    "p50": 0.21174629526897432,
    "p90": 0.3817902617639839
  },
  "ema": {
    "fast": 0.04245685588673526,
    "slow": 0.04549761250809544,
    "fast_period": 20,
    "slow_period": 100
  },
  "etv": {
    "horizon_days": 1,
    "risk_budget_usd": 100,
    "expected_move_usd": 3.6578142688477593,
    "qty": 27.338730905957345,
    "notional_usd": 47193.75761371793,
    "leverage": 1
  }
}