{
  "t": "2026-03-22T20:40:26.309Z",
  "spot": 2061.83,
  "sigma_d": 0.0017296984133482066,
  "ERI": 0.17296984133482066,
  "percentiles": {
    "p10": 0.09602220930021997,
    "p50": 0.23039323517100957,
    "p90": 0.34230832407508827
  },
  "ema": {
    "fast": 0.038788260887560405,
    "slow": 0.03751880272571745,
    "fast_period": 20,
    "slow_period": 100
  },
  "etv": {
    "horizon_days": 1,
    "risk_budget_usd": 100,
    "expected_move_usd": 3.5663440795937325,
    "qty": 28.039919247329525,
    "notional_usd": 57813.54670172143,
    "leverage": 1
  }
}