{
  "t": "2025-11-11T04:34:21.374Z",
  "spot": 3585.45,
  "sigma_d": 0.0028496059782040137,
  "ERI": 0.2849605978204014,
  "percentiles": {
    "p10": 0.08208011254149013,
    "p50": 0.21627990180957424,
    "p90": 0.2966531254526318
  },
  "ema": {
    "fast": 0.04282224136399067,
    "slow": 0.038115096251651166,
    "fast_period": 20,
    "slow_period": 100
  },
  "etv": {
    "horizon_days": 1,
    "risk_budget_usd": 100,
    "expected_move_usd": 10.21711975455158,
    "qty": 9.787494166881173,
    "notional_usd": 35092.5709606441,
    "leverage": 1
  }
}