{
  "t": "2025-09-12T01:54:31.925Z",
  "spot": 4508.38,
  "sigma_d": 0.0008833722043585134,
  "ERI": 0.08833722043585134,
  "percentiles": {
    "p10": 0.07596701395528663,
    "p50": 0.21742097519855608,
    "p90": 0.32605710988921516
  },
  "ema": {
    "fast": 0.03053831804779222,
    "slow": 0.03734396088894261,
    "fast_period": 20,
    "slow_period": 100
  },
  "etv": {
    "horizon_days": 1,
    "risk_budget_usd": 100,
    "expected_move_usd": 3.982577578685835,
    "qty": 25.10936649048224,
    "notional_usd": 113202.56569836033,
    "leverage": 1
  }
}