{
  "t": "2025-09-05T01:58:09.389Z",
  "spot": 4326.57,
  "sigma_d": 0.0019511655255924133,
  "ERI": 0.19511655255924132,
  "percentiles": {
    "p10": 0.08189471759317271,
    "p50": 0.22812151686677307,
    "p90": 0.3004469593524923
  },
  "ema": {
    "fast": 0.038337309485781255,
    "slow": 0.04106556626724448,
    "fast_period": 20,
    "slow_period": 100
  },
  "etv": {
    "horizon_days": 1,
    "risk_budget_usd": 100,
    "expected_move_usd": 8.441854228062367,
    "qty": 11.845738779471047,
    "notional_usd": 51251.418031096044,
    "leverage": 1
  }
}