{
  "t": "2026-01-25T07:30:53.599Z",
  "spot": 2938.18,
  "sigma_d": 0.001960928285532121,
  "ERI": 0.1960928285532121,
  "percentiles": {
    "p10": 0.07369711042141398,
    "p50": 0.19331979130203839,
    "p90": 0.2664594337375235
  },
  "ema": {
    "fast": 0.04247128281906464,
    "slow": 0.039437174071001654,
    "fast_period": 20,
    "slow_period": 100
  },
  "etv": {
    "horizon_days": 1,
    "risk_budget_usd": 100,
    "expected_move_usd": 5.761560269984767,
    "qty": 17.35640960330775,
    "notional_usd": 50996.255568246765,
    "leverage": 1
  }
}