{
  "t": "2025-10-10T20:29:03.143Z",
  "spot": 4020.9,
  "sigma_d": 0.001584671105910719,
  "ERI": 0.1584671105910719,
  "percentiles": {
    "p10": 0.0714250111978366,
    "p50": 0.21695730497148896,
    "p90": 0.2767314733589211
  },
  "ema": {
    "fast": 0.037632035048924053,
    "slow": 0.03841865227406616,
    "fast_period": 20,
    "slow_period": 100
  },
  "etv": {
    "horizon_days": 1,
    "risk_budget_usd": 100,
    "expected_move_usd": 6.37180404975641,
    "qty": 15.694142384027478,
    "notional_usd": 63104.57711193609,
    "leverage": 1
  }
}