{
  "t": "2025-12-14T17:26:37.828Z",
  "spot": 3086.13,
  "sigma_d": 0.0024756260467208575,
  "ERI": 0.24756260467208574,
  "percentiles": {
    "p10": 0.08418805675846316,
    "p50": 0.2216266875881137,
    "p90": 0.32496960327007124
  },
  "ema": {
    "fast": 0.035857706782738474,
    "slow": 0.03551773799579413,
    "fast_period": 20,
    "slow_period": 100
  },
  "etv": {
    "horizon_days": 1,
    "risk_budget_usd": 100,
    "expected_move_usd": 7.64010381156664,
    "qty": 13.088827385906228,
    "notional_usd": 40393.82286046679,
    "leverage": 1
  }
}