{
  "t": "2026-01-22T07:37:09.001Z",
  "spot": 3007.8,
  "sigma_d": 0.0007236465332949719,
  "ERI": 0.07236465332949718,
  "percentiles": {
    "p10": 0.07184601349790881,
    "p50": 0.17325875294017434,
    "p90": 0.2594676882666627
  },
  "ema": {
    "fast": 0.02891193036076164,
    "slow": 0.03212381717478599,
    "fast_period": 20,
    "slow_period": 100
  },
  "etv": {
    "horizon_days": 1,
    "risk_budget_usd": 100,
    "expected_move_usd": 2.1765840428446164,
    "qty": 45.94355101000751,
    "notional_usd": 138189.0127279006,
    "leverage": 1
  }
}