{
  "t": "2026-05-02T23:56:51.798Z",
  "spot": 2316.61,
  "sigma_d": 0.001950990671101108,
  "ERI": 0.1950990671101108,
  "percentiles": {
    "p10": 0.08513760804424016,
    "p50": 0.19355487851195086,
    "p90": 0.26558302281365354
  },
  "ema": {
    "fast": 0.030699013145154642,
    "slow": 0.032956683406590595,
    "fast_period": 20,
    "slow_period": 100
  },
  "etv": {
    "horizon_days": 1,
    "risk_budget_usd": 100,
    "expected_move_usd": 4.519684498579538,
    "qty": 22.125438187428422,
    "notional_usd": 51256.01135937856,
    "leverage": 1
  }
}