{
  "t": "2026-02-25T23:39:24.097Z",
  "spot": 2064.93,
  "sigma_d": 0.003352922338748225,
  "ERI": 0.33529223387482254,
  "percentiles": {
    "p10": 0.1300468347091661,
    "p50": 0.3098388351211946,
    "p90": 0.3823909153274117
  },
  "ema": {
    "fast": 0.05342636411091052,
    "slow": 0.05552276643712317,
    "fast_period": 20,
    "slow_period": 100
  },
  "etv": {
    "horizon_days": 1,
    "risk_budget_usd": 100,
    "expected_move_usd": 6.923549924951372,
    "qty": 14.443457631411874,
    "notional_usd": 29824.72896683132,
    "leverage": 1
  }
}