{
  "t": "2025-10-31T16:35:42.893Z",
  "spot": 3859.63,
  "sigma_d": 0.0025694089339775633,
  "ERI": 0.25694089339775633,
  "percentiles": {
    "p10": 0.09107553041054071,
    "p50": 0.2077191332031465,
    "p90": 0.2756831503724505
  },
  "ema": {
    "fast": 0.04208633892411896,
    "slow": 0.03766537730069873,
    "fast_period": 20,
    "slow_period": 100
  },
  "etv": {
    "horizon_days": 1,
    "risk_budget_usd": 100,
    "expected_move_usd": 9.916967803847824,
    "qty": 10.083727403168496,
    "notional_usd": 38919.456797091225,
    "leverage": 1
  }
}