{
  "t": "2026-01-19T09:47:02.555Z",
  "spot": 3206.1,
  "sigma_d": 0.0007396514608404045,
  "ERI": 0.07396514608404045,
  "percentiles": {
    "p10": 0.07383215204452553,
    "p50": 0.18367177475233212,
    "p90": 0.25275382720069056
  },
  "ema": {
    "fast": 0.024794107845586163,
    "slow": 0.02847839723178943,
    "fast_period": 20,
    "slow_period": 100
  },
  "etv": {
    "horizon_days": 1,
    "risk_budget_usd": 100,
    "expected_move_usd": 2.371396548600421,
    "qty": 42.16924413549442,
    "notional_usd": 135198.81362280864,
    "leverage": 1
  }
}