{
  "t": "2026-04-28T18:46:00.702Z",
  "spot": 2291.05,
  "sigma_d": 0.002655860730083823,
  "ERI": 0.26558607300838233,
  "percentiles": {
    "p10": 0.08516908297038495,
    "p50": 0.20757080876066844,
    "p90": 0.30800141326214814
  },
  "ema": {
    "fast": 0.043019560134832484,
    "slow": 0.037907620966931184,
    "fast_period": 20,
    "slow_period": 100
  },
  "etv": {
    "horizon_days": 1,
    "risk_budget_usd": 100,
    "expected_move_usd": 6.084709725658543,
    "qty": 16.43463772450987,
    "notional_usd": 37652.57675873834,
    "leverage": 1
  }
}