{
  "t": "2026-04-11T11:40:10.950Z",
  "spot": 2241.07,
  "sigma_d": 0.0032222944271292934,
  "ERI": 0.32222944271292936,
  "percentiles": {
    "p10": 0.08958197342154964,
    "p50": 0.22676650990550165,
    "p90": 0.34972341073660895
  },
  "ema": {
    "fast": 0.0488802331039159,
    "slow": 0.045989365098767894,
    "fast_period": 20,
    "slow_period": 100
  },
  "etv": {
    "horizon_days": 1,
    "risk_budget_usd": 100,
    "expected_move_usd": 7.221387371806646,
    "qty": 13.84775457281445,
    "notional_usd": 31033.78734049728,
    "leverage": 1
  }
}