{
  "t": "2026-03-12T10:55:23.122Z",
  "spot": 2070.18,
  "sigma_d": 0.0024166907005568543,
  "ERI": 0.24166907005568541,
  "percentiles": {
    "p10": 0.10503062610363459,
    "p50": 0.2647479822889713,
    "p90": 0.36057735857294637
  },
  "ema": {
    "fast": 0.04145137603186518,
    "slow": 0.048816518764504276,
    "fast_period": 20,
    "slow_period": 100
  },
  "etv": {
    "horizon_days": 1,
    "risk_budget_usd": 100,
    "expected_move_usd": 5.002984754478788,
    "qty": 19.98806810484035,
    "notional_usd": 41378.8988292784,
    "leverage": 1
  }
}