{
  "t": "2025-12-25T18:41:29.302Z",
  "spot": 2951.76,
  "sigma_d": 0.0023384698609633706,
  "ERI": 0.23384698609633706,
  "percentiles": {
    "p10": 0.09243505294936748,
    "p50": 0.2142313740733287,
    "p90": 0.2883199483531363
  },
  "ema": {
    "fast": 0.03738197095064747,
    "slow": 0.039373538204331496,
    "fast_period": 20,
    "slow_period": 100
  },
  "etv": {
    "horizon_days": 1,
    "risk_budget_usd": 100,
    "expected_move_usd": 6.9026017967972395,
    "qty": 14.487290871450723,
    "notional_usd": 42763.00570271339,
    "leverage": 1
  }
}