{
  "t": "2025-11-08T20:27:02.493Z",
  "spot": 3389.69,
  "sigma_d": 0.0022828623969644276,
  "ERI": 0.22828623969644277,
  "percentiles": {
    "p10": 0.07507768709900452,
    "p50": 0.21005390909958155,
    "p90": 0.2946835826373701
  },
  "ema": {
    "fast": 0.034928986985240995,
    "slow": 0.0354832737714694,
    "fast_period": 20,
    "slow_period": 100
  },
  "etv": {
    "horizon_days": 1,
    "risk_budget_usd": 100,
    "expected_move_usd": 7.738195838366351,
    "qty": 12.922908916855677,
    "notional_usd": 43804.65512637652,
    "leverage": 1
  }
}