{
  "t": "2026-05-09T23:59:00.488Z",
  "spot": 2327.02,
  "sigma_d": 0.0025978369892733556,
  "ERI": 0.25978369892733555,
  "percentiles": {
    "p10": 0.08562035957300303,
    "p50": 0.20225358802485005,
    "p90": 0.2719957300009673
  },
  "ema": {
    "fast": 0.04477442529775222,
    "slow": 0.04148618583296963,
    "fast_period": 20,
    "slow_period": 100
  },
  "etv": {
    "horizon_days": 1,
    "risk_budget_usd": 100,
    "expected_move_usd": 6.0452186307788836,
    "qty": 16.54199890982532,
    "notional_usd": 38493.56230314172,
    "leverage": 1
  }
}