{
  "t": "2025-10-26T18:36:00.914Z",
  "spot": 4072.13,
  "sigma_d": 0.002565363714914183,
  "ERI": 0.25653637149141834,
  "percentiles": {
    "p10": 0.08119823422044536,
    "p50": 0.20925689932067193,
    "p90": 0.270154701258962
  },
  "ema": {
    "fast": 0.04499676693174024,
    "slow": 0.04028930025493297,
    "fast_period": 20,
    "slow_period": 100
  },
  "etv": {
    "horizon_days": 1,
    "risk_budget_usd": 100,
    "expected_move_usd": 10.446494544413493,
    "qty": 9.572589118277703,
    "notional_usd": 38980.82732621218,
    "leverage": 1
  }
}