{
  "t": "2026-02-18T17:16:52.503Z",
  "spot": 1974.99,
  "sigma_d": 0.0035161977661330853,
  "ERI": 0.3516197766133085,
  "percentiles": {
    "p10": 0.09801038082152105,
    "p50": 0.2888355629955974,
    "p90": 0.3860526086309107
  },
  "ema": {
    "fast": 0.06024181320753648,
    "slow": 0.05648722689226893,
    "fast_period": 20,
    "slow_period": 100
  },
  "etv": {
    "horizon_days": 1,
    "risk_budget_usd": 100,
    "expected_move_usd": 6.944455426135182,
    "qty": 14.399977228402097,
    "notional_usd": 28439.81102632186,
    "leverage": 1
  }
}