{
  "t": "2026-04-30T16:43:08.061Z",
  "spot": 2259.47,
  "sigma_d": 0.001452352580558365,
  "ERI": 0.14523525805583648,
  "percentiles": {
    "p10": 0.08689334032262086,
    "p50": 0.2039041726123681,
    "p90": 0.27519523360280984
  },
  "ema": {
    "fast": 0.028865833451325148,
    "slow": 0.03530310722829758,
    "fast_period": 20,
    "slow_period": 100
  },
  "etv": {
    "horizon_days": 1,
    "risk_budget_usd": 100,
    "expected_move_usd": 3.2815470851942083,
    "qty": 30.473431404103046,
    "notional_usd": 68853.80405462871,
    "leverage": 1
  }
}