{
  "t": "2025-10-01T02:08:56.815Z",
  "spot": 4164.85,
  "sigma_d": 0.0023690158966131604,
  "ERI": 0.23690158966131603,
  "percentiles": {
    "p10": 0.07098066855024097,
    "p50": 0.18483271202268176,
    "p90": 0.2608708762526169
  },
  "ema": {
    "fast": 0.034009581705538805,
    "slow": 0.03181112166801056,
    "fast_period": 20,
    "slow_period": 100
  },
  "etv": {
    "horizon_days": 1,
    "risk_budget_usd": 100,
    "expected_move_usd": 9.866595857009322,
    "qty": 10.135207872019919,
    "notional_usd": 42211.620505782164,
    "leverage": 1
  }
}