{
  "t": "2025-11-19T20:28:18.415Z",
  "spot": 2906.77,
  "sigma_d": 0.0006602834336060064,
  "ERI": 0.06602834336060064,
  "percentiles": {
    "p10": 0.08207956278134289,
    "p50": 0.20573161294309164,
    "p90": 0.28657348538401595
  },
  "ema": {
    "fast": 0.04030207793972816,
    "slow": 0.03875941630495815,
    "fast_period": 20,
    "slow_period": 100
  },
  "etv": {
    "horizon_days": 1,
    "risk_budget_usd": 100,
    "expected_move_usd": 1.919292076302931,
    "qty": 52.10254407584837,
    "notional_usd": 151450.11204335376,
    "leverage": 1
  }
}