{
  "t": "2025-10-07T15:29:57.772Z",
  "spot": 4557.47,
  "sigma_d": 0.0022595461158521945,
  "ERI": 0.22595461158521946,
  "percentiles": {
    "p10": 0.07091856349939592,
    "p50": 0.1947273615467805,
    "p90": 0.2762167576545305
  },
  "ema": {
    "fast": 0.04198957278212902,
    "slow": 0.038566044065742766,
    "fast_period": 20,
    "slow_period": 100
  },
  "etv": {
    "horizon_days": 1,
    "risk_budget_usd": 100,
    "expected_move_usd": 10.2978136366129,
    "qty": 9.710799158809737,
    "notional_usd": 44256.67584230061,
    "leverage": 1
  }
}