{
  "t": "2025-10-09T05:28:18.658Z",
  "spot": 4443.13,
  "sigma_d": 0.0022625934288984183,
  "ERI": 0.22625934288984184,
  "percentiles": {
    "p10": 0.0709052538262391,
    "p50": 0.2083587336291033,
    "p90": 0.2767314733589211
  },
  "ema": {
    "fast": 0.03927883541404712,
    "slow": 0.03906340807804918,
    "fast_period": 20,
    "slow_period": 100
  },
  "etv": {
    "horizon_days": 1,
    "risk_budget_usd": 100,
    "expected_move_usd": 10.05299674174143,
    "qty": 9.947282643073603,
    "notional_usd": 44197.06992991962,
    "leverage": 1
  }
}