{
  "t": "2026-01-03T11:25:20.626Z",
  "spot": 3094.62,
  "sigma_d": 0.0034886805753515716,
  "ERI": 0.34886805753515715,
  "percentiles": {
    "p10": 0.14436706074602404,
    "p50": 0.21274375267793294,
    "p90": 0.31235269033664587
  },
  "ema": {
    "fast": 0.03206654183071127,
    "slow": 0.042420327766929875,
    "fast_period": 20,
    "slow_period": 100
  },
  "etv": {
    "horizon_days": 1,
    "risk_budget_usd": 100,
    "expected_move_usd": 10.79614068209448,
    "qty": 9.262569185102517,
    "notional_usd": 28664.131851601953,
    "leverage": 1
  }
}