{
  "t": "2026-01-02T14:32:47.200Z",
  "spot": 3034.92,
  "sigma_d": 0.001949903572607086,
  "ERI": 0.19499035726070862,
  "percentiles": {
    "p10": 0.14882266856971796,
    "p50": 0.2134296665335399,
    "p90": 0.3110059559280314
  },
  "ema": {
    "fast": 0.04380152616326909,
    "slow": 0.048171198626022885,
    "fast_period": 20,
    "slow_period": 100
  },
  "etv": {
    "horizon_days": 1,
    "risk_budget_usd": 100,
    "expected_move_usd": 5.917801350576698,
    "qty": 16.898167761284324,
    "notional_usd": 51284.58730207702,
    "leverage": 1
  }
}