{
  "t": "2025-12-05T04:38:28.731Z",
  "spot": 3162.01,
  "sigma_d": 0.002987601964043635,
  "ERI": 0.2987601964043635,
  "percentiles": {
    "p10": 0.07361188766149436,
    "p50": 0.19935136406755466,
    "p90": 0.3447200362489877
  },
  "ema": {
    "fast": 0.051862727437395256,
    "slow": 0.04477927117988287,
    "fast_period": 20,
    "slow_period": 100
  },
  "etv": {
    "horizon_days": 1,
    "risk_budget_usd": 100,
    "expected_move_usd": 9.446827286325615,
    "qty": 10.585564546601914,
    "notional_usd": 33471.66095200072,
    "leverage": 1
  }
}