{
  "t": "2025-11-28T13:37:19.083Z",
  "spot": 3044.59,
  "sigma_d": 0.0023136441629992106,
  "ERI": 0.23136441629992105,
  "percentiles": {
    "p10": 0.08939490895121874,
    "p50": 0.1933468304996765,
    "p90": 0.3037526144258095
  },
  "ema": {
    "fast": 0.03481944964851789,
    "slow": 0.036007890852257474,
    "fast_period": 20,
    "slow_period": 100
  },
  "etv": {
    "horizon_days": 1,
    "risk_budget_usd": 100,
    "expected_move_usd": 7.044097882225767,
    "qty": 14.19628200402042,
    "notional_usd": 43221.858226620534,
    "leverage": 1
  }
}