{
  "t": "2025-09-08T17:25:25.439Z",
  "spot": 4340.01,
  "sigma_d": 0.0021813614824287234,
  "ERI": 0.21813614824287234,
  "percentiles": {
    "p10": 0.07415159786532709,
    "p50": 0.21123523679196848,
    "p90": 0.31539814783719267
  },
  "ema": {
    "fast": 0.03815938728770693,
    "slow": 0.03854198885416401,
    "fast_period": 20,
    "slow_period": 100
  },
  "etv": {
    "horizon_days": 1,
    "risk_budget_usd": 100,
    "expected_move_usd": 9.467130647355484,
    "qty": 10.56286257419862,
    "notional_usd": 45842.929200647755,
    "leverage": 1
  }
}