{
  "t": "2026-03-21T05:52:16.473Z",
  "spot": 2153.53,
  "sigma_d": 0.0010327135191032517,
  "ERI": 0.10327135191032517,
  "percentiles": {
    "p10": 0.10035783772553265,
    "p50": 0.24428357207525586,
    "p90": 0.3541878290762509
  },
  "ema": {
    "fast": 0.03403230119947936,
    "slow": 0.04063445243968064,
    "fast_period": 20,
    "slow_period": 100
  },
  "etv": {
    "horizon_days": 1,
    "risk_budget_usd": 100,
    "expected_move_usd": 2.223979544794426,
    "qty": 44.964442336740795,
    "notional_usd": 96832.27550544142,
    "leverage": 1
  }
}