{
  "t": "2025-12-27T08:37:27.978Z",
  "spot": 2933.7,
  "sigma_d": 0.0018490257365901069,
  "ERI": 0.1849025736590107,
  "percentiles": {
    "p10": 0.10416525612833433,
    "p50": 0.21419256515747884,
    "p90": 0.28916455132537333
  },
  "ema": {
    "fast": 0.03501388003769265,
    "slow": 0.03910072025901409,
    "fast_period": 20,
    "slow_period": 100
  },
  "etv": {
    "horizon_days": 1,
    "risk_budget_usd": 100,
    "expected_move_usd": 5.424486803434396,
    "qty": 18.434923638617235,
    "notional_usd": 54082.53547861138,
    "leverage": 1
  }
}