{
  "t": "2026-03-29T15:42:43.348Z",
  "spot": 1988.31,
  "sigma_d": 0.0032865843186872115,
  "ERI": 0.3286584318687212,
  "percentiles": {
    "p10": 0.09328358097327766,
    "p50": 0.22537484609597086,
    "p90": 0.30235482254508744
  },
  "ema": {
    "fast": 0.04437837105127915,
    "slow": 0.04352798411994398,
    "fast_period": 20,
    "slow_period": 100
  },
  "etv": {
    "horizon_days": 1,
    "risk_budget_usd": 100,
    "expected_move_usd": 6.53474846668897,
    "qty": 15.302807829521258,
    "notional_usd": 30426.72583551541,
    "leverage": 1
  }
}