{
  "t": "2026-05-15T14:30:01.490Z",
  "spot": 2215.45,
  "sigma_d": 0.0018113861618457312,
  "ERI": 0.1811386161845731,
  "percentiles": {
    "p10": 0.0880319950473507,
    "p50": 0.21953229636398638,
    "p90": 0.279537324525569
  },
  "ema": {
    "fast": 0.03718329730611502,
    "slow": 0.041324159098554115,
    "fast_period": 20,
    "slow_period": 100
  },
  "etv": {
    "horizon_days": 1,
    "risk_budget_usd": 100,
    "expected_move_usd": 4.013035472261125,
    "qty": 24.918792941457728,
    "notional_usd": 55206.33982215252,
    "leverage": 1
  }
}