{
  "t": "2026-03-29T23:45:17.819Z",
  "spot": 1982.91,
  "sigma_d": 0.0030513509884249903,
  "ERI": 0.305135098842499,
  "percentiles": {
    "p10": 0.09300085277709264,
    "p50": 0.22407895060721023,
    "p90": 0.30818793483268625
  },
  "ema": {
    "fast": 0.04620226559135231,
    "slow": 0.04442376381203285,
    "fast_period": 20,
    "slow_period": 100
  },
  "etv": {
    "horizon_days": 1,
    "risk_budget_usd": 100,
    "expected_move_usd": 6.0505543884577975,
    "qty": 16.527411139508594,
    "notional_usd": 32772.36882264299,
    "leverage": 1
  }
}