{
  "t": "2025-09-13T03:28:32.210Z",
  "spot": 4721.32,
  "sigma_d": 0.0019329633870673688,
  "ERI": 0.19329633870673688,
  "percentiles": {
    "p10": 0.07596701395528663,
    "p50": 0.19712023474605914,
    "p90": 0.32605710988921516
  },
  "ema": {
    "fast": 0.0313180483134169,
    "slow": 0.034923917729026435,
    "fast_period": 20,
    "slow_period": 100
  },
  "etv": {
    "horizon_days": 1,
    "risk_budget_usd": 100,
    "expected_move_usd": 9.126138698628909,
    "qty": 10.957536730734082,
    "notional_usd": 51734.03731754943,
    "leverage": 1
  }
}