{
  "t": "2025-12-14T08:36:02.184Z",
  "spot": 3119.04,
  "sigma_d": 0.0017065875706349324,
  "ERI": 0.17065875706349323,
  "percentiles": {
    "p10": 0.08505312170836248,
    "p50": 0.2216266875881137,
    "p90": 0.32785301395313
  },
  "ema": {
    "fast": 0.026962202358272583,
    "slow": 0.034579625373640246,
    "fast_period": 20,
    "slow_period": 100
  },
  "etv": {
    "horizon_days": 1,
    "risk_budget_usd": 100,
    "expected_move_usd": 5.322914896313179,
    "qty": 18.786699007580076,
    "notional_usd": 58596.46567260256,
    "leverage": 1
  }
}