{
  "t": "2025-09-26T15:27:39.873Z",
  "spot": 3953.66,
  "sigma_d": 0.0021582781937819974,
  "ERI": 0.21582781937819975,
  "percentiles": {
    "p10": 0.07410138502970143,
    "p50": 0.18856748530898582,
    "p90": 0.2464127514470451
  },
  "ema": {
    "fast": 0.03738792036289071,
    "slow": 0.036373809114696724,
    "fast_period": 20,
    "slow_period": 100
  },
  "etv": {
    "horizon_days": 1,
    "risk_budget_usd": 100,
    "expected_move_usd": 8.533098163628132,
    "qty": 11.719072965343885,
    "notional_usd": 46333.23002016151,
    "leverage": 1
  }
}