{
  "t": "2026-01-03T18:40:25.417Z",
  "spot": 3112.04,
  "sigma_d": 0.0009609326493727044,
  "ERI": 0.09609326493727044,
  "percentiles": {
    "p10": 0.13615307888852204,
    "p50": 0.20935918428604905,
    "p90": 0.3094188961160326
  },
  "ema": {
    "fast": 0.023497820081157583,
    "slow": 0.03881689864390125,
    "fast_period": 20,
    "slow_period": 100
  },
  "etv": {
    "horizon_days": 1,
    "risk_budget_usd": 100,
    "expected_move_usd": 2.9904608421538312,
    "qty": 33.43966207160787,
    "notional_usd": 104065.56595332656,
    "leverage": 1
  }
}