{
  "t": "2025-10-16T16:35:22.186Z",
  "spot": 3873.5,
  "sigma_d": 0.0028079741688325104,
  "ERI": 0.28079741688325105,
  "percentiles": {
    "p10": 0.07791427115409727,
    "p50": 0.21174107651569068,
    "p90": 0.27569173721386064
  },
  "ema": {
    "fast": 0.0308676959819418,
    "slow": 0.03355145627695073,
    "fast_period": 20,
    "slow_period": 100
  },
  "etv": {
    "horizon_days": 1,
    "risk_budget_usd": 100,
    "expected_move_usd": 10.87668794297273,
    "qty": 9.193975273015766,
    "notional_usd": 35612.86322002657,
    "leverage": 1
  }
}