{
  "t": "2025-10-23T18:38:55.180Z",
  "spot": 3877.34,
  "sigma_d": 0.002729089275789187,
  "ERI": 0.2729089275789187,
  "percentiles": {
    "p10": 0.08166357686791983,
    "p50": 0.2153866601997641,
    "p90": 0.27255370346420243
  },
  "ema": {
    "fast": 0.04412179401166138,
    "slow": 0.039673429573491056,
    "fast_period": 20,
    "slow_period": 100
  },
  "etv": {
    "horizon_days": 1,
    "risk_budget_usd": 100,
    "expected_move_usd": 10.581607012588448,
    "qty": 9.45036041132832,
    "notional_usd": 36642.26043725975,
    "leverage": 1
  }
}