{
  "t": "2026-01-08T20:35:43.905Z",
  "spot": 3094.81,
  "sigma_d": 0.0037778267516918053,
  "ERI": 0.3777826751691805,
  "percentiles": {
    "p10": 0.12487404228326715,
    "p50": 0.21639859132470313,
    "p90": 0.3186189896762125
  },
  "ema": {
    "fast": 0.04096200710338821,
    "slow": 0.04154018397429784,
    "fast_period": 20,
    "slow_period": 100
  },
  "etv": {
    "horizon_days": 1,
    "risk_budget_usd": 100,
    "expected_move_usd": 11.691656009403316,
    "qty": 8.55310829531526,
    "notional_usd": 26470.24508342462,
    "leverage": 1
  }
}