{
  "t": "2025-12-08T03:59:45.430Z",
  "spot": 3110.27,
  "sigma_d": 0.0013022056473237817,
  "ERI": 0.13022056473237817,
  "percentiles": {
    "p10": 0.07736381397781375,
    "p50": 0.21591475887494832,
    "p90": 0.34624717054840004
  },
  "ema": {
    "fast": 0.044204327520218356,
    "slow": 0.0453234935689842,
    "fast_period": 20,
    "slow_period": 100
  },
  "etv": {
    "horizon_days": 1,
    "risk_budget_usd": 100,
    "expected_move_usd": 4.050211158701738,
    "qty": 24.690070734992045,
    "notional_usd": 76792.7863049237,
    "leverage": 1
  }
}