{
  "t": "2026-03-22T07:47:59.041Z",
  "spot": 2099.74,
  "sigma_d": 0.0009340479806421748,
  "ERI": 0.09340479806421748,
  "percentiles": {
    "p10": 0.09574480377442898,
    "p50": 0.2286166892001908,
    "p90": 0.3462198930047046
  },
  "ema": {
    "fast": 0.026974934892266836,
    "slow": 0.03526282708605774,
    "fast_period": 20,
    "slow_period": 100
  },
  "etv": {
    "horizon_days": 1,
    "risk_budget_usd": 100,
    "expected_move_usd": 1.9612579068736,
    "qty": 50.987684816734735,
    "notional_usd": 107060.88131709058,
    "leverage": 1
  }
}