{
  "t": "2026-01-04T04:16:34.087Z",
  "spot": 3146.5,
  "sigma_d": 0.002271478463410398,
  "ERI": 0.22714784634103982,
  "percentiles": {
    "p10": 0.13300930458723387,
    "p50": 0.20712403042771121,
    "p90": 0.3094188961160326
  },
  "ema": {
    "fast": 0.027556157555516818,
    "slow": 0.03766741905879705,
    "fast_period": 20,
    "slow_period": 100
  },
  "etv": {
    "horizon_days": 1,
    "risk_budget_usd": 100,
    "expected_move_usd": 7.1472069851208175,
    "qty": 13.99147949796078,
    "notional_usd": 44024.19024033359,
    "leverage": 1
  }
}