{
  "t": "2026-01-04T22:31:25.625Z",
  "spot": 3139.76,
  "sigma_d": 0.002110461070886673,
  "ERI": 0.2110461070886673,
  "percentiles": {
    "p10": 0.13300930458723387,
    "p50": 0.20279975899695124,
    "p90": 0.3094188961160326
  },
  "ema": {
    "fast": 0.03648979381792519,
    "slow": 0.03789194844524665,
    "fast_period": 20,
    "slow_period": 100
  },
  "etv": {
    "horizon_days": 1,
    "risk_budget_usd": 100,
    "expected_move_usd": 6.6263412519271405,
    "qty": 15.091284345024786,
    "notional_usd": 47383.010935135026,
    "leverage": 1
  }
}