{
  "t": "2025-11-14T09:30:57.299Z",
  "spot": 3189.27,
  "sigma_d": 0.0021134074754916706,
  "ERI": 0.21134074754916707,
  "percentiles": {
    "p10": 0.07605246285199697,
    "p50": 0.19132434779569912,
    "p90": 0.2849155525924802
  },
  "ema": {
    "fast": 0.03104614522605927,
    "slow": 0.03393113880893665,
    "fast_period": 20,
    "slow_period": 100
  },
  "etv": {
    "horizon_days": 1,
    "risk_budget_usd": 100,
    "expected_move_usd": 6.74022705936132,
    "qty": 14.836295442171,
    "notional_usd": 47316.951964852706,
    "leverage": 1
  }
}