{
  "t": "2026-04-15T23:55:19.590Z",
  "spot": 2360.66,
  "sigma_d": 0.0013786020442258834,
  "ERI": 0.13786020442258834,
  "percentiles": {
    "p10": 0.08949175669885677,
    "p50": 0.22676650990550165,
    "p90": 0.3483497666024539
  },
  "ema": {
    "fast": 0.04044783956378502,
    "slow": 0.04461050678523612,
    "fast_period": 20,
    "slow_period": 100
  },
  "etv": {
    "horizon_days": 1,
    "risk_budget_usd": 100,
    "expected_move_usd": 3.2544107017222736,
    "qty": 30.72752924118606,
    "notional_usd": 72537.24917849827,
    "leverage": 1
  }
}