{
  "t": "2025-11-02T07:24:31.478Z",
  "spot": 3892.54,
  "sigma_d": 0.002935770503950248,
  "ERI": 0.2935770503950248,
  "percentiles": {
    "p10": 0.09107553041054071,
    "p50": 0.21636547371753856,
    "p90": 0.28834470796686096
  },
  "ema": {
    "fast": 0.055164086948794995,
    "slow": 0.04524708465550786,
    "fast_period": 20,
    "slow_period": 100
  },
  "etv": {
    "horizon_days": 1,
    "risk_budget_usd": 100,
    "expected_move_usd": 11.4276041174465,
    "qty": 8.750740660269305,
    "notional_usd": 34062.60804972468,
    "leverage": 1
  }
}