{
  "t": "2025-10-22T19:21:36.073Z",
  "spot": 3818.17,
  "sigma_d": 0.0012475279357594367,
  "ERI": 0.12475279357594367,
  "percentiles": {
    "p10": 0.08162142081145844,
    "p50": 0.20925689932067193,
    "p90": 0.2669112605786823
  },
  "ema": {
    "fast": 0.03309125112610143,
    "slow": 0.03744009201137284,
    "fast_period": 20,
    "slow_period": 100
  },
  "etv": {
    "horizon_days": 1,
    "risk_budget_usd": 100,
    "expected_move_usd": 4.763273738478609,
    "qty": 20.993964548411622,
    "notional_usd": 80158.5256198088,
    "leverage": 1
  }
}