{
  "t": "2025-12-31T23:28:48.185Z",
  "spot": 2971.51,
  "sigma_d": 0.002951423054063679,
  "ERI": 0.29514230540636793,
  "percentiles": {
    "p10": 0.15193186862445265,
    "p50": 0.21675264474667377,
    "p90": 0.30201944688784527
  },
  "ema": {
    "fast": 0.05505248699552996,
    "slow": 0.04721404897224688,
    "fast_period": 20,
    "slow_period": 100
  },
  "etv": {
    "horizon_days": 1,
    "risk_budget_usd": 100,
    "expected_move_usd": 8.770183119380764,
    "qty": 11.402270470158745,
    "notional_usd": 33881.96072478141,
    "leverage": 1
  }
}