{
  "t": "2025-09-22T02:07:14.360Z",
  "spot": 4338.83,
  "sigma_d": 0.00163266400914221,
  "ERI": 0.163266400914221,
  "percentiles": {
    "p10": 0.08199021503244962,
    "p50": 0.17415336147346427,
    "p90": 0.2295657126635212
  },
  "ema": {
    "fast": 0.038814408528923164,
    "slow": 0.03347324757298234,
    "fast_period": 20,
    "slow_period": 100
  },
  "etv": {
    "horizon_days": 1,
    "risk_budget_usd": 100,
    "expected_move_usd": 7.083851582786495,
    "qty": 14.116614221985737,
    "notional_usd": 61249.589284778376,
    "leverage": 1
  }
}