{
  "t": "2025-12-20T12:55:12.032Z",
  "spot": 2987.9,
  "sigma_d": 0.0029451318831691105,
  "ERI": 0.29451318831691103,
  "percentiles": {
    "p10": 0.0798454856819872,
    "p50": 0.1976159276285417,
    "p90": 0.2840410459705529
  },
  "ema": {
    "fast": 0.04838053217944893,
    "slow": 0.03887250805313926,
    "fast_period": 20,
    "slow_period": 100
  },
  "etv": {
    "horizon_days": 1,
    "risk_budget_usd": 100,
    "expected_move_usd": 8.799759553720985,
    "qty": 11.363946865765772,
    "notional_usd": 33954.33684022155,
    "leverage": 1
  }
}