{
  "t": "2025-10-01T17:25:30.974Z",
  "spot": 4327.98,
  "sigma_d": 0.0017347589847398154,
  "ERI": 0.17347589847398154,
  "percentiles": {
    "p10": 0.07090048133551577,
    "p50": 0.19279351365491573,
    "p90": 0.2656173384163754
  },
  "ema": {
    "fast": 0.034160470487207675,
    "slow": 0.03277397837678829,
    "fast_period": 20,
    "slow_period": 100
  },
  "etv": {
    "horizon_days": 1,
    "risk_budget_usd": 100,
    "expected_move_usd": 7.508002190774225,
    "qty": 13.319122378903835,
    "notional_usd": 57644.895273448215,
    "leverage": 1
  }
}