{
  "t": "2025-11-03T20:31:18.066Z",
  "spot": 3602.55,
  "sigma_d": 0.000663418750287055,
  "ERI": 0.06634187502870549,
  "percentiles": {
    "p10": 0.08418521328055745,
    "p50": 0.2175665313427797,
    "p90": 0.2909961502761157
  },
  "ema": {
    "fast": 0.032441570394366154,
    "slow": 0.04059503751983476,
    "fast_period": 20,
    "slow_period": 100
  },
  "etv": {
    "horizon_days": 1,
    "risk_budget_usd": 100,
    "expected_move_usd": 2.38999921884663,
    "qty": 41.84101785951971,
    "notional_usd": 150734.35888981275,
    "leverage": 1
  }
}