{
  "t": "2025-12-06T20:30:24.359Z",
  "spot": 3038.34,
  "sigma_d": 0.0024469089938257524,
  "ERI": 0.24469089938257524,
  "percentiles": {
    "p10": 0.07736381397781375,
    "p50": 0.2083912609097487,
    "p90": 0.34624717054840004
  },
  "ema": {
    "fast": 0.045739313304199905,
    "slow": 0.04400478381910794,
    "fast_period": 20,
    "slow_period": 100
  },
  "etv": {
    "horizon_days": 1,
    "risk_budget_usd": 100,
    "expected_move_usd": 7.434541472300537,
    "qty": 13.45072865254407,
    "notional_usd": 40867.886894170755,
    "leverage": 1
  }
}