{
  "t": "2025-10-20T08:36:17.848Z",
  "spot": 4063.46,
  "sigma_d": 0.0022792347077745735,
  "ERI": 0.22792347077745737,
  "percentiles": {
    "p10": 0.08015997712154355,
    "p50": 0.20476819201556806,
    "p90": 0.2682754906856867
  },
  "ema": {
    "fast": 0.036947620629760584,
    "slow": 0.03606551076498363,
    "fast_period": 20,
    "slow_period": 100
  },
  "etv": {
    "horizon_days": 1,
    "risk_budget_usd": 100,
    "expected_move_usd": 9.261579065653669,
    "qty": 10.797294855565987,
    "notional_usd": 43874.375753798166,
    "leverage": 1
  }
}