{
  "t": "2025-09-16T23:20:01.946Z",
  "spot": 4521.19,
  "sigma_d": 0.0018476055104207053,
  "ERI": 0.18476055104207054,
  "percentiles": {
    "p10": 0.07750861984066773,
    "p50": 0.18511242921626203,
    "p90": 0.3190080304577889
  },
  "ema": {
    "fast": 0.030058100866017984,
    "slow": 0.03147313378816087,
    "fast_period": 20,
    "slow_period": 100
  },
  "etv": {
    "horizon_days": 1,
    "risk_budget_usd": 100,
    "expected_move_usd": 8.353375557658987,
    "qty": 11.971208442593326,
    "notional_usd": 54124.107898568516,
    "leverage": 1
  }
}