{
  "t": "2026-04-26T03:51:05.559Z",
  "spot": 2309.8,
  "sigma_d": 0.0014397908993465114,
  "ERI": 0.14397908993465114,
  "percentiles": {
    "p10": 0.08726502285401226,
    "p50": 0.2080853158620277,
    "p90": 0.3243805633455894
  },
  "ema": {
    "fast": 0.033774436265680344,
    "slow": 0.03481743871536414,
    "fast_period": 20,
    "slow_period": 100
  },
  "etv": {
    "horizon_days": 1,
    "risk_budget_usd": 100,
    "expected_move_usd": 3.3256290193105724,
    "qty": 30.069499459903902,
    "notional_usd": 69454.52985248604,
    "leverage": 1
  }
}