{
  "t": "2025-11-23T16:33:06.206Z",
  "spot": 2820.38,
  "sigma_d": 0.0016023552557731364,
  "ERI": 0.16023552557731363,
  "percentiles": {
    "p10": 0.08270103127911355,
    "p50": 0.19950290294794182,
    "p90": 0.29153839848250634
  },
  "ema": {
    "fast": 0.03362512485440634,
    "slow": 0.03823148141333648,
    "fast_period": 20,
    "slow_period": 100
  },
  "etv": {
    "horizon_days": 1,
    "risk_budget_usd": 100,
    "expected_move_usd": 4.519250716277439,
    "qty": 22.12756190751267,
    "notional_usd": 62408.13305271059,
    "leverage": 1
  }
}