{
  "t": "2026-03-23T03:20:01.300Z",
  "spot": 2057.38,
  "sigma_d": 0.0013221348876017488,
  "ERI": 0.13221348876017489,
  "percentiles": {
    "p10": 0.09602220930021997,
    "p50": 0.22591423109305683,
    "p90": 0.31861092807612396
  },
  "ema": {
    "fast": 0.03740521064466347,
    "slow": 0.03736834114725061,
    "fast_period": 20,
    "slow_period": 100
  },
  "etv": {
    "horizon_days": 1,
    "risk_budget_usd": 100,
    "expected_move_usd": 2.720133875054086,
    "qty": 36.76289645781189,
    "notional_usd": 75635.24791437303,
    "leverage": 1
  }
}