{
  "t": "2025-09-16T08:35:19.442Z",
  "spot": 4510.73,
  "sigma_d": 0.0010136909043552884,
  "ERI": 0.10136909043552884,
  "percentiles": {
    "p10": 0.07750861984066773,
    "p50": 0.1868707124396367,
    "p90": 0.32489068392658976
  },
  "ema": {
    "fast": 0.028724272847673794,
    "slow": 0.03237148437650135,
    "fast_period": 20,
    "slow_period": 100
  },
  "etv": {
    "horizon_days": 1,
    "risk_budget_usd": 100,
    "expected_move_usd": 4.57248597300253,
    "qty": 21.869941338351413,
    "notional_usd": 98649.40049314186,
    "leverage": 1
  }
}