{
  "t": "2025-10-20T03:52:33.428Z",
  "spot": 4006.15,
  "sigma_d": 0.0007411152971158178,
  "ERI": 0.07411152971158179,
  "percentiles": {
    "p10": 0.0784773040958221,
    "p50": 0.198899961864907,
    "p90": 0.2682754906856867
  },
  "ema": {
    "fast": 0.03297837086546673,
    "slow": 0.03536408564940542,
    "fast_period": 20,
    "slow_period": 100
  },
  "etv": {
    "horizon_days": 1,
    "risk_budget_usd": 100,
    "expected_move_usd": 2.9690190475405336,
    "qty": 33.68115811949326,
    "notional_usd": 134931.77160040793,
    "leverage": 1
  }
}