{
  "t": "2025-11-14T13:36:52.594Z",
  "spot": 3094.95,
  "sigma_d": 0.0027846051262942306,
  "ERI": 0.27846051262942306,
  "percentiles": {
    "p10": 0.07605246285199697,
    "p50": 0.19068377211277335,
    "p90": 0.28431946478988
  },
  "ema": {
    "fast": 0.03192329654218854,
    "slow": 0.03386618504446165,
    "fast_period": 20,
    "slow_period": 100
  },
  "etv": {
    "horizon_days": 1,
    "risk_budget_usd": 100,
    "expected_move_usd": 8.618213635624329,
    "qty": 11.603332689113095,
    "notional_usd": 35911.73450617057,
    "leverage": 1
  }
}