{
  "t": "2025-10-06T09:30:58.965Z",
  "spot": 4568.34,
  "sigma_d": 0.002415691886521152,
  "ERI": 0.24156918865211519,
  "percentiles": {
    "p10": 0.07091856349939592,
    "p50": 0.18483271202268176,
    "p90": 0.2735178875000177
  },
  "ema": {
    "fast": 0.0366857662870536,
    "slow": 0.03642481911306563,
    "fast_period": 20,
    "slow_period": 100
  },
  "etv": {
    "horizon_days": 1,
    "risk_budget_usd": 100,
    "expected_move_usd": 11.035701872870039,
    "qty": 9.061498865408653,
    "notional_usd": 41396.00772680097,
    "leverage": 1
  }
}