{
  "t": "2025-09-03T22:25:39.148Z",
  "spot": 4470.16,
  "sigma_d": 0.0026879685800496912,
  "ERI": 0.2687968580049691,
  "percentiles": {
    "p10": 0.08472042142685576,
    "p50": 0.22848926191863425,
    "p90": 0.2962490815472991
  },
  "ema": {
    "fast": 0.04590846419899067,
    "slow": 0.04257273057302674,
    "fast_period": 20,
    "slow_period": 100
  },
  "etv": {
    "horizon_days": 1,
    "risk_budget_usd": 100,
    "expected_move_usd": 12.015649627794927,
    "qty": 8.32247969087558,
    "notional_usd": 37202.815814964386,
    "leverage": 1
  }
}