{
  "t": "2026-04-21T06:10:36.933Z",
  "spot": 2311.76,
  "sigma_d": 0.001643928253065323,
  "ERI": 0.1643928253065323,
  "percentiles": {
    "p10": 0.08832473410625495,
    "p50": 0.2226998416812048,
    "p90": 0.34035603190096625
  },
  "ema": {
    "fast": 0.03346745800018342,
    "slow": 0.036664989436126824,
    "fast_period": 20,
    "slow_period": 100
  },
  "etv": {
    "horizon_days": 1,
    "risk_budget_usd": 100,
    "expected_move_usd": 3.800367578306292,
    "qty": 26.31324416375717,
    "notional_usd": 60829.90532800728,
    "leverage": 1
  }
}