{
  "t": "2025-09-11T06:38:37.021Z",
  "spot": 4431.42,
  "sigma_d": 0.002208499072595368,
  "ERI": 0.22084990725953682,
  "percentiles": {
    "p10": 0.07548826391034644,
    "p50": 0.22020045611731692,
    "p90": 0.32605710988921516
  },
  "ema": {
    "fast": 0.04209824728561392,
    "slow": 0.0408492892790035,
    "fast_period": 20,
    "slow_period": 100
  },
  "etv": {
    "horizon_days": 1,
    "risk_budget_usd": 100,
    "expected_move_usd": 9.786786960280567,
    "qty": 10.217858057588003,
    "notional_usd": 45279.62055355663,
    "leverage": 1
  }
}