{
  "t": "2025-09-28T19:18:52.871Z",
  "spot": 4034.39,
  "sigma_d": 0.001739660990230374,
  "ERI": 0.1739660990230374,
  "percentiles": {
    "p10": 0.07098066855024097,
    "p50": 0.17870819369243612,
    "p90": 0.2558474654166809
  },
  "ema": {
    "fast": 0.031542168553151936,
    "slow": 0.031267550597284026,
    "fast_period": 20,
    "slow_period": 100
  },
  "etv": {
    "horizon_days": 1,
    "risk_budget_usd": 100,
    "expected_move_usd": 7.018470902375518,
    "qty": 14.24811777251272,
    "notional_usd": 57482.46386024759,
    "leverage": 1
  }
}