{
  "t": "2025-09-03T07:24:53.814Z",
  "spot": 4296.84,
  "sigma_d": 0.0007216803664355089,
  "ERI": 0.0721680366435509,
  "percentiles": {
    "p10": 0.08189471759317271,
    "p50": 0.20977628238888807,
    "p90": 0.2970995386227328
  },
  "ema": {
    "fast": 0.03411907739817405,
    "slow": 0.040617655862875676,
    "fast_period": 20,
    "slow_period": 100
  },
  "etv": {
    "horizon_days": 1,
    "risk_budget_usd": 100,
    "expected_move_usd": 3.100945065714752,
    "qty": 32.248233322685614,
    "notional_usd": 138565.49887024847,
    "leverage": 1
  }
}