{
  "t": "2026-01-02T23:27:51.908Z",
  "spot": 3123.84,
  "sigma_d": 0.001549118186102004,
  "ERI": 0.1549118186102004,
  "percentiles": {
    "p10": 0.1478356140750138,
    "p50": 0.2134296665335399,
    "p90": 0.3110059559280314
  },
  "ema": {
    "fast": 0.03620424391111659,
    "slow": 0.045476339444196386,
    "fast_period": 20,
    "slow_period": 100
  },
  "etv": {
    "horizon_days": 1,
    "risk_budget_usd": 100,
    "expected_move_usd": 4.839197354472884,
    "qty": 20.664583953694244,
    "notional_usd": 64552.85393790823,
    "leverage": 1
  }
}