{
  "t": "2025-11-12T03:49:32.694Z",
  "spot": 3440.64,
  "sigma_d": 0.0027375606247436735,
  "ERI": 0.27375606247436735,
  "percentiles": {
    "p10": 0.08208011254149013,
    "p50": 0.21627990180957424,
    "p90": 0.29607826864715775
  },
  "ema": {
    "fast": 0.041201719455901065,
    "slow": 0.037887720229489115,
    "fast_period": 20,
    "slow_period": 100
  },
  "etv": {
    "horizon_days": 1,
    "risk_budget_usd": 100,
    "expected_move_usd": 9.418960587918072,
    "qty": 10.61688272995562,
    "notional_usd": 36528.8713959945,
    "leverage": 1
  }
}