{
  "t": "2025-11-12T06:42:24.572Z",
  "spot": 3448.87,
  "sigma_d": 0.0008238349132789479,
  "ERI": 0.08238349132789478,
  "percentiles": {
    "p10": 0.08199996634415183,
    "p50": 0.21627990180957424,
    "p90": 0.29607826864715775
  },
  "ema": {
    "fast": 0.03705694458489219,
    "slow": 0.03719814719768647,
    "fast_period": 20,
    "slow_period": 100
  },
  "etv": {
    "horizon_days": 1,
    "risk_budget_usd": 100,
    "expected_move_usd": 2.841299517360365,
    "qty": 35.19516312483042,
    "notional_usd": 121383.54224633389,
    "leverage": 1
  }
}