{
  "t": "2025-11-13T15:30:21.910Z",
  "spot": 3410.9,
  "sigma_d": 0.0009420538516768611,
  "ERI": 0.0942053851676861,
  "percentiles": {
    "p10": 0.07647166308888562,
    "p50": 0.20292846572167322,
    "p90": 0.2902248347655204
  },
  "ema": {
    "fast": 0.029902056415978946,
    "slow": 0.03494074137185207,
    "fast_period": 20,
    "slow_period": 100
  },
  "etv": {
    "horizon_days": 1,
    "risk_budget_usd": 100,
    "expected_move_usd": 3.2132514826846057,
    "qty": 31.121124673519812,
    "notional_usd": 106151.04414890872,
    "leverage": 1
  }
}