{
  "t": "2025-10-28T03:14:56.221Z",
  "spot": 4088.89,
  "sigma_d": 0.002905521907266206,
  "ERI": 0.2905521907266206,
  "percentiles": {
    "p10": 0.08461836309939237,
    "p50": 0.20845866821788928,
    "p90": 0.270154701258962
  },
  "ema": {
    "fast": 0.03431358883117254,
    "slow": 0.03750411964591851,
    "fast_period": 20,
    "slow_period": 100
  },
  "etv": {
    "horizon_days": 1,
    "risk_budget_usd": 100,
    "expected_move_usd": 11.880359471401716,
    "qty": 8.417253723737822,
    "notional_usd": 34417.22457845434,
    "leverage": 1
  }
}