{
  "t": "2026-01-12T02:33:10.801Z",
  "spot": 3140.04,
  "sigma_d": 0.002385068587874547,
  "ERI": 0.2385068587874547,
  "percentiles": {
    "p10": 0.09358375493196334,
    "p50": 0.21828948698919293,
    "p90": 0.31809552589193696
  },
  "ema": {
    "fast": 0.030702614682187934,
    "slow": 0.036893360073219916,
    "fast_period": 20,
    "slow_period": 100
  },
  "etv": {
    "horizon_days": 1,
    "risk_budget_usd": 100,
    "expected_move_usd": 7.489210768669592,
    "qty": 13.352541821675066,
    "notional_usd": 41927.515421732576,
    "leverage": 1
  }
}