{
  "t": "2025-09-06T04:30:14.747Z",
  "spot": 4309.68,
  "sigma_d": 0.0008815227478561782,
  "ERI": 0.08815227478561782,
  "percentiles": {
    "p10": 0.08089854126548104,
    "p50": 0.20840098998502174,
    "p90": 0.30070134481687594
  },
  "ema": {
    "fast": 0.0314221245815304,
    "slow": 0.038142608651676346,
    "fast_period": 20,
    "slow_period": 100
  },
  "etv": {
    "horizon_days": 1,
    "risk_budget_usd": 100,
    "expected_move_usd": 3.799080955980814,
    "qty": 26.322155584121493,
    "notional_usd": 113440.06747777673,
    "leverage": 1
  }
}