{
  "t": "2025-10-28T06:42:29.627Z",
  "spot": 4095.23,
  "sigma_d": 0.0030083633292264564,
  "ERI": 0.30083633292264567,
  "percentiles": {
    "p10": 0.08461836309939237,
    "p50": 0.20991766680410295,
    "p90": 0.2728324554907751
  },
  "ema": {
    "fast": 0.036750436384573315,
    "slow": 0.037796206234616325,
    "fast_period": 20,
    "slow_period": 100
  },
  "etv": {
    "horizon_days": 1,
    "risk_budget_usd": 100,
    "expected_move_usd": 12.319939756748061,
    "qty": 8.116922807615719,
    "notional_usd": 33240.66578943212,
    "leverage": 1
  }
}