{
  "t": "2025-11-21T21:25:21.240Z",
  "spot": 2759.39,
  "sigma_d": 0.0028535543000000854,
  "ERI": 0.28535543000000857,
  "percentiles": {
    "p10": 0.08416797247765259,
    "p50": 0.20292846572167322,
    "p90": 0.29151813008373867
  },
  "ema": {
    "fast": 0.041984337833218935,
    "slow": 0.03869976824370176,
    "fast_period": 20,
    "slow_period": 100
  },
  "etv": {
    "horizon_days": 1,
    "risk_budget_usd": 100,
    "expected_move_usd": 7.874069199877235,
    "qty": 12.699913788103247,
    "notional_usd": 35044.01510775422,
    "leverage": 1
  }
}