{
  "t": "2025-11-11T03:50:42.450Z",
  "spot": 3607.16,
  "sigma_d": 0.001164091485188221,
  "ERI": 0.11640914851882211,
  "percentiles": {
    "p10": 0.08208011254149013,
    "p50": 0.21627990180957424,
    "p90": 0.2966531254526318
  },
  "ema": {
    "fast": 0.04159914616318921,
    "slow": 0.03778526696841979,
    "fast_period": 20,
    "slow_period": 100
  },
  "etv": {
    "horizon_days": 1,
    "risk_budget_usd": 100,
    "expected_move_usd": 4.199064241711543,
    "qty": 23.81482974388596,
    "notional_usd": 85903.90125895567,
    "leverage": 1
  }
}