{
  "t": "2026-02-09T13:42:15.159Z",
  "spot": 2040,
  "sigma_d": 0.003861188307575189,
  "ERI": 0.3861188307575189,
  "percentiles": {
    "p10": 0.08047250965474727,
    "p50": 0.21576107807793976,
    "p90": 0.3739081657437554
  },
  "ema": {
    "fast": 0.05763030490966312,
    "slow": 0.05194484017931763,
    "fast_period": 20,
    "slow_period": 100
  },
  "etv": {
    "horizon_days": 1,
    "risk_budget_usd": 100,
    "expected_move_usd": 7.8768241474533855,
    "qty": 12.695471947578069,
    "notional_usd": 25898.76277305926,
    "leverage": 1
  }
}