{
  "t": "2025-10-20T15:28:44.924Z",
  "spot": 4026.4,
  "sigma_d": 0.0015182772303258811,
  "ERI": 0.15182772303258812,
  "percentiles": {
    "p10": 0.08015997712154355,
    "p50": 0.20068977961521084,
    "p90": 0.26651940600161017
  },
  "ema": {
    "fast": 0.034170615809659036,
    "slow": 0.03551068464626479,
    "fast_period": 20,
    "slow_period": 100
  },
  "etv": {
    "horizon_days": 1,
    "risk_budget_usd": 100,
    "expected_move_usd": 6.113191440184128,
    "qty": 16.358067791344684,
    "notional_usd": 65864.12415507024,
    "leverage": 1
  }
}