{
  "t": "2025-10-19T17:23:18.668Z",
  "spot": 4002.59,
  "sigma_d": 0.0007102201937929793,
  "ERI": 0.07102201937929793,
  "percentiles": {
    "p10": 0.08028618375407148,
    "p50": 0.20476819201556806,
    "p90": 0.2695240576154873
  },
  "ema": {
    "fast": 0.03737400522617857,
    "slow": 0.0361638861208896,
    "fast_period": 20,
    "slow_period": 100
  },
  "etv": {
    "horizon_days": 1,
    "risk_budget_usd": 100,
    "expected_move_usd": 2.842720245473841,
    "qty": 35.177573368051,
    "notional_usd": 140801.40338722727,
    "leverage": 1
  }
}