{
  "t": "2025-10-01T12:56:57.793Z",
  "spot": 4284.7,
  "sigma_d": 0.002692728515025982,
  "ERI": 0.2692728515025982,
  "percentiles": {
    "p10": 0.07098066855024097,
    "p50": 0.19279351365491573,
    "p90": 0.2656173384163754
  },
  "ema": {
    "fast": 0.03840592258914364,
    "slow": 0.03339510916023261,
    "fast_period": 20,
    "slow_period": 100
  },
  "etv": {
    "horizon_days": 1,
    "risk_budget_usd": 100,
    "expected_move_usd": 11.537533868331824,
    "qty": 8.667363506033087,
    "notional_usd": 37137.05241429997,
    "leverage": 1
  }
}