{
  "t": "2025-09-30T05:28:21.720Z",
  "spot": 4181.9,
  "sigma_d": 0.002663927404659562,
  "ERI": 0.2663927404659562,
  "percentiles": {
    "p10": 0.07090048133551577,
    "p50": 0.17567247753885568,
    "p90": 0.2584504147582632
  },
  "ema": {
    "fast": 0.029550120392180065,
    "slow": 0.030484075235401,
    "fast_period": 20,
    "slow_period": 100
  },
  "etv": {
    "horizon_days": 1,
    "risk_budget_usd": 100,
    "expected_move_usd": 11.14027801354582,
    "qty": 8.976436663286751,
    "notional_usd": 37538.56048219886,
    "leverage": 1
  }
}