{
  "t": "2026-05-19T23:17:35.823Z",
  "spot": 2109.38,
  "sigma_d": 0.0010409652914920597,
  "ERI": 0.10409652914920597,
  "percentiles": {
    "p10": 0.08757957974507885,
    "p50": 0.22915983589351324,
    "p90": 0.29686709819303464
  },
  "ema": {
    "fast": 0.03208745984506142,
    "slow": 0.04127162520960133,
    "fast_period": 20,
    "slow_period": 100
  },
  "etv": {
    "horizon_days": 1,
    "risk_budget_usd": 100,
    "expected_move_usd": 2.195791366567521,
    "qty": 45.54166735627566,
    "notional_usd": 96064.68228798076,
    "leverage": 1
  }
}