{
  "t": "2026-06-05T08:51:14.497Z",
  "spot": 1666.75,
  "sigma_d": 0.001740376375977953,
  "ERI": 0.1740376375977953,
  "percentiles": {
    "p10": 0.08819334846355711,
    "p50": 0.21259579598053813,
    "p90": 0.35100265320449237
  },
  "ema": {
    "fast": 0.05550773792830499,
    "slow": 0.044108366661686334,
    "fast_period": 20,
    "slow_period": 100
  },
  "etv": {
    "horizon_days": 1,
    "risk_budget_usd": 100,
    "expected_move_usd": 2.9007723246612533,
    "qty": 34.473577657177145,
    "notional_usd": 57458.83556010001,
    "leverage": 1
  }
}