{
  "t": "2026-06-21T05:11:55.923Z",
  "spot": 1729.95,
  "sigma_d": 0.0022579777830176425,
  "ERI": 0.22579777830176426,
  "percentiles": {
    "p10": 0.08219290420103595,
    "p50": 0.2104607987501042,
    "p90": 0.3817902617639839
  },
  "ema": {
    "fast": 0.04315301146877755,
    "slow": 0.045862890110573235,
    "fast_period": 20,
    "slow_period": 100
  },
  "etv": {
    "horizon_days": 1,
    "risk_budget_usd": 100,
    "expected_move_usd": 3.9061886657313707,
    "qty": 25.600401966574395,
    "notional_usd": 44287.41538207538,
    "leverage": 1
  }
}