{
  "t": "2025-11-23T09:27:13.405Z",
  "spot": 2808.85,
  "sigma_d": 0.0009267945263651036,
  "ERI": 0.09267945263651037,
  "percentiles": {
    "p10": 0.08270103127911355,
    "p50": 0.2052931724746403,
    "p90": 0.29153839848250634
  },
  "ema": {
    "fast": 0.03715678896336365,
    "slow": 0.03953428852830384,
    "fast_period": 20,
    "slow_period": 100
  },
  "etv": {
    "horizon_days": 1,
    "risk_budget_usd": 100,
    "expected_move_usd": 2.603226805380621,
    "qty": 38.413863822126274,
    "notional_usd": 107898.78139677938,
    "leverage": 1
  }
}