{
  "t": "2026-01-01T13:40:50.267Z",
  "spot": 2980.62,
  "sigma_d": 0.003174769456755164,
  "ERI": 0.31747694567551643,
  "percentiles": {
    "p10": 0.15193186862445265,
    "p50": 0.21675264474667377,
    "p90": 0.30722079745698777
  },
  "ema": {
    "fast": 0.05835239907490505,
    "slow": 0.04968851081640208,
    "fast_period": 20,
    "slow_period": 100
  },
  "etv": {
    "horizon_days": 1,
    "risk_budget_usd": 100,
    "expected_move_usd": 9.462781338193578,
    "qty": 10.567717505674686,
    "notional_usd": 31498.350151764083,
    "leverage": 1
  }
}