{
  "t": "2026-06-06T14:51:00.911Z",
  "spot": 1563.54,
  "sigma_d": 0.0016894966671356605,
  "ERI": 0.16894966671356604,
  "percentiles": {
    "p10": 0.08819334846355711,
    "p50": 0.20454179796547337,
    "p90": 0.35277561914824684
  },
  "ema": {
    "fast": 0.03905426043491004,
    "slow": 0.041603364891012934,
    "fast_period": 20,
    "slow_period": 100
  },
  "etv": {
    "horizon_days": 1,
    "risk_budget_usd": 100,
    "expected_move_usd": 2.6415956189332905,
    "qty": 37.85590772609672,
    "notional_usd": 59189.22596606126,
    "leverage": 1
  }
}