{
  "t": "2025-11-08T01:59:38.686Z",
  "spot": 3431.94,
  "sigma_d": 0.0022490055290842258,
  "ERI": 0.22490055290842256,
  "percentiles": {
    "p10": 0.07486604198958181,
    "p50": 0.208657321615277,
    "p90": 0.29561773461855895
  },
  "ema": {
    "fast": 0.034722361983684315,
    "slow": 0.03655808567480188,
    "fast_period": 20,
    "slow_period": 100
  },
  "etv": {
    "horizon_days": 1,
    "risk_budget_usd": 100,
    "expected_move_usd": 7.718452035485318,
    "qty": 12.955965722175048,
    "notional_usd": 44464.097000561436,
    "leverage": 1
  }
}