{
  "t": "2025-11-07T21:22:09.353Z",
  "spot": 3464.04,
  "sigma_d": 0.0017388687504101804,
  "ERI": 0.17388687504101805,
  "percentiles": {
    "p10": 0.07486604198958181,
    "p50": 0.20800967647472257,
    "p90": 0.29561773461855895
  },
  "ema": {
    "fast": 0.03359805921847264,
    "slow": 0.036507696963277055,
    "fast_period": 20,
    "slow_period": 100
  },
  "etv": {
    "horizon_days": 1,
    "risk_budget_usd": 100,
    "expected_move_usd": 6.023510906170881,
    "qty": 16.601613503771265,
    "notional_usd": 57508.65324160381,
    "leverage": 1
  }
}