{
  "t": "2025-12-02T14:34:47.212Z",
  "spot": 2858.95,
  "sigma_d": 0.003075618986982055,
  "ERI": 0.3075618986982055,
  "percentiles": {
    "p10": 0.07676241052515967,
    "p50": 0.19457667734874612,
    "p90": 0.31778913517438373
  },
  "ema": {
    "fast": 0.036584071862882026,
    "slow": 0.03691557613952643,
    "fast_period": 20,
    "slow_period": 100
  },
  "etv": {
    "horizon_days": 1,
    "risk_budget_usd": 100,
    "expected_move_usd": 8.793040902832345,
    "qty": 11.372629913252057,
    "notional_usd": 32513.780290491966,
    "leverage": 1
  }
}