{
  "t": "2025-12-09T10:36:31.882Z",
  "spot": 3112.05,
  "sigma_d": 0.0013231755339262906,
  "ERI": 0.13231755339262904,
  "percentiles": {
    "p10": 0.07782341832686546,
    "p50": 0.2200278335477961,
    "p90": 0.34396451174852344
  },
  "ema": {
    "fast": 0.030763913886840265,
    "slow": 0.0404568719493268,
    "fast_period": 20,
    "slow_period": 100
  },
  "etv": {
    "horizon_days": 1,
    "risk_budget_usd": 100,
    "expected_move_usd": 4.117788420355312,
    "qty": 24.284880569791703,
    "notional_usd": 75575.76257722027,
    "leverage": 1
  }
}