{
  "t": "2026-01-04T16:36:10.287Z",
  "spot": 3133.77,
  "sigma_d": 0.0019157698613685111,
  "ERI": 0.19157698613685112,
  "percentiles": {
    "p10": 0.13300930458723387,
    "p50": 0.20279975899695124,
    "p90": 0.3094188961160326
  },
  "ema": {
    "fast": 0.03513325510728168,
    "slow": 0.037899199568476136,
    "fast_period": 20,
    "slow_period": 100
  },
  "etv": {
    "horizon_days": 1,
    "risk_budget_usd": 100,
    "expected_move_usd": 6.003582118460799,
    "qty": 16.656722274607286,
    "notional_usd": 52198.33656249608,
    "leverage": 1
  }
}