{
  "t": "2025-11-17T17:29:10.402Z",
  "spot": 3106.59,
  "sigma_d": 0.0008660413431632458,
  "ERI": 0.08660413431632458,
  "percentiles": {
    "p10": 0.08207956278134289,
    "p50": 0.1993136138909758,
    "p90": 0.28539272602358456
  },
  "ema": {
    "fast": 0.0403731759391545,
    "slow": 0.037501473208593386,
    "fast_period": 20,
    "slow_period": 100
  },
  "etv": {
    "horizon_days": 1,
    "risk_budget_usd": 100,
    "expected_move_usd": 2.6904353762575077,
    "qty": 37.168705437966544,
    "notional_usd": 115467.92862653249,
    "leverage": 1
  }
}