{
  "t": "2025-10-16T15:29:33.473Z",
  "spot": 3990.36,
  "sigma_d": 0.002304639501724669,
  "ERI": 0.2304639501724669,
  "percentiles": {
    "p10": 0.07791427115409727,
    "p50": 0.21174107651569068,
    "p90": 0.27517672275086913
  },
  "ema": {
    "fast": 0.02846995122526681,
    "slow": 0.03314550042051833,
    "fast_period": 20,
    "slow_period": 100
  },
  "etv": {
    "horizon_days": 1,
    "risk_budget_usd": 100,
    "expected_move_usd": 9.19634128210205,
    "qty": 10.873889618974921,
    "notional_usd": 43390.734179972766,
    "leverage": 1
  }
}