{
  "t": "2026-01-06T21:30:36.638Z",
  "spot": 3279.62,
  "sigma_d": 0.003140241014068818,
  "ERI": 0.3140241014068818,
  "percentiles": {
    "p10": 0.13300930458723387,
    "p50": 0.20693262909079047,
    "p90": 0.3133582039328971
  },
  "ema": {
    "fast": 0.04269620673726217,
    "slow": 0.04093459255976101,
    "fast_period": 20,
    "slow_period": 100
  },
  "etv": {
    "horizon_days": 1,
    "risk_budget_usd": 100,
    "expected_move_usd": 10.298797234560377,
    "qty": 9.709871718264651,
    "notional_usd": 31844.689484655115,
    "leverage": 1
  }
}