{
  "t": "2026-05-10T17:07:54.667Z",
  "spot": 2350.27,
  "sigma_d": 0.0007514280998375452,
  "ERI": 0.07514280998375451,
  "percentiles": {
    "p10": 0.08522695357942744,
    "p50": 0.20302376031106192,
    "p90": 0.27278438518267567
  },
  "ema": {
    "fast": 0.04446594777875229,
    "slow": 0.042004857340098255,
    "fast_period": 20,
    "slow_period": 100
  },
  "etv": {
    "horizon_days": 1,
    "risk_budget_usd": 100,
    "expected_move_usd": 1.7660589202051873,
    "qty": 56.62325240450167,
    "notional_usd": 133079.93142872813,
    "leverage": 1
  }
}