{
  "t": "2025-10-10T03:07:11.224Z",
  "spot": 4354.58,
  "sigma_d": 0.0023556728430574663,
  "ERI": 0.23556728430574664,
  "percentiles": {
    "p10": 0.07139514265924364,
    "p50": 0.21629729072766252,
    "p90": 0.27663929364461687
  },
  "ema": {
    "fast": 0.039940966692339014,
    "slow": 0.0387385953308377,
    "fast_period": 20,
    "slow_period": 100
  },
  "etv": {
    "horizon_days": 1,
    "risk_budget_usd": 100,
    "expected_move_usd": 10.257965848921181,
    "qty": 9.74852143912303,
    "notional_usd": 42450.71648837636,
    "leverage": 1
  }
}