{
  "t": "2026-01-27T17:39:10.596Z",
  "spot": 2937.96,
  "sigma_d": 0.00203666302594962,
  "ERI": 0.203666302594962,
  "percentiles": {
    "p10": 0.07076295757611355,
    "p50": 0.18264775521289492,
    "p90": 0.27475522187325496
  },
  "ema": {
    "fast": 0.02849858607840188,
    "slow": 0.03476071241391176,
    "fast_period": 20,
    "slow_period": 100
  },
  "etv": {
    "horizon_days": 1,
    "risk_budget_usd": 100,
    "expected_move_usd": 5.983634503718945,
    "qty": 16.71225071281477,
    "notional_usd": 49099.92410422129,
    "leverage": 1
  }
}