{
  "t": "2026-02-07T06:57:27.057Z",
  "spot": 2063.53,
  "sigma_d": 0.002128651968594294,
  "ERI": 0.2128651968594294,
  "percentiles": {
    "p10": 0.07716787856358145,
    "p50": 0.1996233121406636,
    "p90": 0.34947359871995287
  },
  "ema": {
    "fast": 0.050726689403952405,
    "slow": 0.04980071922130705,
    "fast_period": 20,
    "slow_period": 100
  },
  "etv": {
    "horizon_days": 1,
    "risk_budget_usd": 100,
    "expected_move_usd": 4.392537196753383,
    "qty": 22.765885755938985,
    "notional_usd": 46978.08823395278,
    "leverage": 1
  }
}