{
  "t": "2025-09-24T19:21:52.484Z",
  "spot": 4170.57,
  "sigma_d": 0.002343140806903079,
  "ERI": 0.2343140806903079,
  "percentiles": {
    "p10": 0.07563627933293411,
    "p50": 0.18343558736537258,
    "p90": 0.24139742315700177
  },
  "ema": {
    "fast": 0.041992884328794444,
    "slow": 0.036917259327688044,
    "fast_period": 20,
    "slow_period": 100
  },
  "etv": {
    "horizon_days": 1,
    "risk_budget_usd": 100,
    "expected_move_usd": 9.772232755045774,
    "qty": 10.233075951692433,
    "notional_usd": 42677.75957184991,
    "leverage": 1
  }
}