{
  "t": "2026-02-03T07:06:14.508Z",
  "spot": 2312.85,
  "sigma_d": 0.0015284460990943897,
  "ERI": 0.15284460990943896,
  "percentiles": {
    "p10": 0.07373025272256337,
    "p50": 0.19371092017173688,
    "p90": 0.2950927117521551
  },
  "ema": {
    "fast": 0.04307340658218767,
    "slow": 0.039059236801296866,
    "fast_period": 20,
    "slow_period": 100
  },
  "etv": {
    "horizon_days": 1,
    "risk_budget_usd": 100,
    "expected_move_usd": 3.535066560290459,
    "qty": 28.288010506875292,
    "notional_usd": 65425.92510082651,
    "leverage": 1
  }
}