{
  "t": "2025-10-21T10:33:37.904Z",
  "spot": 3866.27,
  "sigma_d": 0.0024585134924562024,
  "ERI": 0.24585134924562024,
  "percentiles": {
    "p10": 0.08117505264610382,
    "p50": 0.20786425448120857,
    "p90": 0.26936987783772326
  },
  "ema": {
    "fast": 0.04475913292385173,
    "slow": 0.038685244533060714,
    "fast_period": 20,
    "slow_period": 100
  },
  "etv": {
    "horizon_days": 1,
    "risk_budget_usd": 100,
    "expected_move_usd": 9.505276960478641,
    "qty": 10.520471987905598,
    "notional_usd": 40674.98523267978,
    "leverage": 1
  }
}