{
  "t": "2025-10-06T06:39:45.488Z",
  "spot": 4573.08,
  "sigma_d": 0.002500611441046445,
  "ERI": 0.2500611441046445,
  "percentiles": {
    "p10": 0.07091856349939592,
    "p50": 0.18260069871421608,
    "p90": 0.274735224696171
  },
  "ema": {
    "fast": 0.033369485573767885,
    "slow": 0.035820086742439444,
    "fast_period": 20,
    "slow_period": 100
  },
  "etv": {
    "horizon_days": 1,
    "risk_budget_usd": 100,
    "expected_move_usd": 11.435496168820675,
    "qty": 8.74470145621262,
    "notional_usd": 39990.21933537681,
    "leverage": 1
  }
}