{
  "t": "2026-01-24T17:28:47.194Z",
  "spot": 2958.94,
  "sigma_d": 0.0024759936398017824,
  "ERI": 0.24759936398017823,
  "percentiles": {
    "p10": 0.07260830581706632,
    "p50": 0.18465782830996674,
    "p90": 0.2677988259912101
  },
  "ema": {
    "fast": 0.04477259280250268,
    "slow": 0.03877079337754676,
    "fast_period": 20,
    "slow_period": 100
  },
  "etv": {
    "horizon_days": 1,
    "risk_budget_usd": 100,
    "expected_move_usd": 7.326316620555086,
    "qty": 13.649423738995244,
    "notional_usd": 40387.825878262585,
    "leverage": 1
  }
}