{
  "t": "2026-04-04T15:44:16.743Z",
  "spot": 2053.76,
  "sigma_d": 0.0010665123005855635,
  "ERI": 0.10665123005855635,
  "percentiles": {
    "p10": 0.090387308486617,
    "p50": 0.21116322347563107,
    "p90": 0.32479671822027906
  },
  "ema": {
    "fast": 0.020527738438425445,
    "slow": 0.03695281104991334,
    "fast_period": 20,
    "slow_period": 100
  },
  "etv": {
    "horizon_days": 1,
    "risk_budget_usd": 100,
    "expected_move_usd": 2.1903603024506073,
    "qty": 45.65458928748779,
    "notional_usd": 93763.56929507093,
    "leverage": 1
  }
}