{
  "t": "2026-06-06T07:55:00.806Z",
  "spot": 1574.72,
  "sigma_d": 0.002420571283830465,
  "ERI": 0.2420571283830465,
  "percentiles": {
    "p10": 0.08819334846355711,
    "p50": 0.20775012015949412,
    "p90": 0.35277561914824684
  },
  "ema": {
    "fast": 0.04288559205170069,
    "slow": 0.042454440397534356,
    "fast_period": 20,
    "slow_period": 100
  },
  "etv": {
    "horizon_days": 1,
    "risk_budget_usd": 100,
    "expected_move_usd": 3.81172201207351,
    "qty": 26.234861745755104,
    "notional_usd": 41312.56148827548,
    "leverage": 1
  }
}