{
  "t": "2026-05-16T03:56:35.840Z",
  "spot": 2226.18,
  "sigma_d": 0.002079514391886749,
  "ERI": 0.2079514391886749,
  "percentiles": {
    "p10": 0.0880319950473507,
    "p50": 0.21642235564517087,
    "p90": 0.279537324525569
  },
  "ema": {
    "fast": 0.03797373999913755,
    "slow": 0.041063722635017806,
    "fast_period": 20,
    "slow_period": 100
  },
  "etv": {
    "horizon_days": 1,
    "risk_budget_usd": 100,
    "expected_move_usd": 4.629373348930442,
    "qty": 21.601195769423896,
    "notional_usd": 48088.149997976085,
    "leverage": 1
  }
}