{
  "t": "2025-11-17T23:27:46.437Z",
  "spot": 3013.64,
  "sigma_d": 0.0011073534021096539,
  "ERI": 0.11073534021096539,
  "percentiles": {
    "p10": 0.08238404108804202,
    "p50": 0.1962668016598068,
    "p90": 0.2825028674712307
  },
  "ema": {
    "fast": 0.037243511679110074,
    "slow": 0.03708001750799749,
    "fast_period": 20,
    "slow_period": 100
  },
  "etv": {
    "horizon_days": 1,
    "risk_budget_usd": 100,
    "expected_move_usd": 3.337164506733737,
    "qty": 29.965559024201475,
    "notional_usd": 90305.40729769453,
    "leverage": 1
  }
}