{
  "t": "2026-01-05T10:38:48.563Z",
  "spot": 3167.87,
  "sigma_d": 0.0028802801909416863,
  "ERI": 0.28802801909416864,
  "percentiles": {
    "p10": 0.13572569967968154,
    "p50": 0.20716642652815176,
    "p90": 0.30978822161420505
  },
  "ema": {
    "fast": 0.04608505437522287,
    "slow": 0.040316821827118314,
    "fast_period": 20,
    "slow_period": 100
  },
  "etv": {
    "horizon_days": 1,
    "risk_budget_usd": 100,
    "expected_move_usd": 9.12435320847844,
    "qty": 10.959680945612563,
    "notional_usd": 34718.84447717767,
    "leverage": 1
  }
}