{
  "t": "2025-11-11T09:31:48.669Z",
  "spot": 3577.19,
  "sigma_d": 0.0025538238165208143,
  "ERI": 0.25538238165208144,
  "percentiles": {
    "p10": 0.08208011254149013,
    "p50": 0.21611870813080236,
    "p90": 0.2966531254526318
  },
  "ema": {
    "fast": 0.037610042185427,
    "slow": 0.03724569232582892,
    "fast_period": 20,
    "slow_period": 100
  },
  "etv": {
    "horizon_days": 1,
    "risk_budget_usd": 100,
    "expected_move_usd": 9.135513018220092,
    "qty": 10.946292758880377,
    "notional_usd": 39156.96899413929,
    "leverage": 1
  }
}