{
  "t": "2026-03-17T10:06:12.890Z",
  "spot": 2315.19,
  "sigma_d": 0.0018950563947491162,
  "ERI": 0.1895056394749116,
  "percentiles": {
    "p10": 0.10580637078218988,
    "p50": 0.2623261569176908,
    "p90": 0.3567350633979202
  },
  "ema": {
    "fast": 0.035202755596629706,
    "slow": 0.04065130882828417,
    "fast_period": 20,
    "slow_period": 100
  },
  "etv": {
    "horizon_days": 1,
    "risk_budget_usd": 100,
    "expected_move_usd": 4.387415614559206,
    "qty": 22.79246116282211,
    "notional_usd": 52768.87815955412,
    "leverage": 1
  }
}