{
  "t": "2026-01-28T08:48:14.213Z",
  "spot": 2991.32,
  "sigma_d": 0.002323509190777505,
  "ERI": 0.2323509190777505,
  "percentiles": {
    "p10": 0.07159610232154241,
    "p50": 0.18002629438202045,
    "p90": 0.27475522187325496
  },
  "ema": {
    "fast": 0.026000925066597062,
    "slow": 0.03249148938291523,
    "fast_period": 20,
    "slow_period": 100
  },
  "etv": {
    "horizon_days": 1,
    "risk_budget_usd": 100,
    "expected_move_usd": 6.950359512556567,
    "qty": 14.38774495324153,
    "notional_usd": 43038.349233530455,
    "leverage": 1
  }
}