{
  "t": "2025-11-14T11:24:30.290Z",
  "spot": 3159.77,
  "sigma_d": 0.0009118019906295758,
  "ERI": 0.09118019906295759,
  "percentiles": {
    "p10": 0.07605246285199697,
    "p50": 0.19068377211277335,
    "p90": 0.28431946478988
  },
  "ema": {
    "fast": 0.0302418815944916,
    "slow": 0.03365934442618257,
    "fast_period": 20,
    "slow_period": 100
  },
  "etv": {
    "horizon_days": 1,
    "risk_budget_usd": 100,
    "expected_move_usd": 2.881084575931615,
    "qty": 34.7091511423834,
    "notional_usd": 109672.93450516879,
    "leverage": 1
  }
}