{
  "t": "2026-05-15T22:08:18.833Z",
  "spot": 2217.97,
  "sigma_d": 0.0019384863735372173,
  "ERI": 0.19384863735372174,
  "percentiles": {
    "p10": 0.0880319950473507,
    "p50": 0.2181071555851041,
    "p90": 0.279537324525569
  },
  "ema": {
    "fast": 0.03785972084765403,
    "slow": 0.041170965408921005,
    "fast_period": 20,
    "slow_period": 100
  },
  "etv": {
    "horizon_days": 1,
    "risk_budget_usd": 100,
    "expected_move_usd": 4.299504621914341,
    "qty": 23.25849342975594,
    "notional_usd": 51586.64067239578,
    "leverage": 1
  }
}