{
  "t": "2025-10-18T18:34:01.414Z",
  "spot": 3889.61,
  "sigma_d": 0.0024865952989920194,
  "ERI": 0.24865952989920193,
  "percentiles": {
    "p10": 0.08100428794121864,
    "p50": 0.2082915078242432,
    "p90": 0.2695240576154873
  },
  "ema": {
    "fast": 0.03988750133928417,
    "slow": 0.03557164419995875,
    "fast_period": 20,
    "slow_period": 100
  },
  "etv": {
    "horizon_days": 1,
    "risk_budget_usd": 100,
    "expected_move_usd": 9.671885940912349,
    "qty": 10.33924517006525,
    "notional_usd": 40215.6314059375,
    "leverage": 1
  }
}