{
  "t": "2025-10-25T16:31:54.429Z",
  "spot": 3929.72,
  "sigma_d": 0.0016811256218670935,
  "ERI": 0.16811256218670936,
  "percentiles": {
    "p10": 0.08098626447852347,
    "p50": 0.2084216619171047,
    "p90": 0.27255370346420243
  },
  "ema": {
    "fast": 0.03587475670810186,
    "slow": 0.03802938599137941,
    "fast_period": 20,
    "slow_period": 100
  },
  "etv": {
    "horizon_days": 1,
    "risk_budget_usd": 100,
    "expected_move_usd": 6.606352978763554,
    "qty": 15.136944744165943,
    "notional_usd": 59483.95450004379,
    "leverage": 1
  }
}