{
  "t": "2026-02-19T23:40:13.866Z",
  "spot": 1948.61,
  "sigma_d": 0.0027047829707550156,
  "ERI": 0.2704782970755016,
  "percentiles": {
    "p10": 0.10901242413739645,
    "p50": 0.2888355629955974,
    "p90": 0.3860526086309107
  },
  "ema": {
    "fast": 0.04976275133811851,
    "slow": 0.054304609921092234,
    "fast_period": 20,
    "slow_period": 100
  },
  "etv": {
    "horizon_days": 1,
    "risk_budget_usd": 100,
    "expected_move_usd": 5.27056714464293,
    "qty": 18.973290208747503,
    "notional_usd": 36971.54303366747,
    "leverage": 1
  }
}