{
  "t": "2026-03-30T19:15:50.663Z",
  "spot": 2015.63,
  "sigma_d": 0.002126465957738199,
  "ERI": 0.21264659577381992,
  "percentiles": {
    "p10": 0.09300085277709264,
    "p50": 0.2186294414212211,
    "p90": 0.30903782984167993
  },
  "ema": {
    "fast": 0.039233149645087236,
    "slow": 0.042715134381954845,
    "fast_period": 20,
    "slow_period": 100
  },
  "etv": {
    "horizon_days": 1,
    "risk_budget_usd": 100,
    "expected_move_usd": 4.286168578395847,
    "qty": 23.330860224220643,
    "notional_usd": 47026.38179374586,
    "leverage": 1
  }
}