{
  "t": "2025-09-01T21:38:53.508Z",
  "spot": 4269,
  "sigma_d": 0.0026846669379689283,
  "ERI": 0.2684666937968928,
  "percentiles": {
    "p10": 0.08741194275524634,
    "p50": 0.20977628238888807,
    "p90": 0.29563075358166846
  },
  "ema": {
    "fast": 0.04750018740242229,
    "slow": 0.0427668487376392,
    "fast_period": 20,
    "slow_period": 100
  },
  "etv": {
    "horizon_days": 1,
    "risk_budget_usd": 100,
    "expected_move_usd": 11.460843158189356,
    "qty": 8.725361530538432,
    "notional_usd": 37248.56837386857,
    "leverage": 1
  }
}