{
  "t": "2026-02-12T22:44:13.322Z",
  "spot": 1928.82,
  "sigma_d": 0.0026488796340547664,
  "ERI": 0.26488796340547666,
  "percentiles": {
    "p10": 0.09377210281710072,
    "p50": 0.25513539085930537,
    "p90": 0.37771311101948796
  },
  "ema": {
    "fast": 0.050014885045135064,
    "slow": 0.057692080997913724,
    "fast_period": 20,
    "slow_period": 100
  },
  "etv": {
    "horizon_days": 1,
    "risk_budget_usd": 100,
    "expected_move_usd": 5.109212015757515,
    "qty": 19.57248978738526,
    "notional_usd": 37751.80975170443,
    "leverage": 1
  }
}