{
  "t": "2025-09-14T16:27:40.147Z",
  "spot": 4604.45,
  "sigma_d": 0.0008216287894651473,
  "ERI": 0.08216287894651472,
  "percentiles": {
    "p10": 0.0769039127618506,
    "p50": 0.19188906290783453,
    "p90": 0.32605710988921516
  },
  "ema": {
    "fast": 0.03056674370067681,
    "slow": 0.03323726469361358,
    "fast_period": 20,
    "slow_period": 100
  },
  "etv": {
    "horizon_days": 1,
    "risk_budget_usd": 100,
    "expected_move_usd": 3.7831486796527973,
    "qty": 26.433008181211004,
    "notional_usd": 121709.464519977,
    "leverage": 1
  }
}