{
  "t": "2025-10-05T04:29:20.106Z",
  "spot": 4545.52,
  "sigma_d": 0.0021663093111474424,
  "ERI": 0.21663093111474424,
  "percentiles": {
    "p10": 0.07133249581256872,
    "p50": 0.1893501764768643,
    "p90": 0.2735178875000177
  },
  "ema": {
    "fast": 0.04153959527342471,
    "slow": 0.03701870914557836,
    "fast_period": 20,
    "slow_period": 100
  },
  "etv": {
    "horizon_days": 1,
    "risk_budget_usd": 100,
    "expected_move_usd": 9.847002300006924,
    "qty": 10.155374900230264,
    "notional_usd": 46161.459716494675,
    "leverage": 1
  }
}