{
  "t": "2026-02-11T21:44:43.038Z",
  "spot": 1974.08,
  "sigma_d": 0.003321970600709367,
  "ERI": 0.3321970600709367,
  "percentiles": {
    "p10": 0.0838643370313117,
    "p50": 0.23560344459023494,
    "p90": 0.37771311101948796
  },
  "ema": {
    "fast": 0.058754948121854514,
    "slow": 0.06100880708357528,
    "fast_period": 20,
    "slow_period": 100
  },
  "etv": {
    "horizon_days": 1,
    "risk_budget_usd": 100,
    "expected_move_usd": 6.557835723448346,
    "qty": 15.24893337026387,
    "notional_usd": 30102.6143875705,
    "leverage": 1
  }
}