{
  "t": "2025-12-16T21:29:41.603Z",
  "spot": 2946.72,
  "sigma_d": 0.002980143573149109,
  "ERI": 0.2980143573149109,
  "percentiles": {
    "p10": 0.08148380690304494,
    "p50": 0.21841321318039403,
    "p90": 0.28823691542437196
  },
  "ema": {
    "fast": 0.03851124869797967,
    "slow": 0.03742725671694235,
    "fast_period": 20,
    "slow_period": 100
  },
  "etv": {
    "horizon_days": 1,
    "risk_budget_usd": 100,
    "expected_move_usd": 8.781648669869941,
    "qty": 11.387383367214692,
    "notional_usd": 33555.43031583887,
    "leverage": 1
  }
}