{
  "t": "2025-09-01T21:20:01.671Z",
  "spot": 4276.2,
  "sigma_d": 0.00282663180721343,
  "ERI": 0.282663180721343,
  "percentiles": {
    "p10": 0.08612115444233402,
    "p50": 0.20314480973971605,
    "p90": 0.29569948892729137
  },
  "ema": {
    "fast": 0.04675186521070637,
    "slow": 0.042436566844360486,
    "fast_period": 20,
    "slow_period": 100
  },
  "etv": {
    "horizon_days": 1,
    "risk_budget_usd": 100,
    "expected_move_usd": 12.087242934006069,
    "qty": 8.27318525374066,
    "notional_usd": 35377.79478204581,
    "leverage": 1
  }
}