{
  "t": "2025-12-06T06:39:51.479Z",
  "spot": 3041.07,
  "sigma_d": 0.0025060661571344443,
  "ERI": 0.25060661571344445,
  "percentiles": {
    "p10": 0.07697496978486684,
    "p50": 0.20326202597418597,
    "p90": 0.34624717054840004
  },
  "ema": {
    "fast": 0.04181921179482524,
    "slow": 0.04342465246800483,
    "fast_period": 20,
    "slow_period": 100
  },
  "etv": {
    "horizon_days": 1,
    "risk_budget_usd": 100,
    "expected_move_usd": 7.621122608476845,
    "qty": 13.121426479712019,
    "notional_usd": 39903.17642465783,
    "leverage": 1
  }
}