{
  "t": "2026-04-30T00:03:53.326Z",
  "spot": 2253.71,
  "sigma_d": 0.0008928152027802973,
  "ERI": 0.08928152027802973,
  "percentiles": {
    "p10": 0.08904074919889479,
    "p50": 0.20729518031065097,
    "p90": 0.2879629923062349
  },
  "ema": {
    "fast": 0.03667770796195183,
    "slow": 0.037382022730625214,
    "fast_period": 20,
    "slow_period": 100
  },
  "etv": {
    "horizon_days": 1,
    "risk_budget_usd": 100,
    "expected_move_usd": 2.0121465506579836,
    "qty": 49.69816933428602,
    "notional_usd": 112005.26121037375,
    "leverage": 1
  }
}