{
  "t": "2026-04-16T12:06:17.252Z",
  "spot": 2340.36,
  "sigma_d": 0.0026246491066240943,
  "ERI": 0.2624649106624094,
  "percentiles": {
    "p10": 0.08958015709377566,
    "p50": 0.22740126911753786,
    "p90": 0.3482485795053716
  },
  "ema": {
    "fast": 0.041179894935602625,
    "slow": 0.04428143685016389,
    "fast_period": 20,
    "slow_period": 100
  },
  "etv": {
    "horizon_days": 1,
    "risk_budget_usd": 100,
    "expected_move_usd": 6.142623783178766,
    "qty": 16.279688213014843,
    "notional_usd": 38100.33110621142,
    "leverage": 1
  }
}