{
  "t": "2026-03-20T23:38:57.463Z",
  "spot": 2147.1,
  "sigma_d": 0.0009006736542466277,
  "ERI": 0.09006736542466277,
  "percentiles": {
    "p10": 0.10106667010246648,
    "p50": 0.2466327126436202,
    "p90": 0.3548847506364679
  },
  "ema": {
    "fast": 0.039316121533745745,
    "slow": 0.04197676192528863,
    "fast_period": 20,
    "slow_period": 100
  },
  "etv": {
    "horizon_days": 1,
    "risk_budget_usd": 100,
    "expected_move_usd": 1.9338364030329342,
    "qty": 51.71068237373384,
    "notional_usd": 111028.00612464391,
    "leverage": 1
  }
}