{
  "t": "2025-10-09T10:32:20.137Z",
  "spot": 4331.32,
  "sigma_d": 0.0019773882530483766,
  "ERI": 0.19773882530483766,
  "percentiles": {
    "p10": 0.07145636943354991,
    "p50": 0.21269438857222137,
    "p90": 0.2767314733589211
  },
  "ema": {
    "fast": 0.039207062751274696,
    "slow": 0.03907738909322581,
    "fast_period": 20,
    "slow_period": 100
  },
  "etv": {
    "horizon_days": 1,
    "risk_budget_usd": 100,
    "expected_move_usd": 8.564701288193493,
    "qty": 11.675830438809438,
    "notional_usd": 50571.757896224095,
    "leverage": 1
  }
}