{
  "t": "2025-10-21T13:40:44.357Z",
  "spot": 3892.81,
  "sigma_d": 0.0025749246776954576,
  "ERI": 0.25749246776954576,
  "percentiles": {
    "p10": 0.08117505264610382,
    "p50": 0.20786425448120857,
    "p90": 0.2701053784852573
  },
  "ema": {
    "fast": 0.04610454286400629,
    "slow": 0.03934638958913286,
    "fast_period": 20,
    "slow_period": 100
  },
  "etv": {
    "horizon_days": 1,
    "risk_budget_usd": 100,
    "expected_move_usd": 10.023692534579654,
    "qty": 9.976363466359409,
    "notional_usd": 38836.08746547857,
    "leverage": 1
  }
}