{
  "t": "2026-04-16T16:47:12.083Z",
  "spot": 2322.61,
  "sigma_d": 0.0022286509042460617,
  "ERI": 0.22286509042460617,
  "percentiles": {
    "p10": 0.0896318956507476,
    "p50": 0.22676650990550165,
    "p90": 0.3482485795053716
  },
  "ema": {
    "fast": 0.04033943573877313,
    "slow": 0.0439681919088383,
    "fast_period": 20,
    "slow_period": 100
  },
  "etv": {
    "horizon_days": 1,
    "risk_budget_usd": 100,
    "expected_move_usd": 5.176286876710946,
    "qty": 19.318867439499567,
    "notional_usd": 44870.19470365609,
    "leverage": 1
  }
}