{
  "t": "2025-10-11T13:27:18.041Z",
  "spot": 3822.77,
  "sigma_d": 0.0019467054898861433,
  "ERI": 0.19467054898861433,
  "percentiles": {
    "p10": 0.07266048910980512,
    "p50": 0.21695730497148896,
    "p90": 0.2767314733589211
  },
  "ema": {
    "fast": 0.03297122759029701,
    "slow": 0.03679245094463216,
    "fast_period": 20,
    "slow_period": 100
  },
  "etv": {
    "horizon_days": 1,
    "risk_budget_usd": 100,
    "expected_move_usd": 7.441807345572052,
    "qty": 13.437595916736676,
    "notional_usd": 51368.83854262346,
    "leverage": 1
  }
}