{
  "t": "2026-03-04T16:59:48.669Z",
  "spot": 2146.1,
  "sigma_d": 0.003551238960044251,
  "ERI": 0.3551238960044251,
  "percentiles": {
    "p10": 0.11146787801809702,
    "p50": 0.28211642116230673,
    "p90": 0.3663617949720153
  },
  "ema": {
    "fast": 0.05130879784622126,
    "slow": 0.04707543741114661,
    "fast_period": 20,
    "slow_period": 100
  },
  "etv": {
    "horizon_days": 1,
    "risk_budget_usd": 100,
    "expected_move_usd": 7.621313932150967,
    "qty": 13.1210970825049,
    "notional_usd": 28159.186448763765,
    "leverage": 1
  }
}