{
  "t": "2025-12-29T16:37:51.130Z",
  "spot": 2932.39,
  "sigma_d": 0.001860658318563669,
  "ERI": 0.1860658318563669,
  "percentiles": {
    "p10": 0.13305493360680498,
    "p50": 0.20634688697631615,
    "p90": 0.2865585247621002
  },
  "ema": {
    "fast": 0.03798304693981986,
    "slow": 0.037740262228289745,
    "fast_period": 20,
    "slow_period": 100
  },
  "etv": {
    "horizon_days": 1,
    "risk_budget_usd": 100,
    "expected_move_usd": 5.456175846772917,
    "qty": 18.32785504139232,
    "notional_usd": 53744.41884482842,
    "leverage": 1
  }
}