{
  "t": "2025-10-12T03:09:02.783Z",
  "spot": 3753.87,
  "sigma_d": 0.0008556720735390384,
  "ERI": 0.08556720735390384,
  "percentiles": {
    "p10": 0.0735319391642849,
    "p50": 0.21718086021168587,
    "p90": 0.2767314733589211
  },
  "ema": {
    "fast": 0.03327790332138126,
    "slow": 0.03634299621469156,
    "fast_period": 20,
    "slow_period": 100
  },
  "etv": {
    "horizon_days": 1,
    "risk_budget_usd": 100,
    "expected_move_usd": 3.21208172669599,
    "qty": 31.132458171561517,
    "notional_usd": 116867.20075647962,
    "leverage": 1
  }
}