{
  "t": "2026-03-08T17:34:57.761Z",
  "spot": 1938.99,
  "sigma_d": 0.003898652194006919,
  "ERI": 0.3898652194006919,
  "percentiles": {
    "p10": 0.10560626629855942,
    "p50": 0.2704593580847476,
    "p90": 0.35781388708489487
  },
  "ema": {
    "fast": 0.05976481066933066,
    "slow": 0.053295926875494004,
    "fast_period": 20,
    "slow_period": 100
  },
  "etv": {
    "horizon_days": 1,
    "risk_budget_usd": 100,
    "expected_move_usd": 7.559447617657476,
    "qty": 13.228479785535974,
    "notional_usd": 25649.8900193564,
    "leverage": 1
  }
}