{
  "t": "2026-01-02T21:24:31.711Z",
  "spot": 3117.61,
  "sigma_d": 0.0013219793523886552,
  "ERI": 0.13219793523886553,
  "percentiles": {
    "p10": 0.1478356140750138,
    "p50": 0.2134296665335399,
    "p90": 0.3110059559280314
  },
  "ema": {
    "fast": 0.03703835468173152,
    "slow": 0.04600347968485686,
    "fast_period": 20,
    "slow_period": 100
  },
  "etv": {
    "horizon_days": 1,
    "risk_budget_usd": 100,
    "expected_move_usd": 4.121416048800396,
    "qty": 24.263505265164046,
    "notional_usd": 75644.14664972808,
    "leverage": 1
  }
}