{
  "t": "2026-02-06T07:10:14.693Z",
  "spot": 1891.18,
  "sigma_d": 0.004342477156732727,
  "ERI": 0.43424771567327264,
  "percentiles": {
    "p10": 0.07716787856358145,
    "p50": 0.20045310034798108,
    "p90": 0.3360095718721587
  },
  "ema": {
    "fast": 0.06098469472085079,
    "slow": 0.04949196564940548,
    "fast_period": 20,
    "slow_period": 100
  },
  "etv": {
    "horizon_days": 1,
    "risk_budget_usd": 100,
    "expected_move_usd": 8.212405949269797,
    "qty": 12.176699571078979,
    "notional_usd": 23028.330694833145,
    "leverage": 1
  }
}