{
  "t": "2026-03-15T07:11:27.439Z",
  "spot": 2108.65,
  "sigma_d": 0.0014952411576613146,
  "ERI": 0.14952411576613145,
  "percentiles": {
    "p10": 0.10852024376886579,
    "p50": 0.27212708713464195,
    "p90": 0.36057735857294637
  },
  "ema": {
    "fast": 0.04146069643871699,
    "slow": 0.045238032350092716,
    "fast_period": 20,
    "slow_period": 100
  },
  "etv": {
    "horizon_days": 1,
    "risk_budget_usd": 100,
    "expected_move_usd": 3.1529402671025313,
    "qty": 31.71642705806709,
    "notional_usd": 66878.84391599317,
    "leverage": 1
  }
}