{
  "t": "2025-10-28T14:31:28.249Z",
  "spot": 4159.78,
  "sigma_d": 0.002315197089128583,
  "ERI": 0.2315197089128583,
  "percentiles": {
    "p10": 0.08418166287851903,
    "p50": 0.20991766680410295,
    "p90": 0.2728324554907751
  },
  "ema": {
    "fast": 0.03267600414282828,
    "slow": 0.03638235592323666,
    "fast_period": 20,
    "slow_period": 100
  },
  "etv": {
    "horizon_days": 1,
    "risk_budget_usd": 100,
    "expected_move_usd": 9.630710547415298,
    "qty": 10.383449851147082,
    "notional_usd": 43192.86702180461,
    "leverage": 1
  }
}