{
  "t": "2025-12-17T06:47:47.427Z",
  "spot": 2934.7,
  "sigma_d": 0.0025657305357726667,
  "ERI": 0.2565730535772667,
  "percentiles": {
    "p10": 0.08135616126397803,
    "p50": 0.21882027105985902,
    "p90": 0.29211438569505715
  },
  "ema": {
    "fast": 0.04001963081432765,
    "slow": 0.037773538161766984,
    "fast_period": 20,
    "slow_period": 100
  },
  "etv": {
    "horizon_days": 1,
    "risk_budget_usd": 100,
    "expected_move_usd": 7.529649403332044,
    "qty": 13.280830838650692,
    "notional_usd": 38975.25426218818,
    "leverage": 1
  }
}