{
  "t": "2025-10-23T12:58:28.182Z",
  "spot": 3847.88,
  "sigma_d": 0.0021490761686954606,
  "ERI": 0.21490761686954607,
  "percentiles": {
    "p10": 0.08166357686791983,
    "p50": 0.21434875188642455,
    "p90": 0.26991387750988044
  },
  "ema": {
    "fast": 0.04069576298804881,
    "slow": 0.03866360726839392,
    "fast_period": 20,
    "slow_period": 100
  },
  "etv": {
    "horizon_days": 1,
    "risk_budget_usd": 100,
    "expected_move_usd": 8.26938720799989,
    "qty": 12.09279448219077,
    "notional_usd": 46531.622032132225,
    "leverage": 1
  }
}