{
  "t": "2026-06-30T22:22:05.679Z",
  "spot": 1571.43,
  "sigma_d": 0.0022849061168435576,
  "ERI": 0.22849061168435575,
  "percentiles": {
    "p10": 0.08710514296383465,
    "p50": 0.2284303673163021,
    "p90": 0.37033670454895484
  },
  "ema": {
    "fast": 0.04520689384307323,
    "slow": 0.04376462235233318,
    "fast_period": 20,
    "slow_period": 100
  },
  "etv": {
    "horizon_days": 1,
    "risk_budget_usd": 100,
    "expected_move_usd": 3.590570019191472,
    "qty": 27.850731072087015,
    "notional_usd": 43765.4743286097,
    "leverage": 1
  }
}