{
  "t": "2025-09-25T18:38:15.503Z",
  "spot": 3874.21,
  "sigma_d": 0.0026118808292639978,
  "ERI": 0.2611880829263998,
  "percentiles": {
    "p10": 0.07481238292075419,
    "p50": 0.18792568670637205,
    "p90": 0.24318158261973175
  },
  "ema": {
    "fast": 0.03754085610917968,
    "slow": 0.03629961499755238,
    "fast_period": 20,
    "slow_period": 100
  },
  "etv": {
    "horizon_days": 1,
    "risk_budget_usd": 100,
    "expected_move_usd": 10.118974827542873,
    "qty": 9.88242403052626,
    "notional_usd": 38286.586003305136,
    "leverage": 1
  }
}