{
  "t": "2026-03-30T09:25:25.100Z",
  "spot": 2056.76,
  "sigma_d": 0.001319011857944907,
  "ERI": 0.1319011857944907,
  "percentiles": {
    "p10": 0.09296096709153077,
    "p50": 0.22133319583516003,
    "p90": 0.30903782984167993
  },
  "ema": {
    "fast": 0.040903406862727296,
    "slow": 0.043389793517021054,
    "fast_period": 20,
    "slow_period": 100
  },
  "etv": {
    "horizon_days": 1,
    "risk_budget_usd": 100,
    "expected_move_usd": 2.7128908289467675,
    "qty": 36.86104834481056,
    "notional_usd": 75814.32979367259,
    "leverage": 1
  }
}