{
  "t": "2026-04-30T11:49:05.736Z",
  "spot": 2255.05,
  "sigma_d": 0.0009547248956069013,
  "ERI": 0.09547248956069013,
  "percentiles": {
    "p10": 0.08689334032262086,
    "p50": 0.20420607716639416,
    "p90": 0.2760178849160159
  },
  "ema": {
    "fast": 0.03040247078083794,
    "slow": 0.035858814142142675,
    "fast_period": 20,
    "slow_period": 100
  },
  "etv": {
    "horizon_days": 1,
    "risk_budget_usd": 100,
    "expected_move_usd": 2.1529523758383426,
    "qty": 46.44784581501056,
    "notional_usd": 104742.21470513957,
    "leverage": 1
  }
}