{
  "t": "2026-05-05T14:20:13.514Z",
  "spot": 2379.69,
  "sigma_d": 0.0025746181006084186,
  "ERI": 0.25746181006084184,
  "percentiles": {
    "p10": 0.0837017603130209,
    "p50": 0.19355487851195086,
    "p90": 0.2626314429449677
  },
  "ema": {
    "fast": 0.04191672813122528,
    "slow": 0.036717655917091585,
    "fast_period": 20,
    "slow_period": 100
  },
  "etv": {
    "horizon_days": 1,
    "risk_budget_usd": 100,
    "expected_move_usd": 6.126792947836848,
    "qty": 16.321752807936235,
    "notional_usd": 38840.71193951778,
    "leverage": 1
  }
}