{
  "t": "2026-03-28T20:46:30.888Z",
  "spot": 2021.14,
  "sigma_d": 0.0023823834149657177,
  "ERI": 0.23823834149657178,
  "percentiles": {
    "p10": 0.09385409740716054,
    "p50": 0.22730662149319086,
    "p90": 0.30238776937458894
  },
  "ema": {
    "fast": 0.04764224921754271,
    "slow": 0.04440701545813849,
    "fast_period": 20,
    "slow_period": 100
  },
  "etv": {
    "horizon_days": 1,
    "risk_budget_usd": 100,
    "expected_move_usd": 4.815130415323811,
    "qty": 20.76786948111667,
    "notional_usd": 41974.77172306415,
    "leverage": 1
  }
}