{
  "t": "2026-04-03T22:49:12.552Z",
  "spot": 2053.21,
  "sigma_d": 0.0010165176345941227,
  "ERI": 0.10165176345941226,
  "percentiles": {
    "p10": 0.09215626627374224,
    "p50": 0.21439323356861473,
    "p90": 0.32479671822027906
  },
  "ema": {
    "fast": 0.026939801133752116,
    "slow": 0.042180136483707165,
    "fast_period": 20,
    "slow_period": 100
  },
  "etv": {
    "horizon_days": 1,
    "risk_budget_usd": 100,
    "expected_move_usd": 2.0871241725249985,
    "qty": 47.91281770217831,
    "notional_usd": 98375.07643428953,
    "leverage": 1
  }
}