{
  "t": "2026-03-11T18:00:42.206Z",
  "spot": 2067.47,
  "sigma_d": 0.0018185260583014622,
  "ERI": 0.18185260583014623,
  "percentiles": {
    "p10": 0.10260114782431864,
    "p50": 0.2669561811382245,
    "p90": 0.36057735857294637
  },
  "ema": {
    "fast": 0.045426484758020774,
    "slow": 0.05128108336328187,
    "fast_period": 20,
    "slow_period": 100
  },
  "etv": {
    "horizon_days": 1,
    "risk_budget_usd": 100,
    "expected_move_usd": 3.7597480697565238,
    "qty": 26.597526787606242,
    "notional_usd": 54989.58870757227,
    "leverage": 1
  }
}