{
  "t": "2026-05-04T16:57:19.649Z",
  "spot": 2355.02,
  "sigma_d": 0.0009324640197699597,
  "ERI": 0.09324640197699596,
  "percentiles": {
    "p10": 0.08441840954145854,
    "p50": 0.19249771099542096,
    "p90": 0.26207579236943623
  },
  "ema": {
    "fast": 0.040534764629906045,
    "slow": 0.035721483292545035,
    "fast_period": 20,
    "slow_period": 100
  },
  "etv": {
    "horizon_days": 1,
    "risk_budget_usd": 100,
    "expected_move_usd": 2.1959714158386503,
    "qty": 45.53793336231091,
    "notional_usd": 107242.74382690944,
    "leverage": 1
  }
}