{
  "t": "2025-12-25T06:47:15.248Z",
  "spot": 2939.16,
  "sigma_d": 0.002008385772334633,
  "ERI": 0.2008385772334633,
  "percentiles": {
    "p10": 0.08306061580637386,
    "p50": 0.20994057285500312,
    "p90": 0.2883199483531363
  },
  "ema": {
    "fast": 0.038644654276227645,
    "slow": 0.04044231458747328,
    "fast_period": 20,
    "slow_period": 100
  },
  "etv": {
    "horizon_days": 1,
    "risk_budget_usd": 100,
    "expected_move_usd": 5.90296712661506,
    "qty": 16.940633050305166,
    "notional_usd": 49791.23103613493,
    "leverage": 1
  }
}