{
  "t": "2026-02-01T09:41:25.818Z",
  "spot": 2420.93,
  "sigma_d": 0.001835399710855378,
  "ERI": 0.1835399710855378,
  "percentiles": {
    "p10": 0.07275280062388202,
    "p50": 0.19371092017173688,
    "p90": 0.2934528475634694
  },
  "ema": {
    "fast": 0.03866558524730623,
    "slow": 0.0355366075263757,
    "fast_period": 20,
    "slow_period": 100
  },
  "etv": {
    "horizon_days": 1,
    "risk_budget_usd": 100,
    "expected_move_usd": 4.443374222001109,
    "qty": 22.50541930608856,
    "notional_usd": 54484.04476068897,
    "leverage": 1
  }
}