{
  "t": "2025-11-16T04:34:59.761Z",
  "spot": 3188.55,
  "sigma_d": 0.0029582464779613223,
  "ERI": 0.2958246477961322,
  "percentiles": {
    "p10": 0.07990781490901726,
    "p50": 0.19506433945110824,
    "p90": 0.28432663353160226
  },
  "ema": {
    "fast": 0.038047413028743204,
    "slow": 0.0353698768594875,
    "fast_period": 20,
    "slow_period": 100
  },
  "etv": {
    "horizon_days": 1,
    "risk_budget_usd": 100,
    "expected_move_usd": 9.432516807303575,
    "qty": 10.601624364196228,
    "notional_usd": 33803.809366457885,
    "leverage": 1
  }
}