{
  "t": "2026-02-18T23:40:02.646Z",
  "spot": 1953.32,
  "sigma_d": 0.0028410441371678314,
  "ERI": 0.28410441371678313,
  "percentiles": {
    "p10": 0.09801038082152105,
    "p50": 0.28385503624566477,
    "p90": 0.3860526086309107
  },
  "ema": {
    "fast": 0.05674617944392366,
    "slow": 0.0560012495388779,
    "fast_period": 20,
    "slow_period": 100
  },
  "etv": {
    "horizon_days": 1,
    "risk_budget_usd": 100,
    "expected_move_usd": 5.549468334012668,
    "qty": 18.01974423155105,
    "notional_usd": 35198.326802373296,
    "leverage": 1
  }
}