{
  "t": "2025-10-30T23:25:12.027Z",
  "spot": 3776.93,
  "sigma_d": 0.0029977456855690802,
  "ERI": 0.29977456855690804,
  "percentiles": {
    "p10": 0.08256068332481364,
    "p50": 0.2068252222798853,
    "p90": 0.27623751787782047
  },
  "ema": {
    "fast": 0.03995290006839529,
    "slow": 0.036220302386492105,
    "fast_period": 20,
    "slow_period": 100
  },
  "etv": {
    "horizon_days": 1,
    "risk_budget_usd": 100,
    "expected_move_usd": 11.322275612196426,
    "qty": 8.832146772003975,
    "notional_usd": 33358.400107584974,
    "leverage": 1
  }
}