{
  "t": "2026-04-08T09:16:33.311Z",
  "spot": 2258.15,
  "sigma_d": 0.001775418864761169,
  "ERI": 0.1775418864761169,
  "percentiles": {
    "p10": 0.09084878321617929,
    "p50": 0.21435650874201245,
    "p90": 0.34735085021485657
  },
  "ema": {
    "fast": 0.048308300142331416,
    "slow": 0.04395509016212793,
    "fast_period": 20,
    "slow_period": 100
  },
  "etv": {
    "horizon_days": 1,
    "risk_budget_usd": 100,
    "expected_move_usd": 4.009162109460434,
    "qty": 24.942867679016928,
    "notional_usd": 56324.73664937208,
    "leverage": 1
  }
}