{
  "t": "2026-01-29T19:38:35.574Z",
  "spot": 2797.85,
  "sigma_d": 0.0005852147839713815,
  "ERI": 0.05852147839713816,
  "percentiles": {
    "p10": 0.07087640772008538,
    "p50": 0.1690795885428828,
    "p90": 0.27858763696068406
  },
  "ema": {
    "fast": 0.026353880940341707,
    "slow": 0.02916755420533771,
    "fast_period": 20,
    "slow_period": 100
  },
  "etv": {
    "horizon_days": 1,
    "risk_budget_usd": 100,
    "expected_move_usd": 1.6373431833343297,
    "qty": 61.07455114959914,
    "notional_usd": 170877.43293390595,
    "leverage": 1
  }
}