{
  "t": "2026-06-24T00:06:27.985Z",
  "spot": 1666.11,
  "sigma_d": 0.0020228904422418276,
  "ERI": 0.20228904422418276,
  "percentiles": {
    "p10": 0.08370521180631367,
    "p50": 0.21670843656187902,
    "p90": 0.3817902617639839
  },
  "ema": {
    "fast": 0.03739900797621579,
    "slow": 0.0431667668234243,
    "fast_period": 20,
    "slow_period": 100
  },
  "etv": {
    "horizon_days": 1,
    "risk_budget_usd": 100,
    "expected_move_usd": 3.3703579947235314,
    "qty": 29.670438617071284,
    "notional_usd": 49434.214484288634,
    "leverage": 1
  }
}