{
  "t": "2026-05-15T08:12:03.458Z",
  "spot": 2259.87,
  "sigma_d": 0.0014475425047908532,
  "ERI": 0.14475425047908533,
  "percentiles": {
    "p10": 0.08757957974507885,
    "p50": 0.2196694213405322,
    "p90": 0.279537324525569
  },
  "ema": {
    "fast": 0.039136166277332775,
    "slow": 0.04186352164231597,
    "fast_period": 20,
    "slow_period": 100
  },
  "etv": {
    "horizon_days": 1,
    "risk_budget_usd": 100,
    "expected_move_usd": 3.271257880301705,
    "qty": 30.569280582299154,
    "notional_usd": 69082.60010952038,
    "leverage": 1
  }
}