{
  "t": "2025-12-14T05:31:12.862Z",
  "spot": 3107.02,
  "sigma_d": 0.0009714215090478295,
  "ERI": 0.09714215090478295,
  "percentiles": {
    "p10": 0.08505312170836248,
    "p50": 0.22203933051430966,
    "p90": 0.32883507656692823
  },
  "ema": {
    "fast": 0.026792686602851945,
    "slow": 0.03503822862626333,
    "fast_period": 20,
    "slow_period": 100
  },
  "etv": {
    "horizon_days": 1,
    "risk_budget_usd": 100,
    "expected_move_usd": 3.018226057041787,
    "qty": 33.13204448907702,
    "notional_usd": 102941.92486845207,
    "leverage": 1
  }
}