{
  "t": "2026-03-28T15:42:49.923Z",
  "spot": 2024.73,
  "sigma_d": 0.0025595674507625185,
  "ERI": 0.2559567450762518,
  "percentiles": {
    "p10": 0.09385409740716054,
    "p50": 0.22537484609597086,
    "p90": 0.30238776937458894
  },
  "ema": {
    "fast": 0.04940833018737617,
    "slow": 0.04434551921181409,
    "fast_period": 20,
    "slow_period": 100
  },
  "etv": {
    "horizon_days": 1,
    "risk_budget_usd": 100,
    "expected_move_usd": 5.182433004582394,
    "qty": 19.29595614870049,
    "notional_usd": 39069.101292958345,
    "leverage": 1
  }
}