{
  "t": "2026-03-19T21:48:43.704Z",
  "spot": 2149.05,
  "sigma_d": 0.000908475358500717,
  "ERI": 0.0908475358500717,
  "percentiles": {
    "p10": 0.10466532600928417,
    "p50": 0.24844982486375153,
    "p90": 0.3548847506364679
  },
  "ema": {
    "fast": 0.0399312706563907,
    "slow": 0.04135335287342417,
    "fast_period": 20,
    "slow_period": 100
  },
  "etv": {
    "horizon_days": 1,
    "risk_budget_usd": 100,
    "expected_move_usd": 1.952358969185966,
    "qty": 51.22008891720097,
    "notional_usd": 110074.53208751074,
    "leverage": 1
  }
}