{
  "t": "2025-11-12T04:34:14.192Z",
  "spot": 3432.92,
  "sigma_d": 0.002479298171497733,
  "ERI": 0.2479298171497733,
  "percentiles": {
    "p10": 0.08208011254149013,
    "p50": 0.21627990180957424,
    "p90": 0.29607826864715775
  },
  "ema": {
    "fast": 0.04178888189421118,
    "slow": 0.03807542725579937,
    "fast_period": 20,
    "slow_period": 100
  },
  "etv": {
    "horizon_days": 1,
    "risk_budget_usd": 100,
    "expected_move_usd": 8.511232278897998,
    "qty": 11.74917999217707,
    "notional_usd": 40333.99497874451,
    "leverage": 1
  }
}