{
  "t": "2025-09-15T08:35:09.537Z",
  "spot": 4559.32,
  "sigma_d": 0.0009345535580165379,
  "ERI": 0.09345535580165379,
  "percentiles": {
    "p10": 0.07750861984066773,
    "p50": 0.1877104820061697,
    "p90": 0.32605710988921516
  },
  "ema": {
    "fast": 0.03127559269670951,
    "slow": 0.03271658599867846,
    "fast_period": 20,
    "slow_period": 100
  },
  "etv": {
    "horizon_days": 1,
    "risk_budget_usd": 100,
    "expected_move_usd": 4.260928728135961,
    "qty": 23.46906188307619,
    "notional_usd": 107002.96322474693,
    "leverage": 1
  }
}