{
  "t": "2026-02-09T23:50:10.421Z",
  "spot": 2105.83,
  "sigma_d": 0.0015443278429136938,
  "ERI": 0.1544327842913694,
  "percentiles": {
    "p10": 0.08055859036854612,
    "p50": 0.22094452853827806,
    "p90": 0.3739081657437554
  },
  "ema": {
    "fast": 0.04725969058736569,
    "slow": 0.05002480780132383,
    "fast_period": 20,
    "slow_period": 100
  },
  "etv": {
    "horizon_days": 1,
    "risk_budget_usd": 100,
    "expected_move_usd": 3.2520919014429435,
    "qty": 30.749438524670936,
    "notional_usd": 64753.09012840779,
    "leverage": 1
  }
}