{
  "t": "2025-10-31T11:23:22.890Z",
  "spot": 3832.63,
  "sigma_d": 0.001889855815081032,
  "ERI": 0.18898558150810318,
  "percentiles": {
    "p10": 0.08485590817073355,
    "p50": 0.20534299244308568,
    "p90": 0.2756831503724505
  },
  "ema": {
    "fast": 0.03951683974591471,
    "slow": 0.036824474846767936,
    "fast_period": 20,
    "slow_period": 100
  },
  "etv": {
    "horizon_days": 1,
    "risk_budget_usd": 100,
    "expected_move_usd": 7.243118092554016,
    "qty": 13.806208696611037,
    "notional_usd": 52914.089636892364,
    "leverage": 1
  }
}