{
  "t": "2026-01-17T16:34:35.494Z",
  "spot": 3314.66,
  "sigma_d": 0.001466537631497141,
  "ERI": 0.1466537631497141,
  "percentiles": {
    "p10": 0.07630334345625811,
    "p50": 0.1978975247371359,
    "p90": 0.2663003924585685
  },
  "ema": {
    "fast": 0.02995602274546403,
    "slow": 0.032199799752082446,
    "fast_period": 20,
    "slow_period": 100
  },
  "etv": {
    "horizon_days": 1,
    "risk_budget_usd": 100,
    "expected_move_usd": 4.861073625618313,
    "qty": 20.571587205137284,
    "notional_usd": 68187.81724538034,
    "leverage": 1
  }
}