{
  "t": "2026-03-24T23:42:28.332Z",
  "spot": 2162.08,
  "sigma_d": 0.0019345629888512718,
  "ERI": 0.1934562988851272,
  "percentiles": {
    "p10": 0.09536961512717113,
    "p50": 0.21855311152199752,
    "p90": 0.2972326239551764
  },
  "ema": {
    "fast": 0.03853387082383886,
    "slow": 0.03805179172749975,
    "fast_period": 20,
    "slow_period": 100
  },
  "etv": {
    "horizon_days": 1,
    "risk_budget_usd": 100,
    "expected_move_usd": 4.182679946935558,
    "qty": 23.90811663064611,
    "notional_usd": 51691.26080478734,
    "leverage": 1
  }
}