{
  "t": "2025-12-23T08:41:10.717Z",
  "spot": 2968.76,
  "sigma_d": 0.002713281578847676,
  "ERI": 0.2713281578847676,
  "percentiles": {
    "p10": 0.08272229023222978,
    "p50": 0.21679070385019938,
    "p90": 0.29211438569505715
  },
  "ema": {
    "fast": 0.04479029990209473,
    "slow": 0.04249012955871569,
    "fast_period": 20,
    "slow_period": 100
  },
  "etv": {
    "horizon_days": 1,
    "risk_budget_usd": 100,
    "expected_move_usd": 8.055081820019828,
    "qty": 12.414523183546489,
    "notional_usd": 36855.73984638548,
    "leverage": 1
  }
}