{
  "t": "2025-12-15T09:43:08.595Z",
  "spot": 3147.67,
  "sigma_d": 0.0007555490986868509,
  "ERI": 0.07555490986868509,
  "percentiles": {
    "p10": 0.08505312170836248,
    "p50": 0.2202609880138513,
    "p90": 0.31952013353516345
  },
  "ema": {
    "fast": 0.03739787508307976,
    "slow": 0.03648648477222156,
    "fast_period": 20,
    "slow_period": 100
  },
  "etv": {
    "horizon_days": 1,
    "risk_budget_usd": 100,
    "expected_move_usd": 2.37821923146364,
    "qty": 42.04826816510792,
    "notional_usd": 132354.07225526526,
    "leverage": 1
  }
}