{
  "t": "2026-06-27T14:52:30.040Z",
  "spot": 1593.02,
  "sigma_d": 0.0032283986721084344,
  "ERI": 0.32283986721084346,
  "percentiles": {
    "p10": 0.08241905834499225,
    "p50": 0.22540651511407517,
    "p90": 0.3817902617639839
  },
  "ema": {
    "fast": 0.04633611686670764,
    "slow": 0.04305189745507866,
    "fast_period": 20,
    "slow_period": 100
  },
  "etv": {
    "horizon_days": 1,
    "risk_budget_usd": 100,
    "expected_move_usd": 5.142903652642178,
    "qty": 19.444268598853643,
    "notional_usd": 30975.10876334583,
    "leverage": 1
  }
}