{
  "t": "2026-03-15T20:42:16.220Z",
  "spot": 2132.53,
  "sigma_d": 0.0024394664368202652,
  "ERI": 0.2439466436820265,
  "percentiles": {
    "p10": 0.10552495336363249,
    "p50": 0.2713265183377841,
    "p90": 0.36057735857294637
  },
  "ema": {
    "fast": 0.04019680490899176,
    "slow": 0.043927322290646754,
    "fast_period": 20,
    "slow_period": 100
  },
  "etv": {
    "horizon_days": 1,
    "risk_budget_usd": 100,
    "expected_move_usd": 5.20223536051232,
    "qty": 19.222505917177866,
    "notional_usd": 40992.57054355932,
    "leverage": 1
  }
}