{
  "t": "2025-10-27T08:37:42.840Z",
  "spot": 4175.5,
  "sigma_d": 0.002583518854053122,
  "ERI": 0.2583518854053122,
  "percentiles": {
    "p10": 0.08266583436772346,
    "p50": 0.2111947522173443,
    "p90": 0.270154701258962
  },
  "ema": {
    "fast": 0.03688335392416043,
    "slow": 0.03895586592875124,
    "fast_period": 20,
    "slow_period": 100
  },
  "etv": {
    "horizon_days": 1,
    "risk_budget_usd": 100,
    "expected_move_usd": 10.787482975098811,
    "qty": 9.270003042492313,
    "notional_usd": 38706.897703926654,
    "leverage": 1
  }
}