{
  "t": "2026-03-15T13:14:09.816Z",
  "spot": 2096.99,
  "sigma_d": 0.0008922928863773994,
  "ERI": 0.08922928863773993,
  "percentiles": {
    "p10": 0.10601568688289394,
    "p50": 0.2713265183377841,
    "p90": 0.36057735857294637
  },
  "ema": {
    "fast": 0.0369896259444114,
    "slow": 0.04384040050752378,
    "fast_period": 20,
    "slow_period": 100
  },
  "etv": {
    "horizon_days": 1,
    "risk_budget_usd": 100,
    "expected_move_usd": 1.8711292598045426,
    "qty": 53.443662150014134,
    "notional_usd": 112070.82509195813,
    "leverage": 1
  }
}