{
  "t": "2026-01-02T11:27:10.878Z",
  "spot": 3048.62,
  "sigma_d": 0.002325255808835198,
  "ERI": 0.2325255808835198,
  "percentiles": {
    "p10": 0.14882266856971796,
    "p50": 0.21419256515747884,
    "p90": 0.31207548969546706
  },
  "ema": {
    "fast": 0.04475459598516845,
    "slow": 0.04859949112916452,
    "fast_period": 20,
    "slow_period": 100
  },
  "etv": {
    "horizon_days": 1,
    "risk_budget_usd": 100,
    "expected_move_usd": 7.088821363931161,
    "qty": 14.10671744513311,
    "notional_usd": 43006.0209375817,
    "leverage": 1
  }
}