{
  "t": "2025-09-09T10:31:34.361Z",
  "spot": 4348.59,
  "sigma_d": 0.002430095888088405,
  "ERI": 0.2430095888088405,
  "percentiles": {
    "p10": 0.07474766071910763,
    "p50": 0.21326472002360783,
    "p90": 0.3169553509580376
  },
  "ema": {
    "fast": 0.0432283570354346,
    "slow": 0.03982090446678251,
    "fast_period": 20,
    "slow_period": 100
  },
  "etv": {
    "horizon_days": 1,
    "risk_budget_usd": 100,
    "expected_move_usd": 10.567490677982358,
    "qty": 9.462984453665298,
    "notional_usd": 41150.63956536438,
    "leverage": 1
  }
}