{
  "t": "2025-12-15T10:39:23.799Z",
  "spot": 3165.17,
  "sigma_d": 0.0017616689143135234,
  "ERI": 0.17616689143135233,
  "percentiles": {
    "p10": 0.08505312170836248,
    "p50": 0.2200278335477961,
    "p90": 0.31952013353516345
  },
  "ema": {
    "fast": 0.0370415667275851,
    "slow": 0.03643044818961095,
    "fast_period": 20,
    "slow_period": 100
  },
  "etv": {
    "horizon_days": 1,
    "risk_budget_usd": 100,
    "expected_move_usd": 5.575981597517735,
    "qty": 17.934062057255908,
    "notional_usd": 56764.35520176468,
    "leverage": 1
  }
}