{
  "t": "2026-02-09T21:51:43.908Z",
  "spot": 2097.95,
  "sigma_d": 0.000928888031047428,
  "ERI": 0.0928888031047428,
  "percentiles": {
    "p10": 0.08047250965474727,
    "p50": 0.22094452853827806,
    "p90": 0.3739081657437554
  },
  "ema": {
    "fast": 0.04987774857203618,
    "slow": 0.0506096028737706,
    "fast_period": 20,
    "slow_period": 100
  },
  "etv": {
    "horizon_days": 1,
    "risk_budget_usd": 100,
    "expected_move_usd": 1.9487606447359513,
    "qty": 51.314665179699155,
    "notional_usd": 107655.60181374983,
    "leverage": 1
  }
}