{
  "t": "2026-01-18T06:45:39.426Z",
  "spot": 3313.8,
  "sigma_d": 0.0009699676032260095,
  "ERI": 0.09699676032260095,
  "percentiles": {
    "p10": 0.07543773376335262,
    "p50": 0.19457819706283616,
    "p90": 0.2594676882666627
  },
  "ema": {
    "fast": 0.022792989223759025,
    "slow": 0.02984828263584961,
    "fast_period": 20,
    "slow_period": 100
  },
  "etv": {
    "horizon_days": 1,
    "risk_budget_usd": 100,
    "expected_move_usd": 3.2142786435703505,
    "qty": 31.11117954880296,
    "notional_usd": 103096.22678882325,
    "leverage": 1
  }
}