{
  "t": "2026-06-29T00:17:53.505Z",
  "spot": 1566.42,
  "sigma_d": 0.001977646334957385,
  "ERI": 0.19776463349573853,
  "percentiles": {
    "p10": 0.08497570531041622,
    "p50": 0.2288529801393659,
    "p90": 0.3758066790004014
  },
  "ema": {
    "fast": 0.04483934639021193,
    "slow": 0.043382931107011524,
    "fast_period": 20,
    "slow_period": 100
  },
  "etv": {
    "horizon_days": 1,
    "risk_budget_usd": 100,
    "expected_move_usd": 3.0978247720039476,
    "qty": 32.28071545677231,
    "notional_usd": 50565.15830579729,
    "leverage": 1
  }
}