{
  "t": "2026-02-28T21:32:12.789Z",
  "spot": 1950.32,
  "sigma_d": 0.0008390148516514822,
  "ERI": 0.08390148516514823,
  "percentiles": {
    "p10": 0.1284971507991261,
    "p50": 0.2990546058472695,
    "p90": 0.3818437403380982
  },
  "ema": {
    "fast": 0.0361720453216974,
    "slow": 0.04533420206508529,
    "fast_period": 20,
    "slow_period": 100
  },
  "etv": {
    "horizon_days": 1,
    "risk_budget_usd": 100,
    "expected_move_usd": 1.6363474454729188,
    "qty": 61.1117157769016,
    "notional_usd": 119187.40151400672,
    "leverage": 1
  }
}