{
  "t": "2026-01-21T10:44:02.950Z",
  "spot": 2964.76,
  "sigma_d": 0.002548315164745272,
  "ERI": 0.2548315164745272,
  "percentiles": {
    "p10": 0.07255502410957532,
    "p50": 0.18473194794473718,
    "p90": 0.2562501878017609
  },
  "ema": {
    "fast": 0.04446626647749157,
    "slow": 0.033770363977245185,
    "fast_period": 20,
    "slow_period": 100
  },
  "etv": {
    "horizon_days": 1,
    "risk_budget_usd": 100,
    "expected_move_usd": 7.555142867830193,
    "qty": 13.236017074647274,
    "notional_usd": 39241.613982231254,
    "leverage": 1
  }
}