{
  "t": "2026-02-01T13:10:27.925Z",
  "spot": 2401.62,
  "sigma_d": 0.0006969909697783188,
  "ERI": 0.06969909697783189,
  "percentiles": {
    "p10": 0.0723947900384728,
    "p50": 0.19462195404665378,
    "p90": 0.29514302012080507
  },
  "ema": {
    "fast": 0.041703789170396674,
    "slow": 0.03649624075293947,
    "fast_period": 20,
    "slow_period": 100
  },
  "etv": {
    "horizon_days": 1,
    "risk_budget_usd": 100,
    "expected_move_usd": 1.6739074528390059,
    "qty": 59.74045926517412,
    "notional_usd": 143473.88178042744,
    "leverage": 1
  }
}