{
  "t": "2025-11-19T13:39:05.558Z",
  "spot": 3077.87,
  "sigma_d": 0.0029164784433097658,
  "ERI": 0.29164784433097657,
  "percentiles": {
    "p10": 0.08238404108804202,
    "p50": 0.2086805989007524,
    "p90": 0.2860080543074362
  },
  "ema": {
    "fast": 0.04741472073593095,
    "slow": 0.039560097517437824,
    "fast_period": 20,
    "slow_period": 100
  },
  "etv": {
    "horizon_days": 1,
    "risk_budget_usd": 100,
    "expected_move_usd": 8.976541506309829,
    "qty": 11.14014789879906,
    "notional_usd": 34287.92701327666,
    "leverage": 1
  }
}