{
  "t": "2025-09-19T15:27:14.895Z",
  "spot": 4461.78,
  "sigma_d": 0.0007817047946996329,
  "ERI": 0.07817047946996329,
  "percentiles": {
    "p10": 0.08205616284608158,
    "p50": 0.18056258733040806,
    "p90": 0.2454518397175969
  },
  "ema": {
    "fast": 0.028439033443924313,
    "slow": 0.02963521930442464,
    "fast_period": 20,
    "slow_period": 100
  },
  "etv": {
    "horizon_days": 1,
    "risk_budget_usd": 100,
    "expected_move_usd": 3.4877948188949275,
    "qty": 28.671411362347282,
    "notional_usd": 127925.52978829385,
    "leverage": 1
  }
}