{
  "t": "2026-05-28T23:41:12.462Z",
  "spot": 2006.74,
  "sigma_d": 0.0007222415011042647,
  "ERI": 0.07222415011042647,
  "percentiles": {
    "p10": 0.1023845651176533,
    "p50": 0.22411893692133944,
    "p90": 0.3208549427952852
  },
  "ema": {
    "fast": 0.043533072892096736,
    "slow": 0.042593705916974714,
    "fast_period": 20,
    "slow_period": 100
  },
  "etv": {
    "horizon_days": 1,
    "risk_budget_usd": 100,
    "expected_move_usd": 1.4493509099259723,
    "qty": 68.99640336590926,
    "notional_usd": 138457.84249050476,
    "leverage": 1
  }
}