{
  "t": "2025-09-02T01:46:03.627Z",
  "spot": 4327.3,
  "sigma_d": 0.0018900124459366003,
  "ERI": 0.18900124459366002,
  "percentiles": {
    "p10": 0.08208256416685382,
    "p50": 0.21862698044298198,
    "p90": 0.2977906568146616
  },
  "ema": {
    "fast": 0.03910970160948811,
    "slow": 0.04218382009473684,
    "fast_period": 20,
    "slow_period": 100
  },
  "etv": {
    "horizon_days": 1,
    "risk_budget_usd": 100,
    "expected_move_usd": 8.17865085730145,
    "qty": 12.2269554899419,
    "notional_usd": 52909.70449162559,
    "leverage": 1
  }
}