{
  "t": "2026-01-25T13:01:24.217Z",
  "spot": 2937.6,
  "sigma_d": 0.0019455652029430322,
  "ERI": 0.19455652029430323,
  "percentiles": {
    "p10": 0.07383215204452553,
    "p50": 0.1936220675073308,
    "p90": 0.266102992046162
  },
  "ema": {
    "fast": 0.04023611041982808,
    "slow": 0.0391785353778804,
    "fast_period": 20,
    "slow_period": 100
  },
  "etv": {
    "horizon_days": 1,
    "risk_budget_usd": 100,
    "expected_move_usd": 5.715292340165451,
    "qty": 17.496917751210802,
    "notional_usd": 51398.94558595685,
    "leverage": 1
  }
}