{
  "t": "2025-11-07T09:29:23.354Z",
  "spot": 3309.86,
  "sigma_d": 0.0009951051065433957,
  "ERI": 0.09951051065433957,
  "percentiles": {
    "p10": 0.0747777476265019,
    "p50": 0.20914798084979508,
    "p90": 0.29561773461855895
  },
  "ema": {
    "fast": 0.034073868781548985,
    "slow": 0.037593336288325466,
    "fast_period": 20,
    "slow_period": 100
  },
  "etv": {
    "horizon_days": 1,
    "risk_budget_usd": 100,
    "expected_move_usd": 3.2936585879437237,
    "qty": 30.361373934154898,
    "notional_usd": 100491.89712970193,
    "leverage": 1
  }
}