{
  "t": "2025-09-22T07:28:31.048Z",
  "spot": 4197.1,
  "sigma_d": 0.0007024080234207614,
  "ERI": 0.07024080234207614,
  "percentiles": {
    "p10": 0.08006834639188591,
    "p50": 0.17340465651228337,
    "p90": 0.22947838343934054
  },
  "ema": {
    "fast": 0.03200300153544474,
    "slow": 0.0322817488813079,
    "fast_period": 20,
    "slow_period": 100
  },
  "etv": {
    "horizon_days": 1,
    "risk_budget_usd": 100,
    "expected_move_usd": 2.948076715099278,
    "qty": 33.9204198750413,
    "notional_usd": 142367.39425753584,
    "leverage": 1
  }
}