{
  "t": "2026-05-20T21:06:29.848Z",
  "spot": 2134.84,
  "sigma_d": 0.0018620836625737123,
  "ERI": 0.18620836625737122,
  "percentiles": {
    "p10": 0.0880319950473507,
    "p50": 0.22309287525048246,
    "p90": 0.29686709819303464
  },
  "ema": {
    "fast": 0.032033230355475305,
    "slow": 0.04014881608211486,
    "fast_period": 20,
    "slow_period": 100
  },
  "etv": {
    "horizon_days": 1,
    "risk_budget_usd": 100,
    "expected_move_usd": 3.9752506862088643,
    "qty": 25.155646245638025,
    "notional_usd": 53703.279831037886,
    "leverage": 1
  }
}