{
  "t": "2026-02-18T20:53:15.824Z",
  "spot": 1945.38,
  "sigma_d": 0.00256712018608291,
  "ERI": 0.256712018608291,
  "percentiles": {
    "p10": 0.09801038082152105,
    "p50": 0.28739004283603,
    "p90": 0.3860526086309107
  },
  "ema": {
    "fast": 0.0587878009181211,
    "slow": 0.05632541195021349,
    "fast_period": 20,
    "slow_period": 100
  },
  "etv": {
    "horizon_days": 1,
    "risk_budget_usd": 100,
    "expected_move_usd": 4.994024267601971,
    "qty": 20.023931531277473,
    "notional_usd": 38954.155922316575,
    "leverage": 1
  }
}