{
  "t": "2026-03-04T19:04:17.775Z",
  "spot": 2163.34,
  "sigma_d": 0.0021810599993565914,
  "ERI": 0.21810599993565913,
  "percentiles": {
    "p10": 0.11145856773492052,
    "p50": 0.28156009559866896,
    "p90": 0.3663617949720153
  },
  "ema": {
    "fast": 0.04785715772153902,
    "slow": 0.04647984610546619,
    "fast_period": 20,
    "slow_period": 100
  },
  "etv": {
    "horizon_days": 1,
    "risk_budget_usd": 100,
    "expected_move_usd": 4.718374339008089,
    "qty": 21.193740219649953,
    "notional_usd": 45849.26596677753,
    "leverage": 1
  }
}