{
  "t": "2025-11-03T09:34:15.930Z",
  "spot": 3715.67,
  "sigma_d": 0.0013230076085441642,
  "ERI": 0.13230076085441642,
  "percentiles": {
    "p10": 0.09210801675896808,
    "p50": 0.21964513374272537,
    "p90": 0.2909961502761157
  },
  "ema": {
    "fast": 0.03977296291544801,
    "slow": 0.043714899250899386,
    "fast_period": 20,
    "slow_period": 100
  },
  "etv": {
    "horizon_days": 1,
    "risk_budget_usd": 100,
    "expected_move_usd": 4.9158596808392945,
    "qty": 20.342321891280427,
    "notional_usd": 75585.35518177395,
    "leverage": 1
  }
}