{
  "t": "2025-09-04T16:33:30.488Z",
  "spot": 4291.16,
  "sigma_d": 0.00326043349101402,
  "ERI": 0.326043349101402,
  "percentiles": {
    "p10": 0.08190779024850545,
    "p50": 0.22959621263419114,
    "p90": 0.29815830186147485
  },
  "ema": {
    "fast": 0.04168393485856174,
    "slow": 0.041942008252995856,
    "fast_period": 20,
    "slow_period": 100
  },
  "etv": {
    "horizon_days": 1,
    "risk_budget_usd": 100,
    "expected_move_usd": 13.99104177929972,
    "qty": 7.1474305900475406,
    "notional_usd": 30670.768250788402,
    "leverage": 1
  }
}