{
  "t": "2025-09-27T11:19:45.007Z",
  "spot": 4008.47,
  "sigma_d": 0.0007526595177633007,
  "ERI": 0.07526595177633007,
  "percentiles": {
    "p10": 0.07286338579792584,
    "p50": 0.18480512185225262,
    "p90": 0.2525132358860955
  },
  "ema": {
    "fast": 0.029330889654817793,
    "slow": 0.033608583881956644,
    "fast_period": 20,
    "slow_period": 100
  },
  "etv": {
    "horizon_days": 1,
    "risk_budget_usd": 100,
    "expected_move_usd": 3.017013097168658,
    "qty": 33.145364895447706,
    "notional_usd": 132862.20082245526,
    "leverage": 1
  }
}