{
  "t": "2026-02-14T19:33:21.170Z",
  "spot": 2085.52,
  "sigma_d": 0.0032426289768003286,
  "ERI": 0.32426289768003286,
  "percentiles": {
    "p10": 0.09574277746787141,
    "p50": 0.2619641075033026,
    "p90": 0.3819860851745566
  },
  "ema": {
    "fast": 0.04968774660265439,
    "slow": 0.051089815418554035,
    "fast_period": 20,
    "slow_period": 100
  },
  "etv": {
    "horizon_days": 1,
    "risk_budget_usd": 100,
    "expected_move_usd": 6.7625675836966215,
    "qty": 14.787282901406067,
    "notional_usd": 30839.17423654038,
    "leverage": 1
  }
}