{
  "t": "2026-01-11T22:31:12.350Z",
  "spot": 3110.2,
  "sigma_d": 0.001151783752623207,
  "ERI": 0.1151783752623207,
  "percentiles": {
    "p10": 0.09358375493196334,
    "p50": 0.21967825301743427,
    "p90": 0.31809552589193696
  },
  "ema": {
    "fast": 0.029740380451214753,
    "slow": 0.03698688905757621,
    "fast_period": 20,
    "slow_period": 100
  },
  "etv": {
    "horizon_days": 1,
    "risk_budget_usd": 100,
    "expected_move_usd": 3.5822778274086984,
    "qty": 27.91519943955232,
    "notional_usd": 86821.85329689563,
    "leverage": 1
  }
}