{
  "t": "2026-05-14T18:05:27.806Z",
  "spot": 2304.17,
  "sigma_d": 0.000879486374677315,
  "ERI": 0.0879486374677315,
  "percentiles": {
    "p10": 0.08676897632937358,
    "p50": 0.2189836170328523,
    "p90": 0.27770632731323136
  },
  "ema": {
    "fast": 0.03912483436253997,
    "slow": 0.042151694034646775,
    "fast_period": 20,
    "slow_period": 100
  },
  "etv": {
    "horizon_days": 1,
    "risk_budget_usd": 100,
    "expected_move_usd": 2.026486119940229,
    "qty": 49.346501323655495,
    "notional_usd": 113702.72795492728,
    "leverage": 1
  }
}