{
  "t": "2026-02-08T07:03:50.790Z",
  "spot": 2079.82,
  "sigma_d": 0.003173264721424311,
  "ERI": 0.31732647214243115,
  "percentiles": {
    "p10": 0.07740230786891576,
    "p50": 0.20262584584822474,
    "p90": 0.3625327003681907
  },
  "ema": {
    "fast": 0.05283722637571395,
    "slow": 0.049669212250519616,
    "fast_period": 20,
    "slow_period": 100
  },
  "etv": {
    "horizon_days": 1,
    "risk_budget_usd": 100,
    "expected_move_usd": 6.599819432912711,
    "qty": 15.151929687850082,
    "notional_usd": 31513.286403384358,
    "leverage": 1
  }
}