{
  "t": "2026-04-13T21:06:05.564Z",
  "spot": 2252.46,
  "sigma_d": 0.000900556074779879,
  "ERI": 0.0900556074779879,
  "percentiles": {
    "p10": 0.08832473410625495,
    "p50": 0.22767169812804677,
    "p90": 0.35429886612033396
  },
  "ema": {
    "fast": 0.041546277924710474,
    "slow": 0.045154945787467024,
    "fast_period": 20,
    "slow_period": 100
  },
  "etv": {
    "horizon_days": 1,
    "risk_budget_usd": 100,
    "expected_move_usd": 2.028466536198686,
    "qty": 49.29832374134128,
    "notional_usd": 111042.50229442157,
    "leverage": 1
  }
}