{
  "t": "2026-02-20T19:43:11.448Z",
  "spot": 1967.03,
  "sigma_d": 0.003347860686266088,
  "ERI": 0.3347860686266088,
  "percentiles": {
    "p10": 0.12212660643475559,
    "p50": 0.28739004283603,
    "p90": 0.37906337232790654
  },
  "ema": {
    "fast": 0.05627729596943522,
    "slow": 0.055040823564685926,
    "fast_period": 20,
    "slow_period": 100
  },
  "etv": {
    "horizon_days": 1,
    "risk_budget_usd": 100,
    "expected_move_usd": 6.585342405705983,
    "qty": 15.185239253976116,
    "notional_usd": 29869.82116974864,
    "leverage": 1
  }
}