{
  "t": "2025-09-16T17:24:36.185Z",
  "spot": 4502.79,
  "sigma_d": 0.000771220829117926,
  "ERI": 0.0771220829117926,
  "percentiles": {
    "p10": 0.07686777381794326,
    "p50": 0.18228397506080699,
    "p90": 0.3190080304577889
  },
  "ema": {
    "fast": 0.02514462510947218,
    "slow": 0.030838240219471177,
    "fast_period": 20,
    "slow_period": 100
  },
  "etv": {
    "horizon_days": 1,
    "risk_budget_usd": 100,
    "expected_move_usd": 3.472645437143906,
    "qty": 28.796490113959198,
    "notional_usd": 129664.54772023433,
    "leverage": 1
  }
}