{
  "t": "2025-09-12T22:25:01.273Z",
  "spot": 4717.35,
  "sigma_d": 0.0015026571812685905,
  "ERI": 0.15026571812685904,
  "percentiles": {
    "p10": 0.07596701395528663,
    "p50": 0.2019253180939698,
    "p90": 0.32605710988921516
  },
  "ema": {
    "fast": 0.03190011700425738,
    "slow": 0.03530202681344354,
    "fast_period": 20,
    "slow_period": 100
  },
  "etv": {
    "horizon_days": 1,
    "risk_budget_usd": 100,
    "expected_move_usd": 7.088559854057386,
    "qty": 14.107237867613051,
    "notional_usd": 66548.77855478443,
    "leverage": 1
  }
}