{
  "t": "2025-12-13T12:55:16.965Z",
  "spot": 3112.52,
  "sigma_d": 0.0013870656960351896,
  "ERI": 0.13870656960351896,
  "percentiles": {
    "p10": 0.08418805675846316,
    "p50": 0.22255330682723737,
    "p90": 0.33421771750952345
  },
  "ema": {
    "fast": 0.04055415664350386,
    "slow": 0.039697695997031233,
    "fast_period": 20,
    "slow_period": 100
  },
  "etv": {
    "horizon_days": 1,
    "risk_budget_usd": 100,
    "expected_move_usd": 4.3172697202234485,
    "qty": 23.162787242957872,
    "notional_usd": 72094.63854945124,
    "leverage": 1
  }
}