{
  "t": "2025-11-09T22:26:48.794Z",
  "spot": 3573.94,
  "sigma_d": 0.0023954466322596056,
  "ERI": 0.23954466322596057,
  "percentiles": {
    "p10": 0.07645736662856599,
    "p50": 0.21611870813080236,
    "p90": 0.29432453832389915
  },
  "ema": {
    "fast": 0.04032564158280163,
    "slow": 0.0358603735071632,
    "fast_period": 20,
    "slow_period": 100
  },
  "etv": {
    "horizon_days": 1,
    "risk_budget_usd": 100,
    "expected_move_usd": 8.561182536897896,
    "qty": 11.680629348692118,
    "notional_usd": 41745.86845446471,
    "leverage": 1
  }
}