{
  "t": "2026-03-02T14:55:42.278Z",
  "spot": 1976.15,
  "sigma_d": 0.0027226023514241786,
  "ERI": 0.2722602351424179,
  "percentiles": {
    "p10": 0.11515427170860416,
    "p50": 0.2902587554483661,
    "p90": 0.38035838123005156
  },
  "ema": {
    "fast": 0.04574286403885873,
    "slow": 0.04465708141476971,
    "fast_period": 20,
    "slow_period": 100
  },
  "etv": {
    "horizon_days": 1,
    "risk_budget_usd": 100,
    "expected_move_usd": 5.380270636766891,
    "qty": 18.586425618933536,
    "notional_usd": 36729.56498685551,
    "leverage": 1
  }
}