{
  "t": "2025-11-02T16:31:05.157Z",
  "spot": 3858.08,
  "sigma_d": 0.0026058841848002156,
  "ERI": 0.26058841848002157,
  "percentiles": {
    "p10": 0.08497790374072993,
    "p50": 0.2177448206053081,
    "p90": 0.2909311937713
  },
  "ema": {
    "fast": 0.049044578272668754,
    "slow": 0.04486950983758938,
    "fast_period": 20,
    "slow_period": 100
  },
  "etv": {
    "horizon_days": 1,
    "risk_budget_usd": 100,
    "expected_move_usd": 10.053709655694016,
    "qty": 9.946577275917655,
    "notional_usd": 38374.69085667239,
    "leverage": 1
  }
}