{
  "t": "2026-02-28T18:48:19.954Z",
  "spot": 1927.88,
  "sigma_d": 0.0028096732726995127,
  "ERI": 0.2809673272699513,
  "percentiles": {
    "p10": 0.134352180497251,
    "p50": 0.3012746968168061,
    "p90": 0.3818437403380982
  },
  "ema": {
    "fast": 0.038793124864436104,
    "slow": 0.04630254997953307,
    "fast_period": 20,
    "slow_period": 100
  },
  "etv": {
    "horizon_days": 1,
    "risk_budget_usd": 100,
    "expected_move_usd": 5.416712908971936,
    "qty": 18.46138085597368,
    "notional_usd": 35591.32692461454,
    "leverage": 1
  }
}