{
  "t": "2026-05-10T04:08:45.375Z",
  "spot": 2327.45,
  "sigma_d": 0.002627099122054788,
  "ERI": 0.2627099122054788,
  "percentiles": {
    "p10": 0.08562035957300303,
    "p50": 0.20302376031106192,
    "p90": 0.2719957300009673
  },
  "ema": {
    "fast": 0.04529025700784455,
    "slow": 0.041658551623479576,
    "fast_period": 20,
    "slow_period": 100
  },
  "etv": {
    "horizon_days": 1,
    "risk_budget_usd": 100,
    "expected_move_usd": 6.114441851626416,
    "qty": 16.354722544855083,
    "notional_usd": 38064.79898702296,
    "leverage": 1
  }
}