{
  "t": "2026-03-07T18:48:57.456Z",
  "spot": 1971.67,
  "sigma_d": 0.0027482667653054385,
  "ERI": 0.2748266765305438,
  "percentiles": {
    "p10": 0.1069178646034985,
    "p50": 0.27706029686140926,
    "p90": 0.35827321743046575
  },
  "ema": {
    "fast": 0.0593584988101413,
    "slow": 0.05220828756798231,
    "fast_period": 20,
    "slow_period": 100
  },
  "etv": {
    "horizon_days": 1,
    "risk_budget_usd": 100,
    "expected_move_usd": 5.418675133149774,
    "qty": 18.454695574612142,
    "notional_usd": 36386.569623595526,
    "leverage": 1
  }
}