{
  "t": "2025-10-07T12:55:50.863Z",
  "spot": 4724.18,
  "sigma_d": 0.0016095971852584795,
  "ERI": 0.16095971852584795,
  "percentiles": {
    "p10": 0.07091856349939592,
    "p50": 0.19376235369969202,
    "p90": 0.2765686978721385
  },
  "ema": {
    "fast": 0.04192577296639137,
    "slow": 0.038346237063537535,
    "fast_period": 20,
    "slow_period": 100
  },
  "etv": {
    "horizon_days": 1,
    "risk_budget_usd": 100,
    "expected_move_usd": 7.604026830654404,
    "qty": 13.150926769072694,
    "notional_usd": 62127.345223917844,
    "leverage": 1
  }
}