{
  "t": "2025-10-15T17:26:02.254Z",
  "spot": 3951.1,
  "sigma_d": 0.0020152140518330188,
  "ERI": 0.2015214051833019,
  "percentiles": {
    "p10": 0.080323181072865,
    "p50": 0.2189836331772912,
    "p90": 0.2761862975375825
  },
  "ema": {
    "fast": 0.031479636305000364,
    "slow": 0.035360638318880866,
    "fast_period": 20,
    "slow_period": 100
  },
  "etv": {
    "horizon_days": 1,
    "risk_budget_usd": 100,
    "expected_move_usd": 7.96231224019744,
    "qty": 12.559165853249723,
    "notional_usd": 49622.520202774984,
    "leverage": 1
  }
}