{
  "t": "2025-12-02T03:56:46.186Z",
  "spot": 2806.44,
  "sigma_d": 0.0008201413619138263,
  "ERI": 0.08201413619138263,
  "percentiles": {
    "p10": 0.07736381397781375,
    "p50": 0.1963760809616717,
    "p90": 0.3173679734047178
  },
  "ema": {
    "fast": 0.04000058345077509,
    "slow": 0.0381155750437864,
    "fast_period": 20,
    "slow_period": 100
  },
  "etv": {
    "horizon_days": 1,
    "risk_budget_usd": 100,
    "expected_move_usd": 2.3016775237294387,
    "qty": 43.44657275792861,
    "notional_usd": 121930.19965076116,
    "leverage": 1
  }
}