{
  "t": "2025-11-29T15:27:02.979Z",
  "spot": 3002.3,
  "sigma_d": 0.0006934076745110869,
  "ERI": 0.06934076745110869,
  "percentiles": {
    "p10": 0.08401310863005607,
    "p50": 0.19360243696378715,
    "p90": 0.30846330376658165
  },
  "ema": {
    "fast": 0.032222770762621304,
    "slow": 0.035628603992646106,
    "fast_period": 20,
    "slow_period": 100
  },
  "etv": {
    "horizon_days": 1,
    "risk_budget_usd": 100,
    "expected_move_usd": 2.0818178611846365,
    "qty": 48.034941895971656,
    "notional_usd": 144215.30605427572,
    "leverage": 1
  }
}