{
  "t": "2025-12-31T11:27:32.555Z",
  "spot": 2983.65,
  "sigma_d": 0.0032066866956274166,
  "ERI": 0.32066866956274165,
  "percentiles": {
    "p10": 0.1531089048495774,
    "p50": 0.21846232972836885,
    "p90": 0.2965373562215648
  },
  "ema": {
    "fast": 0.054879190838095504,
    "slow": 0.045257689087578386,
    "fast_period": 20,
    "slow_period": 100
  },
  "etv": {
    "horizon_days": 1,
    "risk_budget_usd": 100,
    "expected_move_usd": 9.567630759408742,
    "qty": 10.451908368397337,
    "notional_usd": 31184.836403368714,
    "leverage": 1
  }
}