{
  "t": "2026-03-24T06:11:07.594Z",
  "spot": 2135.88,
  "sigma_d": 0.0027810764292176666,
  "ERI": 0.27810764292176665,
  "percentiles": {
    "p10": 0.09574480377442898,
    "p50": 0.22432897631735862,
    "p90": 0.30330554813015836
  },
  "ema": {
    "fast": 0.039374629622220346,
    "slow": 0.03800447064120585,
    "fast_period": 20,
    "slow_period": 100
  },
  "etv": {
    "horizon_days": 1,
    "risk_budget_usd": 100,
    "expected_move_usd": 5.94004552363743,
    "qty": 16.834887813917675,
    "notional_usd": 35957.30018399048,
    "leverage": 1
  }
}