{
  "t": "2026-03-02T02:51:17.149Z",
  "spot": 1955.32,
  "sigma_d": 0.0011475443491381126,
  "ERI": 0.11475443491381127,
  "percentiles": {
    "p10": 0.12095556061612259,
    "p50": 0.295365862452607,
    "p90": 0.38035838123005156
  },
  "ema": {
    "fast": 0.041997786954119626,
    "slow": 0.04406222880312039,
    "fast_period": 20,
    "slow_period": 100
  },
  "etv": {
    "horizon_days": 1,
    "risk_budget_usd": 100,
    "expected_move_usd": 2.2438164167567343,
    "qty": 44.56692590944779,
    "notional_usd": 87142.60156926145,
    "leverage": 1
  }
}