{
  "t": "2025-12-15T08:46:17.138Z",
  "spot": 3141.63,
  "sigma_d": 0.0025557428426073972,
  "ERI": 0.25557428426073975,
  "percentiles": {
    "p10": 0.08561473356582605,
    "p50": 0.2202609880138513,
    "p90": 0.31952013353516345
  },
  "ema": {
    "fast": 0.03981504664314476,
    "slow": 0.0369319744592874,
    "fast_period": 20,
    "slow_period": 100
  },
  "etv": {
    "horizon_days": 1,
    "risk_budget_usd": 100,
    "expected_move_usd": 8.029198386620678,
    "qty": 12.454543428224834,
    "notional_usd": 39127.56727041399,
    "leverage": 1
  }
}