{
  "t": "2026-02-28T08:41:16.218Z",
  "spot": 1860.34,
  "sigma_d": 0.001839140920875235,
  "ERI": 0.1839140920875235,
  "percentiles": {
    "p10": 0.13132163119257645,
    "p50": 0.3012746968168061,
    "p90": 0.3818437403380982
  },
  "ema": {
    "fast": 0.041193733758470345,
    "slow": 0.04821185471290544,
    "fast_period": 20,
    "slow_period": 100
  },
  "etv": {
    "horizon_days": 1,
    "risk_budget_usd": 100,
    "expected_move_usd": 3.4214274207410345,
    "qty": 29.227567241026367,
    "notional_usd": 54373.21244117099,
    "leverage": 1
  }
}