{
  "t": "2025-11-30T21:25:13.046Z",
  "spot": 3016.98,
  "sigma_d": 0.0014458720820748274,
  "ERI": 0.14458720820748275,
  "percentiles": {
    "p10": 0.07736381397781375,
    "p50": 0.1916753922565065,
    "p90": 0.3127545499313026
  },
  "ema": {
    "fast": 0.03544666287680456,
    "slow": 0.03612123608025561,
    "fast_period": 20,
    "slow_period": 100
  },
  "etv": {
    "horizon_days": 1,
    "risk_budget_usd": 100,
    "expected_move_usd": 4.362167154178112,
    "qty": 22.92438516580442,
    "notional_usd": 69162.41155752861,
    "leverage": 1
  }
}