{
  "t": "2025-09-06T17:21:14.819Z",
  "spot": 4285.16,
  "sigma_d": 0.003236857984265689,
  "ERI": 0.3236857984265689,
  "percentiles": {
    "p10": 0.07634817718522154,
    "p50": 0.20413682829422122,
    "p90": 0.3034362694198657
  },
  "ema": {
    "fast": 0.03485910470115147,
    "slow": 0.03687074922486056,
    "fast_period": 20,
    "slow_period": 100
  },
  "etv": {
    "horizon_days": 1,
    "risk_budget_usd": 100,
    "expected_move_usd": 13.870454359855959,
    "qty": 7.209569160864783,
    "notional_usd": 30894.15738537133,
    "leverage": 1
  }
}