{
  "t": "2026-06-15T05:22:49.020Z",
  "spot": 1718.92,
  "sigma_d": 0.002578382175170374,
  "ERI": 0.2578382175170374,
  "percentiles": {
    "p10": 0.08509939726906793,
    "p50": 0.20861254441862204,
    "p90": 0.3804041668054057
  },
  "ema": {
    "fast": 0.05041539725503213,
    "slow": 0.048066285569428296,
    "fast_period": 20,
    "slow_period": 100
  },
  "etv": {
    "horizon_days": 1,
    "risk_budget_usd": 100,
    "expected_move_usd": 4.43203268854386,
    "qty": 22.563010480153952,
    "notional_usd": 38784.009974546236,
    "leverage": 1
  }
}