{
  "t": "2025-09-28T23:23:11.294Z",
  "spot": 4125.63,
  "sigma_d": 0.001493494553856732,
  "ERI": 0.14934945538567318,
  "percentiles": {
    "p10": 0.07098066855024097,
    "p50": 0.17567247753885568,
    "p90": 0.2558474654166809
  },
  "ema": {
    "fast": 0.031056372371864358,
    "slow": 0.03121947260886749,
    "fast_period": 20,
    "slow_period": 100
  },
  "etv": {
    "horizon_days": 1,
    "risk_budget_usd": 100,
    "expected_move_usd": 6.161605936227949,
    "qty": 16.229535130125285,
    "notional_usd": 66957.05701889878,
    "leverage": 1
  }
}