{
  "t": "2026-03-24T19:18:14.310Z",
  "spot": 2124.89,
  "sigma_d": 0.002352590044685078,
  "ERI": 0.2352590044685078,
  "percentiles": {
    "p10": 0.09596144648786677,
    "p50": 0.22287544580792773,
    "p90": 0.3016277959305298
  },
  "ema": {
    "fast": 0.04081155317434126,
    "slow": 0.03847811919516312,
    "fast_period": 20,
    "slow_period": 100
  },
  "etv": {
    "horizon_days": 1,
    "risk_budget_usd": 100,
    "expected_move_usd": 4.998995060050875,
    "qty": 20.004020567882357,
    "notional_usd": 42506.343264487536,
    "leverage": 1
  }
}