{
  "t": "2026-01-22T17:40:16.630Z",
  "spot": 2939.34,
  "sigma_d": 0.001932841879768573,
  "ERI": 0.19328418797685729,
  "percentiles": {
    "p10": 0.07171379171361833,
    "p50": 0.16958338612543966,
    "p90": 0.2658901785436972
  },
  "ema": {
    "fast": 0.035251717377272736,
    "slow": 0.03337492935494642,
    "fast_period": 20,
    "slow_period": 100
  },
  "etv": {
    "horizon_days": 1,
    "risk_budget_usd": 100,
    "expected_move_usd": 5.681279450878957,
    "qty": 17.6016689311998,
    "notional_usd": 51737.28955623282,
    "leverage": 1
  }
}