{
  "t": "2026-05-08T20:14:06.773Z",
  "spot": 2313.25,
  "sigma_d": 0.0018186780077485316,
  "ERI": 0.18186780077485315,
  "percentiles": {
    "p10": 0.08518837533931631,
    "p50": 0.1984973547078394,
    "p90": 0.26879827541805956
  },
  "ema": {
    "fast": 0.04765712279119058,
    "slow": 0.041541854756562815,
    "fast_period": 20,
    "slow_period": 100
  },
  "etv": {
    "horizon_days": 1,
    "risk_budget_usd": 100,
    "expected_move_usd": 4.2070569014242905,
    "qty": 23.769585803830036,
    "notional_usd": 54984.99436070983,
    "leverage": 1
  }
}