{
  "t": "2026-03-11T15:58:41.550Z",
  "spot": 2050.26,
  "sigma_d": 0.0009170639862932746,
  "ERI": 0.09170639862932746,
  "percentiles": {
    "p10": 0.10260114782431864,
    "p50": 0.2669561811382245,
    "p90": 0.36057735857294637
  },
  "ema": {
    "fast": 0.04719497360385098,
    "slow": 0.051841070380922824,
    "fast_period": 20,
    "slow_period": 100
  },
  "etv": {
    "horizon_days": 1,
    "risk_budget_usd": 100,
    "expected_move_usd": 1.8802196085376492,
    "qty": 53.18527662722097,
    "notional_usd": 109043.64525772608,
    "leverage": 1
  }
}