{
  "t": "2025-10-17T07:26:13.198Z",
  "spot": 3794.24,
  "sigma_d": 0.0019383662040206836,
  "ERI": 0.19383662040206837,
  "percentiles": {
    "p10": 0.07791427115409727,
    "p50": 0.2110039256665989,
    "p90": 0.27517672275086913
  },
  "ema": {
    "fast": 0.03046118501952502,
    "slow": 0.03277885268224508,
    "fast_period": 20,
    "slow_period": 100
  },
  "etv": {
    "horizon_days": 1,
    "risk_budget_usd": 100,
    "expected_move_usd": 7.354626585943438,
    "qty": 13.596883381016982,
    "notional_usd": 51589.83879958987,
    "leverage": 1
  }
}