{
  "t": "2025-10-01T20:29:08.593Z",
  "spot": 4326.78,
  "sigma_d": 0.0017036998828420843,
  "ERI": 0.17036998828420843,
  "percentiles": {
    "p10": 0.07090048133551577,
    "p50": 0.19279351365491573,
    "p90": 0.2656173384163754
  },
  "ema": {
    "fast": 0.03217379513128281,
    "slow": 0.03238560991315941,
    "fast_period": 20,
    "slow_period": 100
  },
  "etv": {
    "horizon_days": 1,
    "risk_budget_usd": 100,
    "expected_move_usd": 7.371534579083473,
    "qty": 13.565696386170018,
    "notional_usd": 58695.783809752706,
    "leverage": 1
  }
}