{
  "t": "2026-05-27T23:37:44.877Z",
  "spot": 2017.68,
  "sigma_d": 0.001334547210844544,
  "ERI": 0.13345472108445441,
  "percentiles": {
    "p10": 0.09791702581101389,
    "p50": 0.22309287525048246,
    "p90": 0.3162102267399975
  },
  "ema": {
    "fast": 0.048366567614709755,
    "slow": 0.042641181561248194,
    "fast_period": 20,
    "slow_period": 100
  },
  "etv": {
    "horizon_days": 1,
    "risk_budget_usd": 100,
    "expected_move_usd": 2.6926892163768197,
    "qty": 37.13759441372005,
    "notional_usd": 74931.78149667468,
    "leverage": 1
  }
}