{
  "t": "2026-01-03T04:40:03.847Z",
  "spot": 3117.55,
  "sigma_d": 0.0013208482331322205,
  "ERI": 0.13208482331322205,
  "percentiles": {
    "p10": 0.14643558181587182,
    "p50": 0.21274375267793294,
    "p90": 0.3110059559280314
  },
  "ema": {
    "fast": 0.033925640500248405,
    "slow": 0.04442730225364051,
    "fast_period": 20,
    "slow_period": 100
  },
  "etv": {
    "horizon_days": 1,
    "risk_budget_usd": 100,
    "expected_move_usd": 4.117810409201354,
    "qty": 24.28475089007192,
    "notional_usd": 75708.92513734371,
    "leverage": 1
  }
}