{
  "t": "2025-09-10T22:25:51.160Z",
  "spot": 4348.53,
  "sigma_d": 0.002528381239784355,
  "ERI": 0.25283812397843547,
  "percentiles": {
    "p10": 0.07548826391034644,
    "p50": 0.22228508715295558,
    "p90": 0.32599994859136744
  },
  "ema": {
    "fast": 0.04268906938062268,
    "slow": 0.040605238942324186,
    "fast_period": 20,
    "slow_period": 100
  },
  "etv": {
    "horizon_days": 1,
    "risk_budget_usd": 100,
    "expected_move_usd": 10.99474167263946,
    "qty": 9.095256894379895,
    "notional_usd": 39550.9974629178,
    "leverage": 1
  }
}