{
  "t": "2025-11-21T20:31:34.175Z",
  "spot": 2711.1,
  "sigma_d": 0.0011310002455342167,
  "ERI": 0.11310002455342168,
  "percentiles": {
    "p10": 0.08416797247765259,
    "p50": 0.20239917850757505,
    "p90": 0.29151813008373867
  },
  "ema": {
    "fast": 0.04066510198896799,
    "slow": 0.038380226625319924,
    "fast_period": 20,
    "slow_period": 100
  },
  "etv": {
    "horizon_days": 1,
    "risk_budget_usd": 100,
    "expected_move_usd": 3.0662547656678147,
    "qty": 32.613076095201926,
    "notional_usd": 88417.31060170195,
    "leverage": 1
  }
}