{
  "t": "2026-02-28T04:21:50.557Z",
  "spot": 1925.45,
  "sigma_d": 0.0026432246440631245,
  "ERI": 0.26432246440631246,
  "percentiles": {
    "p10": 0.12095556061612259,
    "p50": 0.30207507698729896,
    "p90": 0.3823909153274117
  },
  "ema": {
    "fast": 0.043314759229441585,
    "slow": 0.04913604208240927,
    "fast_period": 20,
    "slow_period": 100
  },
  "etv": {
    "horizon_days": 1,
    "risk_budget_usd": 100,
    "expected_move_usd": 5.089396890911343,
    "qty": 19.64869357675371,
    "notional_usd": 37832.577047360435,
    "leverage": 1
  }
}