{
  "t": "2026-03-26T23:43:36.559Z",
  "spot": 2057.46,
  "sigma_d": 0.0013565507837821572,
  "ERI": 0.13565507837821572,
  "percentiles": {
    "p10": 0.09510863386087964,
    "p50": 0.21490494602357887,
    "p90": 0.28984009752829104
  },
  "ema": {
    "fast": 0.040503072754923944,
    "slow": 0.03935753682668058,
    "fast_period": 20,
    "slow_period": 100
  },
  "etv": {
    "horizon_days": 1,
    "risk_budget_usd": 100,
    "expected_move_usd": 2.7910489756004373,
    "qty": 35.82882309633676,
    "notional_usd": 73716.37036778903,
    "leverage": 1
  }
}