{
  "t": "2025-12-08T22:30:24.933Z",
  "spot": 3130.05,
  "sigma_d": 0.0021662727942246916,
  "ERI": 0.21662727942246915,
  "percentiles": {
    "p10": 0.07736381397781375,
    "p50": 0.22200610853027294,
    "p90": 0.34624717054840004
  },
  "ema": {
    "fast": 0.03870823987147791,
    "slow": 0.043671684035310444,
    "fast_period": 20,
    "slow_period": 100
  },
  "etv": {
    "horizon_days": 1,
    "risk_budget_usd": 100,
    "expected_move_usd": 6.780542159562996,
    "qty": 14.748083213222726,
    "notional_usd": 46162.237861547794,
    "leverage": 1
  }
}