{
  "t": "2026-01-09T04:07:07.136Z",
  "spot": 3117.15,
  "sigma_d": 0.0013860750128032026,
  "ERI": 0.13860750128032026,
  "percentiles": {
    "p10": 0.11962366750166667,
    "p50": 0.21485528164637033,
    "p90": 0.3186189896762125
  },
  "ema": {
    "fast": 0.034493923584166246,
    "slow": 0.03987968158800833,
    "fast_period": 20,
    "slow_period": 100
  },
  "etv": {
    "horizon_days": 1,
    "risk_budget_usd": 100,
    "expected_move_usd": 4.320603726159503,
    "qty": 23.144913613470393,
    "notional_usd": 72146.16747022924,
    "leverage": 1
  }
}