{
  "t": "2025-09-13T09:23:41.985Z",
  "spot": 4724.35,
  "sigma_d": 0.0020215425393700272,
  "ERI": 0.20215425393700273,
  "percentiles": {
    "p10": 0.07596701395528663,
    "p50": 0.19532699691176614,
    "p90": 0.32605710988921516
  },
  "ema": {
    "fast": 0.033990634249272726,
    "slow": 0.035216987392862206,
    "fast_period": 20,
    "slow_period": 100
  },
  "etv": {
    "horizon_days": 1,
    "risk_budget_usd": 100,
    "expected_move_usd": 9.55047449587279,
    "qty": 10.470683948029464,
    "notional_usd": 49467.175709873,
    "leverage": 1
  }
}