{
  "t": "2026-04-12T09:01:46.637Z",
  "spot": 2214.68,
  "sigma_d": 0.0022753317469822905,
  "ERI": 0.22753317469822903,
  "percentiles": {
    "p10": 0.08909764680710797,
    "p50": 0.23120228130757392,
    "p90": 0.34972341073660895
  },
  "ema": {
    "fast": 0.04664734629358659,
    "slow": 0.04581794777713574,
    "fast_period": 20,
    "slow_period": 100
  },
  "etv": {
    "horizon_days": 1,
    "risk_budget_usd": 100,
    "expected_move_usd": 5.039131713406738,
    "qty": 19.844688666094488,
    "notional_usd": 43949.63509502614,
    "leverage": 1
  }
}