{
  "t": "2025-11-29T09:28:12.777Z",
  "spot": 3005.31,
  "sigma_d": 0.0007395216647025896,
  "ERI": 0.07395216647025896,
  "percentiles": {
    "p10": 0.08887886727492295,
    "p50": 0.19360243696378715,
    "p90": 0.30193391782903517
  },
  "ema": {
    "fast": 0.03162354881174237,
    "slow": 0.035961137457007505,
    "fast_period": 20,
    "slow_period": 100
  },
  "etv": {
    "horizon_days": 1,
    "risk_budget_usd": 100,
    "expected_move_usd": 2.2224918541473393,
    "qty": 44.994540615927285,
    "notional_usd": 135222.54285845242,
    "leverage": 1
  }
}