{
  "t": "2026-02-17T20:51:46.454Z",
  "spot": 1996.56,
  "sigma_d": 0.00413460706705882,
  "ERI": 0.413460706705882,
  "percentiles": {
    "p10": 0.09801038082152105,
    "p50": 0.28739004283603,
    "p90": 0.38224077299805304
  },
  "ema": {
    "fast": 0.0596301660039815,
    "slow": 0.05581999740108205,
    "fast_period": 20,
    "slow_period": 100
  },
  "etv": {
    "horizon_days": 1,
    "risk_budget_usd": 100,
    "expected_move_usd": 8.254991085806957,
    "qty": 12.113883462809897,
    "notional_usd": 24186.095166507726,
    "leverage": 1
  }
}