{
  "t": "2025-12-11T16:45:17.937Z",
  "spot": 3190.88,
  "sigma_d": 0.0020870444752981616,
  "ERI": 0.20870444752981615,
  "percentiles": {
    "p10": 0.08317025413542126,
    "p50": 0.22200610853027294,
    "p90": 0.3354547618461036
  },
  "ema": {
    "fast": 0.03320930655157171,
    "slow": 0.03889554914811286,
    "fast_period": 20,
    "slow_period": 100
  },
  "etv": {
    "horizon_days": 1,
    "risk_budget_usd": 100,
    "expected_move_usd": 6.659508475339398,
    "qty": 15.016123242474523,
    "notional_usd": 47914.647331947104,
    "leverage": 1
  }
}