{
  "t": "2025-11-20T16:37:48.332Z",
  "spot": 2886.73,
  "sigma_d": 0.0030512561680403464,
  "ERI": 0.30512561680403466,
  "percentiles": {
    "p10": 0.08319704130066297,
    "p50": 0.20239917850757505,
    "p90": 0.28853019280914677
  },
  "ema": {
    "fast": 0.034582258455203414,
    "slow": 0.03695912821846424,
    "fast_period": 20,
    "slow_period": 100
  },
  "etv": {
    "horizon_days": 1,
    "risk_budget_usd": 100,
    "expected_move_usd": 8.80815271796711,
    "qty": 11.353118321395277,
    "notional_usd": 32773.38725192139,
    "leverage": 1
  }
}