{
  "t": "2025-12-13T15:28:06.527Z",
  "spot": 3115.91,
  "sigma_d": 0.0015502047106395053,
  "ERI": 0.15502047106395053,
  "percentiles": {
    "p10": 0.08505312170836248,
    "p50": 0.22255330682723737,
    "p90": 0.33421771750952345
  },
  "ema": {
    "fast": 0.035400697512027506,
    "slow": 0.03856732990527122,
    "fast_period": 20,
    "slow_period": 100
  },
  "etv": {
    "horizon_days": 1,
    "risk_budget_usd": 100,
    "expected_move_usd": 4.830298359928741,
    "qty": 20.702654898004116,
    "notional_usd": 64507.60942324001,
    "leverage": 1
  }
}