{
  "t": "2026-03-06T05:56:10.326Z",
  "spot": 2065.32,
  "sigma_d": 0.0021822381813280177,
  "ERI": 0.21822381813280176,
  "percentiles": {
    "p10": 0.11015841647567107,
    "p50": 0.2807281128229349,
    "p90": 0.36564512992137516
  },
  "ema": {
    "fast": 0.0509302143661132,
    "slow": 0.047823911733748926,
    "fast_period": 20,
    "slow_period": 100
  },
  "etv": {
    "horizon_days": 1,
    "risk_budget_usd": 100,
    "expected_move_usd": 4.507020160660382,
    "qty": 22.187608760407166,
    "notional_usd": 45824.51212504413,
    "leverage": 1
  }
}