{
  "t": "2026-06-11T22:09:46.374Z",
  "spot": 1680.58,
  "sigma_d": 0.0029285003867972888,
  "ERI": 0.29285003867972886,
  "percentiles": {
    "p10": 0.08241905834499225,
    "p50": 0.2011363752689838,
    "p90": 0.3804041668054057
  },
  "ema": {
    "fast": 0.055378303324118854,
    "slow": 0.04755991016763066,
    "fast_period": 20,
    "slow_period": 100
  },
  "etv": {
    "horizon_days": 1,
    "risk_budget_usd": 100,
    "expected_move_usd": 4.921579180043787,
    "qty": 20.318681533253375,
    "notional_usd": 34147.169811154956,
    "leverage": 1
  }
}