{
  "t": "2025-10-22T02:06:18.570Z",
  "spot": 3869.31,
  "sigma_d": 0.002544476243306134,
  "ERI": 0.2544476243306134,
  "percentiles": {
    "p10": 0.08098626447852347,
    "p50": 0.2082915078242432,
    "p90": 0.2701053784852573
  },
  "ema": {
    "fast": 0.037987554770698886,
    "slow": 0.038365939767899385,
    "fast_period": 20,
    "slow_period": 100
  },
  "etv": {
    "horizon_days": 1,
    "risk_budget_usd": 100,
    "expected_move_usd": 9.845367372986857,
    "qty": 10.157061307267634,
    "notional_usd": 39300.81888682373,
    "leverage": 1
  }
}