{
  "t": "2025-12-15T02:25:20.847Z",
  "spot": 3139.5,
  "sigma_d": 0.002490711998025362,
  "ERI": 0.2490711998025362,
  "percentiles": {
    "p10": 0.08418805675846316,
    "p50": 0.2202609880138513,
    "p90": 0.3222237518268869
  },
  "ema": {
    "fast": 0.04007928049728745,
    "slow": 0.03675925933875428,
    "fast_period": 20,
    "slow_period": 100
  },
  "etv": {
    "horizon_days": 1,
    "risk_budget_usd": 100,
    "expected_move_usd": 7.819590317800624,
    "qty": 12.788393756685515,
    "notional_usd": 40149.16219911417,
    "leverage": 1
  }
}