{
  "t": "2026-04-15T03:35:17.292Z",
  "spot": 2328.64,
  "sigma_d": 0.003080745712642242,
  "ERI": 0.30807457126422416,
  "percentiles": {
    "p10": 0.08901808514125302,
    "p50": 0.2282361075457852,
    "p90": 0.35050022859809266
  },
  "ema": {
    "fast": 0.04882089423001289,
    "slow": 0.04635661174495045,
    "fast_period": 20,
    "slow_period": 100
  },
  "etv": {
    "horizon_days": 1,
    "risk_budget_usd": 100,
    "expected_move_usd": 7.17394769628723,
    "qty": 13.93932660698844,
    "notional_usd": 32459.673510097557,
    "leverage": 1
  }
}