{
  "t": "2025-09-25T20:29:30.273Z",
  "spot": 3905.8,
  "sigma_d": 0.0007274649695989319,
  "ERI": 0.07274649695989319,
  "percentiles": {
    "p10": 0.07429236876788023,
    "p50": 0.18664999611126404,
    "p90": 0.24318158261973175
  },
  "ema": {
    "fast": 0.03489762740079998,
    "slow": 0.035791916374768654,
    "fast_period": 20,
    "slow_period": 100
  },
  "etv": {
    "horizon_days": 1,
    "risk_budget_usd": 100,
    "expected_move_usd": 2.8413326782595085,
    "qty": 35.194752365730075,
    "notional_usd": 137463.66379006853,
    "leverage": 1
  }
}