{
  "t": "2025-09-28T12:49:23.660Z",
  "spot": 3970.2,
  "sigma_d": 0.0025282860028059692,
  "ERI": 0.25282860028059695,
  "percentiles": {
    "p10": 0.07098066855024097,
    "p50": 0.17989270346976,
    "p90": 0.25539581660835137
  },
  "ema": {
    "fast": 0.028556334323445356,
    "slow": 0.030721703488286633,
    "fast_period": 20,
    "slow_period": 100
  },
  "etv": {
    "horizon_days": 1,
    "risk_budget_usd": 100,
    "expected_move_usd": 10.03780108834026,
    "qty": 9.962341265773668,
    "notional_usd": 39552.487293374616,
    "leverage": 1
  }
}