{
  "t": "2025-09-03T16:33:25.368Z",
  "spot": 4458.57,
  "sigma_d": 0.0024423324560915597,
  "ERI": 0.24423324560915596,
  "percentiles": {
    "p10": 0.08327671381424806,
    "p50": 0.2187821392985487,
    "p90": 0.2965180141793229
  },
  "ema": {
    "fast": 0.04117008437659953,
    "slow": 0.04140109961377726,
    "fast_period": 20,
    "slow_period": 100
  },
  "etv": {
    "horizon_days": 1,
    "risk_budget_usd": 100,
    "expected_move_usd": 10.889310218756144,
    "qty": 9.183318134123533,
    "notional_usd": 40944.46673325916,
    "leverage": 1
  }
}