{
  "t": "2026-03-22T10:40:55.686Z",
  "spot": 2080.22,
  "sigma_d": 0.0026036651824131204,
  "ERI": 0.260366518241312,
  "percentiles": {
    "p10": 0.09574480377442898,
    "p50": 0.2286166892001908,
    "p90": 0.3462198930047046
  },
  "ema": {
    "fast": 0.03342310161438045,
    "slow": 0.03623221590058814,
    "fast_period": 20,
    "slow_period": 100
  },
  "etv": {
    "horizon_days": 1,
    "risk_budget_usd": 100,
    "expected_move_usd": 5.416196385759421,
    "qty": 18.46314145161461,
    "notional_usd": 38407.39611047774,
    "leverage": 1
  }
}