{
  "t": "2026-01-16T10:37:44.050Z",
  "spot": 3299.12,
  "sigma_d": 0.0006850141639909768,
  "ERI": 0.06850141639909768,
  "percentiles": {
    "p10": 0.0795716695047594,
    "p50": 0.2022854983130974,
    "p90": 0.27876920591552673
  },
  "ema": {
    "fast": 0.02668561273684492,
    "slow": 0.0324961767562709,
    "fast_period": 20,
    "slow_period": 100
  },
  "etv": {
    "horizon_days": 1,
    "risk_budget_usd": 100,
    "expected_move_usd": 2.259943928705911,
    "qty": 44.248885439056885,
    "notional_usd": 145982.38292970136,
    "leverage": 1
  }
}