{
  "t": "2026-01-23T13:07:29.466Z",
  "spot": 2932.75,
  "sigma_d": 0.0017525462226175364,
  "ERI": 0.17525462226175365,
  "percentiles": {
    "p10": 0.07171379171361833,
    "p50": 0.1642903796598994,
    "p90": 0.2658901785436972
  },
  "ema": {
    "fast": 0.03652014624066391,
    "slow": 0.034684603265245494,
    "fast_period": 20,
    "slow_period": 100
  },
  "etv": {
    "horizon_days": 1,
    "risk_budget_usd": 100,
    "expected_move_usd": 5.13977993438158,
    "qty": 19.45608591742791,
    "notional_usd": 57059.835974336704,
    "leverage": 1
  }
}