{
  "t": "2025-11-07T15:30:02.103Z",
  "spot": 3312.4,
  "sigma_d": 0.001235784837674197,
  "ERI": 0.12357848376741969,
  "percentiles": {
    "p10": 0.07486604198958181,
    "p50": 0.208657321615277,
    "p90": 0.29561773461855895
  },
  "ema": {
    "fast": 0.03153941848633845,
    "slow": 0.03659276966088774,
    "fast_period": 20,
    "slow_period": 100
  },
  "etv": {
    "horizon_days": 1,
    "risk_budget_usd": 100,
    "expected_move_usd": 4.09341369631201,
    "qty": 24.4294878111381,
    "notional_usd": 80920.23542561384,
    "leverage": 1
  }
}