{
  "t": "2025-11-23T23:25:57.353Z",
  "spot": 2802.63,
  "sigma_d": 0.0007316567857473364,
  "ERI": 0.07316567857473363,
  "percentiles": {
    "p10": 0.08270103127911355,
    "p50": 0.19816528560693408,
    "p90": 0.2916392987440329
  },
  "ema": {
    "fast": 0.03272555101871044,
    "slow": 0.03751832610787174,
    "fast_period": 20,
    "slow_period": 100
  },
  "etv": {
    "horizon_days": 1,
    "risk_budget_usd": 100,
    "expected_move_usd": 2.0505632574390575,
    "qty": 48.7670885729659,
    "notional_usd": 136676.10544725144,
    "leverage": 1
  }
}