{
  "t": "2026-02-07T10:40:04.605Z",
  "spot": 2002.24,
  "sigma_d": 0.0009572775009842919,
  "ERI": 0.0957277500984292,
  "percentiles": {
    "p10": 0.07716787856358145,
    "p50": 0.19810576988468634,
    "p90": 0.34947359871995287
  },
  "ema": {
    "fast": 0.04583276612419475,
    "slow": 0.04880683497110838,
    "fast_period": 20,
    "slow_period": 100
  },
  "etv": {
    "horizon_days": 1,
    "risk_budget_usd": 100,
    "expected_move_usd": 1.9166993035707887,
    "qty": 52.17302464382449,
    "notional_usd": 104462.91686285115,
    "leverage": 1
  }
}