{
  "t": "2025-10-29T05:30:28.613Z",
  "spot": 4022.95,
  "sigma_d": 0.0015174686162842449,
  "ERI": 0.1517468616284245,
  "percentiles": {
    "p10": 0.08461836309939237,
    "p50": 0.21380800729477484,
    "p90": 0.274231272095601
  },
  "ema": {
    "fast": 0.035818255818811255,
    "slow": 0.036549816717205724,
    "fast_period": 20,
    "slow_period": 100
  },
  "etv": {
    "horizon_days": 1,
    "risk_budget_usd": 100,
    "expected_move_usd": 6.104700369880702,
    "qty": 16.380820341876042,
    "notional_usd": 65899.22119435022,
    "leverage": 1
  }
}