{
  "t": "2026-02-26T16:02:28.458Z",
  "spot": 2033.62,
  "sigma_d": 0.0028541461844461802,
  "ERI": 0.285414618444618,
  "percentiles": {
    "p10": 0.12577061352026117,
    "p50": 0.3105755664554848,
    "p90": 0.3823909153274117
  },
  "ema": {
    "fast": 0.04521870570865351,
    "slow": 0.05310165475406308,
    "fast_period": 20,
    "slow_period": 100
  },
  "etv": {
    "horizon_days": 1,
    "risk_budget_usd": 100,
    "expected_move_usd": 5.80424876361344,
    "qty": 17.22875846171433,
    "notional_usd": 35036.747782911494,
    "leverage": 1
  }
}