{
  "t": "2026-02-20T06:03:38.783Z",
  "spot": 1955.94,
  "sigma_d": 0.0029576234505054927,
  "ERI": 0.29576234505054927,
  "percentiles": {
    "p10": 0.11613762506844227,
    "p50": 0.28739004283603,
    "p90": 0.3860526086309107
  },
  "ema": {
    "fast": 0.05044408141664138,
    "slow": 0.05418881040397893,
    "fast_period": 20,
    "slow_period": 100
  },
  "etv": {
    "horizon_days": 1,
    "risk_budget_usd": 100,
    "expected_move_usd": 5.784934011781713,
    "qty": 17.2862818826175,
    "notional_usd": 33810.930185486875,
    "leverage": 1
  }
}