{
  "t": "2026-03-06T04:49:35.963Z",
  "spot": 2068.82,
  "sigma_d": 0.002399813965827189,
  "ERI": 0.2399813965827189,
  "percentiles": {
    "p10": 0.11015841647567107,
    "p50": 0.28099829512656094,
    "p90": 0.36564512992137516
  },
  "ema": {
    "fast": 0.05190269988731092,
    "slow": 0.0479477967805977,
    "fast_period": 20,
    "slow_period": 100
  },
  "etv": {
    "horizon_days": 1,
    "risk_budget_usd": 100,
    "expected_move_usd": 4.964783128782605,
    "qty": 20.14186670516676,
    "notional_usd": 41669.896676983095,
    "leverage": 1
  }
}