{
  "t": "2025-11-27T09:32:21.562Z",
  "spot": 3030.4,
  "sigma_d": 0.001862657104195424,
  "ERI": 0.1862657104195424,
  "percentiles": {
    "p10": 0.08805992666102151,
    "p50": 0.19992956696075515,
    "p90": 0.30193391782903517
  },
  "ema": {
    "fast": 0.03623371422127187,
    "slow": 0.03745935596302988,
    "fast_period": 20,
    "slow_period": 100
  },
  "etv": {
    "horizon_days": 1,
    "risk_budget_usd": 100,
    "expected_move_usd": 5.644596088553813,
    "qty": 17.71605947195785,
    "notional_usd": 53686.74662382106,
    "leverage": 1
  }
}