{
  "t": "2025-10-12T02:02:53.951Z",
  "spot": 3719.06,
  "sigma_d": 0.001746223539143139,
  "ERI": 0.1746223539143139,
  "percentiles": {
    "p10": 0.0735319391642849,
    "p50": 0.2182663582731273,
    "p90": 0.2767314733589211
  },
  "ema": {
    "fast": 0.03506004135403521,
    "slow": 0.036746943774358685,
    "fast_period": 20,
    "slow_period": 100
  },
  "etv": {
    "horizon_days": 1,
    "risk_budget_usd": 100,
    "expected_move_usd": 6.494310115485683,
    "qty": 15.398094365951204,
    "notional_usd": 57266.436832634485,
    "leverage": 1
  }
}