{
  "t": "2025-11-08T17:23:50.364Z",
  "spot": 3377.33,
  "sigma_d": 0.0018901756304567446,
  "ERI": 0.18901756304567446,
  "percentiles": {
    "p10": 0.07507768709900452,
    "p50": 0.20849769248783834,
    "p90": 0.2946835826373701
  },
  "ema": {
    "fast": 0.031657140458192706,
    "slow": 0.034936562591021916,
    "fast_period": 20,
    "slow_period": 100
  },
  "etv": {
    "horizon_days": 1,
    "risk_budget_usd": 100,
    "expected_move_usd": 6.383746862010477,
    "qty": 15.66478153999144,
    "notional_usd": 52905.13663845929,
    "leverage": 1
  }
}