{
  "t": "2025-11-21T16:33:53.022Z",
  "spot": 2711.86,
  "sigma_d": 0.0012094103893655831,
  "ERI": 0.12094103893655832,
  "percentiles": {
    "p10": 0.08416797247765259,
    "p50": 0.20011152278214928,
    "p90": 0.29110057116283505
  },
  "ema": {
    "fast": 0.03690963397916026,
    "slow": 0.03746135950955732,
    "fast_period": 20,
    "slow_period": 100
  },
  "etv": {
    "horizon_days": 1,
    "risk_budget_usd": 100,
    "expected_move_usd": 3.2797516585049507,
    "qty": 30.490113402544697,
    "notional_usd": 82684.91893182487,
    "leverage": 1
  }
}