{
  "t": "2025-11-27T11:26:57.854Z",
  "spot": 3028.19,
  "sigma_d": 0.0018002264096126364,
  "ERI": 0.18002264096126364,
  "percentiles": {
    "p10": 0.08805992666102151,
    "p50": 0.19820577863607175,
    "p90": 0.30193391782903517
  },
  "ema": {
    "fast": 0.036089730154249954,
    "slow": 0.03738190154528412,
    "fast_period": 20,
    "slow_period": 100
  },
  "etv": {
    "horizon_days": 1,
    "risk_budget_usd": 100,
    "expected_move_usd": 5.451427611324889,
    "qty": 18.34381874433374,
    "notional_usd": 55548.568483403986,
    "leverage": 1
  }
}