{
  "t": "2026-04-10T17:58:58.319Z",
  "spot": 2248.68,
  "sigma_d": 0.0006764972255319526,
  "ERI": 0.06764972255319526,
  "percentiles": {
    "p10": 0.0900408579547957,
    "p50": 0.21900252303781548,
    "p90": 0.34972341073660895
  },
  "ema": {
    "fast": 0.04609929535268207,
    "slow": 0.045896018037248534,
    "fast_period": 20,
    "slow_period": 100
  },
  "etv": {
    "horizon_days": 1,
    "risk_budget_usd": 100,
    "expected_move_usd": 1.521225781109191,
    "qty": 65.73646150480418,
    "notional_usd": 147820.26625662306,
    "leverage": 1
  }
}