{
  "t": "2026-02-12T15:01:11.391Z",
  "spot": 1978.8,
  "sigma_d": 0.002613171015827648,
  "ERI": 0.2613171015827648,
  "percentiles": {
    "p10": 0.09041067882894623,
    "p50": 0.25249802068519056,
    "p90": 0.37771311101948796
  },
  "ema": {
    "fast": 0.05556791727372651,
    "slow": 0.05956216944096353,
    "fast_period": 20,
    "slow_period": 100
  },
  "etv": {
    "horizon_days": 1,
    "risk_budget_usd": 100,
    "expected_move_usd": 5.17094280611975,
    "qty": 19.33883311988119,
    "notional_usd": 38267.6829776209,
    "leverage": 1
  }
}