{
  "t": "2025-09-30T18:36:18.957Z",
  "spot": 4104.63,
  "sigma_d": 0.0007399315792674479,
  "ERI": 0.0739931579267448,
  "percentiles": {
    "p10": 0.07090048133551577,
    "p50": 0.18093959483883068,
    "p90": 0.2602785562165525
  },
  "ema": {
    "fast": 0.029216374038102757,
    "slow": 0.030846779594117812,
    "fast_period": 20,
    "slow_period": 100
  },
  "etv": {
    "horizon_days": 1,
    "risk_budget_usd": 100,
    "expected_move_usd": 3.037145358208545,
    "qty": 32.92565491794072,
    "notional_usd": 135147.63094582703,
    "leverage": 1
  }
}