{
  "t": "2026-03-14T02:47:48.551Z",
  "spot": 2091.74,
  "sigma_d": 0.003575673333836481,
  "ERI": 0.3575673333836481,
  "percentiles": {
    "p10": 0.10076613005563757,
    "p50": 0.2688025630510842,
    "p90": 0.36057735857294637
  },
  "ema": {
    "fast": 0.0438091591262169,
    "slow": 0.04518753805162355,
    "fast_period": 20,
    "slow_period": 100
  },
  "etv": {
    "horizon_days": 1,
    "risk_budget_usd": 100,
    "expected_move_usd": 7.47937893931912,
    "qty": 13.370094069482116,
    "notional_usd": 27966.760568898517,
    "leverage": 1
  }
}