{
  "t": "2026-06-22T12:23:22.181Z",
  "spot": 1762.99,
  "sigma_d": 0.0017339044977519142,
  "ERI": 0.1733904497751914,
  "percentiles": {
    "p10": 0.08370521180631367,
    "p50": 0.21191333391742842,
    "p90": 0.3817902617639839
  },
  "ema": {
    "fast": 0.03993386867056382,
    "slow": 0.044615471134589565,
    "fast_period": 20,
    "slow_period": 100
  },
  "etv": {
    "horizon_days": 1,
    "risk_budget_usd": 100,
    "expected_move_usd": 3.0568562904916474,
    "qty": 32.71334681680982,
    "notional_usd": 57673.30330456754,
    "leverage": 1
  }
}