{
  "t": "2026-04-27T16:50:07.574Z",
  "spot": 2278.02,
  "sigma_d": 0.0021961642880499294,
  "ERI": 0.21961642880499294,
  "percentiles": {
    "p10": 0.08516908297038495,
    "p50": 0.20478960170381658,
    "p90": 0.3133211709498779
  },
  "ema": {
    "fast": 0.03566372936746539,
    "slow": 0.03564994003415467,
    "fast_period": 20,
    "slow_period": 100
  },
  "etv": {
    "horizon_days": 1,
    "risk_budget_usd": 100,
    "expected_move_usd": 5.002906171463501,
    "qty": 19.988382066887134,
    "notional_usd": 45533.93411601023,
    "leverage": 1
  }
}