{
  "t": "2025-11-02T13:29:31.868Z",
  "spot": 3859.57,
  "sigma_d": 0.0026299338092289283,
  "ERI": 0.2629933809228928,
  "percentiles": {
    "p10": 0.08497790374072993,
    "p50": 0.2177448206053081,
    "p90": 0.2909311937713
  },
  "ema": {
    "fast": 0.04930418490233798,
    "slow": 0.044666415112326774,
    "fast_period": 20,
    "slow_period": 100
  },
  "etv": {
    "horizon_days": 1,
    "risk_budget_usd": 100,
    "expected_move_usd": 10.150413632085696,
    "qty": 9.851815268285979,
    "notional_usd": 38023.77065501852,
    "leverage": 1
  }
}