{
  "t": "2026-04-17T03:38:34.803Z",
  "spot": 2330.5,
  "sigma_d": 0.0025880983819727976,
  "ERI": 0.25880983819727976,
  "percentiles": {
    "p10": 0.08949175669885677,
    "p50": 0.2282361075457852,
    "p90": 0.3482485795053716
  },
  "ema": {
    "fast": 0.038639119439769595,
    "slow": 0.04301646526152142,
    "fast_period": 20,
    "slow_period": 100
  },
  "etv": {
    "horizon_days": 1,
    "risk_budget_usd": 100,
    "expected_move_usd": 6.031563279187605,
    "qty": 16.57944970005671,
    "notional_usd": 38638.40752598216,
    "leverage": 1
  }
}