{
  "t": "2026-03-12T20:49:40.151Z",
  "spot": 2064.46,
  "sigma_d": 0.002090449224293692,
  "ERI": 0.2090449224293692,
  "percentiles": {
    "p10": 0.10260114782431864,
    "p50": 0.26252191735776575,
    "p90": 0.36057735857294637
  },
  "ema": {
    "fast": 0.03812121807099744,
    "slow": 0.04708235260828834,
    "fast_period": 20,
    "slow_period": 100
  },
  "etv": {
    "horizon_days": 1,
    "risk_budget_usd": 100,
    "expected_move_usd": 4.315648805585355,
    "qty": 23.171486954772366,
    "notional_usd": 47836.60795864936,
    "leverage": 1
  }
}