{
  "t": "2026-01-08T06:49:33.586Z",
  "spot": 3116.18,
  "sigma_d": 0.0013483664335612873,
  "ERI": 0.13483664335612872,
  "percentiles": {
    "p10": 0.13246180605059185,
    "p50": 0.21263899274023285,
    "p90": 0.3155246088476158
  },
  "ema": {
    "fast": 0.04405298055429397,
    "slow": 0.04243295294856654,
    "fast_period": 20,
    "slow_period": 100
  },
  "etv": {
    "horizon_days": 1,
    "risk_budget_usd": 100,
    "expected_move_usd": 4.201752512935012,
    "qty": 23.799593072688594,
    "notional_usd": 74163.81594125074,
    "leverage": 1
  }
}