{
  "t": "2026-06-19T12:16:27.880Z",
  "spot": 1690.19,
  "sigma_d": 0.002953926470356554,
  "ERI": 0.2953926470356554,
  "percentiles": {
    "p10": 0.08534410826489355,
    "p50": 0.21548614729059137,
    "p90": 0.3817902617639839
  },
  "ema": {
    "fast": 0.04597280146645106,
    "slow": 0.04814229795633273,
    "fast_period": 20,
    "slow_period": 100
  },
  "etv": {
    "horizon_days": 1,
    "risk_budget_usd": 100,
    "expected_move_usd": 4.992696980931944,
    "qty": 20.029254805953364,
    "notional_usd": 33853.24618047432,
    "leverage": 1
  }
}