{
  "t": "2025-12-18T16:43:01.856Z",
  "spot": 2948.56,
  "sigma_d": 0.0008270465120048996,
  "ERI": 0.08270465120048996,
  "percentiles": {
    "p10": 0.07939482920405169,
    "p50": 0.20440077955191094,
    "p90": 0.2840410459705529
  },
  "ema": {
    "fast": 0.031234136068382955,
    "slow": 0.034813628339915574,
    "fast_period": 20,
    "slow_period": 100
  },
  "etv": {
    "horizon_days": 1,
    "risk_budget_usd": 100,
    "expected_move_usd": 2.4385962634371667,
    "qty": 41.007198075113685,
    "notional_usd": 120912.1839563572,
    "leverage": 1
  }
}