{
  "t": "2025-11-24T16:33:10.064Z",
  "spot": 2850.35,
  "sigma_d": 0.002588405903883055,
  "ERI": 0.2588405903883055,
  "percentiles": {
    "p10": 0.08270103127911355,
    "p50": 0.19674660860731663,
    "p90": 0.2952181465191975
  },
  "ema": {
    "fast": 0.033891265684766504,
    "slow": 0.037089382548143486,
    "fast_period": 20,
    "slow_period": 100
  },
  "etv": {
    "horizon_days": 1,
    "risk_budget_usd": 100,
    "expected_move_usd": 7.377862768133066,
    "qty": 13.554060727711873,
    "notional_usd": 38633.81699523354,
    "leverage": 1
  }
}