{
  "t": "2025-10-03T06:37:33.128Z",
  "spot": 4482.3,
  "sigma_d": 0.002608008771224098,
  "ERI": 0.2608008771224098,
  "percentiles": {
    "p10": 0.07088027110115395,
    "p50": 0.185352262611777,
    "p90": 0.2676809576473457
  },
  "ema": {
    "fast": 0.038723986392693796,
    "slow": 0.035381643897391464,
    "fast_period": 20,
    "slow_period": 100
  },
  "etv": {
    "horizon_days": 1,
    "risk_budget_usd": 100,
    "expected_move_usd": 11.689877715257774,
    "qty": 8.554409416060764,
    "notional_usd": 38343.42932560916,
    "leverage": 1
  }
}