{
  "t": "2026-05-21T16:22:32.268Z",
  "spot": 2128.77,
  "sigma_d": 0.001652797559338397,
  "ERI": 0.1652797559338397,
  "percentiles": {
    "p10": 0.08883214396533406,
    "p50": 0.2213525465645411,
    "p90": 0.29686709819303464
  },
  "ema": {
    "fast": 0.0313361632318915,
    "slow": 0.03922765275709437,
    "fast_period": 20,
    "slow_period": 100
  },
  "etv": {
    "horizon_days": 1,
    "risk_budget_usd": 100,
    "expected_move_usd": 3.518425860392799,
    "qty": 28.421801103075097,
    "notional_usd": 60503.477534193175,
    "leverage": 1
  }
}