{
  "t": "2025-10-26T07:23:34.139Z",
  "spot": 3945,
  "sigma_d": 0.0020624994407154105,
  "ERI": 0.20624994407154104,
  "percentiles": {
    "p10": 0.08098626447852347,
    "p50": 0.20744265157391142,
    "p90": 0.2696622016780655
  },
  "ema": {
    "fast": 0.037672724474560965,
    "slow": 0.038179394813352495,
    "fast_period": 20,
    "slow_period": 100
  },
  "etv": {
    "horizon_days": 1,
    "risk_budget_usd": 100,
    "expected_move_usd": 8.136560293622294,
    "qty": 12.290205736984868,
    "notional_usd": 48484.86163240531,
    "leverage": 1
  }
}