{
  "t": "2025-09-25T03:07:32.362Z",
  "spot": 4094.21,
  "sigma_d": 0.002800021428533649,
  "ERI": 0.2800021428533649,
  "percentiles": {
    "p10": 0.07522804064340996,
    "p50": 0.1850977057888616,
    "p90": 0.2415159443346077
  },
  "ema": {
    "fast": 0.04049141550621674,
    "slow": 0.037135300664443475,
    "fast_period": 20,
    "slow_period": 100
  },
  "etv": {
    "horizon_days": 1,
    "risk_budget_usd": 100,
    "expected_move_usd": 11.463875732916751,
    "qty": 8.723053383496248,
    "notional_usd": 35714.01239324418,
    "leverage": 1
  }
}