{
  "t": "2025-10-27T23:24:43.698Z",
  "spot": 4106.27,
  "sigma_d": 0.0007909362591370469,
  "ERI": 0.0790936259137047,
  "percentiles": {
    "p10": 0.08461836309939237,
    "p50": 0.20991766680410295,
    "p90": 0.270154701258962
  },
  "ema": {
    "fast": 0.031800903762420424,
    "slow": 0.03718852353534334,
    "fast_period": 20,
    "slow_period": 100
  },
  "etv": {
    "horizon_days": 1,
    "risk_budget_usd": 100,
    "expected_move_usd": 3.247797832806682,
    "qty": 30.790093826000863,
    "notional_usd": 126432.43857489257,
    "leverage": 1
  }
}