{
  "t": "2025-10-22T18:40:56.203Z",
  "spot": 3811.86,
  "sigma_d": 0.0009101415775231477,
  "ERI": 0.09101415775231478,
  "percentiles": {
    "p10": 0.08162142081145844,
    "p50": 0.21042940362359802,
    "p90": 0.2669112605786823
  },
  "ema": {
    "fast": 0.034065699902830336,
    "slow": 0.03771496280458893,
    "fast_period": 20,
    "slow_period": 100
  },
  "etv": {
    "horizon_days": 1,
    "risk_budget_usd": 100,
    "expected_move_usd": 3.469332273697386,
    "qty": 28.823990356342136,
    "notional_usd": 109873.01587972634,
    "leverage": 1
  }
}