{
  "t": "2025-11-14T04:33:29.148Z",
  "spot": 3205.24,
  "sigma_d": 0.0008187685153471462,
  "ERI": 0.08187685153471462,
  "percentiles": {
    "p10": 0.07610339711785073,
    "p50": 0.19376322097526721,
    "p90": 0.2849155525924802
  },
  "ema": {
    "fast": 0.030999613522297857,
    "slow": 0.03430779181687641,
    "fast_period": 20,
    "slow_period": 100
  },
  "etv": {
    "horizon_days": 1,
    "risk_budget_usd": 100,
    "expected_move_usd": 2.624349596131287,
    "qty": 38.10467940224735,
    "notional_usd": 122134.64260725929,
    "leverage": 1
  }
}