{
  "t": "2026-01-23T20:36:50.020Z",
  "spot": 2933.79,
  "sigma_d": 0.0017991964655106989,
  "ERI": 0.1799196465510699,
  "percentiles": {
    "p10": 0.07184601349790881,
    "p50": 0.16598519935045947,
    "p90": 0.2677988259912101
  },
  "ema": {
    "fast": 0.03985742993173951,
    "slow": 0.03567112701199086,
    "fast_period": 20,
    "slow_period": 100
  },
  "etv": {
    "horizon_days": 1,
    "risk_budget_usd": 100,
    "expected_move_usd": 5.2784645985506335,
    "qty": 18.944903036284096,
    "notional_usd": 55580.367078819916,
    "leverage": 1
  }
}