{
  "t": "2026-02-15T11:32:53.286Z",
  "spot": 2060.5,
  "sigma_d": 0.0028300721423138242,
  "ERI": 0.2830072142313824,
  "percentiles": {
    "p10": 0.09631124683910958,
    "p50": 0.26918281786960924,
    "p90": 0.3819860851745566
  },
  "ema": {
    "fast": 0.057592367280515484,
    "slow": 0.05346475681433615,
    "fast_period": 20,
    "slow_period": 100
  },
  "etv": {
    "horizon_days": 1,
    "risk_budget_usd": 100,
    "expected_move_usd": 5.831363649237635,
    "qty": 17.14864755743256,
    "notional_usd": 35334.78829208979,
    "leverage": 1
  }
}