{
  "t": "2026-01-27T06:52:18.515Z",
  "spot": 2924.83,
  "sigma_d": 0.0015686078359213916,
  "ERI": 0.15686078359213917,
  "percentiles": {
    "p10": 0.07159610232154241,
    "p50": 0.18980992835443827,
    "p90": 0.27475522187325496
  },
  "ema": {
    "fast": 0.03222857308602272,
    "slow": 0.03689508327727417,
    "fast_period": 20,
    "slow_period": 100
  },
  "etv": {
    "horizon_days": 1,
    "risk_budget_usd": 100,
    "expected_move_usd": 4.587911256737963,
    "qty": 21.796411134399467,
    "notional_usd": 63750.79717822559,
    "leverage": 1
  }
}