{
  "t": "2026-05-08T06:06:29.471Z",
  "spot": 2274.17,
  "sigma_d": 0.0024794982238383117,
  "ERI": 0.24794982238383118,
  "percentiles": {
    "p10": 0.08493554833287004,
    "p50": 0.19628554345419563,
    "p90": 0.2626334790624655
  },
  "ema": {
    "fast": 0.04803060939962998,
    "slow": 0.040513342853685685,
    "fast_period": 20,
    "slow_period": 100
  },
  "etv": {
    "horizon_days": 1,
    "risk_budget_usd": 100,
    "expected_move_usd": 5.638800475706374,
    "qty": 17.73426820665666,
    "notional_usd": 40330.74072753238,
    "leverage": 1
  }
}