{
  "t": "2026-05-23T11:22:16.541Z",
  "spot": 2031.3,
  "sigma_d": 0.0018549603528305383,
  "ERI": 0.18549603528305383,
  "percentiles": {
    "p10": 0.08950066499078002,
    "p50": 0.2181071555851041,
    "p90": 0.2984938883427115
  },
  "ema": {
    "fast": 0.039880247874050596,
    "slow": 0.03957813510686333,
    "fast_period": 20,
    "slow_period": 100
  },
  "etv": {
    "horizon_days": 1,
    "risk_budget_usd": 100,
    "expected_move_usd": 3.7679809647046723,
    "qty": 26.539412204232786,
    "notional_usd": 53909.508010458056,
    "leverage": 1
  }
}