{
  "t": "2026-01-30T18:58:53.688Z",
  "spot": 2732.32,
  "sigma_d": 0.002015853891014875,
  "ERI": 0.2015853891014875,
  "percentiles": {
    "p10": 0.07342043759200238,
    "p50": 0.1785021852120316,
    "p90": 0.2812841269121995
  },
  "ema": {
    "fast": 0.0345663186735455,
    "slow": 0.03132757943438923,
    "fast_period": 20,
    "slow_period": 100
  },
  "etv": {
    "horizon_days": 1,
    "risk_budget_usd": 100,
    "expected_move_usd": 5.507957903497763,
    "qty": 18.155549071371112,
    "notional_usd": 49606.76983868872,
    "leverage": 1
  }
}