{
  "t": "2025-11-04T13:41:16.771Z",
  "spot": 3516.96,
  "sigma_d": 0.001287610283728948,
  "ERI": 0.1287610283728948,
  "percentiles": {
    "p10": 0.07885568375215382,
    "p50": 0.21551814317041004,
    "p90": 0.2909961502761157
  },
  "ema": {
    "fast": 0.03131777482979271,
    "slow": 0.038772683928934806,
    "fast_period": 20,
    "slow_period": 100
  },
  "etv": {
    "horizon_days": 1,
    "risk_budget_usd": 100,
    "expected_move_usd": 4.52847386346336,
    "qty": 22.082494680342567,
    "notional_usd": 77663.25049097759,
    "leverage": 1
  }
}