{
  "t": "2026-05-03T17:03:26.913Z",
  "spot": 2325.28,
  "sigma_d": 0.002382169124742545,
  "ERI": 0.23821691247425447,
  "percentiles": {
    "p10": 0.08441840954145854,
    "p50": 0.19355487851195086,
    "p90": 0.2626314429449677
  },
  "ema": {
    "fast": 0.034967850740093384,
    "slow": 0.03340565953257507,
    "fast_period": 20,
    "slow_period": 100
  },
  "etv": {
    "horizon_days": 1,
    "risk_budget_usd": 100,
    "expected_move_usd": 5.539210222381345,
    "qty": 18.053115152760768,
    "notional_usd": 41978.54760241156,
    "leverage": 1
  }
}