{
  "t": "2025-09-04T21:23:40.071Z",
  "spot": 4312.38,
  "sigma_d": 0.001020237231505921,
  "ERI": 0.1020237231505921,
  "percentiles": {
    "p10": 0.08187510861017358,
    "p50": 0.2293210259558634,
    "p90": 0.3004634887100837
  },
  "ema": {
    "fast": 0.03887417816947521,
    "slow": 0.04133279596709078,
    "fast_period": 20,
    "slow_period": 100
  },
  "etv": {
    "horizon_days": 1,
    "risk_budget_usd": 100,
    "expected_move_usd": 4.399650632401504,
    "qty": 22.729077455274222,
    "notional_usd": 98016.41903657545,
    "leverage": 1
  }
}