{
  "t": "2026-05-28T04:24:36.774Z",
  "spot": 1972.48,
  "sigma_d": 0.0035158839535811043,
  "ERI": 0.35158839535811043,
  "percentiles": {
    "p10": 0.09791702581101389,
    "p50": 0.22309287525048246,
    "p90": 0.3163355035920543
  },
  "ema": {
    "fast": 0.05015745342454429,
    "slow": 0.04312691793860907,
    "fast_period": 20,
    "slow_period": 100
  },
  "etv": {
    "horizon_days": 1,
    "risk_budget_usd": 100,
    "expected_move_usd": 6.935010780759657,
    "qty": 14.419588254633695,
    "notional_usd": 28442.34944049987,
    "leverage": 1
  }
}