{
  "t": "2026-06-14T15:14:28.274Z",
  "spot": 1661.97,
  "sigma_d": 0.0020927364964856915,
  "ERI": 0.20927364964856915,
  "percentiles": {
    "p10": 0.08509939726906793,
    "p50": 0.20861254441862204,
    "p90": 0.3804041668054057
  },
  "ema": {
    "fast": 0.05003047037812029,
    "slow": 0.047795686082597245,
    "fast_period": 20,
    "slow_period": 100
  },
  "etv": {
    "horizon_days": 1,
    "risk_budget_usd": 100,
    "expected_move_usd": 3.4780652750643246,
    "qty": 28.75161680171473,
    "notional_usd": 47784.32457594583,
    "leverage": 1
  }
}