{
  "t": "2026-02-26T14:59:31.672Z",
  "spot": 2050.47,
  "sigma_d": 0.0008974815085609618,
  "ERI": 0.08974815085609618,
  "percentiles": {
    "p10": 0.12577061352026117,
    "p50": 0.3105755664554848,
    "p90": 0.3823909153274117
  },
  "ema": {
    "fast": 0.044238739331662516,
    "slow": 0.05307283189474985,
    "fast_period": 20,
    "slow_period": 100
  },
  "etv": {
    "horizon_days": 1,
    "risk_budget_usd": 100,
    "expected_move_usd": 1.8402589088589951,
    "qty": 54.34017980763501,
    "notional_usd": 111422.90849016135,
    "leverage": 1
  }
}