{
  "t": "2026-02-02T23:39:22.691Z",
  "spot": 2349.06,
  "sigma_d": 0.0026164451071811704,
  "ERI": 0.26164451071811706,
  "percentiles": {
    "p10": 0.07373025272256337,
    "p50": 0.19524485463135122,
    "p90": 0.30118793832710267
  },
  "ema": {
    "fast": 0.04899624199335466,
    "slow": 0.03974575905512616,
    "fast_period": 20,
    "slow_period": 100
  },
  "etv": {
    "horizon_days": 1,
    "risk_budget_usd": 100,
    "expected_move_usd": 6.146186543475,
    "qty": 16.270251365241002,
    "notional_usd": 38219.79667203303,
    "leverage": 1
  }
}