{
  "t": "2025-09-26T03:05:45.222Z",
  "spot": 3954.34,
  "sigma_d": 0.002183358719933696,
  "ERI": 0.21833587199336957,
  "percentiles": {
    "p10": 0.07410138502970143,
    "p50": 0.18671055113076063,
    "p90": 0.24516742003537587
  },
  "ema": {
    "fast": 0.03526474031424366,
    "slow": 0.035700274041413495,
    "fast_period": 20,
    "slow_period": 100
  },
  "etv": {
    "horizon_days": 1,
    "risk_budget_usd": 100,
    "expected_move_usd": 8.63374272058261,
    "qty": 11.582462349914909,
    "notional_usd": 45800.994168762525,
    "leverage": 1
  }
}