{
  "t": "2026-04-03T21:47:08.111Z",
  "spot": 2058.09,
  "sigma_d": 0.0015917298805089351,
  "ERI": 0.15917298805089353,
  "percentiles": {
    "p10": 0.09215626627374224,
    "p50": 0.21439323356861473,
    "p90": 0.32479671822027906
  },
  "ema": {
    "fast": 0.027731302080423875,
    "slow": 0.04263992626842104,
    "fast_period": 20,
    "slow_period": 100
  },
  "etv": {
    "horizon_days": 1,
    "risk_budget_usd": 100,
    "expected_move_usd": 3.2759233497766345,
    "qty": 30.525744751267883,
    "notional_usd": 62824.73001513692,
    "leverage": 1
  }
}