{
  "t": "2026-03-07T02:41:44.677Z",
  "spot": 1975.14,
  "sigma_d": 0.0029118739965050293,
  "ERI": 0.29118739965050294,
  "percentiles": {
    "p10": 0.1069178646034985,
    "p50": 0.2799829128082929,
    "p90": 0.36564512992137516
  },
  "ema": {
    "fast": 0.05476610476991699,
    "slow": 0.04942286647502408,
    "fast_period": 20,
    "slow_period": 100
  },
  "etv": {
    "horizon_days": 1,
    "risk_budget_usd": 100,
    "expected_move_usd": 5.751358805456944,
    "qty": 17.387195510236477,
    "notional_usd": 34342.14534008848,
    "leverage": 1
  }
}