{
  "t": "2025-09-21T18:34:02.636Z",
  "spot": 4489.86,
  "sigma_d": 0.002391168788712328,
  "ERI": 0.2391168788712328,
  "percentiles": {
    "p10": 0.08199021503244962,
    "p50": 0.17516196602769546,
    "p90": 0.22987962186634084
  },
  "ema": {
    "fast": 0.040115597358751295,
    "slow": 0.03290457402837595,
    "fast_period": 20,
    "slow_period": 100
  },
  "etv": {
    "horizon_days": 1,
    "risk_budget_usd": 100,
    "expected_move_usd": 10.736013097687932,
    "qty": 9.314444672346351,
    "notional_usd": 41820.55255658099,
    "leverage": 1
  }
}