{
  "t": "2025-11-05T06:40:56.722Z",
  "spot": 3324.05,
  "sigma_d": 0.0016662669696644779,
  "ERI": 0.16662669696644777,
  "percentiles": {
    "p10": 0.07918262000022498,
    "p50": 0.21656804019952614,
    "p90": 0.2939978864147874
  },
  "ema": {
    "fast": 0.0423082542049983,
    "slow": 0.041203200440699805,
    "fast_period": 20,
    "slow_period": 100
  },
  "etv": {
    "horizon_days": 1,
    "risk_budget_usd": 100,
    "expected_move_usd": 5.538754720513208,
    "qty": 18.054599823610573,
    "notional_usd": 60014.39254367273,
    "leverage": 1
  }
}