{
  "t": "2025-09-27T22:24:30.176Z",
  "spot": 4028.72,
  "sigma_d": 0.0015850428562601284,
  "ERI": 0.15850428562601285,
  "percentiles": {
    "p10": 0.07255590939244556,
    "p50": 0.18472478580466817,
    "p90": 0.2534779782947238
  },
  "ema": {
    "fast": 0.02748035206658984,
    "slow": 0.032155920661409154,
    "fast_period": 20,
    "slow_period": 100
  },
  "etv": {
    "horizon_days": 1,
    "risk_budget_usd": 100,
    "expected_move_usd": 6.385693855872304,
    "qty": 15.660005358390253,
    "notional_usd": 63089.77678745398,
    "leverage": 1
  }
}