{
  "t": "2026-02-20T21:37:21.397Z",
  "spot": 1971.68,
  "sigma_d": 0.0034953662662990507,
  "ERI": 0.3495366266299051,
  "percentiles": {
    "p10": 0.12212660643475559,
    "p50": 0.28739004283603,
    "p90": 0.37667875585538585
  },
  "ema": {
    "fast": 0.05795658656609301,
    "slow": 0.055450240762921835,
    "fast_period": 20,
    "slow_period": 100
  },
  "etv": {
    "horizon_days": 1,
    "risk_budget_usd": 100,
    "expected_move_usd": 6.891743759936513,
    "qty": 14.510115797010016,
    "notional_usd": 28609.30511464871,
    "leverage": 1
  }
}