{
  "t": "2026-05-01T22:02:48.680Z",
  "spot": 2293.5,
  "sigma_d": 0.0027968952487252767,
  "ERI": 0.2796895248725277,
  "percentiles": {
    "p10": 0.08562035957300303,
    "p50": 0.19746533589191512,
    "p90": 0.2740671392392626
  },
  "ema": {
    "fast": 0.032334424553729764,
    "slow": 0.034665236591395414,
    "fast_period": 20,
    "slow_period": 100
  },
  "etv": {
    "horizon_days": 1,
    "risk_budget_usd": 100,
    "expected_move_usd": 6.414679252951422,
    "qty": 15.589243991270422,
    "notional_usd": 35753.93109397871,
    "leverage": 1
  }
}