{
  "t": "2026-01-26T09:46:26.813Z",
  "spot": 2889.26,
  "sigma_d": 0.002847355513384713,
  "ERI": 0.2847355513384713,
  "percentiles": {
    "p10": 0.07343543011528292,
    "p50": 0.19331979130203839,
    "p90": 0.27058211991502684
  },
  "ema": {
    "fast": 0.042591317973760104,
    "slow": 0.03996556696322935,
    "fast_period": 20,
    "slow_period": 100
  },
  "etv": {
    "horizon_days": 1,
    "risk_budget_usd": 100,
    "expected_move_usd": 8.226750390601916,
    "qty": 12.155467864229612,
    "notional_usd": 35120.307081404055,
    "leverage": 1
  }
}