{
  "t": "2026-01-09T14:36:20.353Z",
  "spot": 3074.94,
  "sigma_d": 0.0018351010122348215,
  "ERI": 0.18351010122348216,
  "percentiles": {
    "p10": 0.10586925557021208,
    "p50": 0.21851574427163928,
    "p90": 0.3186189896762125
  },
  "ema": {
    "fast": 0.03507933915328063,
    "slow": 0.03890677230654098,
    "fast_period": 20,
    "slow_period": 100
  },
  "etv": {
    "horizon_days": 1,
    "risk_budget_usd": 100,
    "expected_move_usd": 5.642825506561342,
    "qty": 17.7216183423929,
    "notional_usd": 54492.91310575763,
    "leverage": 1
  }
}