{
  "t": "2026-02-05T13:24:54.709Z",
  "spot": 2053.67,
  "sigma_d": 0.00089545248327346,
  "ERI": 0.089545248327346,
  "percentiles": {
    "p10": 0.07716787856358145,
    "p50": 0.19995666920524938,
    "p90": 0.3187678954051761
  },
  "ema": {
    "fast": 0.04243358840662333,
    "slow": 0.04358936163614298,
    "fast_period": 20,
    "slow_period": 100
  },
  "etv": {
    "horizon_days": 1,
    "risk_budget_usd": 100,
    "expected_move_usd": 1.8389639013242067,
    "qty": 54.378446432793865,
    "notional_usd": 111675.38408563579,
    "leverage": 1
  }
}