{
  "t": "2025-10-01T09:29:30.574Z",
  "spot": 4289.81,
  "sigma_d": 0.002768171916393494,
  "ERI": 0.27681719163934937,
  "percentiles": {
    "p10": 0.07098066855024097,
    "p50": 0.19069481888426276,
    "p90": 0.2648539242196303
  },
  "ema": {
    "fast": 0.03798524684596206,
    "slow": 0.033009684137338485,
    "fast_period": 20,
    "slow_period": 100
  },
  "etv": {
    "horizon_days": 1,
    "risk_budget_usd": 100,
    "expected_move_usd": 11.874931568663975,
    "qty": 8.421101159343422,
    "notional_usd": 36124.923964363006,
    "leverage": 1
  }
}