{
  "t": "2025-11-14T15:26:44.277Z",
  "spot": 3175.6,
  "sigma_d": 0.002201249860879792,
  "ERI": 0.2201249860879792,
  "percentiles": {
    "p10": 0.07605246285199697,
    "p50": 0.19068377211277335,
    "p90": 0.28431946478988
  },
  "ema": {
    "fast": 0.034289801935854486,
    "slow": 0.0343063442600425,
    "fast_period": 20,
    "slow_period": 100
  },
  "etv": {
    "horizon_days": 1,
    "risk_budget_usd": 100,
    "expected_move_usd": 6.990289058209868,
    "qty": 14.30556006586784,
    "notional_usd": 45428.736545169915,
    "leverage": 1
  }
}