{
  "t": "2026-04-15T22:01:33.019Z",
  "spot": 2361.02,
  "sigma_d": 0.0014178703440533033,
  "ERI": 0.14178703440533033,
  "percentiles": {
    "p10": 0.08949175669885677,
    "p50": 0.22767169812804677,
    "p90": 0.3487227151103359
  },
  "ema": {
    "fast": 0.04239758195920524,
    "slow": 0.04513034104122503,
    "fast_period": 20,
    "slow_period": 100
  },
  "etv": {
    "horizon_days": 1,
    "risk_budget_usd": 100,
    "expected_move_usd": 3.34762023971673,
    "qty": 29.871966602896936,
    "notional_usd": 70528.31058877172,
    "leverage": 1
  }
}