{
  "t": "2025-10-31T03:48:24.101Z",
  "spot": 3821.93,
  "sigma_d": 0.0015778664958268503,
  "ERI": 0.15778664958268504,
  "percentiles": {
    "p10": 0.08256068332481364,
    "p50": 0.20534299244308568,
    "p90": 0.2759948651816427
  },
  "ema": {
    "fast": 0.039372320156323776,
    "slow": 0.036252077913963454,
    "fast_period": 20,
    "slow_period": 100
  },
  "etv": {
    "horizon_days": 1,
    "risk_budget_usd": 100,
    "expected_move_usd": 6.030495296395514,
    "qty": 16.58238587131823,
    "notional_usd": 63376.71803316728,
    "leverage": 1
  }
}