{
  "t": "2025-12-10T07:32:03.436Z",
  "spot": 3316.3,
  "sigma_d": 0.0017863410902045288,
  "ERI": 0.17863410902045287,
  "percentiles": {
    "p10": 0.07796773069300217,
    "p50": 0.22203933051430966,
    "p90": 0.34401014146988695
  },
  "ema": {
    "fast": 0.03680067288079532,
    "slow": 0.040073583866871466,
    "fast_period": 20,
    "slow_period": 100
  },
  "etv": {
    "horizon_days": 1,
    "risk_budget_usd": 100,
    "expected_move_usd": 5.9240429574452795,
    "qty": 16.880363751299434,
    "notional_usd": 55980.35030843432,
    "leverage": 1
  }
}