{
  "t": "2026-03-17T05:01:03.738Z",
  "spot": 2311.72,
  "sigma_d": 0.001720764932006562,
  "ERI": 0.1720764932006562,
  "percentiles": {
    "p10": 0.10552495336363249,
    "p50": 0.2623261569176908,
    "p90": 0.3567350633979202
  },
  "ema": {
    "fast": 0.034631841124167784,
    "slow": 0.04104825691864934,
    "fast_period": 20,
    "slow_period": 100
  },
  "etv": {
    "horizon_days": 1,
    "risk_budget_usd": 100,
    "expected_move_usd": 3.977926708618209,
    "qty": 25.13872359270703,
    "notional_usd": 58113.69010373269,
    "leverage": 1
  }
}