{
  "t": "2026-05-01T09:56:15.546Z",
  "spot": 2279.92,
  "sigma_d": 0.0022955979157121354,
  "ERI": 0.22955979157121353,
  "percentiles": {
    "p10": 0.08880539162320795,
    "p50": 0.20128810922088344,
    "p90": 0.2740671392392626
  },
  "ema": {
    "fast": 0.031829082325217466,
    "slow": 0.03509058425576383,
    "fast_period": 20,
    "slow_period": 100
  },
  "etv": {
    "horizon_days": 1,
    "risk_budget_usd": 100,
    "expected_move_usd": 5.233779599990412,
    "qty": 19.106650956448984,
    "notional_usd": 43561.63564862717,
    "leverage": 1
  }
}