{
  "t": "2025-11-23T05:29:47.675Z",
  "spot": 2822.77,
  "sigma_d": 0.0016866057565365928,
  "ERI": 0.16866057565365927,
  "percentiles": {
    "p10": 0.08416797247765259,
    "p50": 0.20707545289412402,
    "p90": 0.2913022202724372
  },
  "ema": {
    "fast": 0.04187364292120247,
    "slow": 0.04048229547591665,
    "fast_period": 20,
    "slow_period": 100
  },
  "etv": {
    "horizon_days": 1,
    "risk_budget_usd": 100,
    "expected_move_usd": 4.760900131378798,
    "qty": 21.004431355513255,
    "notional_usd": 59290.67869740215,
    "leverage": 1
  }
}