{
  "t": "2026-05-10T21:59:18.702Z",
  "spot": 2331.25,
  "sigma_d": 0.0028569286071045614,
  "ERI": 0.28569286071045613,
  "percentiles": {
    "p10": 0.08676897632937358,
    "p50": 0.20392323201085838,
    "p90": 0.2729917739839652
  },
  "ema": {
    "fast": 0.04504713703764773,
    "slow": 0.04224399230306886,
    "fast_period": 20,
    "slow_period": 100
  },
  "etv": {
    "horizon_days": 1,
    "risk_budget_usd": 100,
    "expected_move_usd": 6.660214815312509,
    "qty": 15.014530728061484,
    "notional_usd": 35002.62475979333,
    "leverage": 1
  }
}