{
  "t": "2026-03-10T07:52:17.241Z",
  "spot": 2052.94,
  "sigma_d": 0.0010575633181848175,
  "ERI": 0.10575633181848175,
  "percentiles": {
    "p10": 0.1024655879195603,
    "p50": 0.27145966634556007,
    "p90": 0.36057735857294637
  },
  "ema": {
    "fast": 0.05449194158532669,
    "slow": 0.0529537703001432,
    "fast_period": 20,
    "slow_period": 100
  },
  "etv": {
    "horizon_days": 1,
    "risk_budget_usd": 100,
    "expected_move_usd": 2.1711140384343395,
    "qty": 46.05930330224074,
    "notional_usd": 94556.9861213021,
    "leverage": 1
  }
}