{
  "t": "2025-09-16T10:30:05.026Z",
  "spot": 4509.91,
  "sigma_d": 0.0009649235065140557,
  "ERI": 0.09649235065140556,
  "percentiles": {
    "p10": 0.07750861984066773,
    "p50": 0.1860387113290879,
    "p90": 0.32489068392658976
  },
  "ema": {
    "fast": 0.02677452211139578,
    "slow": 0.03180626447664955,
    "fast_period": 20,
    "slow_period": 100
  },
  "etv": {
    "horizon_days": 1,
    "risk_budget_usd": 100,
    "expected_move_usd": 4.351718171262805,
    "qty": 22.979429288496746,
    "notional_usd": 103635.15794248435,
    "leverage": 1
  }
}