{
  "t": "2026-03-12T17:58:32.300Z",
  "spot": 2058.19,
  "sigma_d": 0.0016246460622456568,
  "ERI": 0.16246460622456568,
  "percentiles": {
    "p10": 0.10503062610363459,
    "p50": 0.2633375218086498,
    "p90": 0.36057735857294637
  },
  "ema": {
    "fast": 0.04023108768468029,
    "slow": 0.04785612228408416,
    "fast_period": 20,
    "slow_period": 100
  },
  "etv": {
    "horizon_days": 1,
    "risk_budget_usd": 100,
    "expected_move_usd": 3.3438302788533885,
    "qty": 29.905824058238494,
    "notional_usd": 61551.868018425885,
    "leverage": 1
  }
}