{
  "t": "2026-05-17T13:53:36.128Z",
  "spot": 2193.41,
  "sigma_d": 0.0034573097382192947,
  "ERI": 0.34573097382192947,
  "percentiles": {
    "p10": 0.08883214396533406,
    "p50": 0.22749151447070698,
    "p90": 0.2907255151528421
  },
  "ema": {
    "fast": 0.05475242498183052,
    "slow": 0.04536853511085187,
    "fast_period": 20,
    "slow_period": 100
  },
  "etv": {
    "horizon_days": 1,
    "risk_budget_usd": 100,
    "expected_move_usd": 7.5832977529075825,
    "qty": 13.186875058632383,
    "notional_usd": 28924.223622354853,
    "leverage": 1
  }
}