{
  "t": "2025-09-04T22:26:02.155Z",
  "spot": 4323.25,
  "sigma_d": 0.0018292106015319288,
  "ERI": 0.18292106015319287,
  "percentiles": {
    "p10": 0.08188164493783995,
    "p50": 0.2289051439372488,
    "p90": 0.30045797892421994
  },
  "ema": {
    "fast": 0.03850016305551155,
    "slow": 0.041206344947402974,
    "fast_period": 20,
    "slow_period": 100
  },
  "etv": {
    "horizon_days": 1,
    "risk_budget_usd": 100,
    "expected_move_usd": 7.908134733072911,
    "qty": 12.645206913557782,
    "notional_usd": 54668.39078903868,
    "leverage": 1
  }
}