{
  "t": "2025-10-01T10:30:43.908Z",
  "spot": 4292.56,
  "sigma_d": 0.002814841239905871,
  "ERI": 0.2814841239905871,
  "percentiles": {
    "p10": 0.07098066855024097,
    "p50": 0.19153324261213445,
    "p90": 0.26546853668934894
  },
  "ema": {
    "fast": 0.03948926775387029,
    "slow": 0.03342092735004462,
    "fast_period": 20,
    "slow_period": 100
  },
  "etv": {
    "horizon_days": 1,
    "risk_budget_usd": 100,
    "expected_move_usd": 12.082874912770347,
    "qty": 8.276176052630518,
    "notional_usd": 35525.98227647966,
    "leverage": 1
  }
}