{
  "t": "2025-11-20T22:26:50.306Z",
  "spot": 2895.64,
  "sigma_d": 0.003017638424315021,
  "ERI": 0.3017638424315021,
  "percentiles": {
    "p10": 0.08416797247765259,
    "p50": 0.20292846572167322,
    "p90": 0.29085513465767265
  },
  "ema": {
    "fast": 0.03810898849414404,
    "slow": 0.03736078543957169,
    "fast_period": 20,
    "slow_period": 100
  },
  "etv": {
    "horizon_days": 1,
    "risk_budget_usd": 100,
    "expected_move_usd": 8.737994526983547,
    "qty": 11.444273590603988,
    "notional_usd": 33138.49637989653,
    "leverage": 1
  }
}