{
  "t": "2026-01-29T04:46:19.919Z",
  "spot": 2949.66,
  "sigma_d": 0.0007120268453275706,
  "ERI": 0.07120268453275706,
  "percentiles": {
    "p10": 0.07342043759200238,
    "p50": 0.17615047419896718,
    "p90": 0.27475522187325496
  },
  "ema": {
    "fast": 0.021686582099830584,
    "slow": 0.029675803471615705,
    "fast_period": 20,
    "slow_period": 100
  },
  "etv": {
    "horizon_days": 1,
    "risk_budget_usd": 100,
    "expected_move_usd": 2.100237104588922,
    "qty": 47.61367170473495,
    "notional_usd": 140444.14288058848,
    "leverage": 1
  }
}