{
  "t": "2025-12-22T20:33:13.783Z",
  "spot": 2971.96,
  "sigma_d": 0.002772334590966356,
  "ERI": 0.2772334590966356,
  "percentiles": {
    "p10": 0.08150207016707457,
    "p50": 0.20789613437578727,
    "p90": 0.2865332008496663
  },
  "ema": {
    "fast": 0.037942155610786496,
    "slow": 0.041191486832328594,
    "fast_period": 20,
    "slow_period": 100
  },
  "etv": {
    "horizon_days": 1,
    "risk_budget_usd": 100,
    "expected_move_usd": 8.239267510968372,
    "qty": 12.137001240325898,
    "notional_usd": 36070.68220619895,
    "leverage": 1
  }
}