{
  "t": "2026-05-09T07:18:21.524Z",
  "spot": 2313.75,
  "sigma_d": 0.0018582988385846134,
  "ERI": 0.18582988385846133,
  "percentiles": {
    "p10": 0.08518837533931631,
    "p50": 0.20002268881722357,
    "p90": 0.26879827541805956
  },
  "ema": {
    "fast": 0.04275966230705949,
    "slow": 0.040859778657881124,
    "fast_period": 20,
    "slow_period": 100
  },
  "etv": {
    "horizon_days": 1,
    "risk_budget_usd": 100,
    "expected_move_usd": 4.299638937775149,
    "qty": 23.257766860708788,
    "notional_usd": 53812.65807396496,
    "leverage": 1
  }
}