{
  "t": "2026-04-24T03:44:21.913Z",
  "spot": 2305.08,
  "sigma_d": 0.0009844538959519183,
  "ERI": 0.09844538959519183,
  "percentiles": {
    "p10": 0.08560033522110613,
    "p50": 0.22689841548619283,
    "p90": 0.33415974162661405
  },
  "ema": {
    "fast": 0.035042374879038975,
    "slow": 0.03511734094605206,
    "fast_period": 20,
    "slow_period": 100
  },
  "etv": {
    "horizon_days": 1,
    "risk_budget_usd": 100,
    "expected_move_usd": 2.2692449864808477,
    "qty": 44.06752051706868,
    "notional_usd": 101579.16019348467,
    "leverage": 1
  }
}