{
  "t": "2025-12-21T12:55:47.345Z",
  "spot": 2987.19,
  "sigma_d": 0.0030596213063740305,
  "ERI": 0.3059621306374031,
  "percentiles": {
    "p10": 0.0798454856819872,
    "p50": 0.20789613437578727,
    "p90": 0.285418950610476
  },
  "ema": {
    "fast": 0.04692466784567016,
    "slow": 0.04220773197112263,
    "fast_period": 20,
    "slow_period": 100
  },
  "etv": {
    "horizon_days": 1,
    "risk_budget_usd": 100,
    "expected_move_usd": 9.13967017018744,
    "qty": 10.941313869967495,
    "notional_usd": 32683.7833792282,
    "leverage": 1
  }
}