{
  "t": "2026-02-17T05:02:29.535Z",
  "spot": 1988.44,
  "sigma_d": 0.003869589447750095,
  "ERI": 0.3869589447750095,
  "percentiles": {
    "p10": 0.09679517091466512,
    "p50": 0.2800530130728567,
    "p90": 0.38224077299805304
  },
  "ema": {
    "fast": 0.05946361239893897,
    "slow": 0.05439362023760103,
    "fast_period": 20,
    "slow_period": 100
  },
  "etv": {
    "horizon_days": 1,
    "risk_budget_usd": 100,
    "expected_move_usd": 7.694446441484199,
    "qty": 12.99638651857466,
    "notional_usd": 25842.5348089946,
    "leverage": 1
  }
}