{
  "t": "2025-10-27T18:39:19.176Z",
  "spot": 4219.08,
  "sigma_d": 0.0013207732372024247,
  "ERI": 0.13207732372024247,
  "percentiles": {
    "p10": 0.08418166287851903,
    "p50": 0.2111947522173443,
    "p90": 0.270154701258962
  },
  "ema": {
    "fast": 0.03366031005589731,
    "slow": 0.038017399685871485,
    "fast_period": 20,
    "slow_period": 100
  },
  "etv": {
    "horizon_days": 1,
    "risk_budget_usd": 100,
    "expected_move_usd": 5.572447949616006,
    "qty": 17.94543455661904,
    "notional_usd": 75713.22402914026,
    "leverage": 1
  }
}