{
  "t": "2026-03-08T15:34:51.777Z",
  "spot": 1940.66,
  "sigma_d": 0.003972765000266711,
  "ERI": 0.3972765000266711,
  "percentiles": {
    "p10": 0.10560626629855942,
    "p50": 0.2688025630510842,
    "p90": 0.35613962206795524
  },
  "ema": {
    "fast": 0.05662890704813444,
    "slow": 0.05245537059939653,
    "fast_period": 20,
    "slow_period": 100
  },
  "etv": {
    "horizon_days": 1,
    "risk_budget_usd": 100,
    "expected_move_usd": 7.709786125417596,
    "qty": 12.970528413274701,
    "notional_usd": 25171.385670505682,
    "leverage": 1
  }
}