{
  "t": "2026-02-22T14:38:11.600Z",
  "spot": 1952.27,
  "sigma_d": 0.002912332115933865,
  "ERI": 0.2912332115933865,
  "percentiles": {
    "p10": 0.13049440557040684,
    "p50": 0.30658788289063355,
    "p90": 0.3841217937031148
  },
  "ema": {
    "fast": 0.06841177183142584,
    "slow": 0.06197985190385369,
    "fast_period": 20,
    "slow_period": 100
  },
  "etv": {
    "horizon_days": 1,
    "risk_budget_usd": 100,
    "expected_move_usd": 5.685658619974206,
    "qty": 17.58811189414212,
    "notional_usd": 34336.74320757684,
    "leverage": 1
  }
}