{
  "t": "2025-11-08T19:20:51.731Z",
  "spot": 3389.96,
  "sigma_d": 0.0022919035535151483,
  "ERI": 0.22919035535151483,
  "percentiles": {
    "p10": 0.07507768709900452,
    "p50": 0.20914798084979508,
    "p90": 0.2946835826373701
  },
  "ema": {
    "fast": 0.03401477247261606,
    "slow": 0.035319016173818725,
    "fast_period": 20,
    "slow_period": 100
  },
  "etv": {
    "horizon_days": 1,
    "risk_budget_usd": 100,
    "expected_move_usd": 7.769461370274212,
    "qty": 12.870905103228623,
    "notional_usd": 43631.8534637409,
    "leverage": 1
  }
}