{
  "t": "2026-04-26T19:10:20.960Z",
  "spot": 2361.52,
  "sigma_d": 0.0016297424009899337,
  "ERI": 0.16297424009899336,
  "percentiles": {
    "p10": 0.08565908225879268,
    "p50": 0.21198657181043923,
    "p90": 0.3216204121914091
  },
  "ema": {
    "fast": 0.03749695154892248,
    "slow": 0.03605338955180507,
    "fast_period": 20,
    "slow_period": 100
  },
  "etv": {
    "horizon_days": 1,
    "risk_budget_usd": 100,
    "expected_move_usd": 3.8486692747857485,
    "qty": 25.98300681618503,
    "notional_usd": 61359.39025655727,
    "leverage": 1
  }
}