{
  "t": "2025-12-20T18:37:04.835Z",
  "spot": 2975.47,
  "sigma_d": 0.002490659120548223,
  "ERI": 0.24906591205482229,
  "percentiles": {
    "p10": 0.08135616126397803,
    "p50": 0.204165355129096,
    "p90": 0.2840410459705529
  },
  "ema": {
    "fast": 0.0476220659782161,
    "slow": 0.03973379282682151,
    "fast_period": 20,
    "slow_period": 100
  },
  "etv": {
    "horizon_days": 1,
    "risk_budget_usd": 100,
    "expected_move_usd": 7.41088149341762,
    "qty": 13.493671446348248,
    "notional_usd": 40150.014578465816,
    "leverage": 1
  }
}