{
  "t": "2026-03-23T23:44:25.017Z",
  "spot": 2149.49,
  "sigma_d": 0.0008959377266768213,
  "ERI": 0.08959377266768213,
  "percentiles": {
    "p10": 0.09574480377442898,
    "p50": 0.22432897631735862,
    "p90": 0.30554113327699584
  },
  "ema": {
    "fast": 0.03454300843678443,
    "slow": 0.037065188351449584,
    "fast_period": 20,
    "slow_period": 100
  },
  "etv": {
    "horizon_days": 1,
    "risk_budget_usd": 100,
    "expected_move_usd": 1.9258091841145606,
    "qty": 51.92622448001126,
    "notional_usd": 111614.90025753938,
    "leverage": 1
  }
}