{
  "t": "2025-10-27T22:27:36.016Z",
  "spot": 4142.58,
  "sigma_d": 0.001951298834308754,
  "ERI": 0.1951298834308754,
  "percentiles": {
    "p10": 0.08790609173480105,
    "p50": 0.2125128014900617,
    "p90": 0.270154701258962
  },
  "ema": {
    "fast": 0.03355775510440294,
    "slow": 0.037634537828712164,
    "fast_period": 20,
    "slow_period": 100
  },
  "etv": {
    "horizon_days": 1,
    "risk_budget_usd": 100,
    "expected_move_usd": 8.083411525030758,
    "qty": 12.371014353326455,
    "notional_usd": 51247.91663980311,
    "leverage": 1
  }
}