{
  "t": "2026-03-16T05:54:59.077Z",
  "spot": 2271.93,
  "sigma_d": 0.0021888443759871755,
  "ERI": 0.21888443759871756,
  "percentiles": {
    "p10": 0.10601568688289394,
    "p50": 0.26726309296261264,
    "p90": 0.35827321743046575
  },
  "ema": {
    "fast": 0.03817649837738286,
    "slow": 0.04312510390684736,
    "fast_period": 20,
    "slow_period": 100
  },
  "etv": {
    "horizon_days": 1,
    "risk_budget_usd": 100,
    "expected_move_usd": 4.972901203136543,
    "qty": 20.108985864615065,
    "notional_usd": 45686.2082553949,
    "leverage": 1
  }
}