{
  "t": "2026-01-07T11:30:10.443Z",
  "spot": 3223.1,
  "sigma_d": 0.0015653136234652309,
  "ERI": 0.1565313623465231,
  "percentiles": {
    "p10": 0.13300930458723387,
    "p50": 0.20568200136186782,
    "p90": 0.31395953498463963
  },
  "ema": {
    "fast": 0.04247353432577519,
    "slow": 0.04169712776287689,
    "fast_period": 20,
    "slow_period": 100
  },
  "etv": {
    "horizon_days": 1,
    "risk_budget_usd": 100,
    "expected_move_usd": 5.045162339790785,
    "qty": 19.82096774395308,
    "notional_usd": 63884.96113553517,
    "leverage": 1
  }
}