{
  "t": "2025-09-16T07:26:06.835Z",
  "spot": 4511.62,
  "sigma_d": 0.001052011103201499,
  "ERI": 0.10520111032014991,
  "percentiles": {
    "p10": 0.07750861984066773,
    "p50": 0.18738870784128936,
    "p90": 0.3255508656102769
  },
  "ema": {
    "fast": 0.029709297617430422,
    "slow": 0.032634210575319844,
    "fast_period": 20,
    "slow_period": 100
  },
  "etv": {
    "horizon_days": 1,
    "risk_budget_usd": 100,
    "expected_move_usd": 4.746274333425947,
    "qty": 21.069157190460626,
    "notional_usd": 95056.03096362596,
    "leverage": 1
  }
}