{
  "t": "2025-09-03T03:23:54.474Z",
  "spot": 4336.03,
  "sigma_d": 0.0019342717227195444,
  "ERI": 0.19342717227195444,
  "percentiles": {
    "p10": 0.08395137110561979,
    "p50": 0.2247470898727552,
    "p90": 0.29815830186147485
  },
  "ema": {
    "fast": 0.042323427785800435,
    "slow": 0.042637796060664576,
    "fast_period": 20,
    "slow_period": 100
  },
  "etv": {
    "horizon_days": 1,
    "risk_budget_usd": 100,
    "expected_move_usd": 8.387060217863626,
    "qty": 11.92312889169553,
    "notional_usd": 51699.04456825856,
    "leverage": 1
  }
}