{
  "t": "2025-12-18T06:47:30.717Z",
  "spot": 2828.37,
  "sigma_d": 0.0016833881014404362,
  "ERI": 0.16833881014404362,
  "percentiles": {
    "p10": 0.08135616126397803,
    "p50": 0.21008875190785237,
    "p90": 0.2904448742591293
  },
  "ema": {
    "fast": 0.03281143671007766,
    "slow": 0.035684548871511707,
    "fast_period": 20,
    "slow_period": 100
  },
  "etv": {
    "horizon_days": 1,
    "risk_budget_usd": 100,
    "expected_move_usd": 4.761244404471086,
    "qty": 21.002912580184745,
    "notional_usd": 59404.00785441713,
    "leverage": 1
  }
}