{
  "t": "2026-05-23T15:13:58.342Z",
  "spot": 2064.59,
  "sigma_d": 0.002958277532865061,
  "ERI": 0.2958277532865061,
  "percentiles": {
    "p10": 0.08950066499078002,
    "p50": 0.2191207420093981,
    "p90": 0.2984938883427115
  },
  "ema": {
    "fast": 0.0417329829798286,
    "slow": 0.039979853195403904,
    "fast_period": 20,
    "slow_period": 100
  },
  "etv": {
    "horizon_days": 1,
    "risk_budget_usd": 100,
    "expected_move_usd": 6.107630211577877,
    "qty": 16.372962431555834,
    "notional_usd": 33803.45450656586,
    "leverage": 1
  }
}