{
  "t": "2026-01-13T18:46:24.888Z",
  "spot": 3195.98,
  "sigma_d": 0.0030290630785510396,
  "ERI": 0.302906307855104,
  "percentiles": {
    "p10": 0.07772208192356374,
    "p50": 0.20030404369879753,
    "p90": 0.3008684382118992
  },
  "ema": {
    "fast": 0.03766726498565929,
    "slow": 0.03530538089576049,
    "fast_period": 20,
    "slow_period": 100
  },
  "etv": {
    "horizon_days": 1,
    "risk_budget_usd": 100,
    "expected_move_usd": 9.680825017787551,
    "qty": 10.329698121416302,
    "notional_usd": 33013.50860208407,
    "leverage": 1
  }
}