{
  "t": "2025-09-20T01:54:05.371Z",
  "spot": 4472.9,
  "sigma_d": 0.0016237595159507468,
  "ERI": 0.16237595159507467,
  "percentiles": {
    "p10": 0.08199021503244962,
    "p50": 0.17611483983557108,
    "p90": 0.2429003255327743
  },
  "ema": {
    "fast": 0.024798137010999404,
    "slow": 0.028378115417359514,
    "fast_period": 20,
    "slow_period": 100
  },
  "etv": {
    "horizon_days": 1,
    "risk_budget_usd": 100,
    "expected_move_usd": 7.262913938896094,
    "qty": 13.768578402733933,
    "notional_usd": 61585.4743375886,
    "leverage": 1
  }
}