{
  "t": "2026-01-09T18:47:10.155Z",
  "spot": 3088.84,
  "sigma_d": 0.002324872216704549,
  "ERI": 0.23248722167045488,
  "percentiles": {
    "p10": 0.10511289400529371,
    "p50": 0.21851574427163928,
    "p90": 0.3186189896762125
  },
  "ema": {
    "fast": 0.0344525481993004,
    "slow": 0.038452412705781,
    "fast_period": 20,
    "slow_period": 100
  },
  "etv": {
    "horizon_days": 1,
    "risk_budget_usd": 100,
    "expected_move_usd": 7.181158297845679,
    "qty": 13.925330128149332,
    "notional_usd": 43013.11671303278,
    "leverage": 1
  }
}