{
  "t": "2025-09-27T08:30:14.248Z",
  "spot": 3995.81,
  "sigma_d": 0.0007065122211229152,
  "ERI": 0.07065122211229152,
  "percentiles": {
    "p10": 0.07286338579792584,
    "p50": 0.18343558736537258,
    "p90": 0.24723096215016804
  },
  "ema": {
    "fast": 0.025918488079139896,
    "slow": 0.03320848694051697,
    "fast_period": 20,
    "slow_period": 100
  },
  "etv": {
    "horizon_days": 1,
    "risk_budget_usd": 100,
    "expected_move_usd": 2.823088598285156,
    "qty": 35.42219683106777,
    "notional_usd": 141540.3683195489,
    "leverage": 1
  }
}