{
  "t": "2026-02-22T13:10:57.690Z",
  "spot": 1965.15,
  "sigma_d": 0.0033537401577685955,
  "ERI": 0.33537401577685955,
  "percentiles": {
    "p10": 0.13049440557040684,
    "p50": 0.30769010196331037,
    "p90": 0.3845594596074728
  },
  "ema": {
    "fast": 0.06975616602944162,
    "slow": 0.062107929175643145,
    "fast_period": 20,
    "slow_period": 100
  },
  "etv": {
    "horizon_days": 1,
    "risk_budget_usd": 100,
    "expected_move_usd": 6.590602471038956,
    "qty": 15.173119671445727,
    "notional_usd": 29817.456122341573,
    "leverage": 1
  }
}