{
  "t": "2025-12-20T10:31:10.566Z",
  "spot": 2976.09,
  "sigma_d": 0.002494373815658446,
  "ERI": 0.2494373815658446,
  "percentiles": {
    "p10": 0.0798454856819872,
    "p50": 0.1976159276285417,
    "p90": 0.28305128849046535
  },
  "ema": {
    "fast": 0.04717448175567792,
    "slow": 0.03826655239473153,
    "fast_period": 20,
    "slow_period": 100
  },
  "etv": {
    "horizon_days": 1,
    "risk_budget_usd": 100,
    "expected_move_usd": 7.423480969042945,
    "qty": 13.470769362380715,
    "notional_usd": 40090.22199168762,
    "leverage": 1
  }
}