{
  "t": "2025-11-11T17:27:48.956Z",
  "spot": 3474.97,
  "sigma_d": 0.0023655333964635724,
  "ERI": 0.23655333964635725,
  "percentiles": {
    "p10": 0.08208011254149013,
    "p50": 0.2160250670663546,
    "p90": 0.29607826864715775
  },
  "ema": {
    "fast": 0.03665852708954782,
    "slow": 0.036899983825501366,
    "fast_period": 20,
    "slow_period": 100
  },
  "etv": {
    "horizon_days": 1,
    "risk_budget_usd": 100,
    "expected_move_usd": 8.22015758670902,
    "qty": 12.1652169006696,
    "notional_usd": 42273.763773319835,
    "leverage": 1
  }
}