{
  "t": "2025-11-23T08:34:13.831Z",
  "spot": 2805.63,
  "sigma_d": 0.0007929508144753635,
  "ERI": 0.07929508144753634,
  "percentiles": {
    "p10": 0.08270103127911355,
    "p50": 0.2052931724746403,
    "p90": 0.29153839848250634
  },
  "ema": {
    "fast": 0.03920419995271578,
    "slow": 0.03997525628514799,
    "fast_period": 20,
    "slow_period": 100
  },
  "etv": {
    "horizon_days": 1,
    "risk_budget_usd": 100,
    "expected_move_usd": 2.224726593616514,
    "qty": 44.94934356739992,
    "notional_usd": 126111.22679300424,
    "leverage": 1
  }
}