{
  "t": "2026-03-11T21:44:43.370Z",
  "spot": 2069.2,
  "sigma_d": 0.0018967555758849224,
  "ERI": 0.18967555758849225,
  "percentiles": {
    "p10": 0.10260114782431864,
    "p50": 0.2669561811382245,
    "p90": 0.36057735857294637
  },
  "ema": {
    "fast": 0.04349255934418036,
    "slow": 0.05051253258022601,
    "fast_period": 20,
    "slow_period": 100
  },
  "etv": {
    "horizon_days": 1,
    "risk_budget_usd": 100,
    "expected_move_usd": 3.9247666376210812,
    "qty": 25.47922188326922,
    "notional_usd": 52721.60592086066,
    "leverage": 1
  }
}