{
  "t": "2025-10-18T22:25:16.246Z",
  "spot": 3891.78,
  "sigma_d": 0.0024961666500122348,
  "ERI": 0.24961666500122348,
  "percentiles": {
    "p10": 0.08028618375407148,
    "p50": 0.2082915078242432,
    "p90": 0.2695240576154873
  },
  "ema": {
    "fast": 0.04000781659338799,
    "slow": 0.0359017372999719,
    "fast_period": 20,
    "slow_period": 100
  },
  "etv": {
    "horizon_days": 1,
    "risk_budget_usd": 100,
    "expected_move_usd": 9.714531445184615,
    "qty": 10.293857255418004,
    "notional_usd": 40061.427789490685,
    "leverage": 1
  }
}