{
  "t": "2026-04-22T12:05:52.184Z",
  "spot": 2400.29,
  "sigma_d": 0.00081943711040462,
  "ERI": 0.081943711040462,
  "percentiles": {
    "p10": 0.08911239966374813,
    "p50": 0.22762117003620413,
    "p90": 0.34035603190096625
  },
  "ema": {
    "fast": 0.03442795705871151,
    "slow": 0.03614184201732969,
    "fast_period": 20,
    "slow_period": 100
  },
  "etv": {
    "horizon_days": 1,
    "risk_budget_usd": 100,
    "expected_move_usd": 1.9668867017331053,
    "qty": 50.841769336223514,
    "notional_usd": 122034.99052004394,
    "leverage": 1
  }
}