{
  "t": "2025-10-07T19:21:33.255Z",
  "spot": 4479.75,
  "sigma_d": 0.0027446838113512825,
  "ERI": 0.2744683811351283,
  "percentiles": {
    "p10": 0.07088027110115395,
    "p50": 0.198248597638888,
    "p90": 0.2765686978721385
  },
  "ema": {
    "fast": 0.042127469227975674,
    "slow": 0.03884068025457679,
    "fast_period": 20,
    "slow_period": 100
  },
  "etv": {
    "horizon_days": 1,
    "risk_budget_usd": 100,
    "expected_move_usd": 12.295497303900907,
    "qty": 8.13305859278044,
    "notional_usd": 36434.06923100818,
    "leverage": 1
  }
}