{
  "t": "2025-09-19T23:23:08.035Z",
  "spot": 4458.73,
  "sigma_d": 0.0008198420498032302,
  "ERI": 0.08198420498032302,
  "percentiles": {
    "p10": 0.08199021503244962,
    "p50": 0.17678978531414444,
    "p90": 0.24300287509245616
  },
  "ema": {
    "fast": 0.024143005960141697,
    "slow": 0.028324705991565814,
    "fast_period": 20,
    "slow_period": 100
  },
  "etv": {
    "horizon_days": 1,
    "risk_budget_usd": 100,
    "expected_move_usd": 3.6554543427191564,
    "qty": 27.35638052741037,
    "notional_usd": 121974.71454898042,
    "leverage": 1
  }
}