{
  "t": "2025-11-04T06:41:28.775Z",
  "spot": 3508.85,
  "sigma_d": 0.0007819312515432177,
  "ERI": 0.07819312515432177,
  "percentiles": {
    "p10": 0.0834208480486631,
    "p50": 0.21656804019952614,
    "p90": 0.2909311937713
  },
  "ema": {
    "fast": 0.03565722886035239,
    "slow": 0.040506441019565825,
    "fast_period": 20,
    "slow_period": 100
  },
  "etv": {
    "horizon_days": 1,
    "risk_budget_usd": 100,
    "expected_move_usd": 2.7436794719774196,
    "qty": 36.44740612792069,
    "notional_usd": 127888.4809919545,
    "leverage": 1
  }
}