{
  "t": "2025-09-26T23:23:08.153Z",
  "spot": 4022.52,
  "sigma_d": 0.0014132349356875374,
  "ERI": 0.14132349356875373,
  "percentiles": {
    "p10": 0.07393248550203152,
    "p50": 0.18514227659904367,
    "p90": 0.24723096215016804
  },
  "ema": {
    "fast": 0.03274438232020404,
    "slow": 0.03538220560714376,
    "fast_period": 20,
    "slow_period": 100
  },
  "etv": {
    "horizon_days": 1,
    "risk_budget_usd": 100,
    "expected_move_usd": 5.684765793501833,
    "qty": 17.59087421232172,
    "notional_usd": 70759.64333654835,
    "leverage": 1
  }
}