{
  "t": "2025-12-27T03:59:33.795Z",
  "spot": 2931.23,
  "sigma_d": 0.0017706093506603155,
  "ERI": 0.17706093506603154,
  "percentiles": {
    "p10": 0.09586046985718691,
    "p50": 0.21483195828008464,
    "p90": 0.2918933508429971
  },
  "ema": {
    "fast": 0.035912316330823556,
    "slow": 0.03969549228506698,
    "fast_period": 20,
    "slow_period": 100
  },
  "etv": {
    "horizon_days": 1,
    "risk_budget_usd": 100,
    "expected_move_usd": 5.190063246936036,
    "qty": 19.267587935279053,
    "notional_usd": 56477.73178352802,
    "leverage": 1
  }
}