{
  "t": "2025-12-21T08:36:32.660Z",
  "spot": 2991.55,
  "sigma_d": 0.003141845334612757,
  "ERI": 0.31418453346127573,
  "percentiles": {
    "p10": 0.08150207016707457,
    "p50": 0.20858215914498876,
    "p90": 0.2841787514121885
  },
  "ema": {
    "fast": 0.05205180909812838,
    "slow": 0.04268682434036304,
    "fast_period": 20,
    "slow_period": 100
  },
  "etv": {
    "horizon_days": 1,
    "risk_budget_usd": 100,
    "expected_move_usd": 9.398987410760794,
    "qty": 10.639443977285376,
    "notional_usd": 31828.42863024807,
    "leverage": 1
  }
}