{
  "t": "2025-12-07T08:34:16.490Z",
  "spot": 3034.81,
  "sigma_d": 0.0023441393362894068,
  "ERI": 0.23441393362894067,
  "percentiles": {
    "p10": 0.07736381397781375,
    "p50": 0.21103774171353024,
    "p90": 0.3447200362489877
  },
  "ema": {
    "fast": 0.04849862814444917,
    "slow": 0.04515270486257214,
    "fast_period": 20,
    "slow_period": 100
  },
  "etv": {
    "horizon_days": 1,
    "risk_budget_usd": 100,
    "expected_move_usd": 7.114017499164454,
    "qty": 14.0567548521978,
    "notional_usd": 42659.58019299841,
    "leverage": 1
  }
}