{
  "t": "2026-03-30T23:48:20.992Z",
  "spot": 2023.13,
  "sigma_d": 0.0025602566200958144,
  "ERI": 0.25602566200958143,
  "percentiles": {
    "p10": 0.09326210169284976,
    "p50": 0.22133319583516003,
    "p90": 0.3091480015524215
  },
  "ema": {
    "fast": 0.044289283177219224,
    "slow": 0.04363614016995903,
    "fast_period": 20,
    "slow_period": 100
  },
  "etv": {
    "horizon_days": 1,
    "risk_budget_usd": 100,
    "expected_move_usd": 5.1797319758144456,
    "qty": 19.306018239346507,
    "notional_usd": 39058.5846805691,
    "leverage": 1
  }
}