{
  "t": "2026-02-06T19:03:58.528Z",
  "spot": 2047.56,
  "sigma_d": 0.003984440398736474,
  "ERI": 0.3984440398736474,
  "percentiles": {
    "p10": 0.07716787856358145,
    "p50": 0.20045310034798108,
    "p90": 0.34947359871995287
  },
  "ema": {
    "fast": 0.06081695269082824,
    "slow": 0.05128569875975431,
    "fast_period": 20,
    "slow_period": 100
  },
  "etv": {
    "horizon_days": 1,
    "risk_budget_usd": 100,
    "expected_move_usd": 8.158380782836854,
    "qty": 12.257334226219793,
    "notional_usd": 25097.6272682386,
    "leverage": 1
  }
}