{
  "t": "2026-07-01T19:06:16.068Z",
  "spot": 1619.09,
  "sigma_d": 0.0020833591492852455,
  "ERI": 0.20833591492852455,
  "percentiles": {
    "p10": 0.08710514296383465,
    "p50": 0.22769650861101692,
    "p90": 0.3618449867322925
  },
  "ema": {
    "fast": 0.04590496960943567,
    "slow": 0.04416797971808505,
    "fast_period": 20,
    "slow_period": 100
  },
  "etv": {
    "horizon_days": 1,
    "risk_budget_usd": 100,
    "expected_move_usd": 3.373145965016248,
    "qty": 29.64591542646697,
    "notional_usd": 47999.405207838405,
    "leverage": 1
  }
}