{
  "t": "2026-05-14T23:07:56.605Z",
  "spot": 2293.65,
  "sigma_d": 0.0030189554684287518,
  "ERI": 0.3018955468428752,
  "percentiles": {
    "p10": 0.08676897632937358,
    "p50": 0.2196694213405322,
    "p90": 0.279537324525569
  },
  "ema": {
    "fast": 0.04045668169940907,
    "slow": 0.04220853429766308,
    "fast_period": 20,
    "slow_period": 100
  },
  "etv": {
    "horizon_days": 1,
    "risk_budget_usd": 100,
    "expected_move_usd": 6.924427210161607,
    "qty": 14.441627728175098,
    "notional_usd": 33124.03943872881,
    "leverage": 1
  }
}