{
  "t": "2025-11-04T03:46:57.474Z",
  "spot": 3647.17,
  "sigma_d": 0.0021638482582079423,
  "ERI": 0.21638482582079424,
  "percentiles": {
    "p10": 0.08418521328055745,
    "p50": 0.2175665313427797,
    "p90": 0.2909961502761157
  },
  "ema": {
    "fast": 0.037427602665057416,
    "slow": 0.041082145010986,
    "fast_period": 20,
    "slow_period": 100
  },
  "etv": {
    "horizon_days": 1,
    "risk_budget_usd": 100,
    "expected_move_usd": 7.891922451888261,
    "qty": 12.671183809728578,
    "notional_usd": 46213.96145532778,
    "leverage": 1
  }
}