{
  "t": "2026-04-24T19:09:15.708Z",
  "spot": 2321.18,
  "sigma_d": 0.0020856153779857307,
  "ERI": 0.20856153779857306,
  "percentiles": {
    "p10": 0.08654196907008266,
    "p50": 0.22242612663931693,
    "p90": 0.33368230383154196
  },
  "ema": {
    "fast": 0.034989021016947994,
    "slow": 0.03508916058346285,
    "fast_period": 20,
    "slow_period": 100
  },
  "etv": {
    "horizon_days": 1,
    "risk_budget_usd": 100,
    "expected_move_usd": 4.841088703072918,
    "qty": 20.656510577160926,
    "notional_usd": 47947.479221494395,
    "leverage": 1
  }
}