{
  "t": "2025-11-02T21:22:58.040Z",
  "spot": 3852.17,
  "sigma_d": 0.002471079041939651,
  "ERI": 0.2471079041939651,
  "percentiles": {
    "p10": 0.08497790374072993,
    "p50": 0.21866233169214638,
    "p90": 0.2909311937713
  },
  "ema": {
    "fast": 0.04889317881597771,
    "slow": 0.04524007480111065,
    "fast_period": 20,
    "slow_period": 100
  },
  "etv": {
    "horizon_days": 1,
    "risk_budget_usd": 100,
    "expected_move_usd": 9.519016552988665,
    "qty": 10.505286911031078,
    "notional_usd": 40468.151080066586,
    "leverage": 1
  }
}