{
  "t": "2025-09-14T14:22:47.458Z",
  "spot": 4621.82,
  "sigma_d": 0.0018774241108651091,
  "ERI": 0.1877424110865109,
  "percentiles": {
    "p10": 0.0769039127618506,
    "p50": 0.19288707066774713,
    "p90": 0.32605710988921516
  },
  "ema": {
    "fast": 0.030786217030550792,
    "slow": 0.03336282364094313,
    "fast_period": 20,
    "slow_period": 100
  },
  "etv": {
    "horizon_days": 1,
    "risk_budget_usd": 100,
    "expected_move_usd": 8.677116304078577,
    "qty": 11.524566053470572,
    "notional_usd": 53264.46987725136,
    "leverage": 1
  }
}