{
  "t": "2025-12-23T16:39:29.474Z",
  "spot": 2948.75,
  "sigma_d": 0.0022496206467628142,
  "ERI": 0.22496206467628144,
  "percentiles": {
    "p10": 0.08291299551388288,
    "p50": 0.22409028769977787,
    "p90": 0.29211438569505715
  },
  "ema": {
    "fast": 0.043768267101808034,
    "slow": 0.0426726542988478,
    "fast_period": 20,
    "slow_period": 100
  },
  "etv": {
    "horizon_days": 1,
    "risk_budget_usd": 100,
    "expected_move_usd": 6.633568882141849,
    "qty": 15.074841578747874,
    "notional_usd": 44451.93910533279,
    "leverage": 1
  }
}