{
  "t": "2025-09-06T05:25:08.783Z",
  "spot": 4305.44,
  "sigma_d": 0.00077483472350866,
  "ERI": 0.077483472350866,
  "percentiles": {
    "p10": 0.08013559503414759,
    "p50": 0.206916068140564,
    "p90": 0.3006705138221135
  },
  "ema": {
    "fast": 0.02983936953636915,
    "slow": 0.037680442076540914,
    "fast_period": 20,
    "slow_period": 100
  },
  "etv": {
    "horizon_days": 1,
    "risk_budget_usd": 100,
    "expected_move_usd": 3.3360044119831245,
    "qty": 29.975979540312988,
    "notional_usd": 129059.78135204515,
    "leverage": 1
  }
}