{
  "t": "2025-12-07T20:30:33.815Z",
  "spot": 3144.08,
  "sigma_d": 0.00265977835264324,
  "ERI": 0.265977835264324,
  "percentiles": {
    "p10": 0.07736381397781375,
    "p50": 0.21360037275905755,
    "p90": 0.34624717054840004
  },
  "ema": {
    "fast": 0.04996443961735039,
    "slow": 0.04626022766565577,
    "fast_period": 20,
    "slow_period": 100
  },
  "etv": {
    "horizon_days": 1,
    "risk_budget_usd": 100,
    "expected_move_usd": 8.362555922978558,
    "qty": 11.958066519498049,
    "notional_usd": 37597.11778262343,
    "leverage": 1
  }
}