{
  "t": "2026-04-08T22:56:12.547Z",
  "spot": 2195.53,
  "sigma_d": 0.0038198039569880943,
  "ERI": 0.3819803956988094,
  "percentiles": {
    "p10": 0.090387308486617,
    "p50": 0.21574220530747196,
    "p90": 0.3496832054806226
  },
  "ema": {
    "fast": 0.04860139381777794,
    "slow": 0.04469883536550717,
    "fast_period": 20,
    "slow_period": 100
  },
  "etv": {
    "horizon_days": 1,
    "risk_budget_usd": 100,
    "expected_move_usd": 8.386494181686071,
    "qty": 11.923933628711515,
    "notional_usd": 26179.353999844996,
    "leverage": 1
  }
}