{
  "t": "2026-03-10T05:56:40.424Z",
  "spot": 2043.88,
  "sigma_d": 0.003979106716942002,
  "ERI": 0.3979106716942002,
  "percentiles": {
    "p10": 0.1024655879195603,
    "p50": 0.27145966634556007,
    "p90": 0.35827321743046575
  },
  "ema": {
    "fast": 0.056377909918688004,
    "slow": 0.05319402832545252,
    "fast_period": 20,
    "slow_period": 100
  },
  "etv": {
    "horizon_days": 1,
    "risk_budget_usd": 100,
    "expected_move_usd": 8.132816636623419,
    "qty": 12.295863102296375,
    "notional_usd": 25131.268677521515,
    "leverage": 1
  }
}