{
  "t": "2026-05-10T15:06:22.092Z",
  "spot": 2335.15,
  "sigma_d": 0.0027460187529730405,
  "ERI": 0.27460187529730407,
  "percentiles": {
    "p10": 0.08562035957300303,
    "p50": 0.20302376031106192,
    "p90": 0.27278438518267567
  },
  "ema": {
    "fast": 0.04763541452493738,
    "slow": 0.04256341983808016,
    "fast_period": 20,
    "slow_period": 100
  },
  "etv": {
    "horizon_days": 1,
    "risk_budget_usd": 100,
    "expected_move_usd": 6.412365691004996,
    "qty": 15.594868542864907,
    "notional_usd": 36416.357277870986,
    "leverage": 1
  }
}