{
  "t": "2025-12-08T14:34:32.751Z",
  "spot": 3153.61,
  "sigma_d": 0.0029801152909049613,
  "ERI": 0.2980115290904961,
  "percentiles": {
    "p10": 0.07736381397781375,
    "p50": 0.22103888762934099,
    "p90": 0.34624717054840004
  },
  "ema": {
    "fast": 0.048262086923962264,
    "slow": 0.04611381028211707,
    "fast_period": 20,
    "slow_period": 100
  },
  "etv": {
    "horizon_days": 1,
    "risk_budget_usd": 100,
    "expected_move_usd": 9.398121382550796,
    "qty": 10.640424392226613,
    "notional_usd": 33555.74876756977,
    "leverage": 1
  }
}