{
  "t": "2026-06-12T14:13:47.583Z",
  "spot": 1663.14,
  "sigma_d": 0.0021685344455455923,
  "ERI": 0.21685344455455924,
  "percentiles": {
    "p10": 0.08241905834499225,
    "p50": 0.2011363752689838,
    "p90": 0.3804041668054057
  },
  "ema": {
    "fast": 0.05172720450160969,
    "slow": 0.047314682748513325,
    "fast_period": 20,
    "slow_period": 100
  },
  "etv": {
    "horizon_days": 1,
    "risk_budget_usd": 100,
    "expected_move_usd": 3.606576377764697,
    "qty": 27.727126650227365,
    "notional_usd": 46114.09341705914,
    "leverage": 1
  }
}