{
  "t": "2026-04-02T20:49:02.517Z",
  "spot": 2069.85,
  "sigma_d": 0.0023920378568662855,
  "ERI": 0.23920378568662853,
  "percentiles": {
    "p10": 0.09341368984264971,
    "p50": 0.22805602569237493,
    "p90": 0.32479671822027906
  },
  "ema": {
    "fast": 0.046084960770037264,
    "slow": 0.049960915318741285,
    "fast_period": 20,
    "slow_period": 100
  },
  "etv": {
    "horizon_days": 1,
    "risk_budget_usd": 100,
    "expected_move_usd": 4.95115955803468,
    "qty": 20.197288903307758,
    "notional_usd": 41805.35843651156,
    "leverage": 1
  }
}