{
  "t": "2025-11-24T21:27:38.655Z",
  "spot": 2964.8,
  "sigma_d": 0.0028874859965489497,
  "ERI": 0.28874859965489497,
  "percentiles": {
    "p10": 0.08194322726202576,
    "p50": 0.19674660860731663,
    "p90": 0.2956837187868645
  },
  "ema": {
    "fast": 0.039723786642465425,
    "slow": 0.0380546116403243,
    "fast_period": 20,
    "slow_period": 100
  },
  "etv": {
    "horizon_days": 1,
    "risk_budget_usd": 100,
    "expected_move_usd": 8.560818482568326,
    "qty": 11.68112607499173,
    "notional_usd": 34632.20258713548,
    "leverage": 1
  }
}