{
  "t": "2026-04-26T17:53:34.652Z",
  "spot": 2348.62,
  "sigma_d": 0.0008017539417463298,
  "ERI": 0.08017539417463297,
  "percentiles": {
    "p10": 0.08565908225879268,
    "p50": 0.21198657181043923,
    "p90": 0.3216204121914091
  },
  "ema": {
    "fast": 0.03816650593803772,
    "slow": 0.03615272702048138,
    "fast_period": 20,
    "slow_period": 100
  },
  "etv": {
    "horizon_days": 1,
    "risk_budget_usd": 100,
    "expected_move_usd": 1.883015342664265,
    "qty": 53.10631184688634,
    "notional_usd": 124726.5461298342,
    "leverage": 1
  }
}