{
  "t": "2026-01-22T10:41:49.475Z",
  "spot": 2999.93,
  "sigma_d": 0.0006802976437914012,
  "ERI": 0.06802976437914013,
  "percentiles": {
    "p10": 0.07171379171361833,
    "p50": 0.17083353598703865,
    "p90": 0.2599956008712999
  },
  "ema": {
    "fast": 0.028770228118959552,
    "slow": 0.0319765197042209,
    "fast_period": 20,
    "slow_period": 100
  },
  "etv": {
    "horizon_days": 1,
    "risk_budget_usd": 100,
    "expected_move_usd": 2.040845310539138,
    "qty": 48.999304103838526,
    "notional_usd": 146994.4823602283,
    "leverage": 1
  }
}