{
  "t": "2025-09-09T07:25:45.349Z",
  "spot": 4369.06,
  "sigma_d": 0.00293085694660103,
  "ERI": 0.29308569466010304,
  "percentiles": {
    "p10": 0.07467577565024838,
    "p50": 0.2107531239279209,
    "p90": 0.3171510327513104
  },
  "ema": {
    "fast": 0.040596442036732495,
    "slow": 0.03913402238996762,
    "fast_period": 20,
    "slow_period": 100
  },
  "etv": {
    "horizon_days": 1,
    "risk_budget_usd": 100,
    "expected_move_usd": 12.805089851116698,
    "qty": 7.809394636249215,
    "notional_usd": 34119.713729451,
    "leverage": 1
  }
}