{
  "t": "2025-09-30T22:26:06.920Z",
  "spot": 4157.24,
  "sigma_d": 0.002223641024002575,
  "ERI": 0.22236410240025747,
  "percentiles": {
    "p10": 0.07090048133551577,
    "p50": 0.18349894277320405,
    "p90": 0.2608708762526169
  },
  "ema": {
    "fast": 0.032990080575251574,
    "slow": 0.03154506869770803,
    "fast_period": 20,
    "slow_period": 100
  },
  "etv": {
    "horizon_days": 1,
    "risk_budget_usd": 100,
    "expected_move_usd": 9.244209410624464,
    "qty": 10.817582722116722,
    "notional_usd": 44971.28759569252,
    "leverage": 1
  }
}