{
  "t": "2026-01-24T07:29:13.982Z",
  "spot": 2953.42,
  "sigma_d": 0.0023251555615742504,
  "ERI": 0.23251555615742503,
  "percentiles": {
    "p10": 0.07238013487319127,
    "p50": 0.1747064754436092,
    "p90": 0.2677988259912101
  },
  "ema": {
    "fast": 0.043131912880532496,
    "slow": 0.03723279194413206,
    "fast_period": 20,
    "slow_period": 100
  },
  "etv": {
    "horizon_days": 1,
    "risk_budget_usd": 100,
    "expected_move_usd": 6.867160938664623,
    "qty": 14.562058599349768,
    "notional_usd": 43007.87510849159,
    "leverage": 1
  }
}