{
  "t": "2025-10-13T09:32:46.307Z",
  "spot": 4150.79,
  "sigma_d": 0.0009027631958603865,
  "ERI": 0.09027631958603866,
  "percentiles": {
    "p10": 0.07444225082440807,
    "p50": 0.22176305513943728,
    "p90": 0.27663929364461687
  },
  "ema": {
    "fast": 0.04155087158439267,
    "slow": 0.038903944616283735,
    "fast_period": 20,
    "slow_period": 100
  },
  "etv": {
    "horizon_days": 1,
    "risk_budget_usd": 100,
    "expected_move_usd": 3.7471804457453337,
    "qty": 26.686731916938545,
    "notional_usd": 110771.01997350933,
    "leverage": 1
  }
}