{
  "t": "2026-03-08T04:51:33.625Z",
  "spot": 1945.86,
  "sigma_d": 0.003691947214082099,
  "ERI": 0.3691947214082099,
  "percentiles": {
    "p10": 0.1069178646034985,
    "p50": 0.27145966634556007,
    "p90": 0.35613962206795524
  },
  "ema": {
    "fast": 0.057829656990274404,
    "slow": 0.052477360358669574,
    "fast_period": 20,
    "slow_period": 100
  },
  "etv": {
    "horizon_days": 1,
    "risk_budget_usd": 100,
    "expected_move_usd": 7.184012405993792,
    "qty": 13.919797788289957,
    "notional_usd": 27085.977724321892,
    "leverage": 1
  }
}