{
  "t": "2025-10-07T20:28:59.471Z",
  "spot": 4508.87,
  "sigma_d": 0.0007880337105997689,
  "ERI": 0.07880337105997688,
  "percentiles": {
    "p10": 0.07088027110115395,
    "p50": 0.19639726395804358,
    "p90": 0.2765686978721385
  },
  "ema": {
    "fast": 0.039549173387372655,
    "slow": 0.0383696838713504,
    "fast_period": 20,
    "slow_period": 100
  },
  "etv": {
    "horizon_days": 1,
    "risk_budget_usd": 100,
    "expected_move_usd": 3.5531415567119797,
    "qty": 28.144108081226687,
    "notional_usd": 126898.12460420057,
    "leverage": 1
  }
}