{
  "t": "2025-12-22T14:32:29.067Z",
  "spot": 3056.03,
  "sigma_d": 0.002327249303294455,
  "ERI": 0.2327249303294455,
  "percentiles": {
    "p10": 0.0798454856819872,
    "p50": 0.20789613437578727,
    "p90": 0.2883199483531363
  },
  "ema": {
    "fast": 0.04075789168885251,
    "slow": 0.04205599634698098,
    "fast_period": 20,
    "slow_period": 100
  },
  "etv": {
    "horizon_days": 1,
    "risk_budget_usd": 100,
    "expected_move_usd": 7.112143688346954,
    "qty": 14.060458334643487,
    "notional_usd": 42969.18248442054,
    "leverage": 1
  }
}