{
  "t": "2026-01-17T13:36:18.026Z",
  "spot": 3301.48,
  "sigma_d": 0.0006947697145834007,
  "ERI": 0.06947697145834007,
  "percentiles": {
    "p10": 0.07640950161238141,
    "p50": 0.20002734458628338,
    "p90": 0.2683115869022698
  },
  "ema": {
    "fast": 0.03189660054094678,
    "slow": 0.032703573994769974,
    "fast_period": 20,
    "slow_period": 100
  },
  "etv": {
    "horizon_days": 1,
    "risk_budget_usd": 100,
    "expected_move_usd": 2.293768317302806,
    "qty": 43.59638209563724,
    "notional_usd": 143932.58356110443,
    "leverage": 1
  }
}