{
  "t": "2025-10-31T19:21:06.822Z",
  "spot": 3852.03,
  "sigma_d": 0.0023908585012153575,
  "ERI": 0.23908585012153574,
  "percentiles": {
    "p10": 0.08497790374072993,
    "p50": 0.20744265157391142,
    "p90": 0.2756831503724505
  },
  "ema": {
    "fast": 0.03920779463716808,
    "slow": 0.03725006059867651,
    "fast_period": 20,
    "slow_period": 100
  },
  "etv": {
    "horizon_days": 1,
    "risk_budget_usd": 100,
    "expected_move_usd": 9.209658672436595,
    "qty": 10.85816571023289,
    "notional_usd": 41825.9800607884,
    "leverage": 1
  }
}