{
  "t": "2026-04-23T21:02:00.940Z",
  "spot": 2325.9,
  "sigma_d": 0.0022864737256754752,
  "ERI": 0.22864737256754752,
  "percentiles": {
    "p10": 0.08560033522110613,
    "p50": 0.2245643733493814,
    "p90": 0.33415974162661405
  },
  "ema": {
    "fast": 0.033102867458770904,
    "slow": 0.034725432659424675,
    "fast_period": 20,
    "slow_period": 100
  },
  "etv": {
    "horizon_days": 1,
    "risk_budget_usd": 100,
    "expected_move_usd": 5.318109238548588,
    "qty": 18.803675425684165,
    "notional_usd": 43735.4686725988,
    "leverage": 1
  }
}