{
  "t": "2025-10-26T14:25:33.491Z",
  "spot": 4076.56,
  "sigma_d": 0.0026457254840905877,
  "ERI": 0.26457254840905875,
  "percentiles": {
    "p10": 0.08098626447852347,
    "p50": 0.20828071260360845,
    "p90": 0.270154701258962
  },
  "ema": {
    "fast": 0.04395032469320366,
    "slow": 0.03972436086108614,
    "fast_period": 20,
    "slow_period": 100
  },
  "etv": {
    "horizon_days": 1,
    "risk_budget_usd": 100,
    "expected_move_usd": 10.785458679424327,
    "qty": 9.271742906101188,
    "notional_usd": 37796.81626129586,
    "leverage": 1
  }
}