{
  "t": "2026-01-16T20:31:19.456Z",
  "spot": 3282.12,
  "sigma_d": 0.0019418630390662269,
  "ERI": 0.1941863039066227,
  "percentiles": {
    "p10": 0.07709150354994503,
    "p50": 0.20058458110975239,
    "p90": 0.27876920591552673
  },
  "ema": {
    "fast": 0.0283464006873055,
    "slow": 0.03158087244071723,
    "fast_period": 20,
    "slow_period": 100
  },
  "etv": {
    "horizon_days": 1,
    "risk_budget_usd": 100,
    "expected_move_usd": 6.373427517780044,
    "qty": 15.690144701736786,
    "notional_usd": 51496.93772846434,
    "leverage": 1
  }
}