{
  "t": "2026-03-14T05:56:41.398Z",
  "spot": 2091.47,
  "sigma_d": 0.0035685612773132,
  "ERI": 0.35685612773131997,
  "percentiles": {
    "p10": 0.10241773616315818,
    "p50": 0.2688025630510842,
    "p90": 0.36057735857294637
  },
  "ema": {
    "fast": 0.044210343635521704,
    "slow": 0.04518362636075273,
    "fast_period": 20,
    "slow_period": 100
  },
  "etv": {
    "horizon_days": 1,
    "risk_budget_usd": 100,
    "expected_move_usd": 7.463538854662238,
    "qty": 13.398469807326473,
    "notional_usd": 28022.497647929096,
    "leverage": 1
  }
}