{
  "t": "2026-01-31T23:33:16.237Z",
  "spot": 2447.75,
  "sigma_d": 0.002392611123668361,
  "ERI": 0.2392611123668361,
  "percentiles": {
    "p10": 0.07275280062388202,
    "p50": 0.19273447598097537,
    "p90": 0.2934528475634694
  },
  "ema": {
    "fast": 0.03821660319919176,
    "slow": 0.034982459272547395,
    "fast_period": 20,
    "slow_period": 100
  },
  "etv": {
    "horizon_days": 1,
    "risk_budget_usd": 100,
    "expected_move_usd": 5.85651387795923,
    "qty": 17.075004359905343,
    "notional_usd": 41795.3419219583,
    "leverage": 1
  }
}