{
  "t": "2025-10-21T11:23:41.499Z",
  "spot": 3882.94,
  "sigma_d": 0.0027602417529523186,
  "ERI": 0.2760241752952319,
  "percentiles": {
    "p10": 0.08117505264610382,
    "p50": 0.20786425448120857,
    "p90": 0.2701053784852573
  },
  "ema": {
    "fast": 0.04551867689733319,
    "slow": 0.03896344453528539,
    "fast_period": 20,
    "slow_period": 100
  },
  "etv": {
    "horizon_days": 1,
    "risk_budget_usd": 100,
    "expected_move_usd": 10.717853112208676,
    "qty": 9.330226767718088,
    "notional_usd": 36228.71072544327,
    "leverage": 1
  }
}