{
  "t": "2025-09-21T17:22:53.753Z",
  "spot": 4474.66,
  "sigma_d": 0.002172214567519629,
  "ERI": 0.2172214567519629,
  "percentiles": {
    "p10": 0.08199021503244962,
    "p50": 0.17516196602769546,
    "p90": 0.22987962186634084
  },
  "ema": {
    "fast": 0.03952953228449848,
    "slow": 0.03264641965391581,
    "fast_period": 20,
    "slow_period": 100
  },
  "etv": {
    "horizon_days": 1,
    "risk_budget_usd": 100,
    "expected_move_usd": 9.719921636697382,
    "qty": 10.288148787378272,
    "notional_usd": 46035.96785293006,
    "leverage": 1
  }
}