{
  "t": "2026-04-20T18:06:36.057Z",
  "spot": 2326.05,
  "sigma_d": 0.0022253459293780343,
  "ERI": 0.22253459293780342,
  "percentiles": {
    "p10": 0.08758617051043509,
    "p50": 0.2212347615253592,
    "p90": 0.34035603190096625
  },
  "ema": {
    "fast": 0.03201987399345984,
    "slow": 0.036757913586886036,
    "fast_period": 20,
    "slow_period": 100
  },
  "etv": {
    "horizon_days": 1,
    "risk_budget_usd": 100,
    "expected_move_usd": 5.176265899029777,
    "qty": 19.318945732433043,
    "notional_usd": 44936.83372092588,
    "leverage": 1
  }
}