{
  "t": "2025-11-06T11:25:04.456Z",
  "spot": 3398.29,
  "sigma_d": 0.0006580260880668122,
  "ERI": 0.06580260880668122,
  "percentiles": {
    "p10": 0.07500744070414493,
    "p50": 0.2170185506052644,
    "p90": 0.2946835826373701
  },
  "ema": {
    "fast": 0.03949902765963339,
    "slow": 0.03887827932148104,
    "fast_period": 20,
    "slow_period": 100
  },
  "etv": {
    "horizon_days": 1,
    "risk_budget_usd": 100,
    "expected_move_usd": 2.2361634748165673,
    "qty": 44.719449685226174,
    "notional_usd": 151969.65867080726,
    "leverage": 1
  }
}