{
  "t": "2025-10-08T18:39:16.051Z",
  "spot": 4521.57,
  "sigma_d": 0.0015997595275301052,
  "ERI": 0.15997595275301052,
  "percentiles": {
    "p10": 0.07088027110115395,
    "p50": 0.20820912973135758,
    "p90": 0.2772309688934991
  },
  "ema": {
    "fast": 0.042557519056386155,
    "slow": 0.039772511077160115,
    "fast_period": 20,
    "slow_period": 100
  },
  "etv": {
    "horizon_days": 1,
    "risk_budget_usd": 100,
    "expected_move_usd": 7.233424686894297,
    "qty": 13.824710193109848,
    "notional_usd": 62509.39486785969,
    "leverage": 1
  }
}