{
  "t": "2026-04-25T22:52:30.619Z",
  "spot": 2318.5,
  "sigma_d": 0.001989768273411843,
  "ERI": 0.1989768273411843,
  "percentiles": {
    "p10": 0.08726502285401226,
    "p50": 0.2104297705312339,
    "p90": 0.3254301788119981
  },
  "ema": {
    "fast": 0.03399484924206615,
    "slow": 0.034891537661543105,
    "fast_period": 20,
    "slow_period": 100
  },
  "etv": {
    "horizon_days": 1,
    "risk_budget_usd": 100,
    "expected_move_usd": 4.613277741905358,
    "qty": 21.676561784181327,
    "notional_usd": 50257.10849662441,
    "leverage": 1
  }
}