{
  "t": "2026-01-17T23:28:12.028Z",
  "spot": 3305.09,
  "sigma_d": 0.00071510707765103,
  "ERI": 0.071510707765103,
  "percentiles": {
    "p10": 0.07592049228354437,
    "p50": 0.19500124381753586,
    "p90": 0.2594676882666627
  },
  "ema": {
    "fast": 0.025488726825271448,
    "slow": 0.030902189680904996,
    "fast_period": 20,
    "slow_period": 100
  },
  "etv": {
    "horizon_days": 1,
    "risk_budget_usd": 100,
    "expected_move_usd": 2.363493251273643,
    "qty": 42.310254089412716,
    "notional_usd": 139839.19768837708,
    "leverage": 1
  }
}