{
  "t": "2026-05-05T18:21:42.902Z",
  "spot": 2370.96,
  "sigma_d": 0.0021851907014272475,
  "ERI": 0.21851907014272476,
  "percentiles": {
    "p10": 0.0837017603130209,
    "p50": 0.19434525402032105,
    "p90": 0.2626314429449677
  },
  "ema": {
    "fast": 0.04145735976238649,
    "slow": 0.036818323937770805,
    "fast_period": 20,
    "slow_period": 100
  },
  "etv": {
    "horizon_days": 1,
    "risk_budget_usd": 100,
    "expected_move_usd": 5.180999745455947,
    "qty": 19.30129413492176,
    "notional_usd": 45762.5963421341,
    "leverage": 1
  }
}