{
  "t": "2026-04-03T05:47:02.108Z",
  "spot": 2060.46,
  "sigma_d": 0.0017938965132344635,
  "ERI": 0.17938965132344636,
  "percentiles": {
    "p10": 0.09341368984264971,
    "p50": 0.22353740957256973,
    "p90": 0.32479671822027906
  },
  "ema": {
    "fast": 0.0394275236750393,
    "slow": 0.04799030998134927,
    "fast_period": 20,
    "slow_period": 100
  },
  "etv": {
    "horizon_days": 1,
    "risk_budget_usd": 100,
    "expected_move_usd": 3.6962520096590827,
    "qty": 27.054432365184788,
    "notional_usd": 55744.57571116865,
    "leverage": 1
  }
}