{
  "t": "2026-02-14T17:36:09.412Z",
  "spot": 2083.47,
  "sigma_d": 0.003153950761344665,
  "ERI": 0.3153950761344665,
  "percentiles": {
    "p10": 0.09574277746787141,
    "p50": 0.2619641075033026,
    "p90": 0.3819860851745566
  },
  "ema": {
    "fast": 0.0469887624455707,
    "slow": 0.0506501221432993,
    "fast_period": 20,
    "slow_period": 100
  },
  "etv": {
    "horizon_days": 1,
    "risk_budget_usd": 100,
    "expected_move_usd": 6.571161792738768,
    "qty": 15.218009106167724,
    "notional_usd": 31706.265432427266,
    "leverage": 1
  }
}