{
  "t": "2026-02-07T15:36:13.009Z",
  "spot": 2056.65,
  "sigma_d": 0.001524333815589715,
  "ERI": 0.15243338155897151,
  "percentiles": {
    "p10": 0.07716787856358145,
    "p50": 0.1996233121406636,
    "p90": 0.3569493722492319
  },
  "ema": {
    "fast": 0.047190113242284795,
    "slow": 0.04891837111641344,
    "fast_period": 20,
    "slow_period": 100
  },
  "etv": {
    "horizon_days": 1,
    "risk_budget_usd": 100,
    "expected_move_usd": 3.1350211418325875,
    "qty": 31.897711522782476,
    "notional_usd": 65602.42840333059,
    "leverage": 1
  }
}