{
  "t": "2025-11-15T12:51:48.683Z",
  "spot": 3153.42,
  "sigma_d": 0.0008602506604831188,
  "ERI": 0.08602506604831188,
  "percentiles": {
    "p10": 0.07691061974518629,
    "p50": 0.19300356376877376,
    "p90": 0.28431946478988
  },
  "ema": {
    "fast": 0.03121276653529437,
    "slow": 0.034009540536526064,
    "fast_period": 20,
    "slow_period": 100
  },
  "etv": {
    "horizon_days": 1,
    "risk_budget_usd": 100,
    "expected_move_usd": 2.7127316377806765,
    "qty": 36.863211460832666,
    "notional_usd": 116245.18828481894,
    "leverage": 1
  }
}