{
  "t": "2025-09-03T23:23:26.466Z",
  "spot": 4463.19,
  "sigma_d": 0.002547220105008193,
  "ERI": 0.2547220105008193,
  "percentiles": {
    "p10": 0.08498814615380088,
    "p50": 0.2289051439372488,
    "p90": 0.29619327034710247
  },
  "ema": {
    "fast": 0.04617095063488086,
    "slow": 0.042693361091894276,
    "fast_period": 20,
    "slow_period": 100
  },
  "etv": {
    "horizon_days": 1,
    "risk_budget_usd": 100,
    "expected_move_usd": 11.368727300471516,
    "qty": 8.796059343938396,
    "notional_usd": 39258.48410327241,
    "leverage": 1
  }
}