{
  "t": "2025-09-11T13:30:14.080Z",
  "spot": 4410.45,
  "sigma_d": 0.0008993481157157415,
  "ERI": 0.08993481157157415,
  "percentiles": {
    "p10": 0.07548826391034644,
    "p50": 0.21917301673466388,
    "p90": 0.32605710988921516
  },
  "ema": {
    "fast": 0.03731819148637819,
    "slow": 0.03987853254196694,
    "fast_period": 20,
    "slow_period": 100
  },
  "etv": {
    "horizon_days": 1,
    "risk_budget_usd": 100,
    "expected_move_usd": 3.966529896958492,
    "qty": 25.21095330119138,
    "notional_usd": 111191.64898723952,
    "leverage": 1
  }
}