{
  "t": "2026-02-23T10:08:40.929Z",
  "spot": 1920.25,
  "sigma_d": 0.0016317751259119235,
  "ERI": 0.16317751259119234,
  "percentiles": {
    "p10": 0.1319803181037601,
    "p50": 0.3045288288344387,
    "p90": 0.3845594596074728
  },
  "ema": {
    "fast": 0.060629379002852334,
    "slow": 0.060719019633924017,
    "fast_period": 20,
    "slow_period": 100
  },
  "etv": {
    "horizon_days": 1,
    "risk_budget_usd": 100,
    "expected_move_usd": 3.1334161855323712,
    "qty": 31.91404973961666,
    "notional_usd": 61282.95401249889,
    "leverage": 1
  }
}