{
  "t": "2025-10-25T08:31:23.503Z",
  "spot": 3939.2,
  "sigma_d": 0.0019177269875494468,
  "ERI": 0.19177269875494468,
  "percentiles": {
    "p10": 0.08098626447852347,
    "p50": 0.20786425448120857,
    "p90": 0.27255370346420243
  },
  "ema": {
    "fast": 0.03461298984922052,
    "slow": 0.03814568949479054,
    "fast_period": 20,
    "slow_period": 100
  },
  "etv": {
    "horizon_days": 1,
    "risk_budget_usd": 100,
    "expected_move_usd": 7.55431014935478,
    "qty": 13.23747609284232,
    "notional_usd": 52145.065824924466,
    "leverage": 1
  }
}