{
  "t": "2025-12-24T15:31:22.584Z",
  "spot": 2908.97,
  "sigma_d": 0.0008173908527255501,
  "ERI": 0.08173908527255501,
  "percentiles": {
    "p10": 0.08291299551388288,
    "p50": 0.2089053557968839,
    "p90": 0.2883199483531363
  },
  "ema": {
    "fast": 0.03472980474225589,
    "slow": 0.04055661102622716,
    "fast_period": 20,
    "slow_period": 100
  },
  "etv": {
    "horizon_days": 1,
    "risk_budget_usd": 100,
    "expected_move_usd": 2.377765468853043,
    "qty": 42.05629247708637,
    "notional_usd": 122340.49312706995,
    "leverage": 1
  }
}