{
  "t": "2026-01-10T04:01:28.712Z",
  "spot": 3082.47,
  "sigma_d": 0.0021118042007802922,
  "ERI": 0.21118042007802923,
  "percentiles": {
    "p10": 0.10586925557021208,
    "p50": 0.22077618787594405,
    "p90": 0.3186189896762125
  },
  "ema": {
    "fast": 0.03761647369120901,
    "slow": 0.038722214492874996,
    "fast_period": 20,
    "slow_period": 100
  },
  "etv": {
    "horizon_days": 1,
    "risk_budget_usd": 100,
    "expected_move_usd": 6.509573094779227,
    "qty": 15.361990493693275,
    "notional_usd": 47352.87483709471,
    "leverage": 1
  }
}