{
  "t": "2026-02-02T14:55:47.250Z",
  "spot": 2341.86,
  "sigma_d": 0.002365458373410548,
  "ERI": 0.2365458373410548,
  "percentiles": {
    "p10": 0.07373025272256337,
    "p50": 0.19462195404665378,
    "p90": 0.29514302012080507
  },
  "ema": {
    "fast": 0.04593529503209496,
    "slow": 0.03842230583940142,
    "fast_period": 20,
    "slow_period": 100
  },
  "etv": {
    "horizon_days": 1,
    "risk_budget_usd": 100,
    "expected_move_usd": 5.539572346355227,
    "qty": 18.051935013682996,
    "notional_usd": 42275.10453114366,
    "leverage": 1
  }
}