{
  "t": "2026-02-01T08:47:26.827Z",
  "spot": 2420.97,
  "sigma_d": 0.0018361361799151914,
  "ERI": 0.18361361799151915,
  "percentiles": {
    "p10": 0.07275280062388202,
    "p50": 0.19371092017173688,
    "p90": 0.2934528475634694
  },
  "ema": {
    "fast": 0.0390445666164484,
    "slow": 0.03554612965336398,
    "fast_period": 20,
    "slow_period": 100
  },
  "etv": {
    "horizon_days": 1,
    "risk_budget_usd": 100,
    "expected_move_usd": 4.445230607489281,
    "qty": 22.496020753461245,
    "notional_usd": 54462.19136350707,
    "leverage": 1
  }
}