{
  "t": "2026-01-04T23:29:03.111Z",
  "spot": 3144.85,
  "sigma_d": 0.0022603153862084733,
  "ERI": 0.22603153862084732,
  "percentiles": {
    "p10": 0.13300930458723387,
    "p50": 0.20282349756497187,
    "p90": 0.3094188961160326
  },
  "ema": {
    "fast": 0.037127267246648436,
    "slow": 0.03799672698731145,
    "fast_period": 20,
    "slow_period": 100
  },
  "etv": {
    "horizon_days": 1,
    "risk_budget_usd": 100,
    "expected_move_usd": 7.108352842317717,
    "qty": 14.067956700837385,
    "notional_usd": 44241.613630628446,
    "leverage": 1
  }
}