{
  "t": "2025-12-23T02:21:48.539Z",
  "spot": 3021.26,
  "sigma_d": 0.001417262109983196,
  "ERI": 0.1417262109983196,
  "percentiles": {
    "p10": 0.08150207016707457,
    "p50": 0.2091262708842586,
    "p90": 0.28913979996754835
  },
  "ema": {
    "fast": 0.038276313776568024,
    "slow": 0.04112874001829108,
    "fast_period": 20,
    "slow_period": 100
  },
  "etv": {
    "horizon_days": 1,
    "risk_budget_usd": 100,
    "expected_move_usd": 4.281917322407831,
    "qty": 23.35402402019464,
    "notional_usd": 70558.57861125327,
    "leverage": 1
  }
}