{
  "t": "2026-01-04T06:46:20.865Z",
  "spot": 3141.32,
  "sigma_d": 0.0021299365297487876,
  "ERI": 0.21299365297487877,
  "percentiles": {
    "p10": 0.13300930458723387,
    "p50": 0.20712403042771121,
    "p90": 0.3094188961160326
  },
  "ema": {
    "fast": 0.030299946285877503,
    "slow": 0.037867306033175556,
    "fast_period": 20,
    "slow_period": 100
  },
  "etv": {
    "horizon_days": 1,
    "risk_budget_usd": 100,
    "expected_move_usd": 6.690812219630462,
    "qty": 14.945868560861072,
    "notional_usd": 46949.75582760411,
    "leverage": 1
  }
}