{
  "t": "2025-10-07T17:25:37.709Z",
  "spot": 4498.59,
  "sigma_d": 0.0006917791169075293,
  "ERI": 0.06917791169075294,
  "percentiles": {
    "p10": 0.07088027110115395,
    "p50": 0.19639726395804358,
    "p90": 0.2765686978721385
  },
  "ema": {
    "fast": 0.040489704589049984,
    "slow": 0.03840993698244539,
    "fast_period": 20,
    "slow_period": 100
  },
  "etv": {
    "horizon_days": 1,
    "risk_budget_usd": 100,
    "expected_move_usd": 3.1120306175290424,
    "qty": 32.133359947274606,
    "notional_usd": 144554.81172521008,
    "leverage": 1
  }
}