{
  "t": "2025-09-07T18:32:27.875Z",
  "spot": 4276.34,
  "sigma_d": 0.0031003586723686105,
  "ERI": 0.31003586723686105,
  "percentiles": {
    "p10": 0.07535300649435424,
    "p50": 0.2173250223728886,
    "p90": 0.31084592259201166
  },
  "ema": {
    "fast": 0.04152707900380643,
    "slow": 0.03963278844084326,
    "fast_period": 20,
    "slow_period": 100
  },
  "etv": {
    "horizon_days": 1,
    "risk_budget_usd": 100,
    "expected_move_usd": 13.258187804996785,
    "qty": 7.542508936425814,
    "notional_usd": 32254.332665195165,
    "leverage": 1
  }
}