{
  "t": "2026-04-22T16:17:28.433Z",
  "spot": 2404.17,
  "sigma_d": 0.0009110606124861199,
  "ERI": 0.09110606124861198,
  "percentiles": {
    "p10": 0.08911239966374813,
    "p50": 0.22689841548619283,
    "p90": 0.34035603190096625
  },
  "ema": {
    "fast": 0.0330322030953433,
    "slow": 0.03578833872790387,
    "fast_period": 20,
    "slow_period": 100
  },
  "etv": {
    "horizon_days": 1,
    "risk_budget_usd": 100,
    "expected_move_usd": 2.1903445927207548,
    "qty": 45.65491673425877,
    "notional_usd": 109762.18116500291,
    "leverage": 1
  }
}