{
  "t": "2025-11-05T02:07:48.265Z",
  "spot": 3273.53,
  "sigma_d": 0.002859215892289291,
  "ERI": 0.28592158922892913,
  "percentiles": {
    "p10": 0.07885568375215382,
    "p50": 0.21680191248930614,
    "p90": 0.2939978864147874
  },
  "ema": {
    "fast": 0.04805715938015713,
    "slow": 0.04208067270074899,
    "fast_period": 20,
    "slow_period": 100
  },
  "etv": {
    "horizon_days": 1,
    "risk_budget_usd": 100,
    "expected_move_usd": 9.359728999885764,
    "qty": 10.684070019679043,
    "notional_usd": 34974.62373151994,
    "leverage": 1
  }
}