{
  "t": "2026-01-14T04:14:44.259Z",
  "spot": 3341.3,
  "sigma_d": 0.002822510306816092,
  "ERI": 0.28225103068160917,
  "percentiles": {
    "p10": 0.07768485389276444,
    "p50": 0.19876797553220887,
    "p90": 0.2876711137933136
  },
  "ema": {
    "fast": 0.03813217235022677,
    "slow": 0.03544563335791573,
    "fast_period": 20,
    "slow_period": 100
  },
  "etv": {
    "horizon_days": 1,
    "risk_budget_usd": 100,
    "expected_move_usd": 9.430853688164609,
    "qty": 10.603493947265505,
    "notional_usd": 35429.45432599824,
    "leverage": 1
  }
}