{
  "t": "2026-04-16T21:01:47.604Z",
  "spot": 2350.48,
  "sigma_d": 0.0007634429307926549,
  "ERI": 0.07634429307926549,
  "percentiles": {
    "p10": 0.08958015709377566,
    "p50": 0.22740126911753786,
    "p90": 0.3482485795053716
  },
  "ema": {
    "fast": 0.037285896083852445,
    "slow": 0.04311961655043686,
    "fast_period": 20,
    "slow_period": 100
  },
  "etv": {
    "horizon_days": 1,
    "risk_budget_usd": 100,
    "expected_move_usd": 1.7944573399695194,
    "qty": 55.72715370413798,
    "notional_usd": 130985.56023850225,
    "leverage": 1
  }
}