{
  "t": "2025-12-23T13:02:34.095Z",
  "spot": 2954.21,
  "sigma_d": 0.0023801217633168167,
  "ERI": 0.23801217633168167,
  "percentiles": {
    "p10": 0.08288340117440547,
    "p50": 0.22409028769977787,
    "p90": 0.29211438569505715
  },
  "ema": {
    "fast": 0.04606607221468119,
    "slow": 0.04296664322560551,
    "fast_period": 20,
    "slow_period": 100
  },
  "etv": {
    "horizon_days": 1,
    "risk_budget_usd": 100,
    "expected_move_usd": 7.031379514408173,
    "qty": 14.221960256175553,
    "notional_usd": 42014.657208396384,
    "leverage": 1
  }
}