{
  "t": "2025-11-30T17:25:40.866Z",
  "spot": 3038.38,
  "sigma_d": 0.0022199086965298976,
  "ERI": 0.22199086965298975,
  "percentiles": {
    "p10": 0.07736381397781375,
    "p50": 0.19220428541303275,
    "p90": 0.31778913517438373
  },
  "ema": {
    "fast": 0.035447923614926116,
    "slow": 0.03614556870265552,
    "fast_period": 20,
    "slow_period": 100
  },
  "etv": {
    "horizon_days": 1,
    "risk_budget_usd": 100,
    "expected_move_usd": 6.744926185362511,
    "qty": 14.825959136071024,
    "notional_usd": 45046.89771985548,
    "leverage": 1
  }
}