{
  "t": "2026-01-10T09:30:29.623Z",
  "spot": 3087.73,
  "sigma_d": 0.0022885150490790586,
  "ERI": 0.22885150490790587,
  "percentiles": {
    "p10": 0.10586925557021208,
    "p50": 0.21967825301743427,
    "p90": 0.3186189896762125
  },
  "ema": {
    "fast": 0.03929512990588542,
    "slow": 0.038991971651657936,
    "fast_period": 20,
    "slow_period": 100
  },
  "etv": {
    "horizon_days": 1,
    "risk_budget_usd": 100,
    "expected_move_usd": 7.066316572492882,
    "qty": 14.151644491738589,
    "notional_usd": 43696.45724647599,
    "leverage": 1
  }
}