{
  "t": "2025-09-08T04:32:34.382Z",
  "spot": 4305.13,
  "sigma_d": 0.0007683951725195999,
  "ERI": 0.07683951725195999,
  "percentiles": {
    "p10": 0.07527584681450686,
    "p50": 0.21862698044298198,
    "p90": 0.31605402254816806
  },
  "ema": {
    "fast": 0.04027569271723651,
    "slow": 0.03996669929131043,
    "fast_period": 20,
    "slow_period": 100
  },
  "etv": {
    "horizon_days": 1,
    "risk_budget_usd": 100,
    "expected_move_usd": 3.3080411090693054,
    "qty": 30.22937040469074,
    "notional_usd": 130141.36941034625,
    "leverage": 1
  }
}