{
  "t": "2025-09-17T18:36:53.196Z",
  "spot": 4463.45,
  "sigma_d": 0.001960491912800328,
  "ERI": 0.1960491912800328,
  "percentiles": {
    "p10": 0.07989218135523876,
    "p50": 0.18780377138669319,
    "p90": 0.3152051881240566
  },
  "ema": {
    "fast": 0.033452137554098225,
    "slow": 0.03189249954640479,
    "fast_period": 20,
    "slow_period": 100
  },
  "etv": {
    "horizon_days": 1,
    "risk_budget_usd": 100,
    "expected_move_usd": 8.750557628188623,
    "qty": 11.427843144288866,
    "notional_usd": 51007.60648237614,
    "leverage": 1
  }
}