{
  "t": "2025-10-04T19:18:44.555Z",
  "spot": 4462.72,
  "sigma_d": 0.0022995778372454346,
  "ERI": 0.22995778372454345,
  "percentiles": {
    "p10": 0.07133249581256872,
    "p50": 0.1893501764768643,
    "p90": 0.27116621066327024
  },
  "ema": {
    "fast": 0.034878264209956475,
    "slow": 0.03526018238751056,
    "fast_period": 20,
    "slow_period": 100
  },
  "etv": {
    "horizon_days": 1,
    "risk_budget_usd": 100,
    "expected_move_usd": 10.262372005831946,
    "qty": 9.744335904328118,
    "notional_usd": 43486.24272696318,
    "leverage": 1
  }
}