{
  "t": "2025-12-24T06:48:20.283Z",
  "spot": 2933.35,
  "sigma_d": 0.0018366237105828227,
  "ERI": 0.1836623710582823,
  "percentiles": {
    "p10": 0.08305265429854167,
    "p50": 0.22128323118443421,
    "p90": 0.29211438569505715
  },
  "ema": {
    "fast": 0.04219694240375713,
    "slow": 0.04259006997995866,
    "fast_period": 20,
    "slow_period": 100
  },
  "etv": {
    "horizon_days": 1,
    "risk_budget_usd": 100,
    "expected_move_usd": 5.387460161438123,
    "qty": 18.561622175096716,
    "notional_usd": 54447.73440731995,
    "leverage": 1
  }
}