{
  "t": "2026-01-02T16:37:29.937Z",
  "spot": 3133.95,
  "sigma_d": 0.0018609671972408264,
  "ERI": 0.18609671972408265,
  "percentiles": {
    "p10": 0.15155541873779269,
    "p50": 0.2134296665335399,
    "p90": 0.3110059559280314
  },
  "ema": {
    "fast": 0.0439245992861379,
    "slow": 0.04804119606716338,
    "fast_period": 20,
    "slow_period": 100
  },
  "etv": {
    "horizon_days": 1,
    "risk_budget_usd": 100,
    "expected_move_usd": 5.832178147792887,
    "qty": 17.146252646250822,
    "notional_usd": 53735.49848071776,
    "leverage": 1
  }
}