{
  "t": "2025-11-27T02:06:09.732Z",
  "spot": 3043.04,
  "sigma_d": 0.0022533901437675244,
  "ERI": 0.22533901437675244,
  "percentiles": {
    "p10": 0.08687708203115108,
    "p50": 0.19992956696075515,
    "p90": 0.30193391782903517
  },
  "ema": {
    "fast": 0.03567841050759239,
    "slow": 0.03752634664963001,
    "fast_period": 20,
    "slow_period": 100
  },
  "etv": {
    "horizon_days": 1,
    "risk_budget_usd": 100,
    "expected_move_usd": 6.8571563430903275,
    "qty": 14.583304652338262,
    "notional_usd": 44377.57938925143,
    "leverage": 1
  }
}