{
  "t": "2026-01-24T18:43:06.157Z",
  "spot": 2962.71,
  "sigma_d": 0.0025744765619271047,
  "ERI": 0.2574476561927105,
  "percentiles": {
    "p10": 0.07260830581706632,
    "p50": 0.1855956921240189,
    "p90": 0.2677988259912101
  },
  "ema": {
    "fast": 0.0451928511693221,
    "slow": 0.03897702134341923,
    "fast_period": 20,
    "slow_period": 100
  },
  "etv": {
    "horizon_days": 1,
    "risk_budget_usd": 100,
    "expected_move_usd": 7.627427454787052,
    "qty": 13.11058028316467,
    "notional_usd": 38842.847310734796,
    "leverage": 1
  }
}