{
  "t": "2026-03-04T17:53:06.967Z",
  "spot": 2154.45,
  "sigma_d": 0.0011466133208204627,
  "ERI": 0.11466133208204628,
  "percentiles": {
    "p10": 0.11145856773492052,
    "p50": 0.28156009559866896,
    "p90": 0.3663617949720153
  },
  "ema": {
    "fast": 0.04850853297856671,
    "slow": 0.04657703304133872,
    "fast_period": 20,
    "slow_period": 100
  },
  "etv": {
    "horizon_days": 1,
    "risk_budget_usd": 100,
    "expected_move_usd": 2.470321069041646,
    "qty": 40.480567993048254,
    "notional_usd": 87213.3597126228,
    "leverage": 1
  }
}