{
  "t": "2025-11-02T22:26:12.438Z",
  "spot": 3861.42,
  "sigma_d": 0.0026908533299985077,
  "ERI": 0.26908533299985077,
  "percentiles": {
    "p10": 0.08497790374072993,
    "p50": 0.2187353519449366,
    "p90": 0.2909311937713
  },
  "ema": {
    "fast": 0.049132750422670374,
    "slow": 0.04536222541269758,
    "fast_period": 20,
    "slow_period": 100
  },
  "etv": {
    "horizon_days": 1,
    "risk_budget_usd": 100,
    "expected_move_usd": 10.390514865522837,
    "qty": 9.624162160800502,
    "notional_usd": 37162.93225095828,
    "leverage": 1
  }
}