{
  "t": "2026-02-08T08:48:08.375Z",
  "spot": 2108.11,
  "sigma_d": 0.001986881815111073,
  "ERI": 0.19868818151110731,
  "percentiles": {
    "p10": 0.07740230786891576,
    "p50": 0.20262584584822474,
    "p90": 0.3625327003681907
  },
  "ema": {
    "fast": 0.05186548544027734,
    "slow": 0.04959910869350147,
    "fast_period": 20,
    "slow_period": 100
  },
  "etv": {
    "horizon_days": 1,
    "risk_budget_usd": 100,
    "expected_move_usd": 4.188565423253804,
    "qty": 23.87452263365078,
    "notional_usd": 50330.11990922555,
    "leverage": 1
  }
}