{
  "t": "2025-12-12T18:44:41.381Z",
  "spot": 3096.38,
  "sigma_d": 0.003670281156537883,
  "ERI": 0.3670281156537883,
  "percentiles": {
    "p10": 0.08317025413542126,
    "p50": 0.22291492237135502,
    "p90": 0.3368553562640825
  },
  "ema": {
    "fast": 0.04168652011581149,
    "slow": 0.03867884886684002,
    "fast_period": 20,
    "slow_period": 100
  },
  "etv": {
    "horizon_days": 1,
    "risk_budget_usd": 100,
    "expected_move_usd": 11.36458516748077,
    "qty": 8.799265307645838,
    "notional_usd": 27245.86911328842,
    "leverage": 1
  }
}