{
  "t": "2026-03-11T11:44:04.809Z",
  "spot": 2023.08,
  "sigma_d": 0.0020959401055961435,
  "ERI": 0.20959401055961435,
  "percentiles": {
    "p10": 0.10503062610363459,
    "p50": 0.2688025630510842,
    "p90": 0.3617998177382653
  },
  "ema": {
    "fast": 0.051971959234283924,
    "slow": 0.052910589081223945,
    "fast_period": 20,
    "slow_period": 100
  },
  "etv": {
    "horizon_days": 1,
    "risk_budget_usd": 100,
    "expected_move_usd": 4.240254508829445,
    "qty": 23.583490045649587,
    "notional_usd": 47711.287041552765,
    "leverage": 1
  }
}