{
  "t": "2026-03-26T15:21:17.403Z",
  "spot": 2061.14,
  "sigma_d": 0.0017106966089980697,
  "ERI": 0.17106966089980696,
  "percentiles": {
    "p10": 0.09385409740716054,
    "p50": 0.21439323356861473,
    "p90": 0.28930790814145907
  },
  "ema": {
    "fast": 0.041398639154951414,
    "slow": 0.03923541509381525,
    "fast_period": 20,
    "slow_period": 100
  },
  "etv": {
    "horizon_days": 1,
    "risk_budget_usd": 100,
    "expected_move_usd": 3.525985208670281,
    "qty": 28.360867695673626,
    "notional_usd": 58455.718842260736,
    "leverage": 1
  }
}