{
  "t": "2026-02-14T07:41:54.150Z",
  "spot": 2050.72,
  "sigma_d": 0.0008882380063902653,
  "ERI": 0.08882380063902653,
  "percentiles": {
    "p10": 0.0933273567652321,
    "p50": 0.25965153280381176,
    "p90": 0.3819860851745566
  },
  "ema": {
    "fast": 0.032722424073399786,
    "slow": 0.04948996224874891,
    "fast_period": 20,
    "slow_period": 100
  },
  "etv": {
    "horizon_days": 1,
    "risk_budget_usd": 100,
    "expected_move_usd": 1.8215274444646448,
    "qty": 54.8989806900167,
    "notional_usd": 112582.43768063103,
    "leverage": 1
  }
}