{
  "t": "2025-10-09T12:56:34.503Z",
  "spot": 4402.53,
  "sigma_d": 0.0007072620962055949,
  "ERI": 0.07072620962055949,
  "percentiles": {
    "p10": 0.07139514265924364,
    "p50": 0.21438057656292303,
    "p90": 0.2767314733589211
  },
  "ema": {
    "fast": 0.037693634372856596,
    "slow": 0.03878398699553726,
    "fast_period": 20,
    "slow_period": 100
  },
  "etv": {
    "horizon_days": 1,
    "risk_budget_usd": 100,
    "expected_move_usd": 3.1137425964080174,
    "qty": 32.115692580163504,
    "notional_usd": 141390.30005494723,
    "leverage": 1
  }
}