{
  "t": "2025-12-03T11:27:49.846Z",
  "spot": 3065.6,
  "sigma_d": 0.0030864814481604366,
  "ERI": 0.30864814481604363,
  "percentiles": {
    "p10": 0.07676241052515967,
    "p50": 0.1955409698922066,
    "p90": 0.32430331733811585
  },
  "ema": {
    "fast": 0.04710467236057488,
    "slow": 0.03978913169554479,
    "fast_period": 20,
    "slow_period": 100
  },
  "etv": {
    "horizon_days": 1,
    "risk_budget_usd": 100,
    "expected_move_usd": 9.461917527480635,
    "qty": 10.568682268638032,
    "notional_usd": 32399.35236273675,
    "leverage": 1
  }
}