{
  "t": "2025-10-09T19:22:34.194Z",
  "spot": 4329.06,
  "sigma_d": 0.0019259176918654142,
  "ERI": 0.19259176918654142,
  "percentiles": {
    "p10": 0.07139514265924364,
    "p50": 0.2098212781159591,
    "p90": 0.2765686978721385
  },
  "ema": {
    "fast": 0.03336476763337048,
    "slow": 0.03760594850237121,
    "fast_period": 20,
    "slow_period": 100
  },
  "etv": {
    "horizon_days": 1,
    "risk_budget_usd": 100,
    "expected_move_usd": 8.33741324314689,
    "qty": 11.994127804831681,
    "notional_usd": 51923.298914784646,
    "leverage": 1
  }
}