{
  "t": "2026-02-14T07:00:09.919Z",
  "spot": 2052.79,
  "sigma_d": 0.0009810217431532368,
  "ERI": 0.09810217431532367,
  "percentiles": {
    "p10": 0.09377210281710072,
    "p50": 0.25965153280381176,
    "p90": 0.3819860851745566
  },
  "ema": {
    "fast": 0.034380598893263406,
    "slow": 0.050146935965194435,
    "fast_period": 20,
    "slow_period": 100
  },
  "etv": {
    "horizon_days": 1,
    "risk_budget_usd": 100,
    "expected_move_usd": 2.013831624127533,
    "qty": 49.6565843945984,
    "notional_usd": 101934.53987938764,
    "leverage": 1
  }
}