{
  "t": "2025-09-12T15:26:00.957Z",
  "spot": 4537.02,
  "sigma_d": 0.002147530997972263,
  "ERI": 0.2147530997972263,
  "percentiles": {
    "p10": 0.07596701395528663,
    "p50": 0.20879352438732904,
    "p90": 0.32605710988921516
  },
  "ema": {
    "fast": 0.031448967154251474,
    "slow": 0.03576797770507873,
    "fast_period": 20,
    "slow_period": 100
  },
  "etv": {
    "horizon_days": 1,
    "risk_budget_usd": 100,
    "expected_move_usd": 9.743391088420116,
    "qty": 10.263367147280848,
    "notional_usd": 46565.102014556156,
    "leverage": 1
  }
}