{
  "t": "2025-10-15T04:31:46.386Z",
  "spot": 4103.97,
  "sigma_d": 0.0009985767256049359,
  "ERI": 0.09985767256049359,
  "percentiles": {
    "p10": 0.080323181072865,
    "p50": 0.2182663582731273,
    "p90": 0.2761862975375825
  },
  "ema": {
    "fast": 0.036300873096613916,
    "slow": 0.036723004154483194,
    "fast_period": 20,
    "slow_period": 100
  },
  "etv": {
    "horizon_days": 1,
    "risk_budget_usd": 100,
    "expected_move_usd": 4.098128924580889,
    "qty": 24.401379712627485,
    "notional_usd": 100142.53029923182,
    "leverage": 1
  }
}