{
  "t": "2025-11-22T19:21:28.393Z",
  "spot": 2752.86,
  "sigma_d": 0.0027040271252515556,
  "ERI": 0.2704027125251556,
  "percentiles": {
    "p10": 0.08416797247765259,
    "p50": 0.20622139665882783,
    "p90": 0.29085513465767265
  },
  "ema": {
    "fast": 0.04304353003794689,
    "slow": 0.0401539995221066,
    "fast_period": 20,
    "slow_period": 100
  },
  "etv": {
    "horizon_days": 1,
    "risk_budget_usd": 100,
    "expected_move_usd": 7.4438081120199975,
    "qty": 13.433984124137153,
    "notional_usd": 36981.877535972206,
    "leverage": 1
  }
}