{
  "t": "2025-12-03T06:46:27.824Z",
  "spot": 3072.06,
  "sigma_d": 0.0032772662974726316,
  "ERI": 0.3277266297472632,
  "percentiles": {
    "p10": 0.07676241052515967,
    "p50": 0.19457667734874612,
    "p90": 0.32608179881853083
  },
  "ema": {
    "fast": 0.04178666801131019,
    "slow": 0.03817983255365013,
    "fast_period": 20,
    "slow_period": 100
  },
  "etv": {
    "horizon_days": 1,
    "risk_budget_usd": 100,
    "expected_move_usd": 10.067958701813772,
    "qty": 9.932500019292362,
    "notional_usd": 30513.236009267293,
    "leverage": 1
  }
}