{
  "t": "2025-12-01T02:35:21.046Z",
  "spot": 2858.33,
  "sigma_d": 0.0030126804675485418,
  "ERI": 0.3012680467548542,
  "percentiles": {
    "p10": 0.07736381397781375,
    "p50": 0.1916753922565065,
    "p90": 0.31136332763185853
  },
  "ema": {
    "fast": 0.0372152116550061,
    "slow": 0.036446797410248574,
    "fast_period": 20,
    "slow_period": 100
  },
  "etv": {
    "horizon_days": 1,
    "risk_budget_usd": 100,
    "expected_move_usd": 8.611234960808023,
    "qty": 11.612736205100209,
    "notional_usd": 33193.032277124075,
    "leverage": 1
  }
}