{
  "t": "2025-10-08T21:24:16.437Z",
  "spot": 4521.11,
  "sigma_d": 0.0015881547523831632,
  "ERI": 0.15881547523831632,
  "percentiles": {
    "p10": 0.07073861986214414,
    "p50": 0.20797484686974654,
    "p90": 0.2767997753290411
  },
  "ema": {
    "fast": 0.03807562697030283,
    "slow": 0.038902292405001065,
    "fast_period": 20,
    "slow_period": 100
  },
  "etv": {
    "horizon_days": 1,
    "risk_budget_usd": 100,
    "expected_move_usd": 7.180222332547042,
    "qty": 13.927145340153691,
    "notional_usd": 62966.15606882225,
    "leverage": 1
  }
}