{
  "t": "2026-01-13T11:30:48.025Z",
  "spot": 3133.77,
  "sigma_d": 0.0024492644870483127,
  "ERI": 0.24492644870483127,
  "percentiles": {
    "p10": 0.07923443035210982,
    "p50": 0.201826875135647,
    "p90": 0.31265840600689987
  },
  "ema": {
    "fast": 0.0358306154672071,
    "slow": 0.034906098175421445,
    "fast_period": 20,
    "slow_period": 100
  },
  "etv": {
    "horizon_days": 1,
    "risk_budget_usd": 100,
    "expected_move_usd": 7.675431571577391,
    "qty": 13.028583352929147,
    "notional_usd": 40828.58365390877,
    "leverage": 1
  }
}