{
  "t": "2025-10-25T04:30:37.651Z",
  "spot": 3930.9,
  "sigma_d": 0.0017127505834820713,
  "ERI": 0.17127505834820714,
  "percentiles": {
    "p10": 0.08098626447852347,
    "p50": 0.20925689932067193,
    "p90": 0.27255370346420243
  },
  "ema": {
    "fast": 0.03501624931021673,
    "slow": 0.038529651138427115,
    "fast_period": 20,
    "slow_period": 100
  },
  "etv": {
    "horizon_days": 1,
    "risk_budget_usd": 100,
    "expected_move_usd": 6.732651268609675,
    "qty": 14.852989707968417,
    "notional_usd": 58385.61724305305,
    "leverage": 1
  }
}