{
  "t": "2025-11-06T02:07:54.422Z",
  "spot": 3404.8,
  "sigma_d": 0.0007052325902910524,
  "ERI": 0.07052325902910525,
  "percentiles": {
    "p10": 0.0754255403625963,
    "p50": 0.2170185506052644,
    "p90": 0.2939978864147874
  },
  "ema": {
    "fast": 0.033926421687204965,
    "slow": 0.03796786069986755,
    "fast_period": 20,
    "slow_period": 100
  },
  "etv": {
    "horizon_days": 1,
    "risk_budget_usd": 100,
    "expected_move_usd": 2.4011759234229757,
    "qty": 41.64626132742738,
    "notional_usd": 141797.19056762476,
    "leverage": 1
  }
}