{
  "t": "2025-12-24T22:31:03.057Z",
  "spot": 2948.3,
  "sigma_d": 0.0022454465989375652,
  "ERI": 0.22454465989375652,
  "percentiles": {
    "p10": 0.08291299551388288,
    "p50": 0.20731458101275585,
    "p90": 0.2883199483531363
  },
  "ema": {
    "fast": 0.0373439961806225,
    "slow": 0.04044239211841218,
    "fast_period": 20,
    "slow_period": 100
  },
  "etv": {
    "horizon_days": 1,
    "risk_budget_usd": 100,
    "expected_move_usd": 6.620250207647624,
    "qty": 15.105169270563422,
    "notional_usd": 44534.57056040214,
    "leverage": 1
  }
}