{
  "t": "2026-06-11T11:43:53.095Z",
  "spot": 1660.63,
  "sigma_d": 0.001980758192745051,
  "ERI": 0.19807581927450507,
  "percentiles": {
    "p10": 0.08241905834499225,
    "p50": 0.2011363752689838,
    "p90": 0.3788689558936226
  },
  "ema": {
    "fast": 0.052991714618556375,
    "slow": 0.04662569184567544,
    "fast_period": 20,
    "slow_period": 100
  },
  "etv": {
    "horizon_days": 1,
    "risk_budget_usd": 100,
    "expected_move_usd": 3.289306477618214,
    "qty": 30.401545334994132,
    "notional_usd": 50485.71822965131,
    "leverage": 1
  }
}