{
  "t": "2025-09-18T04:30:46.961Z",
  "spot": 4608.79,
  "sigma_d": 0.0007495642152801278,
  "ERI": 0.07495642152801278,
  "percentiles": {
    "p10": 0.0788233878464367,
    "p50": 0.18367140636076246,
    "p90": 0.29246834805233485
  },
  "ema": {
    "fast": 0.026442076085796563,
    "slow": 0.030393184667785154,
    "fast_period": 20,
    "slow_period": 100
  },
  "etv": {
    "horizon_days": 1,
    "risk_budget_usd": 100,
    "expected_move_usd": 3.4545840597409003,
    "qty": 28.947044932378972,
    "notional_usd": 133410.8512138989,
    "leverage": 1
  }
}