{
  "t": "2025-10-16T06:39:15.931Z",
  "spot": 4022.85,
  "sigma_d": 0.001363121813757187,
  "ERI": 0.1363121813757187,
  "percentiles": {
    "p10": 0.08015997712154355,
    "p50": 0.21653415580810853,
    "p90": 0.27517672275086913
  },
  "ema": {
    "fast": 0.03053980707609195,
    "slow": 0.0346512637662398,
    "fast_period": 20,
    "slow_period": 100
  },
  "etv": {
    "horizon_days": 1,
    "risk_budget_usd": 100,
    "expected_move_usd": 5.4836345884731,
    "qty": 18.236080173942565,
    "notional_usd": 73361.01512774485,
    "leverage": 1
  }
}