{
  "t": "2026-03-17T23:43:12.326Z",
  "spot": 2322.27,
  "sigma_d": 0.0022014773015979795,
  "ERI": 0.22014773015979794,
  "percentiles": {
    "p10": 0.10580637078218988,
    "p50": 0.25486448249760496,
    "p90": 0.3567350633979202
  },
  "ema": {
    "fast": 0.04163866755378875,
    "slow": 0.04161163036808226,
    "fast_period": 20,
    "slow_period": 100
  },
  "etv": {
    "horizon_days": 1,
    "risk_budget_usd": 100,
    "expected_move_usd": 5.11242469318194,
    "qty": 19.560190320918085,
    "notional_usd": 45424.04317655844,
    "leverage": 1
  }
}