{
  "t": "2026-02-20T14:54:08.469Z",
  "spot": 1945.63,
  "sigma_d": 0.002613457845754008,
  "ERI": 0.2613457845754008,
  "percentiles": {
    "p10": 0.11613762506844227,
    "p50": 0.28537167627722515,
    "p90": 0.38267737689229514
  },
  "ema": {
    "fast": 0.05281481473752488,
    "slow": 0.0543943010951953,
    "fast_period": 20,
    "slow_period": 100
  },
  "etv": {
    "horizon_days": 1,
    "risk_budget_usd": 100,
    "expected_move_usd": 5.084821988434371,
    "qty": 19.666371846930723,
    "notional_usd": 38263.483056543824,
    "leverage": 1
  }
}