{
  "t": "2026-03-07T13:06:46.505Z",
  "spot": 1983.72,
  "sigma_d": 0.00340714538012253,
  "ERI": 0.340714538012253,
  "percentiles": {
    "p10": 0.1069178646034985,
    "p50": 0.2795215561618538,
    "p90": 0.36165292902394613
  },
  "ema": {
    "fast": 0.059411089835843825,
    "slow": 0.05144181435977764,
    "fast_period": 20,
    "slow_period": 100
  },
  "etv": {
    "horizon_days": 1,
    "risk_budget_usd": 100,
    "expected_move_usd": 6.758822433456666,
    "qty": 14.795476724612957,
    "notional_usd": 29350.083088149215,
    "leverage": 1
  }
}