{
  "t": "2026-02-26T10:02:54.622Z",
  "spot": 2074.91,
  "sigma_d": 0.0023914196164960106,
  "ERI": 0.23914196164960105,
  "percentiles": {
    "p10": 0.12852327912678188,
    "p50": 0.3109063721870351,
    "p90": 0.3823909153274117
  },
  "ema": {
    "fast": 0.05203332590547319,
    "slow": 0.05509384857217707,
    "fast_period": 20,
    "slow_period": 100
  },
  "etv": {
    "horizon_days": 1,
    "risk_budget_usd": 100,
    "expected_move_usd": 4.961980476463737,
    "qty": 20.153243341913985,
    "notional_usd": 41816.16614257074,
    "leverage": 1
  }
}