{
  "t": "2026-02-15T09:43:05.466Z",
  "spot": 2068.79,
  "sigma_d": 0.00307186513175075,
  "ERI": 0.307186513175075,
  "percentiles": {
    "p10": 0.0959174568307485,
    "p50": 0.2680605014848617,
    "p90": 0.3819860851745566
  },
  "ema": {
    "fast": 0.05855806596286728,
    "slow": 0.05347558069853347,
    "fast_period": 20,
    "slow_period": 100
  },
  "etv": {
    "horizon_days": 1,
    "risk_budget_usd": 100,
    "expected_move_usd": 6.355043865914634,
    "qty": 15.735532611560934,
    "notional_usd": 32553.512511471145,
    "leverage": 1
  }
}