{
  "t": "2025-11-24T23:26:56.118Z",
  "spot": 2965.48,
  "sigma_d": 0.002905713558877639,
  "ERI": 0.2905713558877639,
  "percentiles": {
    "p10": 0.08416797247765259,
    "p50": 0.19950290294794182,
    "p90": 0.2956837187868645
  },
  "ema": {
    "fast": 0.04226571657733833,
    "slow": 0.03866658010212626,
    "fast_period": 20,
    "slow_period": 100
  },
  "etv": {
    "horizon_days": 1,
    "risk_budget_usd": 100,
    "expected_move_usd": 8.616835444580461,
    "qty": 11.60518854551119,
    "notional_usd": 34414.95452794252,
    "leverage": 1
  }
}