{
  "t": "2026-02-06T11:44:08.202Z",
  "spot": 1928.95,
  "sigma_d": 0.002825607934818054,
  "ERI": 0.2825607934818054,
  "percentiles": {
    "p10": 0.07716787856358145,
    "p50": 0.20045310034798108,
    "p90": 0.3360095718721587
  },
  "ema": {
    "fast": 0.05728358800393761,
    "slow": 0.04950452262509254,
    "fast_period": 20,
    "slow_period": 100
  },
  "etv": {
    "horizon_days": 1,
    "risk_budget_usd": 100,
    "expected_move_usd": 5.450456425867285,
    "qty": 18.347087323808452,
    "notional_usd": 35390.614093260316,
    "leverage": 1
  }
}