{
  "t": "2025-12-17T14:34:57.390Z",
  "spot": 2942.88,
  "sigma_d": 0.002017126446623362,
  "ERI": 0.2017126446623362,
  "percentiles": {
    "p10": 0.08135616126397803,
    "p50": 0.21882027105985902,
    "p90": 0.29211438569505715
  },
  "ema": {
    "fast": 0.03601465057174665,
    "slow": 0.037066792581034055,
    "fast_period": 20,
    "slow_period": 100
  },
  "etv": {
    "horizon_days": 1,
    "risk_budget_usd": 100,
    "expected_move_usd": 5.93616107723896,
    "qty": 16.845904061368937,
    "notional_usd": 49575.47414412142,
    "leverage": 1
  }
}