{
  "t": "2025-09-20T18:32:23.998Z",
  "spot": 4488.08,
  "sigma_d": 0.0020373409658297733,
  "ERI": 0.20373409658297734,
  "percentiles": {
    "p10": 0.08199021503244962,
    "p50": 0.17181729514693245,
    "p90": 0.23203035452664267
  },
  "ema": {
    "fast": 0.02925936344079017,
    "slow": 0.02865626077654938,
    "fast_period": 20,
    "slow_period": 100
  },
  "etv": {
    "horizon_days": 1,
    "risk_budget_usd": 100,
    "expected_move_usd": 9.143749241921288,
    "qty": 10.936432895767815,
    "notional_usd": 49083.585750837614,
    "leverage": 1
  }
}