{
  "t": "2025-09-30T17:25:55.027Z",
  "spot": 4102.64,
  "sigma_d": 0.0007210719435537085,
  "ERI": 0.07210719435537084,
  "percentiles": {
    "p10": 0.07090048133551577,
    "p50": 0.18093959483883068,
    "p90": 0.2602785562165525
  },
  "ema": {
    "fast": 0.03080374257128182,
    "slow": 0.03118436356626359,
    "fast_period": 20,
    "slow_period": 100
  },
  "etv": {
    "horizon_days": 1,
    "risk_budget_usd": 100,
    "expected_move_usd": 2.958298598501187,
    "qty": 33.80321379683062,
    "notional_usd": 138682.4170514292,
    "leverage": 1
  }
}