{
  "t": "2025-11-05T12:58:27.021Z",
  "spot": 3336.05,
  "sigma_d": 0.0016356549774484443,
  "ERI": 0.16356549774484444,
  "percentiles": {
    "p10": 0.07612664004424849,
    "p50": 0.21656804019952614,
    "p90": 0.2939978864147874
  },
  "ema": {
    "fast": 0.03169897735465413,
    "slow": 0.038648815654898534,
    "fast_period": 20,
    "slow_period": 100
  },
  "etv": {
    "horizon_days": 1,
    "risk_budget_usd": 100,
    "expected_move_usd": 5.456626787516883,
    "qty": 18.326340410300713,
    "notional_usd": 61137.58792578369,
    "leverage": 1
  }
}