{
  "t": "2026-01-08T21:31:55.875Z",
  "spot": 3106.01,
  "sigma_d": 0.000776261589183454,
  "ERI": 0.0776261589183454,
  "percentiles": {
    "p10": 0.11979159257090304,
    "p50": 0.21639859132470313,
    "p90": 0.3186189896762125
  },
  "ema": {
    "fast": 0.03847328803047294,
    "slow": 0.04101127848644596,
    "fast_period": 20,
    "slow_period": 100
  },
  "etv": {
    "horizon_days": 1,
    "risk_budget_usd": 100,
    "expected_move_usd": 2.4110762586197,
    "qty": 41.47525390061627,
    "notional_usd": 128822.55336785316,
    "leverage": 1
  }
}