{
  "t": "2026-03-18T20:52:16.594Z",
  "spot": 2188.62,
  "sigma_d": 0.0026869088787359456,
  "ERI": 0.2686908878735946,
  "percentiles": {
    "p10": 0.10646603755626716,
    "p50": 0.2535546577762722,
    "p90": 0.35511798945354267
  },
  "ema": {
    "fast": 0.04561039694519886,
    "slow": 0.04267252880523721,
    "fast_period": 20,
    "slow_period": 100
  },
  "etv": {
    "horizon_days": 1,
    "risk_budget_usd": 100,
    "expected_move_usd": 5.880622510179065,
    "qty": 17.005002417159915,
    "notional_usd": 37217.48839024453,
    "leverage": 1
  }
}