{
  "t": "2026-06-29T06:02:13.693Z",
  "spot": 1580.26,
  "sigma_d": 0.0027038565948282493,
  "ERI": 0.27038565948282495,
  "percentiles": {
    "p10": 0.08497570531041622,
    "p50": 0.22903098252666743,
    "p90": 0.3758066790004014
  },
  "ema": {
    "fast": 0.04548865699228739,
    "slow": 0.04354677618829851,
    "fast_period": 20,
    "slow_period": 100
  },
  "etv": {
    "horizon_days": 1,
    "risk_budget_usd": 100,
    "expected_move_usd": 4.272796422543289,
    "qty": 23.4038765508227,
    "notional_usd": 36984.20995820308,
    "leverage": 1
  }
}