{
  "t": "2026-01-13T16:46:46.911Z",
  "spot": 3185.71,
  "sigma_d": 0.0026794533715653237,
  "ERI": 0.26794533715653235,
  "percentiles": {
    "p10": 0.07772208192356374,
    "p50": 0.20030404369879753,
    "p90": 0.3037293667443056
  },
  "ema": {
    "fast": 0.03433095302958375,
    "slow": 0.034603401812843514,
    "fast_period": 20,
    "slow_period": 100
  },
  "etv": {
    "horizon_days": 1,
    "risk_budget_usd": 100,
    "expected_move_usd": 8.535961400329368,
    "qty": 11.715142010382264,
    "notional_usd": 37321.045053894886,
    "leverage": 1
  }
}