{
  "t": "2026-01-24T02:22:12.134Z",
  "spot": 2955.24,
  "sigma_d": 0.0023631864953971163,
  "ERI": 0.23631864953971163,
  "percentiles": {
    "p10": 0.07184601349790881,
    "p50": 0.17212713994944537,
    "p90": 0.2677988259912101
  },
  "ema": {
    "fast": 0.04112449326326815,
    "slow": 0.03627921815043896,
    "fast_period": 20,
    "slow_period": 100
  },
  "etv": {
    "horizon_days": 1,
    "risk_budget_usd": 100,
    "expected_move_usd": 6.983783258657374,
    "qty": 14.318886525585691,
    "notional_usd": 42315.746215871855,
    "leverage": 1
  }
}