{
  "t": "2026-03-17T21:55:23.826Z",
  "spot": 2338.51,
  "sigma_d": 0.002486020791000512,
  "ERI": 0.2486020791000512,
  "percentiles": {
    "p10": 0.10580637078218988,
    "p50": 0.2598930328197381,
    "p90": 0.3567350633979202
  },
  "ema": {
    "fast": 0.041383422904024594,
    "slow": 0.041562263160475864,
    "fast_period": 20,
    "slow_period": 100
  },
  "etv": {
    "horizon_days": 1,
    "risk_budget_usd": 100,
    "expected_move_usd": 5.813584479962608,
    "qty": 17.201091743770995,
    "notional_usd": 40224.925053725914,
    "leverage": 1
  }
}