{
  "t": "2026-01-02T02:25:21.421Z",
  "spot": 2992.27,
  "sigma_d": 0.0034627963558576183,
  "ERI": 0.3462796355857618,
  "percentiles": {
    "p10": 0.15193186862445265,
    "p50": 0.21675264474667377,
    "p90": 0.31207548969546706
  },
  "ema": {
    "fast": 0.057241099421453875,
    "slow": 0.051293070308861,
    "fast_period": 20,
    "slow_period": 100
  },
  "etv": {
    "horizon_days": 1,
    "risk_budget_usd": 100,
    "expected_move_usd": 10.361621651742075,
    "qty": 9.65099898076159,
    "notional_usd": 28878.394720163484,
    "leverage": 1
  }
}