{
  "t": "2026-04-17T06:10:58.360Z",
  "spot": 2323.67,
  "sigma_d": 0.0022835256191894616,
  "ERI": 0.22835256191894615,
  "percentiles": {
    "p10": 0.08949175669885677,
    "p50": 0.2281292110245765,
    "p90": 0.3482485795053716
  },
  "ema": {
    "fast": 0.03911412670245782,
    "slow": 0.04302854903254071,
    "fast_period": 20,
    "slow_period": 100
  },
  "etv": {
    "horizon_days": 1,
    "risk_budget_usd": 100,
    "expected_move_usd": 5.306159975541976,
    "qty": 18.846020561184815,
    "notional_usd": 43791.93259740832,
    "leverage": 1
  }
}