{
  "t": "2025-09-11T07:25:49.808Z",
  "spot": 4442.94,
  "sigma_d": 0.0025882725595662162,
  "ERI": 0.25882725595662165,
  "percentiles": {
    "p10": 0.07548826391034644,
    "p50": 0.22129515759506768,
    "p90": 0.32605710988921516
  },
  "ema": {
    "fast": 0.042798307336404766,
    "slow": 0.041019578160982,
    "fast_period": 20,
    "slow_period": 100
  },
  "etv": {
    "horizon_days": 1,
    "risk_budget_usd": 100,
    "expected_move_usd": 11.499539685799125,
    "qty": 8.696000251513617,
    "notional_usd": 38635.807357459904,
    "leverage": 1
  }
}