{
  "t": "2025-10-11T07:22:03.194Z",
  "spot": 3769.45,
  "sigma_d": 0.0018327698149600215,
  "ERI": 0.18327698149600216,
  "percentiles": {
    "p10": 0.07208813042089995,
    "p50": 0.2189836331772912,
    "p90": 0.2768096025315583
  },
  "ema": {
    "fast": 0.032731603206497206,
    "slow": 0.03728473850490116,
    "fast_period": 20,
    "slow_period": 100
  },
  "etv": {
    "horizon_days": 1,
    "risk_budget_usd": 100,
    "expected_move_usd": 6.908534179001053,
    "qty": 14.474850584651753,
    "notional_usd": 54562.22553631555,
    "leverage": 1
  }
}