{
  "t": "2026-03-20T14:56:34.322Z",
  "spot": 2126.84,
  "sigma_d": 0.0023492484811469304,
  "ERI": 0.23492484811469305,
  "percentiles": {
    "p10": 0.10328440700270723,
    "p50": 0.24945385163595474,
    "p90": 0.3548847506364679
  },
  "ema": {
    "fast": 0.045057742240947204,
    "slow": 0.04278900542304903,
    "fast_period": 20,
    "slow_period": 100
  },
  "etv": {
    "horizon_days": 1,
    "risk_budget_usd": 100,
    "expected_move_usd": 4.996475639642538,
    "qty": 20.01410738533177,
    "notional_usd": 42566.804151419026,
    "leverage": 1
  }
}