{
  "t": "2025-11-02T14:25:15.239Z",
  "spot": 3845.81,
  "sigma_d": 0.002304574553436907,
  "ERI": 0.23045745534369072,
  "percentiles": {
    "p10": 0.08497790374072993,
    "p50": 0.2177448206053081,
    "p90": 0.2909311937713
  },
  "ema": {
    "fast": 0.048801770628033994,
    "slow": 0.044653789764006364,
    "fast_period": 20,
    "slow_period": 100
  },
  "etv": {
    "horizon_days": 1,
    "risk_budget_usd": 100,
    "expected_move_usd": 8.862955863353191,
    "qty": 11.282917521171793,
    "notional_usd": 43391.95703209769,
    "leverage": 1
  }
}