{
  "t": "2025-10-15T21:24:13.198Z",
  "spot": 3955.56,
  "sigma_d": 0.002099141811099583,
  "ERI": 0.2099141811099583,
  "percentiles": {
    "p10": 0.08138503399190712,
    "p50": 0.2189836331772912,
    "p90": 0.27569173721386064
  },
  "ema": {
    "fast": 0.03360245837807144,
    "slow": 0.03555368424387073,
    "fast_period": 20,
    "slow_period": 100
  },
  "etv": {
    "horizon_days": 1,
    "risk_budget_usd": 100,
    "expected_move_usd": 8.303281382313067,
    "qty": 12.043431433386248,
    "notional_usd": 47638.5156406453,
    "leverage": 1
  }
}