{
  "t": "2026-03-10T23:38:08.190Z",
  "spot": 2033.87,
  "sigma_d": 0.0035506483049560053,
  "ERI": 0.35506483049560056,
  "percentiles": {
    "p10": 0.10503062610363459,
    "p50": 0.27145966634556007,
    "p90": 0.3662615116521116
  },
  "ema": {
    "fast": 0.05858404451074389,
    "slow": 0.053775542053806656,
    "fast_period": 20,
    "slow_period": 100
  },
  "etv": {
    "horizon_days": 1,
    "risk_budget_usd": 100,
    "expected_move_usd": 7.2215570680008705,
    "qty": 13.847429170518597,
    "notional_usd": 28163.870767042656,
    "leverage": 1
  }
}