{
  "t": "2025-12-11T15:36:02.103Z",
  "spot": 3181.68,
  "sigma_d": 0.0018102925108560459,
  "ERI": 0.18102925108560458,
  "percentiles": {
    "p10": 0.08317025413542126,
    "p50": 0.22203933051430966,
    "p90": 0.3368553562640825
  },
  "ema": {
    "fast": 0.032507872639668825,
    "slow": 0.03887580410636465,
    "fast_period": 20,
    "slow_period": 100
  },
  "etv": {
    "horizon_days": 1,
    "risk_budget_usd": 100,
    "expected_move_usd": 5.759771475940464,
    "qty": 17.36179992864593,
    "notional_usd": 55239.691596974175,
    "leverage": 1
  }
}