{
  "t": "2025-10-22T03:48:33.337Z",
  "spot": 3852.8,
  "sigma_d": 0.0022242265091973242,
  "ERI": 0.22242265091973243,
  "percentiles": {
    "p10": 0.08117505264610382,
    "p50": 0.20846946343852402,
    "p90": 0.2701053784852573
  },
  "ema": {
    "fast": 0.03841671982037726,
    "slow": 0.03844767933273944,
    "fast_period": 20,
    "slow_period": 100
  },
  "etv": {
    "horizon_days": 1,
    "risk_budget_usd": 100,
    "expected_move_usd": 8.56949989463545,
    "qty": 11.669292400902005,
    "notional_usd": 44959.44976219525,
    "leverage": 1
  }
}