{
  "t": "2025-12-28T13:36:38.656Z",
  "spot": 2939.45,
  "sigma_d": 0.002040604061914278,
  "ERI": 0.20406040619142782,
  "percentiles": {
    "p10": 0.13647096419340068,
    "p50": 0.20412228905398372,
    "p90": 0.2883199483531363
  },
  "ema": {
    "fast": 0.037126877326723075,
    "slow": 0.03771783987922443,
    "fast_period": 20,
    "slow_period": 100
  },
  "etv": {
    "horizon_days": 1,
    "risk_budget_usd": 100,
    "expected_move_usd": 5.998253609793925,
    "qty": 16.671519162964433,
    "notional_usd": 49005.0970035758,
    "leverage": 1
  }
}