{
  "t": "2025-12-20T08:36:00.942Z",
  "spot": 2985.78,
  "sigma_d": 0.0028585796472780462,
  "ERI": 0.2858579647278046,
  "percentiles": {
    "p10": 0.0798454856819872,
    "p50": 0.1961269839735927,
    "p90": 0.28305128849046535
  },
  "ema": {
    "fast": 0.046579354370286895,
    "slow": 0.037789609802492505,
    "fast_period": 20,
    "slow_period": 100
  },
  "etv": {
    "horizon_days": 1,
    "risk_budget_usd": 100,
    "expected_move_usd": 8.535089939249845,
    "qty": 11.716338165358462,
    "notional_usd": 34982.40816736399,
    "leverage": 1
  }
}