{
  "t": "2026-06-03T11:21:05.513Z",
  "spot": 1884.85,
  "sigma_d": 0.004558736403803285,
  "ERI": 0.4558736403803285,
  "percentiles": {
    "p10": 0.0933657222384407,
    "p50": 0.21121394044212227,
    "p90": 0.3341427595618451
  },
  "ema": {
    "fast": 0.05378147194717998,
    "slow": 0.04146110363255352,
    "fast_period": 20,
    "slow_period": 100
  },
  "etv": {
    "horizon_days": 1,
    "risk_budget_usd": 100,
    "expected_move_usd": 8.592534310708622,
    "qty": 11.63800997284037,
    "notional_usd": 21935.90309730817,
    "leverage": 1
  }
}