{
  "t": "2025-12-26T09:32:58.047Z",
  "spot": 2964.72,
  "sigma_d": 0.002637638744632475,
  "ERI": 0.2637638744632475,
  "percentiles": {
    "p10": 0.09390680689747621,
    "p50": 0.21679716770226748,
    "p90": 0.29051886007054256
  },
  "ema": {
    "fast": 0.04569017550826957,
    "slow": 0.04122121341228046,
    "fast_period": 20,
    "slow_period": 100
  },
  "etv": {
    "horizon_days": 1,
    "risk_budget_usd": 100,
    "expected_move_usd": 7.819860338986791,
    "qty": 12.787952171145408,
    "notional_usd": 37912.69756083821,
    "leverage": 1
  }
}