{
  "t": "2026-01-20T21:31:51.051Z",
  "spot": 2993.8,
  "sigma_d": 0.0031398643730899357,
  "ERI": 0.31398643730899356,
  "percentiles": {
    "p10": 0.07255502410957532,
    "p50": 0.17212713994944537,
    "p90": 0.25153694862055076
  },
  "ema": {
    "fast": 0.03509212177120527,
    "slow": 0.030175093709241693,
    "fast_period": 20,
    "slow_period": 100
  },
  "etv": {
    "horizon_days": 1,
    "risk_budget_usd": 100,
    "expected_move_usd": 9.40012596015665,
    "qty": 10.638155320881841,
    "notional_usd": 31848.509399656057,
    "leverage": 1
  }
}