{
  "t": "2026-05-25T12:43:29.581Z",
  "spot": 2114.41,
  "sigma_d": 0.0011158298745842198,
  "ERI": 0.11158298745842198,
  "percentiles": {
    "p10": 0.0951874676375716,
    "p50": 0.21642235564517087,
    "p90": 0.30305009789233384
  },
  "ema": {
    "fast": 0.04027808244925465,
    "slow": 0.03978545435499723,
    "fast_period": 20,
    "slow_period": 100
  },
  "etv": {
    "horizon_days": 1,
    "risk_budget_usd": 100,
    "expected_move_usd": 2.35932184511962,
    "qty": 42.38506086266069,
    "notional_usd": 89619.39653861837,
    "leverage": 1
  }
}