{
  "t": "2026-05-12T09:47:23.897Z",
  "spot": 2293.48,
  "sigma_d": 0.0032407335822596324,
  "ERI": 0.3240733582259632,
  "percentiles": {
    "p10": 0.08676897632937358,
    "p50": 0.20736877800336864,
    "p90": 0.2750498878484968
  },
  "ema": {
    "fast": 0.04671033083832549,
    "slow": 0.0435231382962527,
    "fast_period": 20,
    "slow_period": 100
  },
  "etv": {
    "horizon_days": 1,
    "risk_budget_usd": 100,
    "expected_move_usd": 7.432557656240822,
    "qty": 13.454318772224255,
    "notional_usd": 30857.211017720885,
    "leverage": 1
  }
}