{
  "t": "2026-06-23T12:13:46.779Z",
  "spot": 1656.63,
  "sigma_d": 0.001271085274293213,
  "ERI": 0.1271085274293213,
  "percentiles": {
    "p10": 0.08370521180631367,
    "p50": 0.21670843656187902,
    "p90": 0.3817902617639839
  },
  "ema": {
    "fast": 0.04113386557331418,
    "slow": 0.04444304690234326,
    "fast_period": 20,
    "slow_period": 100
  },
  "etv": {
    "horizon_days": 1,
    "risk_budget_usd": 100,
    "expected_move_usd": 2.105717997952366,
    "qty": 47.489739887886984,
    "notional_usd": 78672.92779047022,
    "leverage": 1
  }
}