{
  "t": "2025-09-29T20:25:27.294Z",
  "spot": 4192.36,
  "sigma_d": 0.0028309937593187463,
  "ERI": 0.2830993759318746,
  "percentiles": {
    "p10": 0.07133598006098131,
    "p50": 0.1771589402897659,
    "p90": 0.2582897651941537
  },
  "ema": {
    "fast": 0.03575947815309012,
    "slow": 0.03158240651797901,
    "fast_period": 20,
    "slow_period": 100
  },
  "etv": {
    "horizon_days": 1,
    "risk_budget_usd": 100,
    "expected_move_usd": 11.868544996817539,
    "qty": 8.42563263035311,
    "notional_usd": 35323.28521418716,
    "leverage": 1
  }
}