{
  "t": "2026-05-25T15:58:30.600Z",
  "spot": 2124.56,
  "sigma_d": 0.0015341084189191556,
  "ERI": 0.15341084189191556,
  "percentiles": {
    "p10": 0.0951874676375716,
    "p50": 0.21642235564517087,
    "p90": 0.30305009789233384
  },
  "ema": {
    "fast": 0.039233417472210465,
    "slow": 0.039578001797280264,
    "fast_period": 20,
    "slow_period": 100
  },
  "etv": {
    "horizon_days": 1,
    "risk_budget_usd": 100,
    "expected_move_usd": 3.2593053824988814,
    "qty": 30.68138399579203,
    "notional_usd": 65184.44118209991,
    "leverage": 1
  }
}