{
  "t": "2025-10-30T09:30:20.743Z",
  "spot": 3903.18,
  "sigma_d": 0.0007119724278032328,
  "ERI": 0.07119724278032327,
  "percentiles": {
    "p10": 0.08166357686791983,
    "p50": 0.20534299244308568,
    "p90": 0.2756831503724505
  },
  "ema": {
    "fast": 0.033158080033130026,
    "slow": 0.03492241574834431,
    "fast_period": 20,
    "slow_period": 100
  },
  "etv": {
    "horizon_days": 1,
    "risk_budget_usd": 100,
    "expected_move_usd": 2.778956540753022,
    "qty": 35.98472971185894,
    "notional_usd": 140454.87731673356,
    "leverage": 1
  }
}