{
  "t": "2026-01-17T14:29:43.670Z",
  "spot": 3304.61,
  "sigma_d": 0.0007381737492902388,
  "ERI": 0.07381737492902388,
  "percentiles": {
    "p10": 0.07630334345625811,
    "p50": 0.19951775426884746,
    "p90": 0.2677988259912101
  },
  "ema": {
    "fast": 0.03020195188736534,
    "slow": 0.032335241632068426,
    "fast_period": 20,
    "slow_period": 100
  },
  "etv": {
    "horizon_days": 1,
    "risk_budget_usd": 100,
    "expected_move_usd": 2.439376353642016,
    "qty": 40.9940843489357,
    "notional_usd": 135469.46108033642,
    "leverage": 1
  }
}