{
  "t": "2026-04-14T22:00:51.396Z",
  "spot": 2324.97,
  "sigma_d": 0.0028842173330647786,
  "ERI": 0.28842173330647786,
  "percentiles": {
    "p10": 0.08901808514125302,
    "p50": 0.22767169812804677,
    "p90": 0.3507115550592297
  },
  "ema": {
    "fast": 0.04760753995990854,
    "slow": 0.04601232809105257,
    "fast_period": 20,
    "slow_period": 100
  },
  "etv": {
    "horizon_days": 1,
    "risk_budget_usd": 100,
    "expected_move_usd": 6.705718772855618,
    "qty": 14.912644473668434,
    "notional_usd": 34671.4510219449,
    "leverage": 1
  }
}