{
  "t": "2025-09-01T22:32:11.553Z",
  "spot": 4269.28,
  "sigma_d": 0.002692983530384425,
  "ERI": 0.2692983530384425,
  "percentiles": {
    "p10": 0.09063891353752715,
    "p50": 0.21847182158741527,
    "p90": 0.2958025919457258
  },
  "ema": {
    "fast": 0.04757717115921806,
    "slow": 0.04316985976645108,
    "fast_period": 20,
    "slow_period": 100
  },
  "etv": {
    "horizon_days": 1,
    "risk_budget_usd": 100,
    "expected_move_usd": 11.497100726599617,
    "qty": 8.697844993967971,
    "notional_usd": 37133.535675847575,
    "leverage": 1
  }
}