{
  "t": "2025-12-27T18:40:00.599Z",
  "spot": 2924.71,
  "sigma_d": 0.0015768729491732088,
  "ERI": 0.15768729491732086,
  "percentiles": {
    "p10": 0.10416525612833433,
    "p50": 0.20779750767323996,
    "p90": 0.2887329018255286
  },
  "ema": {
    "fast": 0.03237903002364183,
    "slow": 0.037659376626575744,
    "fast_period": 20,
    "slow_period": 100
  },
  "etv": {
    "horizon_days": 1,
    "risk_budget_usd": 100,
    "expected_move_usd": 4.611896083176376,
    "qty": 21.683055774996227,
    "notional_usd": 63416.65005568921,
    "leverage": 1
  }
}