{
  "t": "2025-12-19T06:46:10.875Z",
  "spot": 2924.82,
  "sigma_d": 0.002232952998155207,
  "ERI": 0.2232952998155207,
  "percentiles": {
    "p10": 0.07939482920405169,
    "p50": 0.19858351302314364,
    "p90": 0.27972351274224266
  },
  "ema": {
    "fast": 0.03426062144112474,
    "slow": 0.03504860849516202,
    "fast_period": 20,
    "slow_period": 100
  },
  "etv": {
    "horizon_days": 1,
    "risk_budget_usd": 100,
    "expected_move_usd": 6.530985588064314,
    "qty": 15.311624662402371,
    "notional_usd": 44783.746045087704,
    "leverage": 1
  }
}