{
  "t": "2025-12-17T22:32:03.315Z",
  "spot": 2832.75,
  "sigma_d": 0.0018069174169021232,
  "ERI": 0.18069174169021232,
  "percentiles": {
    "p10": 0.08135616126397803,
    "p50": 0.21533155415597252,
    "p90": 0.29211438569505715
  },
  "ema": {
    "fast": 0.032779317480577844,
    "slow": 0.03605009528800995,
    "fast_period": 20,
    "slow_period": 100
  },
  "etv": {
    "horizon_days": 1,
    "risk_budget_usd": 100,
    "expected_move_usd": 5.1185453127294895,
    "qty": 19.53680076862981,
    "notional_usd": 55342.87237733609,
    "leverage": 1
  }
}