{
  "t": "2025-11-23T02:27:35.073Z",
  "spot": 2816.65,
  "sigma_d": 0.0014452119060210022,
  "ERI": 0.14452119060210022,
  "percentiles": {
    "p10": 0.08416797247765259,
    "p50": 0.207756888548973,
    "p90": 0.2913022202724372
  },
  "ema": {
    "fast": 0.04493546053853558,
    "slow": 0.04093741904628881,
    "fast_period": 20,
    "slow_period": 100
  },
  "etv": {
    "horizon_days": 1,
    "risk_budget_usd": 100,
    "expected_move_usd": 4.070656115094056,
    "qty": 24.566064332773887,
    "notional_usd": 69194.00510290757,
    "leverage": 1
  }
}