{
  "t": "2025-09-26T11:22:33.273Z",
  "spot": 3887.29,
  "sigma_d": 0.0028261690732012223,
  "ERI": 0.28261690732012223,
  "percentiles": {
    "p10": 0.07410138502970143,
    "p50": 0.18908219067229365,
    "p90": 0.2464127514470451
  },
  "ema": {
    "fast": 0.039168219976876126,
    "slow": 0.03661974468463382,
    "fast_period": 20,
    "slow_period": 100
  },
  "etv": {
    "horizon_days": 1,
    "risk_budget_usd": 100,
    "expected_move_usd": 10.98613877656438,
    "qty": 9.102379100955824,
    "notional_usd": 35383.58725535456,
    "leverage": 1
  }
}