{
  "t": "2025-11-23T12:50:21.013Z",
  "spot": 2832.13,
  "sigma_d": 0.0020193316177984,
  "ERI": 0.20193316177984003,
  "percentiles": {
    "p10": 0.08270103127911355,
    "p50": 0.20255449928365943,
    "p90": 0.29153839848250634
  },
  "ema": {
    "fast": 0.03413154641183573,
    "slow": 0.03868454000835974,
    "fast_period": 20,
    "slow_period": 100
  },
  "etv": {
    "horizon_days": 1,
    "risk_budget_usd": 100,
    "expected_move_usd": 5.719009654715383,
    "qty": 17.485544882329226,
    "notional_usd": 49521.33622759107,
    "leverage": 1
  }
}