{
  "t": "2026-03-25T03:15:12.253Z",
  "spot": 2150.1,
  "sigma_d": 0.0009000785105181754,
  "ERI": 0.09000785105181754,
  "percentiles": {
    "p10": 0.09510863386087964,
    "p50": 0.21855311152199752,
    "p90": 0.2972326239551764
  },
  "ema": {
    "fast": 0.0365016903452287,
    "slow": 0.0376388052734588,
    "fast_period": 20,
    "slow_period": 100
  },
  "etv": {
    "horizon_days": 1,
    "risk_budget_usd": 100,
    "expected_move_usd": 1.9352588054651287,
    "qty": 51.672675363936946,
    "notional_usd": 111101.41930000082,
    "leverage": 1
  }
}