{
  "t": "2025-12-07T21:24:02.494Z",
  "spot": 3127.58,
  "sigma_d": 0.0020486365850358092,
  "ERI": 0.20486365850358093,
  "percentiles": {
    "p10": 0.07736381397781375,
    "p50": 0.21360037275905755,
    "p90": 0.34624717054840004
  },
  "ema": {
    "fast": 0.04893345936822141,
    "slow": 0.04611921616735557,
    "fast_period": 20,
    "slow_period": 100
  },
  "etv": {
    "horizon_days": 1,
    "risk_budget_usd": 100,
    "expected_move_usd": 6.407274810626296,
    "qty": 15.607259397420046,
    "notional_usd": 48812.95234618299,
    "leverage": 1
  }
}