{
  "t": "2025-11-10T13:38:38.351Z",
  "spot": 3617.08,
  "sigma_d": 0.002088556128077136,
  "ERI": 0.2088556128077136,
  "percentiles": {
    "p10": 0.07668084942646544,
    "p50": 0.2160250670663546,
    "p90": 0.295243874043454
  },
  "ema": {
    "fast": 0.03816351759511121,
    "slow": 0.03623221306646643,
    "fast_period": 20,
    "slow_period": 100
  },
  "etv": {
    "horizon_days": 1,
    "risk_budget_usd": 100,
    "expected_move_usd": 7.554474599745246,
    "qty": 13.237187931424407,
    "notional_usd": 47879.96772299659,
    "leverage": 1
  }
}