{
  "t": "2026-05-04T18:25:40.875Z",
  "spot": 2367.2,
  "sigma_d": 0.001998319650063721,
  "ERI": 0.1998319650063721,
  "percentiles": {
    "p10": 0.08441840954145854,
    "p50": 0.19355487851195086,
    "p90": 0.26207579236943623
  },
  "ema": {
    "fast": 0.04031029593264158,
    "slow": 0.03577012408494274,
    "fast_period": 20,
    "slow_period": 100
  },
  "etv": {
    "horizon_days": 1,
    "risk_budget_usd": 100,
    "expected_move_usd": 4.73042227563084,
    "qty": 21.13976177457946,
    "notional_usd": 50042.04407278449,
    "leverage": 1
  }
}