{
  "t": "2026-04-07T11:11:37.276Z",
  "spot": 2088.63,
  "sigma_d": 0.0036061777055884535,
  "ERI": 0.36061777055884536,
  "percentiles": {
    "p10": 0.09100989284009256,
    "p50": 0.21490494602357887,
    "p90": 0.34133532164666136
  },
  "ema": {
    "fast": 0.04439546297812852,
    "slow": 0.04158362468787074,
    "fast_period": 20,
    "slow_period": 100
  },
  "etv": {
    "horizon_days": 1,
    "risk_budget_usd": 100,
    "expected_move_usd": 7.531970941223212,
    "qty": 13.276737361357869,
    "notional_usd": 27730.191955052887,
    "leverage": 1
  }
}