{
  "t": "2026-02-20T02:51:17.724Z",
  "spot": 1952.29,
  "sigma_d": 0.0028322149474239167,
  "ERI": 0.28322149474239167,
  "percentiles": {
    "p10": 0.10901242413739645,
    "p50": 0.28739004283603,
    "p90": 0.3860526086309107
  },
  "ema": {
    "fast": 0.05017671698163799,
    "slow": 0.05430074419186413,
    "fast_period": 20,
    "slow_period": 100
  },
  "etv": {
    "horizon_days": 1,
    "risk_budget_usd": 100,
    "expected_move_usd": 5.529304919706238,
    "qty": 18.08545584881812,
    "notional_usd": 35308.054599089126,
    "leverage": 1
  }
}