{
  "t": "2026-04-02T03:21:54.603Z",
  "spot": 2068.01,
  "sigma_d": 0.002279058601302069,
  "ERI": 0.2279058601302069,
  "percentiles": {
    "p10": 0.09341368984264971,
    "p50": 0.22805602569237493,
    "p90": 0.3230577430931677
  },
  "ema": {
    "fast": 0.053535179834229694,
    "slow": 0.05173179853777154,
    "fast_period": 20,
    "slow_period": 100
  },
  "etv": {
    "horizon_days": 1,
    "risk_budget_usd": 100,
    "expected_move_usd": 4.713115978078692,
    "qty": 21.217385794262828,
    "notional_usd": 43877.76599639348,
    "leverage": 1
  }
}