{
  "t": "2026-02-17T11:49:49.976Z",
  "spot": 1964.58,
  "sigma_d": 0.0031620728717333983,
  "ERI": 0.31620728717333985,
  "percentiles": {
    "p10": 0.09801038082152105,
    "p50": 0.2833864842508732,
    "p90": 0.38224077299805304
  },
  "ema": {
    "fast": 0.06202416002557277,
    "slow": 0.05566041781855304,
    "fast_period": 20,
    "slow_period": 100
  },
  "etv": {
    "horizon_days": 1,
    "risk_budget_usd": 100,
    "expected_move_usd": 6.212145122349999,
    "qty": 16.09749901692105,
    "notional_usd": 31624.82461866275,
    "leverage": 1
  }
}