{
  "t": "2026-01-09T16:41:11.940Z",
  "spot": 3121.35,
  "sigma_d": 0.0016630556769463669,
  "ERI": 0.1663055676946367,
  "percentiles": {
    "p10": 0.10586925557021208,
    "p50": 0.2179523849601715,
    "p90": 0.3186189896762125
  },
  "ema": {
    "fast": 0.034806981480555714,
    "slow": 0.03870080070427343,
    "fast_period": 20,
    "slow_period": 100
  },
  "etv": {
    "horizon_days": 1,
    "risk_budget_usd": 100,
    "expected_move_usd": 5.190978837236542,
    "qty": 19.264189497878167,
    "notional_usd": 60130.277889202014,
    "leverage": 1
  }
}