{
  "t": "2026-04-13T19:35:33.178Z",
  "spot": 2250.9,
  "sigma_d": 0.0008513206589081455,
  "ERI": 0.08513206589081455,
  "percentiles": {
    "p10": 0.08832473410625495,
    "p50": 0.22767169812804677,
    "p90": 0.35429886612033396
  },
  "ema": {
    "fast": 0.04410850721669672,
    "slow": 0.0457195891437625,
    "fast_period": 20,
    "slow_period": 100
  },
  "etv": {
    "horizon_days": 1,
    "risk_budget_usd": 100,
    "expected_move_usd": 1.916237671136345,
    "qty": 52.18559341895161,
    "notional_usd": 117464.5522267182,
    "leverage": 1
  }
}