{
  "t": "2025-10-25T06:35:54.868Z",
  "spot": 3931.23,
  "sigma_d": 0.001723506663365915,
  "ERI": 0.1723506663365915,
  "percentiles": {
    "p10": 0.08098626447852347,
    "p50": 0.2084216619171047,
    "p90": 0.27255370346420243
  },
  "ema": {
    "fast": 0.03427855323237667,
    "slow": 0.038229161801881836,
    "fast_period": 20,
    "slow_period": 100
  },
  "etv": {
    "horizon_days": 1,
    "risk_budget_usd": 100,
    "expected_move_usd": 6.775501100223986,
    "qty": 14.759055975460498,
    "notional_usd": 58021.24362240957,
    "leverage": 1
  }
}