{
  "t": "2025-11-14T21:26:07.655Z",
  "spot": 3163.53,
  "sigma_d": 0.001683657053981746,
  "ERI": 0.1683657053981746,
  "percentiles": {
    "p10": 0.07647166308888562,
    "p50": 0.19300356376877376,
    "p90": 0.28431946478988
  },
  "ema": {
    "fast": 0.03547803502972177,
    "slow": 0.03470114216844951,
    "fast_period": 20,
    "slow_period": 100
  },
  "etv": {
    "horizon_days": 1,
    "risk_budget_usd": 100,
    "expected_move_usd": 5.326299599982874,
    "qty": 18.774760623739894,
    "notional_usd": 59394.51847601987,
    "leverage": 1
  }
}