{
  "t": "2026-03-05T09:58:33.270Z",
  "spot": 2125.17,
  "sigma_d": 0.0026407417578695287,
  "ERI": 0.26407417578695286,
  "percentiles": {
    "p10": 0.11015841647567107,
    "p50": 0.2770598215132771,
    "p90": 0.36564512992137516
  },
  "ema": {
    "fast": 0.04740890895858378,
    "slow": 0.04659308907547199,
    "fast_period": 20,
    "slow_period": 100
  },
  "etv": {
    "horizon_days": 1,
    "risk_budget_usd": 100,
    "expected_move_usd": 5.612025161571586,
    "qty": 17.818879481288015,
    "notional_usd": 37868.14810724885,
    "leverage": 1
  }
}