{
  "t": "2026-01-01T09:35:48.013Z",
  "spot": 2979.7,
  "sigma_d": 0.003156913318965862,
  "ERI": 0.3156913318965862,
  "percentiles": {
    "p10": 0.15193186862445265,
    "p50": 0.21675264474667377,
    "p90": 0.30564988123368
  },
  "ema": {
    "fast": 0.05697721002045436,
    "slow": 0.048735375003730486,
    "fast_period": 20,
    "slow_period": 100
  },
  "etv": {
    "horizon_days": 1,
    "risk_budget_usd": 100,
    "expected_move_usd": 9.406654616522578,
    "qty": 10.630771945676866,
    "notional_usd": 31676.511166533357,
    "leverage": 1
  }
}