{
  "t": "2026-03-18T22:44:48.522Z",
  "spot": 2189.99,
  "sigma_d": 0.0027352362387778914,
  "ERI": 0.2735236238777891,
  "percentiles": {
    "p10": 0.10580637078218988,
    "p50": 0.25293140480540377,
    "p90": 0.3548847506364679
  },
  "ema": {
    "fast": 0.04385603037611808,
    "slow": 0.042381572387429615,
    "fast_period": 20,
    "slow_period": 100
  },
  "etv": {
    "horizon_days": 1,
    "risk_budget_usd": 100,
    "expected_move_usd": 5.990140010561194,
    "qty": 16.694100609282984,
    "notional_usd": 36559.91339332364,
    "leverage": 1
  }
}