{
  "t": "2025-10-12T20:27:19.896Z",
  "spot": 4139.92,
  "sigma_d": 0.0027574021608486286,
  "ERI": 0.2757402160848629,
  "percentiles": {
    "p10": 0.07410860396130035,
    "p50": 0.21941717221561852,
    "p90": 0.2765686978721385
  },
  "ema": {
    "fast": 0.04174242964975369,
    "slow": 0.03798345950579899,
    "fast_period": 20,
    "slow_period": 100
  },
  "etv": {
    "horizon_days": 1,
    "risk_budget_usd": 100,
    "expected_move_usd": 11.415424353740455,
    "qty": 8.760077321806554,
    "notional_usd": 36266.01930609339,
    "leverage": 1
  }
}