{
  "t": "2025-12-21T09:29:31.041Z",
  "spot": 2993.09,
  "sigma_d": 0.0031751917246236228,
  "ERI": 0.3175191724623623,
  "percentiles": {
    "p10": 0.08150207016707457,
    "p50": 0.20858215914498876,
    "p90": 0.2841787514121885
  },
  "ema": {
    "fast": 0.0528718227766842,
    "slow": 0.04304276747665218,
    "fast_period": 20,
    "slow_period": 100
  },
  "etv": {
    "horizon_days": 1,
    "risk_budget_usd": 100,
    "expected_move_usd": 9.50363459905372,
    "qty": 10.522290073100772,
    "notional_usd": 31494.16119489719,
    "leverage": 1
  }
}