{
  "t": "2025-12-27T20:32:12.771Z",
  "spot": 2929.86,
  "sigma_d": 0.001744270375775255,
  "ERI": 0.17442703757752548,
  "percentiles": {
    "p10": 0.10416525612833433,
    "p50": 0.20705121173776286,
    "p90": 0.2887329018255286
  },
  "ema": {
    "fast": 0.032315335040405256,
    "slow": 0.03743641623443604,
    "fast_period": 20,
    "slow_period": 100
  },
  "etv": {
    "horizon_days": 1,
    "risk_budget_usd": 100,
    "expected_move_usd": 5.110468003168888,
    "qty": 19.567679503715162,
    "notional_usd": 57330.56147075491,
    "leverage": 1
  }
}