{
  "t": "2025-10-30T06:40:03.389Z",
  "spot": 3906.92,
  "sigma_d": 0.0007666655296614582,
  "ERI": 0.07666655296614582,
  "percentiles": {
    "p10": 0.08166357686791983,
    "p50": 0.20744265157391142,
    "p90": 0.2756831503724505
  },
  "ema": {
    "fast": 0.03513017046068665,
    "slow": 0.03533911766815196,
    "fast_period": 20,
    "slow_period": 100
  },
  "etv": {
    "horizon_days": 1,
    "risk_budget_usd": 100,
    "expected_move_usd": 2.9953008911449444,
    "qty": 33.385627566042395,
    "notional_usd": 130434.97605032235,
    "leverage": 1
  }
}