{
  "t": "2026-03-21T06:59:44.111Z",
  "spot": 2154.28,
  "sigma_d": 0.0010759897331958238,
  "ERI": 0.10759897331958237,
  "percentiles": {
    "p10": 0.10035783772553265,
    "p50": 0.2436276276897692,
    "p90": 0.3541878290762509
  },
  "ema": {
    "fast": 0.03274891584608034,
    "slow": 0.040236874272336264,
    "fast_period": 20,
    "slow_period": 100
  },
  "etv": {
    "horizon_days": 1,
    "risk_budget_usd": 100,
    "expected_move_usd": 2.3179831624290994,
    "qty": 43.14095185023102,
    "notional_usd": 92937.68975191569,
    "leverage": 1
  }
}