{
  "t": "2025-10-18T03:01:01.056Z",
  "spot": 3851.87,
  "sigma_d": 0.0008773828752239708,
  "ERI": 0.08773828752239708,
  "percentiles": {
    "p10": 0.07791427115409727,
    "p50": 0.2082915078242432,
    "p90": 0.2737626501566439
  },
  "ema": {
    "fast": 0.0343201148753375,
    "slow": 0.033708599107671024,
    "fast_period": 20,
    "slow_period": 100
  },
  "etv": {
    "horizon_days": 1,
    "risk_budget_usd": 100,
    "expected_move_usd": 3.3795647755889564,
    "qty": 29.58960891127557,
    "notional_usd": 113975.32687707503,
    "leverage": 1
  }
}