{
  "t": "2025-09-02T09:56:02.141Z",
  "spot": 851.8182,
  "sigma_d": 0.02458923080036964,
  "ERI": 2.4589230800369637,
  "percentiles": {
    "p10": 2.4490115517327697,
    "p50": 2.4537284499269045,
    "p90": 2.4603559653033984
  },
  "ema": {
    "fast": 0.4698389817195468,
    "slow": 0.3933438614936356,
    "fast_period": 20,
    "slow_period": 100
  },
  "etv": {
    "horizon_days": 1,
    "risk_budget_usd": 100,
    "expected_move_usd": 20.945554319755427,
    "qty": 4.774282813116194,
    "notional_usd": 4066.820992159573,
    "leverage": 1
  }
}