{
  "t": "2025-09-01T22:21:34.083Z",
  "spot": 845.0292,
  "sigma_d": 0.024592434862442173,
  "ERI": 2.459243486244217,
  "percentiles": {
    "p10": 2.448677913239813,
    "p50": 2.4537284499269045,
    "p90": 2.4588220303045145
  },
  "ema": {
    "fast": 0.4694853979800921,
    "slow": 0.3644498485369702,
    "fast_period": 20,
    "slow_period": 100
  },
  "etv": {
    "horizon_days": 1,
    "risk_budget_usd": 100,
    "expected_move_usd": 20.781325557861617,
    "qty": 4.812012579350108,
    "notional_usd": 4066.291140318158,
    "leverage": 1
  }
}