{
  "t": "2025-09-01T23:53:02.603Z",
  "spot": 845.4344,
  "sigma_d": 0.024611366436185233,
  "ERI": 2.461136643618523,
  "percentiles": {
    "p10": 2.4489173354267035,
    "p50": 2.4537284499269045,
    "p90": 2.4602909896624525
  },
  "ema": {
    "fast": 0.46982474086744175,
    "slow": 0.38184346561274735,
    "fast_period": 20,
    "slow_period": 100
  },
  "etv": {
    "horizon_days": 1,
    "risk_budget_usd": 100,
    "expected_move_usd": 20.8072958161564,
    "qty": 4.806006550949895,
    "notional_usd": 4063.1632647983934,
    "leverage": 1
  }
}