{
  "t": "2025-09-03T02:23:52.826Z",
  "spot": 852.5105,
  "sigma_d": 0.024590153740931767,
  "ERI": 2.459015374093177,
  "percentiles": {
    "p10": 2.4490115517327697,
    "p50": 2.4537284499269045,
    "p90": 2.4603343067564163
  },
  "ema": {
    "fast": 0.46983471942038846,
    "slow": 0.3948577301289772,
    "fast_period": 20,
    "slow_period": 100
  },
  "etv": {
    "horizon_days": 1,
    "risk_budget_usd": 100,
    "expected_move_usd": 20.96336426075861,
    "qty": 4.770226703887903,
    "notional_usd": 4066.6683524448276,
    "leverage": 1
  }
}