{
  "t": "2025-09-02T02:59:36.350Z",
  "spot": 853.4711,
  "sigma_d": 0.024587420210807603,
  "ERI": 2.4587420210807602,
  "percentiles": {
    "p10": 2.4490115517327697,
    "p50": 2.4537284499269045,
    "p90": 2.460399282397362
  },
  "ema": {
    "fast": 0.4698546396301713,
    "slow": 0.3902248281003955,
    "fast_period": 20,
    "slow_period": 100
  },
  "etv": {
    "horizon_days": 1,
    "risk_budget_usd": 100,
    "expected_move_usd": 20.984652573480197,
    "qty": 4.765387449224541,
    "notional_usd": 4067.1204682158627,
    "leverage": 1
  }
}