{
  "t": "2025-09-02T01:46:09.497Z",
  "spot": 849.2864,
  "sigma_d": 0.02459658102345424,
  "ERI": 2.4596581023454243,
  "percentiles": {
    "p10": 2.4490115517327697,
    "p50": 2.4537284499269045,
    "p90": 2.4604425994913264
  },
  "ema": {
    "fast": 0.4698702381002107,
    "slow": 0.3869777634214506,
    "fast_period": 20,
    "slow_period": 100
  },
  "etv": {
    "horizon_days": 1,
    "risk_budget_usd": 100,
    "expected_move_usd": 20.88954174971777,
    "qty": 4.787084427132111,
    "notional_usd": 4065.605699615093,
    "leverage": 1
  }
}