{
  "t": "2025-09-02T01:53:35.951Z",
  "spot": 849.9418,
  "sigma_d": 0.024592075705759175,
  "ERI": 2.4592075705759173,
  "percentiles": {
    "p10": 2.4490115517327697,
    "p50": 2.4537284499269045,
    "p90": 2.4604209409443443
  },
  "ema": {
    "fast": 0.46986649605874825,
    "slow": 0.3886184205153794,
    "fast_period": 20,
    "slow_period": 100
  },
  "etv": {
    "horizon_days": 1,
    "risk_budget_usd": 100,
    "expected_move_usd": 20.901833091089223,
    "qty": 4.784269377915545,
    "notional_usd": 4066.3505267504183,
    "leverage": 1
  }
}