{
  "t": "2025-09-02T03:33:47.662Z",
  "spot": 850.3363,
  "sigma_d": 0.024588319555039963,
  "ERI": 2.4588319555039964,
  "percentiles": {
    "p10": 2.4490115517327697,
    "p50": 2.4537284499269045,
    "p90": 2.4603776238503805
  },
  "ema": {
    "fast": 0.4698455487612145,
    "slow": 0.39179976587080595,
    "fast_period": 20,
    "slow_period": 100
  },
  "etv": {
    "horizon_days": 1,
    "risk_budget_usd": 100,
    "expected_move_usd": 20.90834067365033,
    "qty": 4.782780305757343,
    "notional_usd": 4066.971708910568,
    "leverage": 1
  }
}