{
  "t": "2025-09-01T23:39:02.775Z",
  "spot": 846.398,
  "sigma_d": 0.024604425994913266,
  "ERI": 2.4604425994913264,
  "percentiles": {
    "p10": 2.4488231191206373,
    "p50": 2.4537284499269045,
    "p90": 2.4597350598146335
  },
  "ema": {
    "fast": 0.46970827147999494,
    "slow": 0.37638240210952645,
    "fast_period": 20,
    "slow_period": 100
  },
  "etv": {
    "horizon_days": 1,
    "risk_budget_usd": 100,
    "expected_move_usd": 20.8251369532426,
    "qty": 4.801889189229529,
    "notional_usd": 4064.3094059854952,
    "leverage": 1
  }
}