{
  "t": "2025-09-02T01:34:00.036Z",
  "spot": 847.7013,
  "sigma_d": 0.024600941008320432,
  "ERI": 2.4600941008320434,
  "percentiles": {
    "p10": 2.4489801462974143,
    "p50": 2.4537284499269045,
    "p90": 2.4604607313079896
  },
  "ema": {
    "fast": 0.4698653136224895,
    "slow": 0.38530222287161,
    "fast_period": 20,
    "slow_period": 100
  },
  "etv": {
    "horizon_days": 1,
    "risk_budget_usd": 100,
    "expected_move_usd": 20.85424967397654,
    "qty": 4.795185708589043,
    "notional_usd": 4064.8851589123524,
    "leverage": 1
  }
}