{
  "t": "2026-06-21T17:48:22.182Z",
  "spot": 7.94,
  "sigma_d": 0.029400874485303454,
  "ERI": 2.9400874485303454,
  "percentiles": {
    "p10": 2.12457552580447,
    "p50": 2.5994292452577183,
    "p90": 3.053945068786401
  },
  "ema": {
    "fast": 0.5687067424140398,
    "slow": 0.5618418348725585,
    "fast_period": 20,
    "slow_period": 100
  },
  "etv": {
    "horizon_days": 1,
    "risk_budget_usd": 100,
    "expected_move_usd": 0.23344294341330943,
    "qty": 428.370198464087,
    "notional_usd": 3401.259375804851,
    "leverage": 1
  }
}