{
  "t": "2025-10-27T20:28:52.543Z",
  "spot": 18.4,
  "sigma_d": 0.05798705837764129,
  "ERI": 5.798705837764128,
  "percentiles": {
    "p10": 5.7116959644045275,
    "p50": 5.841904673878349,
    "p90": 5.958543863703687
  },
  "ema": {
    "fast": 1.10810136837145,
    "slow": 1.114575139777816,
    "fast_period": 20,
    "slow_period": 100
  },
  "etv": {
    "horizon_days": 1,
    "risk_budget_usd": 100,
    "expected_move_usd": 1.0669618741485996,
    "qty": 93.7240612086507,
    "notional_usd": 1724.5227262391727,
    "leverage": 1
  }
}