{
  "t": "2025-12-09T22:29:31.745Z",
  "spot": 14.46,
  "sigma_d": 0.042355737862296974,
  "ERI": 4.235573786229698,
  "percentiles": {
    "p10": 4.114604769567366,
    "p50": 4.205411878068674,
    "p90": 4.355298909861288
  },
  "ema": {
    "fast": 0.8044138995363396,
    "slow": 0.8045151081928625,
    "fast_period": 20,
    "slow_period": 100
  },
  "etv": {
    "horizon_days": 1,
    "risk_budget_usd": 100,
    "expected_move_usd": 0.6124639694888143,
    "qty": 163.274910822042,
    "notional_usd": 2360.955210486727,
    "leverage": 1
  }
}