{
  "t": "2025-12-27T06:44:37.888Z",
  "spot": 12.2,
  "sigma_d": 0.03747735926698255,
  "ERI": 3.747735926698255,
  "percentiles": {
    "p10": 3.7734484607420486,
    "p50": 3.866233583084976,
    "p90": 4.026248479964512
  },
  "ema": {
    "fast": 0.717791719988159,
    "slow": 0.7260451447037116,
    "fast_period": 20,
    "slow_period": 100
  },
  "etv": {
    "horizon_days": 1,
    "risk_budget_usd": 100,
    "expected_move_usd": 0.4572237830571871,
    "qty": 218.7112825395011,
    "notional_usd": 2668.277646981913,
    "leverage": 1
  }
}