{
  "t": "2026-01-25T19:25:41.475Z",
  "spot": 11.54,
  "sigma_d": 0.028445900597028253,
  "ERI": 2.844590059702825,
  "percentiles": {
    "p10": 2.419793577482409,
    "p50": 2.652633095812251,
    "p90": 2.7032021134114315
  },
  "ema": {
    "fast": 0.5191024354258605,
    "slow": 0.5090463819300958,
    "fast_period": 20,
    "slow_period": 100
  },
  "etv": {
    "horizon_days": 1,
    "risk_budget_usd": 100,
    "expected_move_usd": 0.32826569288970603,
    "qty": 304.6312854678938,
    "notional_usd": 3515.445034299494,
    "leverage": 1
  }
}