{
  "t": "2025-12-30T06:47:51.314Z",
  "spot": 12.36,
  "sigma_d": 0.03776870499722071,
  "ERI": 3.776870499722071,
  "percentiles": {
    "p10": 3.7540600216572577,
    "p50": 3.7927285720100197,
    "p90": 4.022310698658717
  },
  "ema": {
    "fast": 0.7213182262484674,
    "slow": 0.7222948617684505,
    "fast_period": 20,
    "slow_period": 100
  },
  "etv": {
    "horizon_days": 1,
    "risk_budget_usd": 100,
    "expected_move_usd": 0.46682119376564796,
    "qty": 214.21478145270686,
    "notional_usd": 2647.6946987554566,
    "leverage": 1
  }
}