{
  "t": "2026-03-03T15:56:10.347Z",
  "spot": 8.73,
  "sigma_d": 0.04875573327008638,
  "ERI": 4.875573327008638,
  "percentiles": {
    "p10": 4.643143417202287,
    "p50": 4.736099302469206,
    "p90": 5.141629785830333
  },
  "ema": {
    "fast": 0.9387877009274289,
    "slow": 0.9518743836651821,
    "fast_period": 20,
    "slow_period": 100
  },
  "etv": {
    "horizon_days": 1,
    "risk_budget_usd": 100,
    "expected_move_usd": 0.4256375514478541,
    "qty": 234.94167669144494,
    "notional_usd": 2051.0408375163142,
    "leverage": 1
  }
}