{
  "t": "2026-02-18T05:36:38.137Z",
  "spot": 8.84,
  "sigma_d": 0.04721285883309172,
  "ERI": 4.7212858833091715,
  "percentiles": {
    "p10": 3.3168959338825816,
    "p50": 4.710457819783684,
    "p90": 4.747856910643382
  },
  "ema": {
    "fast": 0.9039802790848167,
    "slow": 0.893780344846102,
    "fast_period": 20,
    "slow_period": 100
  },
  "etv": {
    "horizon_days": 1,
    "risk_budget_usd": 100,
    "expected_move_usd": 0.4173616720845308,
    "qty": 239.60034351152973,
    "notional_usd": 2118.0670366419226,
    "leverage": 1
  }
}