{
  "t": "2025-10-11T16:29:04.821Z",
  "spot": 18.05,
  "sigma_d": 0.05286571956051132,
  "ERI": 5.286571956051132,
  "percentiles": {
    "p10": 2.898875610941117,
    "p50": 3.073471074413468,
    "p90": 3.4417475723952604
  },
  "ema": {
    "fast": 0.9699770940744479,
    "slow": 0.7624208580426397,
    "fast_period": 20,
    "slow_period": 100
  },
  "etv": {
    "horizon_days": 1,
    "risk_budget_usd": 100,
    "expected_move_usd": 0.9542262380672294,
    "qty": 104.79695067130879,
    "notional_usd": 1891.5849596171238,
    "leverage": 1
  }
}