{
  "t": "2025-11-26T08:38:29.769Z",
  "spot": 12.98,
  "sigma_d": 0.042473502344453073,
  "ERI": 4.247350234445308,
  "percentiles": {
    "p10": 4.147915623854,
    "p50": 4.248697858592285,
    "p90": 4.447886703651812
  },
  "ema": {
    "fast": 0.8112124264736549,
    "slow": 0.8109219716064079,
    "fast_period": 20,
    "slow_period": 100
  },
  "etv": {
    "horizon_days": 1,
    "risk_budget_usd": 100,
    "expected_move_usd": 0.5513060604310009,
    "qty": 181.3874491454381,
    "notional_usd": 2354.4090899077864,
    "leverage": 1
  }
}