{
  "t": "2025-09-14T12:47:13.623Z",
  "spot": 24.31,
  "sigma_d": 0.05180614033090624,
  "ERI": 5.180614033090624,
  "percentiles": {
    "p10": 5.200755894366102,
    "p50": 5.673609526337786,
    "p90": 6.2631249283782875
  },
  "ema": {
    "fast": 0.9899215183638762,
    "slow": 1.0195769126324263,
    "fast_period": 20,
    "slow_period": 100
  },
  "etv": {
    "horizon_days": 1,
    "risk_budget_usd": 100,
    "expected_move_usd": 1.2594072714443307,
    "qty": 79.40243181645015,
    "notional_usd": 1930.273117457903,
    "leverage": 1
  }
}