{
  "t": "2026-02-26T17:14:20.833Z",
  "spot": 8.95,
  "sigma_d": 0.05148254698700662,
  "ERI": 5.148254698700662,
  "percentiles": {
    "p10": 4.612428843085816,
    "p50": 4.702582794003864,
    "p90": 4.740443551581738
  },
  "ema": {
    "fast": 0.9755318400680227,
    "slow": 0.9277316317726004,
    "fast_period": 20,
    "slow_period": 100
  },
  "etv": {
    "horizon_days": 1,
    "risk_budget_usd": 100,
    "expected_move_usd": 0.4607687955337092,
    "qty": 217.02858563625136,
    "notional_usd": 1942.4058414444496,
    "leverage": 1
  }
}