{
  "t": "2026-03-14T08:49:56.929Z",
  "spot": 8.98,
  "sigma_d": 0.03491817570269261,
  "ERI": 3.491817570269261,
  "percentiles": {
    "p10": 3.4909896147812174,
    "p50": 4.027999783173472,
    "p90": 5.029719476573926
  },
  "ema": {
    "fast": 0.667878009750625,
    "slow": 0.6954143305163136,
    "fast_period": 20,
    "slow_period": 100
  },
  "etv": {
    "horizon_days": 1,
    "risk_budget_usd": 100,
    "expected_move_usd": 0.31356521781017965,
    "qty": 318.9129224802483,
    "notional_usd": 2863.83804387263,
    "leverage": 1
  }
}