{
  "t": "2025-11-30T07:25:31.427Z",
  "spot": 13.02,
  "sigma_d": 0.04071733027844981,
  "ERI": 4.071733027844981,
  "percentiles": {
    "p10": 4.118411234989955,
    "p50": 4.232703477484165,
    "p90": 4.3045492386149515
  },
  "ema": {
    "fast": 0.7850501669909935,
    "slow": 0.8031538163428352,
    "fast_period": 20,
    "slow_period": 100
  },
  "etv": {
    "horizon_days": 1,
    "risk_budget_usd": 100,
    "expected_move_usd": 0.5301396402254165,
    "qty": 188.62954665582032,
    "notional_usd": 2455.9566974587806,
    "leverage": 1
  }
}