{
  "t": "2025-09-10T12:53:50.649Z",
  "spot": 23.58,
  "sigma_d": 0.05622289980120743,
  "ERI": 5.622289980120742,
  "percentiles": {
    "p10": 5.581754504453504,
    "p50": 5.906125284791334,
    "p90": 6.272088458655539
  },
  "ema": {
    "fast": 1.076690922991631,
    "slow": 1.0952444034771327,
    "fast_period": 20,
    "slow_period": 100
  },
  "etv": {
    "horizon_days": 1,
    "risk_budget_usd": 100,
    "expected_move_usd": 1.325735977312471,
    "qty": 75.42980028551369,
    "notional_usd": 1778.6346907324128,
    "leverage": 1
  }
}