{
  "t": "2026-01-29T10:52:47.978Z",
  "spot": 11.54,
  "sigma_d": 0.029571594181733243,
  "ERI": 2.9571594181733243,
  "percentiles": {
    "p10": 2.419793577482409,
    "p50": 2.6944835175163426,
    "p90": 2.9260082078298075
  },
  "ema": {
    "fast": 0.561901824239992,
    "slow": 0.5472989153842323,
    "fast_period": 20,
    "slow_period": 100
  },
  "etv": {
    "horizon_days": 1,
    "risk_budget_usd": 100,
    "expected_move_usd": 0.3412561968572016,
    "qty": 293.0349717336999,
    "notional_usd": 3381.6235738068963,
    "leverage": 1
  }
}