{
  "t": "2026-05-16T08:55:38.005Z",
  "spot": 9.81,
  "sigma_d": 0.021696478564684728,
  "ERI": 2.169647856468473,
  "percentiles": {
    "p10": 2.1969862126410598,
    "p50": 2.6050082966408015,
    "p90": 2.7890908863915063
  },
  "ema": {
    "fast": 0.4117655628585694,
    "slow": 0.4478682800165069,
    "fast_period": 20,
    "slow_period": 100
  },
  "etv": {
    "horizon_days": 1,
    "risk_budget_usd": 100,
    "expected_move_usd": 0.21284245471955718,
    "qty": 469.8310782581452,
    "notional_usd": 4609.042877712405,
    "leverage": 1
  }
}