{
  "t": "2026-03-04T11:39:41.254Z",
  "spot": 9.16,
  "sigma_d": 0.04856816496299339,
  "ERI": 4.856816496299339,
  "percentiles": {
    "p10": 4.643143417202287,
    "p50": 4.80213429680967,
    "p90": 5.141629785830333
  },
  "ema": {
    "fast": 0.9282095802740845,
    "slow": 0.9449709052368184,
    "fast_period": 20,
    "slow_period": 100
  },
  "etv": {
    "horizon_days": 1,
    "risk_budget_usd": 100,
    "expected_move_usd": 0.44488439106101946,
    "qty": 224.77749727632994,
    "notional_usd": 2058.9618750511822,
    "leverage": 1
  }
}