{
  "t": "2026-04-05T19:00:46.786Z",
  "spot": 8.61,
  "sigma_d": 0.026419083975376702,
  "ERI": 2.6419083975376703,
  "percentiles": {
    "p10": 2.7581238221471733,
    "p50": 3.0362254990092636,
    "p90": 3.6335277987679855
  },
  "ema": {
    "fast": 0.512078538548503,
    "slow": 0.5442655080104817,
    "fast_period": 20,
    "slow_period": 100
  },
  "etv": {
    "horizon_days": 1,
    "risk_budget_usd": 100,
    "expected_move_usd": 0.2274683130279934,
    "qty": 439.6216715586821,
    "notional_usd": 3785.1425921202526,
    "leverage": 1
  }
}