{
  "t": "2025-11-01T10:28:23.117Z",
  "spot": 17.37,
  "sigma_d": 0.05808054887330578,
  "ERI": 5.808054887330578,
  "percentiles": {
    "p10": 5.766426315714119,
    "p50": 5.816119021824814,
    "p90": 5.95042943922238
  },
  "ema": {
    "fast": 1.1093431747365772,
    "slow": 1.1097628871836351,
    "fast_period": 20,
    "slow_period": 100
  },
  "etv": {
    "horizon_days": 1,
    "risk_budget_usd": 100,
    "expected_move_usd": 1.0088591339293214,
    "qty": 99.1218661127826,
    "notional_usd": 1721.7468143790338,
    "leverage": 1
  }
}