{
  "t": "2025-10-09T19:22:40.295Z",
  "spot": 21.8,
  "sigma_d": 0.034140568922179454,
  "ERI": 3.4140568922179453,
  "percentiles": {
    "p10": 2.898875610941117,
    "p50": 3.0492730421296255,
    "p90": 3.316393977616802
  },
  "ema": {
    "fast": 0.6502968184252017,
    "slow": 0.6170074110088385,
    "fast_period": 20,
    "slow_period": 100
  },
  "etv": {
    "horizon_days": 1,
    "risk_budget_usd": 100,
    "expected_move_usd": 0.7442644025035121,
    "qty": 134.36085302968405,
    "notional_usd": 2929.0665960471124,
    "leverage": 1
  }
}