{
  "t": "2025-09-22T13:35:37.389Z",
  "spot": 21.51,
  "sigma_d": 0.03608358904404877,
  "ERI": 3.608358904404877,
  "percentiles": {
    "p10": 3.499161993668927,
    "p50": 4.6291018136118485,
    "p90": 5.32788358318609
  },
  "ema": {
    "fast": 0.6827026803816738,
    "slow": 0.7326253788102296,
    "fast_period": 20,
    "slow_period": 100
  },
  "etv": {
    "horizon_days": 1,
    "risk_budget_usd": 100,
    "expected_move_usd": 0.7761580003374892,
    "qty": 128.83974649042847,
    "notional_usd": 2771.3429470091164,
    "leverage": 1
  }
}