{
  "t": "2025-12-23T18:44:34.120Z",
  "spot": 12.41,
  "sigma_d": 0.03832027600076985,
  "ERI": 3.832027600076985,
  "percentiles": {
    "p10": 3.8530970764727277,
    "p50": 3.9702075272141615,
    "p90": 4.046239546299053
  },
  "ema": {
    "fast": 0.7348508438081393,
    "slow": 0.7455672856298198,
    "fast_period": 20,
    "slow_period": 100
  },
  "etv": {
    "horizon_days": 1,
    "risk_budget_usd": 100,
    "expected_move_usd": 0.4755546251695538,
    "qty": 210.28078522913344,
    "notional_usd": 2609.584544693546,
    "leverage": 1
  }
}