{
  "t": "2026-06-28T18:14:57.974Z",
  "spot": 7.25,
  "sigma_d": 0.030009356954314004,
  "ERI": 3.0009356954314006,
  "percentiles": {
    "p10": 2.2512041827454965,
    "p50": 2.969248511984494,
    "p90": 3.0581366947690714
  },
  "ema": {
    "fast": 0.5743643551839879,
    "slow": 0.5697956236764659,
    "fast_period": 20,
    "slow_period": 100
  },
  "etv": {
    "horizon_days": 1,
    "risk_budget_usd": 100,
    "expected_move_usd": 0.21756783791877654,
    "qty": 459.62675805664105,
    "notional_usd": 3332.2939959106475,
    "leverage": 1
  }
}