{
  "t": "2026-04-08T23:50:40.613Z",
  "spot": 8.86,
  "sigma_d": 0.02908820749614376,
  "ERI": 2.908820749614376,
  "percentiles": {
    "p10": 2.652230297274112,
    "p50": 2.9543467542252975,
    "p90": 3.6335277987679855
  },
  "ema": {
    "fast": 0.5297325326584089,
    "slow": 0.5283962766703506,
    "fast_period": 20,
    "slow_period": 100
  },
  "etv": {
    "horizon_days": 1,
    "risk_budget_usd": 100,
    "expected_move_usd": 0.2577215184158337,
    "qty": 388.01571795277874,
    "notional_usd": 3437.8192610616193,
    "leverage": 1
  }
}