{
  "t": "2026-02-01T13:10:32.119Z",
  "spot": 9.85,
  "sigma_d": 0.031676508594016134,
  "ERI": 3.1676508594016135,
  "percentiles": {
    "p10": 2.6745213310707663,
    "p50": 2.8767971037900684,
    "p90": 3.1683286501538857
  },
  "ema": {
    "fast": 0.6213017748243572,
    "slow": 0.5958785967891409,
    "fast_period": 20,
    "slow_period": 100
  },
  "etv": {
    "horizon_days": 1,
    "risk_budget_usd": 100,
    "expected_move_usd": 0.3120136096510589,
    "qty": 320.4988401366056,
    "notional_usd": 3156.9135753455653,
    "leverage": 1
  }
}