{
  "t": "2025-11-18T19:23:50.227Z",
  "spot": 13.95,
  "sigma_d": 0.044992956286337524,
  "ERI": 4.499295628633752,
  "percentiles": {
    "p10": 4.39853366721243,
    "p50": 4.485580109580518,
    "p90": 6.273575830689181
  },
  "ema": {
    "fast": 0.8469291049392539,
    "slow": 0.8523670771603608,
    "fast_period": 20,
    "slow_period": 100
  },
  "etv": {
    "horizon_days": 1,
    "risk_budget_usd": 100,
    "expected_move_usd": 0.6276517401944084,
    "qty": 159.32402253680692,
    "notional_usd": 2222.5701143884567,
    "leverage": 1
  }
}