{
  "t": "2025-10-02T08:34:42.763Z",
  "spot": 22.62,
  "sigma_d": 0.030494244391306113,
  "ERI": 3.049424439130611,
  "percentiles": {
    "p10": 2.9847085730369316,
    "p50": 3.1307630750879225,
    "p90": 3.576823530968981
  },
  "ema": {
    "fast": 0.5867663778205828,
    "slow": 0.588114834472097,
    "fast_period": 20,
    "slow_period": 100
  },
  "etv": {
    "horizon_days": 1,
    "risk_budget_usd": 100,
    "expected_move_usd": 0.6897798081313443,
    "qty": 144.97380007528216,
    "notional_usd": 3279.3073577028827,
    "leverage": 1
  }
}