{
  "t": "2026-03-04T10:52:20.969Z",
  "spot": 9.18,
  "sigma_d": 0.04867562832889583,
  "ERI": 4.8675628328895835,
  "percentiles": {
    "p10": 4.643143417202287,
    "p50": 4.80070021191678,
    "p90": 5.141629785830333
  },
  "ema": {
    "fast": 0.9282428530655926,
    "slow": 0.9453159035495873,
    "fast_period": 20,
    "slow_period": 100
  },
  "etv": {
    "horizon_days": 1,
    "risk_budget_usd": 100,
    "expected_move_usd": 0.44684226805926375,
    "qty": 223.79261575750755,
    "notional_usd": 2054.416212653919,
    "leverage": 1
  }
}