{
  "t": "2026-01-23T05:39:23.175Z",
  "spot": 12.33,
  "sigma_d": 0.027010261780903353,
  "ERI": 2.7010261780903355,
  "percentiles": {
    "p10": 2.4055990817203687,
    "p50": 2.483110998768935,
    "p90": 2.7000965401266357
  },
  "ema": {
    "fast": 0.5157386633579029,
    "slow": 0.4973753663644352,
    "fast_period": 20,
    "slow_period": 100
  },
  "etv": {
    "horizon_days": 1,
    "risk_budget_usd": 100,
    "expected_move_usd": 0.33303652775853837,
    "qty": 300.26736308187503,
    "notional_usd": 3702.296586799519,
    "leverage": 1
  }
}