{
  "t": "2025-10-15T05:28:08.784Z",
  "spot": 19.1,
  "sigma_d": 0.05644474840154059,
  "ERI": 5.644474840154059,
  "percentiles": {
    "p10": 2.898875610941117,
    "p50": 3.3796732814450112,
    "p90": 5.644456370723163
  },
  "ema": {
    "fast": 1.0816931188857872,
    "slow": 1.0022605992136435,
    "fast_period": 20,
    "slow_period": 100
  },
  "etv": {
    "horizon_days": 1,
    "risk_budget_usd": 100,
    "expected_move_usd": 1.0780946944694254,
    "qty": 92.75623051759298,
    "notional_usd": 1771.644002886026,
    "leverage": 1
  }
}