{
  "t": "2025-10-22T11:24:50.788Z",
  "spot": 17.48,
  "sigma_d": 0.05917785056283976,
  "ERI": 5.917785056283976,
  "percentiles": {
    "p10": 5.260843847561375,
    "p50": 5.712495746164745,
    "p90": 5.950520430444294
  },
  "ema": {
    "fast": 1.1328639037910486,
    "slow": 1.116985085070348,
    "fast_period": 20,
    "slow_period": 100
  },
  "etv": {
    "horizon_days": 1,
    "risk_budget_usd": 100,
    "expected_move_usd": 1.034428827838439,
    "qty": 96.6717064613926,
    "notional_usd": 1689.8214289451428,
    "leverage": 1
  }
}