{
  "t": "2026-01-28T18:51:28.109Z",
  "spot": 11.78,
  "sigma_d": 0.029437347027057463,
  "ERI": 2.943734702705746,
  "percentiles": {
    "p10": 2.419793577482409,
    "p50": 2.676311983055975,
    "p90": 2.924113045950928
  },
  "ema": {
    "fast": 0.5600987197660136,
    "slow": 0.5428671006599664,
    "fast_period": 20,
    "slow_period": 100
  },
  "etv": {
    "horizon_days": 1,
    "risk_budget_usd": 100,
    "expected_move_usd": 0.3467719479787369,
    "qty": 288.37396041657826,
    "notional_usd": 3397.0452537072915,
    "leverage": 1
  }
}