{
  "t": "2026-05-15T20:21:32.684Z",
  "spot": 10.04,
  "sigma_d": 0.022005216919799436,
  "ERI": 2.2005216919799437,
  "percentiles": {
    "p10": 2.3170103235194475,
    "p50": 2.627713708690524,
    "p90": 2.7909318277722472
  },
  "ema": {
    "fast": 0.41135442432691144,
    "slow": 0.45156876654780204,
    "fast_period": 20,
    "slow_period": 100
  },
  "etv": {
    "horizon_days": 1,
    "risk_budget_usd": 100,
    "expected_move_usd": 0.2209323778747863,
    "qty": 452.62718376513885,
    "notional_usd": 4544.376925001994,
    "leverage": 1
  }
}