{
  "t": "2025-09-23T21:24:00.318Z",
  "spot": 21.67,
  "sigma_d": 0.035715020259817765,
  "ERI": 3.5715020259817765,
  "percentiles": {
    "p10": 3.4952529629998814,
    "p50": 4.364014863489661,
    "p90": 5.197206487900054
  },
  "ema": {
    "fast": 0.6840016413407293,
    "slow": 0.7111875248866071,
    "fast_period": 20,
    "slow_period": 100
  },
  "etv": {
    "horizon_days": 1,
    "risk_budget_usd": 100,
    "expected_move_usd": 0.773944489030251,
    "qty": 129.20823317095977,
    "notional_usd": 2799.9424128146984,
    "leverage": 1
  }
}