{
  "t": "2026-05-12T09:47:29.171Z",
  "spot": 10.34,
  "sigma_d": 0.02435171527193617,
  "ERI": 2.435171527193617,
  "percentiles": {
    "p10": 2.4379673979540226,
    "p50": 2.6802787034514286,
    "p90": 2.950704740087406
  },
  "ema": {
    "fast": 0.4707001465745397,
    "slow": 0.4823125542473884,
    "fast_period": 20,
    "slow_period": 100
  },
  "etv": {
    "horizon_days": 1,
    "risk_budget_usd": 100,
    "expected_move_usd": 0.25179673591182,
    "qty": 397.1457359757845,
    "notional_usd": 4106.486909989611,
    "leverage": 1
  }
}