{
  "t": "2025-09-18T11:22:03.328Z",
  "spot": 24.22,
  "sigma_d": 0.04352524315190542,
  "ERI": 4.352524315190542,
  "percentiles": {
    "p10": 4.628422813872375,
    "p50": 5.2122398516798345,
    "p90": 5.678106445191369
  },
  "ema": {
    "fast": 0.8498291702242377,
    "slow": 0.9124518749897221,
    "fast_period": 20,
    "slow_period": 100
  },
  "etv": {
    "horizon_days": 1,
    "risk_budget_usd": 100,
    "expected_move_usd": 1.0541813891391492,
    "qty": 94.86033526133544,
    "notional_usd": 2297.517320029544,
    "leverage": 1
  }
}