{
  "t": "2025-10-18T21:22:29.629Z",
  "spot": 16.79,
  "sigma_d": 0.05710670010164487,
  "ERI": 5.7106700101644865,
  "percentiles": {
    "p10": 3.3233632626541487,
    "p50": 5.603548422690883,
    "p90": 5.734963675420762
  },
  "ema": {
    "fast": 1.0920827932200194,
    "slow": 1.076255210688672,
    "fast_period": 20,
    "slow_period": 100
  },
  "etv": {
    "horizon_days": 1,
    "risk_budget_usd": 100,
    "expected_move_usd": 0.9588214947066173,
    "qty": 104.29469984983834,
    "notional_usd": 1751.1080104787857,
    "leverage": 1
  }
}