{
  "t": "2025-11-19T06:41:20.673Z",
  "spot": 13.31,
  "sigma_d": 0.041954255880342586,
  "ERI": 4.195425588034259,
  "percentiles": {
    "p10": 4.397467473835584,
    "p50": 4.479471764699076,
    "p90": 6.273575830689181
  },
  "ema": {
    "fast": 0.8289213137356068,
    "slow": 0.8473498677017509,
    "fast_period": 20,
    "slow_period": 100
  },
  "etv": {
    "horizon_days": 1,
    "risk_budget_usd": 100,
    "expected_move_usd": 0.5584111457673598,
    "qty": 179.0795200955052,
    "notional_usd": 2383.5484124711743,
    "leverage": 1
  }
}