{
  "t": "2026-04-01T03:38:04.731Z",
  "spot": 8.78,
  "sigma_d": 0.029045678243256635,
  "ERI": 2.9045678243256634,
  "percentiles": {
    "p10": 2.9594692491604166,
    "p50": 3.536461500757401,
    "p90": 3.6384711783368635
  },
  "ema": {
    "fast": 0.5659689898562582,
    "slow": 0.5942558455475152,
    "fast_period": 20,
    "slow_period": 100
  },
  "etv": {
    "horizon_days": 1,
    "risk_budget_usd": 100,
    "expected_move_usd": 0.25502105497579325,
    "qty": 392.12448560175574,
    "notional_usd": 3442.852983583415,
    "leverage": 1
  }
}