{
  "t": "2026-05-26T19:26:25.599Z",
  "spot": 9.35,
  "sigma_d": 0.022300491699816367,
  "ERI": 2.2300491699816365,
  "percentiles": {
    "p10": 2.1046049427482103,
    "p50": 2.365728087935868,
    "p90": 2.655825151559321
  },
  "ema": {
    "fast": 0.42497505585440004,
    "slow": 0.42353944591865245,
    "fast_period": 20,
    "slow_period": 100
  },
  "etv": {
    "horizon_days": 1,
    "risk_budget_usd": 100,
    "expected_move_usd": 0.208509597393283,
    "qty": 479.5942309139072,
    "notional_usd": 4484.206059045032,
    "leverage": 1
  }
}