{
  "t": "2026-03-31T07:42:37.944Z",
  "spot": 8.69,
  "sigma_d": 0.029492228130441916,
  "ERI": 2.9492228130441918,
  "percentiles": {
    "p10": 2.9658190935493796,
    "p50": 3.536461500757401,
    "p90": 3.6384711783368635
  },
  "ema": {
    "fast": 0.5701595225545718,
    "slow": 0.6016685836834987,
    "fast_period": 20,
    "slow_period": 100
  },
  "etv": {
    "horizon_days": 1,
    "risk_budget_usd": 100,
    "expected_move_usd": 0.2562874624535402,
    "qty": 390.1868590943187,
    "notional_usd": 3390.7238055296293,
    "leverage": 1
  }
}