{
  "t": "2025-09-17T18:36:58.708Z",
  "spot": 23.11,
  "sigma_d": 0.046345191826696185,
  "ERI": 4.634519182669618,
  "percentiles": {
    "p10": 4.629344466287502,
    "p50": 5.310456398130049,
    "p90": 5.9059757793772265
  },
  "ema": {
    "fast": 0.8870355684101052,
    "slow": 0.937277103119362,
    "fast_period": 20,
    "slow_period": 100
  },
  "etv": {
    "horizon_days": 1,
    "risk_budget_usd": 100,
    "expected_move_usd": 1.071037383114949,
    "qty": 93.36742262829823,
    "notional_usd": 2157.721136939972,
    "leverage": 1
  }
}