{
  "t": "2025-11-07T14:29:36.804Z",
  "spot": 14.52,
  "sigma_d": 0.06087319108942741,
  "ERI": 6.087319108942741,
  "percentiles": {
    "p10": 5.768268262824236,
    "p50": 5.814712975409668,
    "p90": 6.288527079423044
  },
  "ema": {
    "fast": 1.1688395804403626,
    "slow": 1.1690103500167763,
    "fast_period": 20,
    "slow_period": 100
  },
  "etv": {
    "horizon_days": 1,
    "risk_budget_usd": 100,
    "expected_move_usd": 0.883878734618486,
    "qty": 113.13769195178524,
    "notional_usd": 1642.7592871399218,
    "leverage": 1
  }
}