{
  "t": "2026-02-05T19:46:10.616Z",
  "spot": 8.3,
  "sigma_d": 0.03680411049673467,
  "ERI": 3.680411049673467,
  "percentiles": {
    "p10": 2.675721824784282,
    "p50": 3.1086546210325032,
    "p90": 3.368591120323011
  },
  "ema": {
    "fast": 0.6491472120293346,
    "slow": 0.6282839312930595,
    "fast_period": 20,
    "slow_period": 100
  },
  "etv": {
    "horizon_days": 1,
    "risk_budget_usd": 100,
    "expected_move_usd": 0.3054741171228978,
    "qty": 327.3599771458483,
    "notional_usd": 2717.087810310541,
    "leverage": 1
  }
}