{
  "t": "2025-12-31T07:32:54.714Z",
  "spot": 12.34,
  "sigma_d": 0.03533060065530986,
  "ERI": 3.533060065530986,
  "percentiles": {
    "p10": 3.7504363758263306,
    "p50": 3.782842201012065,
    "p90": 4.0207022713539535
  },
  "ema": {
    "fast": 0.7008598152839647,
    "slow": 0.7170212115956603,
    "fast_period": 20,
    "slow_period": 100
  },
  "etv": {
    "horizon_days": 1,
    "risk_budget_usd": 100,
    "expected_move_usd": 0.43597961208652364,
    "qty": 229.36852372847702,
    "notional_usd": 2830.4075828094064,
    "leverage": 1
  }
}