{
  "t": "2025-09-30T09:29:18.376Z",
  "spot": 21.35,
  "sigma_d": 0.030352158448308002,
  "ERI": 3.0352158448308004,
  "percentiles": {
    "p10": 3.0222256338336453,
    "p50": 3.2480232189178055,
    "p90": 3.7361709409007617
  },
  "ema": {
    "fast": 0.5783339856403455,
    "slow": 0.5924299031447215,
    "fast_period": 20,
    "slow_period": 100
  },
  "etv": {
    "horizon_days": 1,
    "risk_budget_usd": 100,
    "expected_move_usd": 0.6480185828713759,
    "qty": 154.31656227650006,
    "notional_usd": 3294.6586046032767,
    "leverage": 1
  }
}