{
  "t": "2026-01-16T07:34:04.508Z",
  "spot": 13.78,
  "sigma_d": 0.024762057158510847,
  "ERI": 2.476205715851085,
  "percentiles": {
    "p10": 2.4676164759095607,
    "p50": 2.5264288587247976,
    "p90": 2.663794239127058
  },
  "ema": {
    "fast": 0.4972559295864265,
    "slow": 0.49414414353987324,
    "fast_period": 20,
    "slow_period": 100
  },
  "etv": {
    "horizon_days": 1,
    "risk_budget_usd": 100,
    "expected_move_usd": 0.34122114764427947,
    "qty": 293.0650714071487,
    "notional_usd": 4038.436683990509,
    "leverage": 1
  }
}