{
  "t": "2026-04-29T00:03:25.880Z",
  "spot": 9.24,
  "sigma_d": 0.02708955382197803,
  "ERI": 2.7089553821978027,
  "percentiles": {
    "p10": 2.7076870940709075,
    "p50": 2.9814098780416742,
    "p90": 3.1611484400272216
  },
  "ema": {
    "fast": 0.5182797411763441,
    "slow": 0.538669510527155,
    "fast_period": 20,
    "slow_period": 100
  },
  "etv": {
    "horizon_days": 1,
    "risk_budget_usd": 100,
    "expected_move_usd": 0.250307477315077,
    "qty": 399.50864062332425,
    "notional_usd": 3691.459839359516,
    "leverage": 1
  }
}