{
  "t": "2026-03-06T09:52:59.296Z",
  "spot": 9.09,
  "sigma_d": 0.0489058509521155,
  "ERI": 4.8905850952115495,
  "percentiles": {
    "p10": 4.683858947075516,
    "p50": 4.8901821470812,
    "p90": 5.141629785830333
  },
  "ema": {
    "fast": 0.9349848107442645,
    "slow": 0.941468598332943,
    "fast_period": 20,
    "slow_period": 100
  },
  "etv": {
    "horizon_days": 1,
    "risk_budget_usd": 100,
    "expected_move_usd": 0.4445541851547299,
    "qty": 224.94445747978813,
    "notional_usd": 2044.745118491274,
    "leverage": 1
  }
}