{
  "t": "2025-11-30T19:23:00.125Z",
  "spot": 13.33,
  "sigma_d": 0.041140600902504945,
  "ERI": 4.1140600902504945,
  "percentiles": {
    "p10": 4.112594819514495,
    "p50": 4.232417248286998,
    "p90": 4.303829586085728
  },
  "ema": {
    "fast": 0.7841021732227391,
    "slow": 0.7988253787235176,
    "fast_period": 20,
    "slow_period": 100
  },
  "etv": {
    "horizon_days": 1,
    "risk_budget_usd": 100,
    "expected_move_usd": 0.548404210030391,
    "qty": 182.34725075224767,
    "notional_usd": 2430.6888525274617,
    "leverage": 1
  }
}