{
  "t": "2025-11-09T16:30:59.726Z",
  "spot": 15.87,
  "sigma_d": 0.04800599296750185,
  "ERI": 4.8005992967501845,
  "percentiles": {
    "p10": 5.771299663025037,
    "p50": 6.001771773940257,
    "p90": 6.308191627099421
  },
  "ema": {
    "fast": 0.9777644534348866,
    "slow": 1.113771941123754,
    "fast_period": 20,
    "slow_period": 100
  },
  "etv": {
    "horizon_days": 1,
    "risk_budget_usd": 100,
    "expected_move_usd": 0.7618551083942543,
    "qty": 131.25855415049702,
    "notional_usd": 2083.0732543683876,
    "leverage": 1
  }
}