{
  "t": "2025-10-10T18:37:19.360Z",
  "spot": 21.06,
  "sigma_d": 0.034422096916907084,
  "ERI": 3.4422096916907083,
  "percentiles": {
    "p10": 2.898875610941117,
    "p50": 3.0538833174423106,
    "p90": 3.381397920857289
  },
  "ema": {
    "fast": 0.6483077364884017,
    "slow": 0.6274844450463709,
    "fast_period": 20,
    "slow_period": 100
  },
  "etv": {
    "horizon_days": 1,
    "risk_budget_usd": 100,
    "expected_move_usd": 0.7249293610700631,
    "qty": 137.94447482771383,
    "notional_usd": 2905.1106398716533,
    "leverage": 1
  }
}