{
  "t": "2025-09-17T17:24:32.208Z",
  "spot": 23.01,
  "sigma_d": 0.04637507018012736,
  "ERI": 4.6375070180127365,
  "percentiles": {
    "p10": 4.629344466287502,
    "p50": 5.310620515363572,
    "p90": 5.905984618028751
  },
  "ema": {
    "fast": 0.8872052443882141,
    "slow": 0.9383246476951456,
    "fast_period": 20,
    "slow_period": 100
  },
  "etv": {
    "horizon_days": 1,
    "risk_budget_usd": 100,
    "expected_move_usd": 1.0670903648447307,
    "qty": 93.71277568844951,
    "notional_usd": 2156.3309685912236,
    "leverage": 1
  }
}