{
  "t": "2026-06-26T23:19:00.677Z",
  "spot": 7.35,
  "sigma_d": 0.030131838124830827,
  "ERI": 3.0131838124830828,
  "percentiles": {
    "p10": 2.2333548054003245,
    "p50": 2.9401257583134637,
    "p90": 3.0581366947690714
  },
  "ema": {
    "fast": 0.5740350791458413,
    "slow": 0.5679091076418704,
    "fast_period": 20,
    "slow_period": 100
  },
  "etv": {
    "horizon_days": 1,
    "risk_budget_usd": 100,
    "expected_move_usd": 0.22146901021750656,
    "qty": 451.530441671226,
    "notional_usd": 3318.748746283511,
    "leverage": 1
  }
}