{
  "t": "2026-06-12T22:43:11.465Z",
  "spot": 7.84,
  "sigma_d": 0.030945730650608853,
  "ERI": 3.094573065060885,
  "percentiles": {
    "p10": 2.1046049427482103,
    "p50": 2.249324684121694,
    "p90": 2.9407372998798014
  },
  "ema": {
    "fast": 0.5829855102305351,
    "slow": 0.5305313459826118,
    "fast_period": 20,
    "slow_period": 100
  },
  "etv": {
    "horizon_days": 1,
    "risk_budget_usd": 100,
    "expected_move_usd": 0.2426145283007734,
    "qty": 412.1764706358734,
    "notional_usd": 3231.4635297852474,
    "leverage": 1
  }
}