{
  "t": "2025-12-16T08:43:54.436Z",
  "spot": 12.74,
  "sigma_d": 0.03966424903797987,
  "ERI": 3.9664249037979866,
  "percentiles": {
    "p10": 3.9674393806373502,
    "p50": 4.118524326245977,
    "p90": 4.3332772583232355
  },
  "ema": {
    "fast": 0.7610327141791559,
    "slow": 0.767248545660404,
    "fast_period": 20,
    "slow_period": 100
  },
  "etv": {
    "horizon_days": 1,
    "risk_budget_usd": 100,
    "expected_move_usd": 0.5053225327438635,
    "qty": 197.8934116731496,
    "notional_usd": 2521.1620647159257,
    "leverage": 1
  }
}