{
  "t": "2025-11-07T08:37:13.749Z",
  "spot": 15.06,
  "sigma_d": 0.06127243534339868,
  "ERI": 6.1272435343398675,
  "percentiles": {
    "p10": 5.768268262824236,
    "p50": 5.810217832500448,
    "p90": 6.288527079423044
  },
  "ema": {
    "fast": 1.172925251810018,
    "slow": 1.1696440270767385,
    "fast_period": 20,
    "slow_period": 100
  },
  "etv": {
    "horizon_days": 1,
    "risk_budget_usd": 100,
    "expected_move_usd": 0.9227628762715842,
    "qty": 108.37020275896792,
    "notional_usd": 1632.055253550057,
    "leverage": 1
  }
}