{
  "t": "2026-01-04T02:37:16.373Z",
  "spot": 13.32,
  "sigma_d": 0.025189426624887223,
  "ERI": 2.518942662488722,
  "percentiles": {
    "p10": 2.64531926597715,
    "p50": 3.7708910904269453,
    "p90": 3.789511696484357
  },
  "ema": {
    "fast": 0.5039075936552839,
    "slow": 0.5651602557223055,
    "fast_period": 20,
    "slow_period": 100
  },
  "etv": {
    "horizon_days": 1,
    "risk_budget_usd": 100,
    "expected_move_usd": 0.3355231626434978,
    "qty": 298.0420165693676,
    "notional_usd": 3969.9196607039767,
    "leverage": 1
  }
}