{
  "t": "2025-12-10T23:26:54.215Z",
  "spot": 14.2,
  "sigma_d": 0.04195507280325105,
  "ERI": 4.1955072803251054,
  "percentiles": {
    "p10": 4.114604769567366,
    "p50": 4.19944966038986,
    "p90": 4.355298909861288
  },
  "ema": {
    "fast": 0.8021952509882556,
    "slow": 0.8036372467772438,
    "fast_period": 20,
    "slow_period": 100
  },
  "etv": {
    "horizon_days": 1,
    "risk_budget_usd": 100,
    "expected_move_usd": 0.5957620338061649,
    "qty": 167.85225362738652,
    "notional_usd": 2383.5020015088885,
    "leverage": 1
  }
}