{
  "t": "2025-11-04T17:25:28.675Z",
  "spot": 14.49,
  "sigma_d": 0.06340043011662509,
  "ERI": 6.340043011662509,
  "percentiles": {
    "p10": 5.766426315714119,
    "p50": 5.804579385042821,
    "p90": 6.032272688353929
  },
  "ema": {
    "fast": 1.199114493008981,
    "slow": 1.1505847376254352,
    "fast_period": 20,
    "slow_period": 100
  },
  "etv": {
    "horizon_days": 1,
    "risk_budget_usd": 100,
    "expected_move_usd": 0.9186722323898976,
    "qty": 108.85275125803365,
    "notional_usd": 1577.2763657289076,
    "leverage": 1
  }
}