{
  "t": "2025-10-16T11:24:12.025Z",
  "spot": 18.41,
  "sigma_d": 0.05735006221920037,
  "ERI": 5.735006221920037,
  "percentiles": {
    "p10": 2.9335412923635613,
    "p50": 3.483718990467371,
    "p90": 5.709701278319857
  },
  "ema": {
    "fast": 1.090831072834356,
    "slow": 1.0393366188190334,
    "fast_period": 20,
    "slow_period": 100
  },
  "etv": {
    "horizon_days": 1,
    "risk_budget_usd": 100,
    "expected_move_usd": 1.0558146454554789,
    "qty": 94.71359431357382,
    "notional_usd": 1743.6772713128942,
    "leverage": 1
  }
}