{
  "t": "2025-11-30T04:42:43.612Z",
  "spot": 13.06,
  "sigma_d": 0.040748215021684145,
  "ERI": 4.074821502168414,
  "percentiles": {
    "p10": 4.1187298190122155,
    "p50": 4.233229882612279,
    "p90": 4.3054269091728665
  },
  "ema": {
    "fast": 0.7874792322527358,
    "slow": 0.8047024735095737,
    "fast_period": 20,
    "slow_period": 100
  },
  "etv": {
    "horizon_days": 1,
    "risk_budget_usd": 100,
    "expected_move_usd": 0.5321716881831949,
    "qty": 187.90928232464702,
    "notional_usd": 2454.0952271598903,
    "leverage": 1
  }
}