{
  "t": "2026-01-22T09:44:02.291Z",
  "spot": 12.46,
  "sigma_d": 0.02697170203868046,
  "ERI": 2.697170203868046,
  "percentiles": {
    "p10": 2.4055990817203687,
    "p50": 2.483110998768935,
    "p90": 2.693467846008646
  },
  "ema": {
    "fast": 0.5144983155330667,
    "slow": 0.49035723012952886,
    "fast_period": 20,
    "slow_period": 100
  },
  "etv": {
    "horizon_days": 1,
    "risk_budget_usd": 100,
    "expected_move_usd": 0.3360674074019585,
    "qty": 297.5593520748458,
    "notional_usd": 3707.5895268525787,
    "leverage": 1
  }
}