{
  "t": "2026-03-10T19:49:04.123Z",
  "spot": 8.97,
  "sigma_d": 0.03579535011547079,
  "ERI": 3.5795350115470788,
  "percentiles": {
    "p10": 3.5411879104231208,
    "p50": 4.895633799215073,
    "p90": 5.141629785830333
  },
  "ema": {
    "fast": 0.6868039512739252,
    "slow": 0.7516725583427729,
    "fast_period": 20,
    "slow_period": 100
  },
  "etv": {
    "horizon_days": 1,
    "risk_budget_usd": 100,
    "expected_move_usd": 0.321084290535773,
    "qty": 311.44469831624696,
    "notional_usd": 2793.6589438967353,
    "leverage": 1
  }
}