{
  "t": "2025-10-28T21:25:53.860Z",
  "spot": 17.63,
  "sigma_d": 0.057774499092339476,
  "ERI": 5.7774499092339475,
  "percentiles": {
    "p10": 5.712428192360244,
    "p50": 5.841771542761859,
    "p90": 5.958543863703687
  },
  "ema": {
    "fast": 1.1030931076542407,
    "slow": 1.1101830590903936,
    "fast_period": 20,
    "slow_period": 100
  },
  "etv": {
    "horizon_days": 1,
    "risk_budget_usd": 100,
    "expected_move_usd": 1.0185644189979448,
    "qty": 98.17739372673077,
    "notional_usd": 1730.8674514022634,
    "leverage": 1
  }
}