{
  "t": "2026-04-30T22:06:05.927Z",
  "spot": 9.1,
  "sigma_d": 0.026782042611801095,
  "ERI": 2.6782042611801096,
  "percentiles": {
    "p10": 2.6879912210363286,
    "p50": 2.9814098780416742,
    "p90": 3.1611484400272216
  },
  "ema": {
    "fast": 0.5137262771754002,
    "slow": 0.530723210196818,
    "fast_period": 20,
    "slow_period": 100
  },
  "etv": {
    "horizon_days": 1,
    "risk_budget_usd": 100,
    "expected_move_usd": 0.24371658776738994,
    "qty": 410.3126542024413,
    "notional_usd": 3733.845153242216,
    "leverage": 1
  }
}