{
  "t": "2026-01-11T22:31:17.254Z",
  "spot": 13.14,
  "sigma_d": 0.0246761659306085,
  "ERI": 2.46761659306085,
  "percentiles": {
    "p10": 2.4982206826185913,
    "p50": 2.558215754108062,
    "p90": 2.9206169446998884
  },
  "ema": {
    "fast": 0.4736183799968999,
    "slow": 0.48439074595265785,
    "fast_period": 20,
    "slow_period": 100
  },
  "etv": {
    "horizon_days": 1,
    "risk_budget_usd": 100,
    "expected_move_usd": 0.3242448203281957,
    "qty": 308.4089358737682,
    "notional_usd": 4052.4934173813144,
    "leverage": 1
  }
}