{
  "t": "2026-05-28T23:41:15.906Z",
  "spot": 8.99,
  "sigma_d": 0.022562850851597514,
  "ERI": 2.2562850851597513,
  "percentiles": {
    "p10": 2.1046049427482103,
    "p50": 2.253360583417706,
    "p90": 2.6051013332299595
  },
  "ema": {
    "fast": 0.42902081334836595,
    "slow": 0.4248727031849596,
    "fast_period": 20,
    "slow_period": 100
  },
  "etv": {
    "horizon_days": 1,
    "risk_budget_usd": 100,
    "expected_move_usd": 0.20284002915586166,
    "qty": 492.99933753785996,
    "notional_usd": 4432.064044465361,
    "leverage": 1
  }
}