{
  "t": "2026-04-09T07:52:53.503Z",
  "spot": 8.76,
  "sigma_d": 0.02901295447916446,
  "ERI": 2.901295447916446,
  "percentiles": {
    "p10": 2.652230297274112,
    "p50": 2.9529285614332945,
    "p90": 3.633240935284119
  },
  "ema": {
    "fast": 0.5360831383326271,
    "slow": 0.5298996689513146,
    "fast_period": 20,
    "slow_period": 100
  },
  "etv": {
    "horizon_days": 1,
    "risk_budget_usd": 100,
    "expected_move_usd": 0.25415348123748066,
    "qty": 393.4630346714005,
    "notional_usd": 3446.7361837214685,
    "leverage": 1
  }
}