{
  "t": "2025-09-27T07:22:00.328Z",
  "spot": 21.03,
  "sigma_d": 0.031743448152143416,
  "ERI": 3.174344815214342,
  "percentiles": {
    "p10": 3.1244667380943825,
    "p50": 3.6082545372539174,
    "p90": 4.6286596452783275
  },
  "ema": {
    "fast": 0.6174747812764376,
    "slow": 0.6322795160800523,
    "fast_period": 20,
    "slow_period": 100
  },
  "etv": {
    "horizon_days": 1,
    "risk_budget_usd": 100,
    "expected_move_usd": 0.6675647146395761,
    "qty": 149.7982110303581,
    "notional_usd": 3150.2563779684306,
    "leverage": 1
  }
}