{
  "t": "2025-10-18T19:19:43.047Z",
  "spot": 16.84,
  "sigma_d": 0.05714137413316813,
  "ERI": 5.714137413316813,
  "percentiles": {
    "p10": 3.3127387004582824,
    "p50": 5.597488157278342,
    "p90": 5.734963675420762
  },
  "ema": {
    "fast": 1.0921738957533678,
    "slow": 1.0756249142307373,
    "fast_period": 20,
    "slow_period": 100
  },
  "etv": {
    "horizon_days": 1,
    "risk_budget_usd": 100,
    "expected_move_usd": 0.9622607404025513,
    "qty": 103.92193695667777,
    "notional_usd": 1750.0454183504537,
    "leverage": 1
  }
}