{
  "t": "2026-01-05T21:31:12.071Z",
  "spot": 13.98,
  "sigma_d": 0.026130569724337385,
  "ERI": 2.6130569724337382,
  "percentiles": {
    "p10": 2.528583558212081,
    "p50": 3.7449294744201223,
    "p90": 3.780024098073111
  },
  "ema": {
    "fast": 0.4846520758220935,
    "slow": 0.5212492492367047,
    "fast_period": 20,
    "slow_period": 100
  },
  "etv": {
    "horizon_days": 1,
    "risk_budget_usd": 100,
    "expected_move_usd": 0.36530536474623665,
    "qty": 273.74358454731725,
    "notional_usd": 3826.935311971495,
    "leverage": 1
  }
}