{
  "t": "2025-11-20T18:40:54.118Z",
  "spot": 12.87,
  "sigma_d": 0.04147876158972968,
  "ERI": 4.147876158972967,
  "percentiles": {
    "p10": 4.185188124646734,
    "p50": 4.4500751626924915,
    "p90": 4.804887018045225
  },
  "ema": {
    "fast": 0.79183134831967,
    "slow": 0.8215323210551625,
    "fast_period": 20,
    "slow_period": 100
  },
  "etv": {
    "horizon_days": 1,
    "risk_budget_usd": 100,
    "expected_move_usd": 0.5338316616598209,
    "qty": 187.3249699897419,
    "notional_usd": 2410.872363767978,
    "leverage": 1
  }
}