{
  "t": "2026-01-25T21:28:41.179Z",
  "spot": 11.5,
  "sigma_d": 0.028658123370139912,
  "ERI": 2.8658123370139914,
  "percentiles": {
    "p10": 2.419793577482409,
    "p50": 2.6538405419388695,
    "p90": 2.704222693260505
  },
  "ema": {
    "fast": 0.5251467088834225,
    "slow": 0.5107553045009356,
    "fast_period": 20,
    "slow_period": 100
  },
  "etv": {
    "horizon_days": 1,
    "risk_budget_usd": 100,
    "expected_move_usd": 0.32956841875660897,
    "qty": 303.4271316932568,
    "notional_usd": 3489.412014472453,
    "leverage": 1
  }
}