{
  "t": "2025-11-12T17:29:59.994Z",
  "spot": 15.13,
  "sigma_d": 0.04485652833561798,
  "ERI": 4.485652833561797,
  "percentiles": {
    "p10": 4.506639695377709,
    "p50": 6.001771773940257,
    "p90": 6.308191627099421
  },
  "ema": {
    "fast": 0.8671840842839527,
    "slow": 0.9398337038768932,
    "fast_period": 20,
    "slow_period": 100
  },
  "etv": {
    "horizon_days": 1,
    "risk_budget_usd": 100,
    "expected_move_usd": 0.6786792737179,
    "qty": 147.34500355696144,
    "notional_usd": 2229.3299038168266,
    "leverage": 1
  }
}