{
  "t": "2025-11-05T11:25:08.924Z",
  "spot": 14.72,
  "sigma_d": 0.0617059298209863,
  "ERI": 6.17059298209863,
  "percentiles": {
    "p10": 5.766426315714119,
    "p50": 5.804579385042821,
    "p90": 6.286589651002098
  },
  "ema": {
    "fast": 1.1891177356131433,
    "slow": 1.1617135225892172,
    "fast_period": 20,
    "slow_period": 100
  },
  "etv": {
    "horizon_days": 1,
    "risk_budget_usd": 100,
    "expected_move_usd": 0.9083112869649184,
    "qty": 110.09441524628141,
    "notional_usd": 1620.5897924252624,
    "leverage": 1
  }
}