{
  "t": "2025-12-17T06:47:51.496Z",
  "spot": 12.74,
  "sigma_d": 0.039258381378979634,
  "ERI": 3.9258381378979634,
  "percentiles": {
    "p10": 3.962267333628837,
    "p50": 4.093762595718257,
    "p90": 4.332930831955009
  },
  "ema": {
    "fast": 0.7550487866642531,
    "slow": 0.7633362805892663,
    "fast_period": 20,
    "slow_period": 100
  },
  "etv": {
    "horizon_days": 1,
    "risk_budget_usd": 100,
    "expected_move_usd": 0.5001517787682005,
    "qty": 199.93930691656269,
    "notional_usd": 2547.2267701170085,
    "leverage": 1
  }
}