{
  "t": "2025-10-02T16:33:00.734Z",
  "spot": 22.54,
  "sigma_d": 0.030489177230042144,
  "ERI": 3.0489177230042146,
  "percentiles": {
    "p10": 2.9847085730369316,
    "p50": 3.124471956104607,
    "p90": 3.576823530968981
  },
  "ema": {
    "fast": 0.5846909032586669,
    "slow": 0.5873502175361867,
    "fast_period": 20,
    "slow_period": 100
  },
  "etv": {
    "horizon_days": 1,
    "risk_budget_usd": 100,
    "expected_move_usd": 0.6872260547651499,
    "qty": 145.51252721955316,
    "notional_usd": 3279.8523635287283,
    "leverage": 1
  }
}