{
  "t": "2025-12-27T13:35:38.313Z",
  "spot": 12.24,
  "sigma_d": 0.03749541235241501,
  "ERI": 3.749541235241501,
  "percentiles": {
    "p10": 3.7720952613577063,
    "p50": 3.861190507051683,
    "p90": 4.024022547779961
  },
  "ema": {
    "fast": 0.7170935840325889,
    "slow": 0.7247865112859023,
    "fast_period": 20,
    "slow_period": 100
  },
  "etv": {
    "horizon_days": 1,
    "risk_budget_usd": 100,
    "expected_move_usd": 0.45894384719355974,
    "qty": 217.89158000809837,
    "notional_usd": 2666.992939299124,
    "leverage": 1
  }
}