{
  "t": "2026-03-01T17:34:19.494Z",
  "spot": 8.78,
  "sigma_d": 0.050750690907233345,
  "ERI": 5.075069090723335,
  "percentiles": {
    "p10": 4.643143417202287,
    "p50": 4.7188328037936635,
    "p90": 5.141629785830333
  },
  "ema": {
    "fast": 0.9723084195690933,
    "slow": 0.9608856553188995,
    "fast_period": 20,
    "slow_period": 100
  },
  "etv": {
    "horizon_days": 1,
    "risk_budget_usd": 100,
    "expected_move_usd": 0.44559106616550875,
    "qty": 224.4210164726605,
    "notional_usd": 1970.4165246299592,
    "leverage": 1
  }
}