{
  "t": "2025-11-27T11:27:02.125Z",
  "spot": 13.33,
  "sigma_d": 0.04303182651886242,
  "ERI": 4.303182651886242,
  "percentiles": {
    "p10": 4.147915623854,
    "p50": 4.247066775942117,
    "p90": 4.422852999726479
  },
  "ema": {
    "fast": 0.8200458094195336,
    "slow": 0.8140901064821424,
    "fast_period": 20,
    "slow_period": 100
  },
  "etv": {
    "horizon_days": 1,
    "risk_budget_usd": 100,
    "expected_move_usd": 0.5736142474964361,
    "qty": 174.33318721850839,
    "notional_usd": 2323.8613856227166,
    "leverage": 1
  }
}