{
  "t": "2025-10-13T06:41:35.320Z",
  "spot": 19.43,
  "sigma_d": 0.055833279932707404,
  "ERI": 5.58332799327074,
  "percentiles": {
    "p10": 2.898875610941117,
    "p50": 3.2143716148638757,
    "p90": 5.263838251656743
  },
  "ema": {
    "fast": 1.0466720738630866,
    "slow": 0.8942795376571058,
    "fast_period": 20,
    "slow_period": 100
  },
  "etv": {
    "horizon_days": 1,
    "risk_budget_usd": 100,
    "expected_move_usd": 1.0848406290925048,
    "qty": 92.17943845231203,
    "notional_usd": 1791.0464891284228,
    "leverage": 1
  }
}