{
  "t": "2026-05-10T11:10:02.521Z",
  "spot": 10.5,
  "sigma_d": 0.02430076539387977,
  "ERI": 2.430076539387977,
  "percentiles": {
    "p10": 2.454676362356789,
    "p50": 2.68863197136257,
    "p90": 3.0501928596188854
  },
  "ema": {
    "fast": 0.46591901041375083,
    "slow": 0.4865906980078946,
    "fast_period": 20,
    "slow_period": 100
  },
  "etv": {
    "horizon_days": 1,
    "risk_budget_usd": 100,
    "expected_move_usd": 0.2551580366357376,
    "qty": 391.91397346719486,
    "notional_usd": 4115.096721405546,
    "leverage": 1
  }
}