{
  "t": "2025-12-31T02:23:06.135Z",
  "spot": 12.41,
  "sigma_d": 0.03531328880038273,
  "ERI": 3.531328880038273,
  "percentiles": {
    "p10": 3.753952350170245,
    "p50": 3.7836626011453296,
    "p90": 4.0213181935142925
  },
  "ema": {
    "fast": 0.7177620828702642,
    "slow": 0.7214594074113482,
    "fast_period": 20,
    "slow_period": 100
  },
  "etv": {
    "horizon_days": 1,
    "risk_budget_usd": 100,
    "expected_move_usd": 0.4382379140127497,
    "qty": 228.18655529902574,
    "notional_usd": 2831.7951512609093,
    "leverage": 1
  }
}