{
  "t": "2026-04-14T20:13:00.870Z",
  "spot": 9.01,
  "sigma_d": 0.0325453049253831,
  "ERI": 3.25453049253831,
  "percentiles": {
    "p10": 2.652230297274112,
    "p50": 2.916419680319275,
    "p90": 3.0223317260116698
  },
  "ema": {
    "fast": 0.5994794882339922,
    "slow": 0.5668572826649988,
    "fast_period": 20,
    "slow_period": 100
  },
  "etv": {
    "horizon_days": 1,
    "risk_budget_usd": 100,
    "expected_move_usd": 0.2932331973777017,
    "qty": 341.02550766513,
    "notional_usd": 3072.6398240628214,
    "leverage": 1
  }
}