{
  "t": "2026-04-22T10:40:27.269Z",
  "spot": 9.52,
  "sigma_d": 0.029576545305016775,
  "ERI": 2.9576545305016775,
  "percentiles": {
    "p10": 2.652230297274112,
    "p50": 2.9814098780416742,
    "p90": 3.1611484400272216
  },
  "ema": {
    "fast": 0.5782638839910136,
    "slow": 0.5828300979811379,
    "fast_period": 20,
    "slow_period": 100
  },
  "etv": {
    "horizon_days": 1,
    "risk_budget_usd": 100,
    "expected_move_usd": 0.2815687113037597,
    "qty": 355.15309757595475,
    "notional_usd": 3381.057488923089,
    "leverage": 1
  }
}