{
  "t": "2025-12-23T04:04:24.193Z",
  "spot": 12.5,
  "sigma_d": 0.03826643775516364,
  "ERI": 3.826643775516364,
  "percentiles": {
    "p10": 3.859908816562458,
    "p50": 3.9799118778304723,
    "p90": 4.061534061403007
  },
  "ema": {
    "fast": 0.7370746764448908,
    "slow": 0.7495423341528118,
    "fast_period": 20,
    "slow_period": 100
  },
  "etv": {
    "horizon_days": 1,
    "risk_budget_usd": 100,
    "expected_move_usd": 0.4783304719395455,
    "qty": 209.06048405094847,
    "notional_usd": 2613.256050636856,
    "leverage": 1
  }
}