{
  "t": "2025-10-06T04:31:12.813Z",
  "spot": 21.97,
  "sigma_d": 0.02896895874749008,
  "ERI": 2.896895874749008,
  "percentiles": {
    "p10": 2.907996425423448,
    "p50": 3.0452599236201907,
    "p90": 3.1775050936932128
  },
  "ema": {
    "fast": 0.5561488982243483,
    "slow": 0.56751459988427,
    "fast_period": 20,
    "slow_period": 100
  },
  "etv": {
    "horizon_days": 1,
    "risk_budget_usd": 100,
    "expected_move_usd": 0.636448023682357,
    "qty": 157.12202140470265,
    "notional_usd": 3451.970810261317,
    "leverage": 1
  }
}