{
  "t": "2025-11-18T16:39:35.126Z",
  "spot": 13.92,
  "sigma_d": 0.04487632745611802,
  "ERI": 4.487632745611802,
  "percentiles": {
    "p10": 4.39853366721243,
    "p50": 4.485866626542987,
    "p90": 6.273575830689181
  },
  "ema": {
    "fast": 0.8436049823333389,
    "slow": 0.852128133617026,
    "fast_period": 20,
    "slow_period": 100
  },
  "etv": {
    "horizon_days": 1,
    "risk_budget_usd": 100,
    "expected_move_usd": 0.6246784781891628,
    "qty": 160.08235194829038,
    "notional_usd": 2228.346339120202,
    "leverage": 1
  }
}