{
  "t": "2026-02-08T03:31:16.546Z",
  "spot": 8.86,
  "sigma_d": 0.04742424133306899,
  "ERI": 4.742424133306899,
  "percentiles": {
    "p10": 2.921776213233021,
    "p50": 3.232589754179541,
    "p90": 4.707513312449534
  },
  "ema": {
    "fast": 0.8986276617880091,
    "slow": 0.7753044590477383,
    "fast_period": 20,
    "slow_period": 100
  },
  "etv": {
    "horizon_days": 1,
    "risk_budget_usd": 100,
    "expected_move_usd": 0.4201787782109912,
    "qty": 237.99393302482633,
    "notional_usd": 2108.626246599961,
    "leverage": 1
  }
}