{
  "t": "2025-10-07T03:37:36.430Z",
  "spot": 23.36,
  "sigma_d": 0.030893864848593508,
  "ERI": 3.0893864848593506,
  "percentiles": {
    "p10": 2.898875610941117,
    "p50": 3.0445627556185504,
    "p90": 3.176934938316715
  },
  "ema": {
    "fast": 0.5798651188085502,
    "slow": 0.5703398231835188,
    "fast_period": 20,
    "slow_period": 100
  },
  "etv": {
    "horizon_days": 1,
    "risk_budget_usd": 100,
    "expected_move_usd": 0.7216806828631444,
    "qty": 138.56543811491136,
    "notional_usd": 3236.8886343643294,
    "leverage": 1
  }
}