{
  "t": "2026-02-12T11:03:07.448Z",
  "spot": 8.56,
  "sigma_d": 0.04551245584143599,
  "ERI": 4.551245584143599,
  "percentiles": {
    "p10": 3.1420614403595595,
    "p50": 3.3913907728343906,
    "p90": 4.747609022425738
  },
  "ema": {
    "fast": 0.8875228980483053,
    "slow": 0.8660222431504254,
    "fast_period": 20,
    "slow_period": 100
  },
  "etv": {
    "horizon_days": 1,
    "risk_budget_usd": 100,
    "expected_move_usd": 0.3895866220026921,
    "qty": 256.6823251936741,
    "notional_usd": 2197.20070365785,
    "leverage": 1
  }
}