{
  "t": "2025-10-14T12:58:15.802Z",
  "spot": 18.4,
  "sigma_d": 0.05759098003177469,
  "ERI": 5.759098003177469,
  "percentiles": {
    "p10": 2.898875610941117,
    "p50": 3.333125099847549,
    "p90": 5.605493921706949
  },
  "ema": {
    "fast": 1.0837305468230776,
    "slow": 0.9741827097541873,
    "fast_period": 20,
    "slow_period": 100
  },
  "etv": {
    "horizon_days": 1,
    "risk_budget_usd": 100,
    "expected_move_usd": 1.059674032584654,
    "qty": 94.36864254952978,
    "notional_usd": 1736.3830229113478,
    "leverage": 1
  }
}