{
  "t": "2025-11-13T11:25:55.841Z",
  "spot": 15.75,
  "sigma_d": 0.045349989230814854,
  "ERI": 4.534998923081486,
  "percentiles": {
    "p10": 4.489549229404501,
    "p50": 6.001771773940257,
    "p90": 6.308191627099421
  },
  "ema": {
    "fast": 0.8657004818330991,
    "slow": 0.9189337921152441,
    "fast_period": 20,
    "slow_period": 100
  },
  "etv": {
    "horizon_days": 1,
    "risk_budget_usd": 100,
    "expected_move_usd": 0.7142623303853339,
    "qty": 140.00458339452325,
    "notional_usd": 2205.0721884637414,
    "leverage": 1
  }
}