{
  "t": "2026-03-31T22:48:38.054Z",
  "spot": 8.74,
  "sigma_d": 0.029566769306493827,
  "ERI": 2.9566769306493828,
  "percentiles": {
    "p10": 2.961021740356121,
    "p50": 3.536461500757401,
    "p90": 3.6384711783368635
  },
  "ema": {
    "fast": 0.5672424921383377,
    "slow": 0.5956357108337342,
    "fast_period": 20,
    "slow_period": 100
  },
  "etv": {
    "horizon_days": 1,
    "risk_budget_usd": 100,
    "expected_move_usd": 0.25841356373875607,
    "qty": 386.9765911401434,
    "notional_usd": 3382.1754065648533,
    "leverage": 1
  }
}