{
  "t": "2026-01-11T20:32:58.315Z",
  "spot": 13.14,
  "sigma_d": 0.024676164628927504,
  "ERI": 2.4676164628927504,
  "percentiles": {
    "p10": 2.501610943963415,
    "p50": 2.5606114608743336,
    "p90": 2.9337467831368986
  },
  "ema": {
    "fast": 0.47409369253808736,
    "slow": 0.4849178634368233,
    "fast_period": 20,
    "slow_period": 100
  },
  "etv": {
    "horizon_days": 1,
    "risk_budget_usd": 100,
    "expected_move_usd": 0.3242448032241074,
    "qty": 308.40895214250594,
    "notional_usd": 4052.493631152528,
    "leverage": 1
  }
}