{
  "t": "2026-04-07T22:54:03.914Z",
  "spot": 9.1,
  "sigma_d": 0.026779334160091425,
  "ERI": 2.6779334160091426,
  "percentiles": {
    "p10": 2.652230297274112,
    "p50": 2.9665798331527133,
    "p90": 3.6335277987679855
  },
  "ema": {
    "fast": 0.505083240182279,
    "slow": 0.5261717011435529,
    "fast_period": 20,
    "slow_period": 100
  },
  "etv": {
    "horizon_days": 1,
    "risk_budget_usd": 100,
    "expected_move_usd": 0.24369194085683196,
    "qty": 410.3541530688108,
    "notional_usd": 3734.222792926178,
    "leverage": 1
  }
}