{
  "t": "2025-11-10T13:38:44.435Z",
  "spot": 16.61,
  "sigma_d": 0.04872604624274791,
  "ERI": 4.872604624274791,
  "percentiles": {
    "p10": 4.821828408473958,
    "p50": 6.001771773940257,
    "p90": 6.308191627099421
  },
  "ema": {
    "fast": 0.9318599095727249,
    "slow": 1.0531980356921662,
    "fast_period": 20,
    "slow_period": 100
  },
  "etv": {
    "horizon_days": 1,
    "risk_budget_usd": 100,
    "expected_move_usd": 0.8093396280920427,
    "qty": 123.5575233548646,
    "notional_usd": 2052.2904629243008,
    "leverage": 1
  }
}