{
  "t": "2025-12-10T11:28:03.442Z",
  "spot": 14.15,
  "sigma_d": 0.041983744422572605,
  "ERI": 4.19837444225726,
  "percentiles": {
    "p10": 4.114604769567366,
    "p50": 4.196759255216618,
    "p90": 4.355298909861288
  },
  "ema": {
    "fast": 0.8028816228251293,
    "slow": 0.804076699092013,
    "fast_period": 20,
    "slow_period": 100
  },
  "etv": {
    "horizon_days": 1,
    "risk_budget_usd": 100,
    "expected_move_usd": 0.5940699835794023,
    "qty": 168.33033609521559,
    "notional_usd": 2381.8742557473006,
    "leverage": 1
  }
}