{
  "t": "2026-03-09T21:43:47.417Z",
  "spot": 8.99,
  "sigma_d": 0.036384581496163006,
  "ERI": 3.6384581496163007,
  "percentiles": {
    "p10": 3.5411879104231208,
    "p50": 4.895633799215073,
    "p90": 5.141629785830333
  },
  "ema": {
    "fast": 0.6859829882168349,
    "slow": 0.7778645216446611,
    "fast_period": 20,
    "slow_period": 100
  },
  "etv": {
    "horizon_days": 1,
    "risk_budget_usd": 100,
    "expected_move_usd": 0.32709738765050544,
    "qty": 305.7193477400903,
    "notional_usd": 2748.416936183412,
    "leverage": 1
  }
}