{
  "t": "2025-12-29T06:51:08.718Z",
  "spot": 12.84,
  "sigma_d": 0.03806469899530595,
  "ERI": 3.806469899530595,
  "percentiles": {
    "p10": 3.7540600216572577,
    "p50": 3.839053202506017,
    "p90": 4.024022547779961
  },
  "ema": {
    "fast": 0.7229167074302253,
    "slow": 0.7229590262223349,
    "fast_period": 20,
    "slow_period": 100
  },
  "etv": {
    "horizon_days": 1,
    "risk_budget_usd": 100,
    "expected_move_usd": 0.4887507350997284,
    "qty": 204.6032728310787,
    "notional_usd": 2627.1060231510505,
    "leverage": 1
  }
}