{
  "t": "2026-03-28T17:40:37.307Z",
  "spot": 8.61,
  "sigma_d": 0.030385255246472807,
  "ERI": 3.0385255246472807,
  "percentiles": {
    "p10": 3.065702837910216,
    "p50": 3.5370229224783962,
    "p90": 3.6384711783368635
  },
  "ema": {
    "fast": 0.5870054619568363,
    "slow": 0.6405817610252403,
    "fast_period": 20,
    "slow_period": 100
  },
  "etv": {
    "horizon_days": 1,
    "risk_budget_usd": 100,
    "expected_move_usd": 0.26161704767213084,
    "qty": 382.2380876544562,
    "notional_usd": 3291.0699347048676,
    "leverage": 1
  }
}