{
  "t": "2025-10-03T13:32:33.217Z",
  "spot": 22.36,
  "sigma_d": 0.030615312279008666,
  "ERI": 3.0615312279008666,
  "percentiles": {
    "p10": 2.9847085730369316,
    "p50": 3.0758172305452707,
    "p90": 3.575496217494166
  },
  "ema": {
    "fast": 0.5843827291417029,
    "slow": 0.586296481091777,
    "fast_period": 20,
    "slow_period": 100
  },
  "etv": {
    "horizon_days": 1,
    "risk_budget_usd": 100,
    "expected_move_usd": 0.6845583825586338,
    "qty": 146.0795785251155,
    "notional_usd": 3266.3393758215825,
    "leverage": 1
  }
}