{
  "t": "2025-11-26T21:25:40.336Z",
  "spot": 13.37,
  "sigma_d": 0.0429156708137903,
  "ERI": 4.29156708137903,
  "percentiles": {
    "p10": 4.147915623854,
    "p50": 4.247066775942117,
    "p90": 4.4399174510116355
  },
  "ema": {
    "fast": 0.81476392864208,
    "slow": 0.8118430875721688,
    "fast_period": 20,
    "slow_period": 100
  },
  "etv": {
    "horizon_days": 1,
    "risk_budget_usd": 100,
    "expected_move_usd": 0.5737825187803763,
    "qty": 174.28206110663413,
    "notional_usd": 2330.1511569956983,
    "leverage": 1
  }
}