{
  "t": "2026-05-08T00:02:49.347Z",
  "spot": 9.85,
  "sigma_d": 0.02530628401310736,
  "ERI": 2.530628401310736,
  "percentiles": {
    "p10": 2.5678840721970118,
    "p50": 2.7179554506787404,
    "p90": 3.058803830140325
  },
  "ema": {
    "fast": 0.4943262797557433,
    "slow": 0.5052138590903829,
    "fast_period": 20,
    "slow_period": 100
  },
  "etv": {
    "horizon_days": 1,
    "risk_budget_usd": 100,
    "expected_move_usd": 0.2492668975291075,
    "qty": 401.176413680532,
    "notional_usd": 3951.58767475324,
    "leverage": 1
  }
}