{
  "t": "2026-03-07T15:34:53.247Z",
  "spot": 8.77,
  "sigma_d": 0.04027962043631489,
  "ERI": 4.027962043631489,
  "percentiles": {
    "p10": 4.665909892555984,
    "p50": 4.895633799215073,
    "p90": 5.141629785830333
  },
  "ema": {
    "fast": 0.8215932423636512,
    "slow": 0.9053153915743483,
    "fast_period": 20,
    "slow_period": 100
  },
  "etv": {
    "horizon_days": 1,
    "risk_budget_usd": 100,
    "expected_move_usd": 0.35325227122648156,
    "qty": 283.0838133122341,
    "notional_usd": 2482.645042748293,
    "leverage": 1
  }
}