{
  "t": "2026-03-03T02:54:49.757Z",
  "spot": 8.92,
  "sigma_d": 0.04857493756299711,
  "ERI": 4.857493756299712,
  "percentiles": {
    "p10": 4.643143417202287,
    "p50": 4.7357837841235,
    "p90": 5.141629785830333
  },
  "ema": {
    "fast": 0.9484810951255436,
    "slow": 0.9560848437979154,
    "fast_period": 20,
    "slow_period": 100
  },
  "etv": {
    "horizon_days": 1,
    "risk_budget_usd": 100,
    "expected_move_usd": 0.43328844306193426,
    "qty": 230.79313930767822,
    "notional_usd": 2058.6748026244895,
    "leverage": 1
  }
}