{
  "t": "2025-12-21T05:31:42.379Z",
  "spot": 12.53,
  "sigma_d": 0.03848845739398552,
  "ERI": 3.848845739398552,
  "percentiles": {
    "p10": 3.9296744980665133,
    "p50": 4.022911694219266,
    "p90": 4.193054556615247
  },
  "ema": {
    "fast": 0.7583034669218341,
    "slow": 0.7651686551723142,
    "fast_period": 20,
    "slow_period": 100
  },
  "etv": {
    "horizon_days": 1,
    "risk_budget_usd": 100,
    "expected_move_usd": 0.48226037114663856,
    "qty": 207.35686774809346,
    "notional_usd": 2598.181552883611,
    "leverage": 1
  }
}