{
  "t": "2026-03-20T07:10:52.465Z",
  "spot": 9.05,
  "sigma_d": 0.035936455012995666,
  "ERI": 3.5936455012995667,
  "percentiles": {
    "p10": 3.427595152318238,
    "p50": 3.534662273957117,
    "p90": 4.034937426511205
  },
  "ema": {
    "fast": 0.6888213649373327,
    "slow": 0.6776358918866786,
    "fast_period": 20,
    "slow_period": 100
  },
  "etv": {
    "horizon_days": 1,
    "risk_budget_usd": 100,
    "expected_move_usd": 0.3252249178676108,
    "qty": 307.4795149635704,
    "notional_usd": 2782.6896104203124,
    "leverage": 1
  }
}