{
  "t": "2026-01-06T05:36:47.083Z",
  "spot": 13.88,
  "sigma_d": 0.02571018436450384,
  "ERI": 2.571018436450384,
  "percentiles": {
    "p10": 2.528583558212081,
    "p50": 3.5382410649115057,
    "p90": 3.780024098073111
  },
  "ema": {
    "fast": 0.4889362753340536,
    "slow": 0.5188531982123967,
    "fast_period": 20,
    "slow_period": 100
  },
  "etv": {
    "horizon_days": 1,
    "risk_budget_usd": 100,
    "expected_move_usd": 0.3568573589793133,
    "qty": 280.22400963236663,
    "notional_usd": 3889.5092536972493,
    "leverage": 1
  }
}