{
  "t": "2026-02-12T20:48:03.878Z",
  "spot": 8.27,
  "sigma_d": 0.044765876914904086,
  "ERI": 4.476587691490408,
  "percentiles": {
    "p10": 3.1587094137984506,
    "p50": 3.4813700995787937,
    "p90": 4.747609022425738
  },
  "ema": {
    "fast": 0.8734691080241642,
    "slow": 0.8652982666138782,
    "fast_period": 20,
    "slow_period": 100
  },
  "etv": {
    "horizon_days": 1,
    "risk_budget_usd": 100,
    "expected_move_usd": 0.37021380208625676,
    "qty": 270.11418654969765,
    "notional_usd": 2233.8443227659996,
    "leverage": 1
  }
}