{
  "t": "2026-03-30T23:48:25.889Z",
  "spot": 8.61,
  "sigma_d": 0.02965653644624001,
  "ERI": 2.965653644624001,
  "percentiles": {
    "p10": 2.9740937998949155,
    "p50": 3.536461500757401,
    "p90": 3.6384711783368635
  },
  "ema": {
    "fast": 0.572131462154823,
    "slow": 0.6039620657409847,
    "fast_period": 20,
    "slow_period": 100
  },
  "etv": {
    "horizon_days": 1,
    "risk_budget_usd": 100,
    "expected_move_usd": 0.25534277880212647,
    "qty": 391.6304211504383,
    "notional_usd": 3371.937926105273,
    "leverage": 1
  }
}