{
  "t": "2025-12-14T02:28:04.720Z",
  "spot": 13.75,
  "sigma_d": 0.03921984684395506,
  "ERI": 3.921984684395506,
  "percentiles": {
    "p10": 4.039789875450288,
    "p50": 4.188424476297118,
    "p90": 4.3522717344326916
  },
  "ema": {
    "fast": 0.7680324248104687,
    "slow": 0.7807660457861761,
    "fast_period": 20,
    "slow_period": 100
  },
  "etv": {
    "horizon_days": 1,
    "risk_budget_usd": 100,
    "expected_move_usd": 0.5392728941043821,
    "qty": 185.43487183066895,
    "notional_usd": 2549.7294876716983,
    "leverage": 1
  }
}