{
  "t": "2025-10-04T15:23:34.937Z",
  "spot": 21.92,
  "sigma_d": 0.029143314764695328,
  "ERI": 2.914331476469533,
  "percentiles": {
    "p10": 2.9511747749301693,
    "p50": 3.0538833174423106,
    "p90": 3.2551550559272546
  },
  "ema": {
    "fast": 0.5605023103351827,
    "slow": 0.5772967067991774,
    "fast_period": 20,
    "slow_period": 100
  },
  "etv": {
    "horizon_days": 1,
    "risk_budget_usd": 100,
    "expected_move_usd": 0.6388214596421217,
    "qty": 156.53826040224394,
    "notional_usd": 3431.3186680171875,
    "leverage": 1
  }
}