{
  "t": "2025-11-22T23:26:11.056Z",
  "spot": 12.15,
  "sigma_d": 0.0421792450513796,
  "ERI": 4.21792450513796,
  "percentiles": {
    "p10": 4.147915623854,
    "p50": 4.403141056518643,
    "p90": 4.503759196848058
  },
  "ema": {
    "fast": 0.8056436094245178,
    "slow": 0.8112518187594371,
    "fast_period": 20,
    "slow_period": 100
  },
  "etv": {
    "horizon_days": 1,
    "risk_budget_usd": 100,
    "expected_move_usd": 0.5124778273742622,
    "qty": 195.13039327449786,
    "notional_usd": 2370.834278285149,
    "leverage": 1
  }
}