{
  "t": "2025-10-26T14:25:38.450Z",
  "spot": 18.39,
  "sigma_d": 0.05782750346681124,
  "ERI": 5.782750346681124,
  "percentiles": {
    "p10": 5.702410856182601,
    "p50": 5.841904673878349,
    "p90": 5.958543863703687
  },
  "ema": {
    "fast": 1.1071695352415603,
    "slow": 1.1198318917866223,
    "fast_period": 20,
    "slow_period": 100
  },
  "etv": {
    "horizon_days": 1,
    "risk_budget_usd": 100,
    "expected_move_usd": 1.0634477887546587,
    "qty": 94.03376551010946,
    "notional_usd": 1729.280947730913,
    "leverage": 1
  }
}