{
  "t": "2026-03-17T13:47:06.691Z",
  "spot": 9.8,
  "sigma_d": 0.034395051698448774,
  "ERI": 3.4395051698448773,
  "percentiles": {
    "p10": 3.437102884799881,
    "p50": 3.5813291355553813,
    "p90": 4.891184737295637
  },
  "ema": {
    "fast": 0.658750354795721,
    "slow": 0.6708024526129366,
    "fast_period": 20,
    "slow_period": 100
  },
  "etv": {
    "horizon_days": 1,
    "risk_budget_usd": 100,
    "expected_move_usd": 0.337071506644798,
    "qty": 296.67295522958227,
    "notional_usd": 2907.3949612499064,
    "leverage": 1
  }
}