{
  "t": "2025-10-20T21:25:25.662Z",
  "spot": 18.81,
  "sigma_d": 0.059740345554146125,
  "ERI": 5.974034555414613,
  "percentiles": {
    "p10": 3.4680021199543387,
    "p50": 5.682139291009889,
    "p90": 5.767666944202095
  },
  "ema": {
    "fast": 1.1334031457841354,
    "slow": 1.0999042632702676,
    "fast_period": 20,
    "slow_period": 100
  },
  "etv": {
    "horizon_days": 1,
    "risk_budget_usd": 100,
    "expected_move_usd": 1.1237158998734886,
    "qty": 88.99046459274831,
    "notional_usd": 1673.9106389895956,
    "leverage": 1
  }
}