{
  "t": "2025-09-05T09:27:35.818Z",
  "spot": 22.75,
  "sigma_d": 0.06272655581048432,
  "ERI": 6.272655581048432,
  "percentiles": {
    "p10": 5.484393670648378,
    "p50": 6.170665682456688,
    "p90": 6.268415596266021
  },
  "ema": {
    "fast": 1.194209164800981,
    "slow": 1.0763905037399477,
    "fast_period": 20,
    "slow_period": 100
  },
  "etv": {
    "horizon_days": 1,
    "risk_budget_usd": 100,
    "expected_move_usd": 1.4270291446885184,
    "qty": 70.07565358577682,
    "notional_usd": 1594.2211190764226,
    "leverage": 1
  }
}