{
  "t": "2025-12-20T22:29:02.530Z",
  "spot": 12.57,
  "sigma_d": 0.04021169665186976,
  "ERI": 4.021169665186976,
  "percentiles": {
    "p10": 3.9335864817287565,
    "p50": 4.023575595094682,
    "p90": 4.193054556615247
  },
  "ema": {
    "fast": 0.7695958412714983,
    "slow": 0.7676141669004377,
    "fast_period": 20,
    "slow_period": 100
  },
  "etv": {
    "horizon_days": 1,
    "risk_budget_usd": 100,
    "expected_move_usd": 0.5054610269140029,
    "qty": 197.83918972058277,
    "notional_usd": 2486.8386147877254,
    "leverage": 1
  }
}