{
  "t": "2025-12-23T08:41:15.323Z",
  "spot": 12.35,
  "sigma_d": 0.03839113161359993,
  "ERI": 3.839113161359993,
  "percentiles": {
    "p10": 3.8564747056004927,
    "p50": 3.976310128626016,
    "p90": 4.05010086014136
  },
  "ema": {
    "fast": 0.7356438261210448,
    "slow": 0.748003446760596,
    "fast_period": 20,
    "slow_period": 100
  },
  "etv": {
    "horizon_days": 1,
    "risk_budget_usd": 100,
    "expected_move_usd": 0.4741304754279591,
    "qty": 210.91240741219622,
    "notional_usd": 2604.768231540623,
    "leverage": 1
  }
}