{
  "t": "2025-09-04T23:24:13.077Z",
  "spot": 22.49,
  "sigma_d": 0.06253531686326613,
  "ERI": 6.253531686326613,
  "percentiles": {
    "p10": 5.484393670648378,
    "p50": 6.16553756274769,
    "p90": 6.231515752388569
  },
  "ema": {
    "fast": 1.187985434362327,
    "slow": 1.0523157296411738,
    "fast_period": 20,
    "slow_period": 100
  },
  "etv": {
    "horizon_days": 1,
    "risk_budget_usd": 100,
    "expected_move_usd": 1.4064192762548553,
    "qty": 71.10255219644695,
    "notional_usd": 1599.0963988980918,
    "leverage": 1
  }
}