{
  "t": "2026-02-26T13:39:48.157Z",
  "spot": 9.25,
  "sigma_d": 0.051380325646133554,
  "ERI": 5.138032564613355,
  "percentiles": {
    "p10": 4.606380492523469,
    "p50": 4.701958797247376,
    "p90": 4.737844580361233
  },
  "ema": {
    "fast": 0.9733279400011943,
    "slow": 0.9243912201211426,
    "fast_period": 20,
    "slow_period": 100
  },
  "etv": {
    "horizon_days": 1,
    "risk_budget_usd": 100,
    "expected_move_usd": 0.47526801222673537,
    "qty": 210.40759619288906,
    "notional_usd": 1946.2702647842239,
    "leverage": 1
  }
}