{
  "t": "2025-10-15T10:32:51.136Z",
  "spot": 18.82,
  "sigma_d": 0.05645145532220592,
  "ERI": 5.645145532220592,
  "percentiles": {
    "p10": 2.9010113165464175,
    "p50": 3.3843698027707863,
    "p90": 5.645080604437895
  },
  "ema": {
    "fast": 1.080385484265291,
    "slow": 1.0095033440065457,
    "fast_period": 20,
    "slow_period": 100
  },
  "etv": {
    "horizon_days": 1,
    "risk_budget_usd": 100,
    "expected_move_usd": 1.0624163891639153,
    "qty": 94.12505399949309,
    "notional_usd": 1771.43351627046,
    "leverage": 1
  }
}