{
  "t": "2025-11-08T16:31:39.707Z",
  "spot": 15.21,
  "sigma_d": 0.06289519479293601,
  "ERI": 6.289519479293601,
  "percentiles": {
    "p10": 5.770604747025039,
    "p50": 5.9311883010027,
    "p90": 6.308191627099421
  },
  "ema": {
    "fast": 1.1976428858529786,
    "slow": 1.1811456791528798,
    "fast_period": 20,
    "slow_period": 100
  },
  "etv": {
    "horizon_days": 1,
    "risk_budget_usd": 100,
    "expected_move_usd": 0.9566359128005568,
    "qty": 104.53297713573124,
    "notional_usd": 1589.9465822344723,
    "leverage": 1
  }
}