{
  "t": "2026-02-22T09:41:45.125Z",
  "spot": 8.8,
  "sigma_d": 0.04698638469510394,
  "ERI": 4.698638469510394,
  "percentiles": {
    "p10": 4.583125535968241,
    "p50": 4.709531952137673,
    "p90": 4.747093907646981
  },
  "ema": {
    "fast": 0.8976992003323091,
    "slow": 0.8942981120141608,
    "fast_period": 20,
    "slow_period": 100
  },
  "etv": {
    "horizon_days": 1,
    "risk_budget_usd": 100,
    "expected_move_usd": 0.4134801853169147,
    "qty": 241.84955785330877,
    "notional_usd": 2128.2761091091174,
    "leverage": 1
  }
}