{
  "t": "2025-11-23T22:28:31.926Z",
  "spot": 12.7,
  "sigma_d": 0.04278671863996704,
  "ERI": 4.278671863996704,
  "percentiles": {
    "p10": 4.147915623854,
    "p50": 4.396654724375109,
    "p90": 4.486874917775816
  },
  "ema": {
    "fast": 0.8098567608020715,
    "slow": 0.8103456548975517,
    "fast_period": 20,
    "slow_period": 100
  },
  "etv": {
    "horizon_days": 1,
    "risk_budget_usd": 100,
    "expected_move_usd": 0.5433913267275814,
    "qty": 184.02943713183896,
    "notional_usd": 2337.1738515743546,
    "leverage": 1
  }
}