{
  "t": "2026-01-02T16:37:35.276Z",
  "spot": 13.25,
  "sigma_d": 0.026835478729298933,
  "ERI": 2.683547872929893,
  "percentiles": {
    "p10": 2.8840348906715976,
    "p50": 3.7726056095635876,
    "p90": 3.8476589617115344
  },
  "ema": {
    "fast": 0.5111042308304975,
    "slow": 0.6135363430220526,
    "fast_period": 20,
    "slow_period": 100
  },
  "etv": {
    "horizon_days": 1,
    "risk_budget_usd": 100,
    "expected_move_usd": 0.35557009316321087,
    "qty": 281.23850099535457,
    "notional_usd": 3726.410138188448,
    "leverage": 1
  }
}