{
  "t": "2026-02-17T22:47:35.641Z",
  "spot": 8.88,
  "sigma_d": 0.047377166746520205,
  "ERI": 4.73771667465202,
  "percentiles": {
    "p10": 3.3168959338825816,
    "p50": 4.709428444481864,
    "p90": 4.747856910643382
  },
  "ema": {
    "fast": 0.9043731168095972,
    "slow": 0.8932144026601961,
    "fast_period": 20,
    "slow_period": 100
  },
  "etv": {
    "horizon_days": 1,
    "risk_budget_usd": 100,
    "expected_move_usd": 0.4207092407090995,
    "qty": 237.69385200917245,
    "notional_usd": 2110.7214058414515,
    "leverage": 1
  }
}