{
  "t": "2026-02-14T08:47:45.893Z",
  "spot": 8.96,
  "sigma_d": 0.04656942241122588,
  "ERI": 4.656942241122588,
  "percentiles": {
    "p10": 3.1899913570046126,
    "p50": 4.476427132975985,
    "p90": 4.747609022425738
  },
  "ema": {
    "fast": 0.8801132999100074,
    "slow": 0.8692645799637959,
    "fast_period": 20,
    "slow_period": 100
  },
  "etv": {
    "horizon_days": 1,
    "risk_budget_usd": 100,
    "expected_move_usd": 0.4172620248045839,
    "qty": 239.657563006921,
    "notional_usd": 2147.3317645420125,
    "leverage": 1
  }
}