{
  "t": "2026-03-21T20:39:11.583Z",
  "spot": 9.09,
  "sigma_d": 0.03595451880260137,
  "ERI": 3.5954518802601374,
  "percentiles": {
    "p10": 3.427595152318238,
    "p50": 3.534662273957117,
    "p90": 3.6187070076513326
  },
  "ema": {
    "fast": 0.6870165446055612,
    "slow": 0.6820092367934242,
    "fast_period": 20,
    "slow_period": 100
  },
  "etv": {
    "horizon_days": 1,
    "risk_budget_usd": 100,
    "expected_move_usd": 0.32682657591564646,
    "qty": 305.97266981682014,
    "notional_usd": 2781.291568634895,
    "leverage": 1
  }
}