{
  "t": "2026-04-10T16:04:08.409Z",
  "spot": 9.06,
  "sigma_d": 0.029079037427830048,
  "ERI": 2.9079037427830046,
  "percentiles": {
    "p10": 2.652230297274112,
    "p50": 2.9463157734968526,
    "p90": 3.5351390228085844
  },
  "ema": {
    "fast": 0.5517087930687856,
    "slow": 0.5371723734572731,
    "fast_period": 20,
    "slow_period": 100
  },
  "etv": {
    "horizon_days": 1,
    "risk_budget_usd": 100,
    "expected_move_usd": 0.26345607909614027,
    "qty": 379.56990912139116,
    "notional_usd": 3438.9033766398043,
    "leverage": 1
  }
}