{
  "t": "2025-09-29T19:21:59.082Z",
  "spot": 21.6,
  "sigma_d": 0.03023703896434511,
  "ERI": 3.0237038964345113,
  "percentiles": {
    "p10": 3.0237455398408715,
    "p50": 3.348938627129086,
    "p90": 3.824385586525675
  },
  "ema": {
    "fast": 0.5782609492374059,
    "slow": 0.5966223480006212,
    "fast_period": 20,
    "slow_period": 100
  },
  "etv": {
    "horizon_days": 1,
    "risk_budget_usd": 100,
    "expected_move_usd": 0.6531200416298545,
    "qty": 153.1112102308957,
    "notional_usd": 3307.2021409873473,
    "leverage": 1
  }
}