{
  "t": "2026-03-09T23:38:25.333Z",
  "spot": 8.88,
  "sigma_d": 0.03585825079069915,
  "ERI": 3.5858250790699153,
  "percentiles": {
    "p10": 3.5411879104231208,
    "p50": 4.895633799215073,
    "p90": 5.141629785830333
  },
  "ema": {
    "fast": 0.686102289811563,
    "slow": 0.7742900567897222,
    "fast_period": 20,
    "slow_period": 100
  },
  "etv": {
    "horizon_days": 1,
    "risk_budget_usd": 100,
    "expected_move_usd": 0.3184212670214085,
    "qty": 314.0493753304382,
    "notional_usd": 2788.758452934291,
    "leverage": 1
  }
}