{
  "t": "2026-01-14T16:46:00.116Z",
  "spot": 14.37,
  "sigma_d": 0.02673576799575009,
  "ERI": 2.673576799575009,
  "percentiles": {
    "p10": 2.4676164759095607,
    "p50": 2.5295525998673005,
    "p90": 2.65192360596204
  },
  "ema": {
    "fast": 0.5003935850125817,
    "slow": 0.48516196061213057,
    "fast_period": 20,
    "slow_period": 100
  },
  "etv": {
    "horizon_days": 1,
    "risk_budget_usd": 100,
    "expected_move_usd": 0.38419298609892877,
    "qty": 260.28585533378333,
    "notional_usd": 3740.3077411464665,
    "leverage": 1
  }
}