{
  "t": "2025-11-02T06:38:28.414Z",
  "spot": 17.45,
  "sigma_d": 0.05824143655946919,
  "ERI": 5.824143655946918,
  "percentiles": {
    "p10": 5.766426315714119,
    "p50": 5.805847674513433,
    "p90": 5.947596900981525
  },
  "ema": {
    "fast": 1.1093050868276175,
    "slow": 1.1095455651959347,
    "fast_period": 20,
    "slow_period": 100
  },
  "etv": {
    "horizon_days": 1,
    "risk_budget_usd": 100,
    "expected_move_usd": 1.0163130679627372,
    "qty": 98.39487767332976,
    "notional_usd": 1716.9906153996042,
    "leverage": 1
  }
}