{
  "t": "2025-10-05T18:34:08.771Z",
  "spot": 22.25,
  "sigma_d": 0.029032557030974213,
  "ERI": 2.9032557030974213,
  "percentiles": {
    "p10": 2.9218142889529006,
    "p50": 3.0488126605398564,
    "p90": 3.1775050936932128
  },
  "ema": {
    "fast": 0.5592243254566597,
    "slow": 0.5699204744776293,
    "fast_period": 20,
    "slow_period": 100
  },
  "etv": {
    "horizon_days": 1,
    "risk_budget_usd": 100,
    "expected_move_usd": 0.6459743939391762,
    "qty": 154.8048977455534,
    "notional_usd": 3444.408974838563,
    "leverage": 1
  }
}