{
  "t": "2025-11-21T05:30:33.934Z",
  "spot": 12.86,
  "sigma_d": 0.04123322145028358,
  "ERI": 4.123322145028358,
  "percentiles": {
    "p10": 4.157292323883608,
    "p50": 4.442528121678357,
    "p90": 4.804887018045225
  },
  "ema": {
    "fast": 0.7891626144040395,
    "slow": 0.8158975800642028,
    "fast_period": 20,
    "slow_period": 100
  },
  "etv": {
    "horizon_days": 1,
    "risk_budget_usd": 100,
    "expected_move_usd": 0.5302592278506468,
    "qty": 188.58700565257502,
    "notional_usd": 2425.2288926921146,
    "leverage": 1
  }
}