{
  "t": "2026-05-06T14:41:00.236Z",
  "spot": 9.99,
  "sigma_d": 0.027173671965111647,
  "ERI": 2.7173671965111645,
  "percentiles": {
    "p10": 2.5710103204141146,
    "p50": 2.788752383036161,
    "p90": 3.064818129601735
  },
  "ema": {
    "fast": 0.5112832649067047,
    "slow": 0.5091753798187475,
    "fast_period": 20,
    "slow_period": 100
  },
  "etv": {
    "horizon_days": 1,
    "risk_budget_usd": 100,
    "expected_move_usd": 0.27146498293146537,
    "qty": 368.37163644508144,
    "notional_usd": 3680.0326480863637,
    "leverage": 1
  }
}