{
  "t": "2025-12-25T07:31:03.199Z",
  "spot": 12.29,
  "sigma_d": 0.037722898908929936,
  "ERI": 3.772289890892994,
  "percentiles": {
    "p10": 3.7857939349359304,
    "p50": 3.9499104710264756,
    "p90": 4.028143172055565
  },
  "ema": {
    "fast": 0.7223621790236208,
    "slow": 0.7347677848014237,
    "fast_period": 20,
    "slow_period": 100
  },
  "etv": {
    "horizon_days": 1,
    "risk_budget_usd": 100,
    "expected_move_usd": 0.4636144275907489,
    "qty": 215.6964797658843,
    "notional_usd": 2650.909736322718,
    "leverage": 1
  }
}