{
  "t": "2026-05-20T15:51:34.527Z",
  "spot": 9.61,
  "sigma_d": 0.021045940814622403,
  "ERI": 2.10459408146224,
  "percentiles": {
    "p10": 2.1384498005354993,
    "p50": 2.528350819382,
    "p90": 2.7061107385324057
  },
  "ema": {
    "fast": 0.4073240145356841,
    "slow": 0.42949182042459616,
    "fast_period": 20,
    "slow_period": 100
  },
  "etv": {
    "horizon_days": 1,
    "risk_budget_usd": 100,
    "expected_move_usd": 0.2022514912285213,
    "qty": 494.4339316984878,
    "notional_usd": 4751.510083622467,
    "leverage": 1
  }
}