{
  "t": "2025-11-29T09:28:17.038Z",
  "spot": 13.06,
  "sigma_d": 0.041182942268377994,
  "ERI": 4.1182942268378,
  "percentiles": {
    "p10": 4.125826292842126,
    "p50": 4.241132263275582,
    "p90": 4.334920403836168
  },
  "ema": {
    "fast": 0.801418730733759,
    "slow": 0.8125451119264319,
    "fast_period": 20,
    "slow_period": 100
  },
  "etv": {
    "horizon_days": 1,
    "risk_budget_usd": 100,
    "expected_move_usd": 0.5378492260250166,
    "qty": 185.92571144714964,
    "notional_usd": 2428.1897914997744,
    "leverage": 1
  }
}