{
  "t": "2026-01-16T15:34:51.909Z",
  "spot": 13.61,
  "sigma_d": 0.02492739717180227,
  "ERI": 2.492739717180227,
  "percentiles": {
    "p10": 2.4676164759095607,
    "p50": 2.5262107788024233,
    "p90": 2.663794239127058
  },
  "ema": {
    "fast": 0.4844418176371553,
    "slow": 0.49114513096672197,
    "fast_period": 20,
    "slow_period": 100
  },
  "etv": {
    "horizon_days": 1,
    "risk_budget_usd": 100,
    "expected_move_usd": 0.3392618755082289,
    "qty": 294.7575522601698,
    "notional_usd": 4011.650286260911,
    "leverage": 1
  }
}