{
  "t": "2026-05-05T20:15:00.101Z",
  "spot": 9.74,
  "sigma_d": 0.02686337728066223,
  "ERI": 2.686337728066223,
  "percentiles": {
    "p10": 2.5710103204141146,
    "p50": 2.789703988961948,
    "p90": 3.0738459448471254
  },
  "ema": {
    "fast": 0.501766286773345,
    "slow": 0.5075116546446777,
    "fast_period": 20,
    "slow_period": 100
  },
  "etv": {
    "horizon_days": 1,
    "risk_budget_usd": 100,
    "expected_move_usd": 0.2616492947136501,
    "qty": 382.1909786129572,
    "notional_usd": 3722.5401316902035,
    "leverage": 1
  }
}