{
  "t": "2026-01-08T22:33:56.256Z",
  "spot": 13.28,
  "sigma_d": 0.025383645443817774,
  "ERI": 2.5383645443817775,
  "percentiles": {
    "p10": 2.528583558212081,
    "p50": 2.6558429689490732,
    "p90": 3.776238704747005
  },
  "ema": {
    "fast": 0.48978289745020215,
    "slow": 0.502283996048074,
    "fast_period": 20,
    "slow_period": 100
  },
  "etv": {
    "horizon_days": 1,
    "risk_budget_usd": 100,
    "expected_move_usd": 0.3370948114939,
    "qty": 296.6524449214478,
    "notional_usd": 3939.5444685568264,
    "leverage": 1
  }
}