{
  "t": "2025-12-09T20:30:19.926Z",
  "spot": 14.48,
  "sigma_d": 0.04240664193560275,
  "ERI": 4.240664193560275,
  "percentiles": {
    "p10": 4.114604769567366,
    "p50": 4.205411878068674,
    "p90": 4.355298909861288
  },
  "ema": {
    "fast": 0.8032883130731285,
    "slow": 0.804311450557156,
    "fast_period": 20,
    "slow_period": 100
  },
  "etv": {
    "horizon_days": 1,
    "risk_budget_usd": 100,
    "expected_move_usd": 0.6140481752275279,
    "qty": 162.8536718034318,
    "notional_usd": 2358.1211677136926,
    "leverage": 1
  }
}