{
  "t": "2025-10-18T15:24:33.417Z",
  "spot": 16.82,
  "sigma_d": 0.057122382789206255,
  "ERI": 5.712238278920625,
  "percentiles": {
    "p10": 3.299044169861796,
    "p50": 5.582448192409277,
    "p90": 5.734963675420762
  },
  "ema": {
    "fast": 1.092681318119453,
    "slow": 1.0743377092939255,
    "fast_period": 20,
    "slow_period": 100
  },
  "etv": {
    "horizon_days": 1,
    "risk_budget_usd": 100,
    "expected_move_usd": 0.9607984785144492,
    "qty": 104.08009820604241,
    "notional_usd": 1750.6272518256333,
    "leverage": 1
  }
}