{
  "t": "2026-06-26T12:23:12.576Z",
  "spot": 7.17,
  "sigma_d": 0.029844878095121385,
  "ERI": 2.9844878095121383,
  "percentiles": {
    "p10": 2.230133705434832,
    "p50": 2.937586474957685,
    "p90": 3.0581366947690714
  },
  "ema": {
    "fast": 0.5735095184025755,
    "slow": 0.5671853725654434,
    "fast_period": 20,
    "slow_period": 100
  },
  "etv": {
    "horizon_days": 1,
    "risk_budget_usd": 100,
    "expected_move_usd": 0.21398777594202031,
    "qty": 467.31641356511346,
    "notional_usd": 3350.6586852618634,
    "leverage": 1
  }
}