{
  "t": "2025-11-06T19:23:23.632Z",
  "spot": 14.67,
  "sigma_d": 0.06151375124605283,
  "ERI": 6.151375124605283,
  "percentiles": {
    "p10": 5.767753977469397,
    "p50": 5.806294936306157,
    "p90": 6.288527079423044
  },
  "ema": {
    "fast": 1.177188559932021,
    "slow": 1.1692540319709308,
    "fast_period": 20,
    "slow_period": 100
  },
  "etv": {
    "horizon_days": 1,
    "risk_budget_usd": 100,
    "expected_move_usd": 0.902406730779595,
    "qty": 110.81477629672527,
    "notional_usd": 1625.6527682729597,
    "leverage": 1
  }
}