{
  "t": "2025-12-20T14:28:11.637Z",
  "spot": 12.59,
  "sigma_d": 0.040219133419683986,
  "ERI": 4.021913341968399,
  "percentiles": {
    "p10": 3.9335864817287565,
    "p50": 4.024662193868652,
    "p90": 4.193054556615247
  },
  "ema": {
    "fast": 0.7710387643184402,
    "slow": 0.7674723670588635,
    "fast_period": 20,
    "slow_period": 100
  },
  "etv": {
    "horizon_days": 1,
    "risk_budget_usd": 100,
    "expected_move_usd": 0.5063588897538214,
    "qty": 197.48838624837302,
    "notional_usd": 2486.378782867016,
    "leverage": 1
  }
}