{
  "t": "2025-12-10T16:39:52.159Z",
  "spot": 14.16,
  "sigma_d": 0.04197381251398793,
  "ERI": 4.1973812513987925,
  "percentiles": {
    "p10": 4.114604769567366,
    "p50": 4.198847145355941,
    "p90": 4.355298909861288
  },
  "ema": {
    "fast": 0.8028742317029285,
    "slow": 0.8039602738883829,
    "fast_period": 20,
    "slow_period": 100
  },
  "etv": {
    "horizon_days": 1,
    "risk_budget_usd": 100,
    "expected_move_usd": 0.5943491851980691,
    "qty": 168.25126119534363,
    "notional_usd": 2382.4378585260656,
    "leverage": 1
  }
}