{
  "t": "2025-12-24T08:40:58.540Z",
  "spot": 12.15,
  "sigma_d": 0.03787658529350444,
  "ERI": 3.787658529350444,
  "percentiles": {
    "p10": 3.8479516133852787,
    "p50": 3.9674358591714336,
    "p90": 4.042549876702444
  },
  "ema": {
    "fast": 0.7282030253023214,
    "slow": 0.7414683184507709,
    "fast_period": 20,
    "slow_period": 100
  },
  "etv": {
    "horizon_days": 1,
    "risk_budget_usd": 100,
    "expected_move_usd": 0.460200511316079,
    "qty": 217.29658603381498,
    "notional_usd": 2640.153520310852,
    "leverage": 1
  }
}