{
  "t": "2025-10-03T07:24:51.694Z",
  "spot": 22.38,
  "sigma_d": 0.030602067365698274,
  "ERI": 3.0602067365698273,
  "percentiles": {
    "p10": 2.9847085730369316,
    "p50": 3.109706251226539,
    "p90": 3.576823530968981
  },
  "ema": {
    "fast": 0.5837523389136818,
    "slow": 0.5864457794834613,
    "fast_period": 20,
    "slow_period": 100
  },
  "etv": {
    "horizon_days": 1,
    "risk_budget_usd": 100,
    "expected_move_usd": 0.6848742676443274,
    "qty": 146.0122021286578,
    "notional_usd": 3267.7530836393616,
    "leverage": 1
  }
}