{
  "t": "2026-05-16T23:01:10.113Z",
  "spot": 9.72,
  "sigma_d": 0.022128328298465137,
  "ERI": 2.212832829846514,
  "percentiles": {
    "p10": 2.193722027590419,
    "p50": 2.5712113604837565,
    "p90": 2.7454637464244107
  },
  "ema": {
    "fast": 0.4188244505707336,
    "slow": 0.44401468822877416,
    "fast_period": 20,
    "slow_period": 100
  },
  "etv": {
    "horizon_days": 1,
    "risk_budget_usd": 100,
    "expected_move_usd": 0.21508735106108115,
    "qty": 464.927386509129,
    "notional_usd": 4519.094196868734,
    "leverage": 1
  }
}