{
  "t": "2025-11-16T12:51:39.407Z",
  "spot": 14.07,
  "sigma_d": 0.043957122309129674,
  "ERI": 4.3957122309129675,
  "percentiles": {
    "p10": 4.416342102542247,
    "p50": 4.778898538989958,
    "p90": 6.273575830689181
  },
  "ema": {
    "fast": 0.8446816737546949,
    "slow": 0.8662279764270409,
    "fast_period": 20,
    "slow_period": 100
  },
  "etv": {
    "horizon_days": 1,
    "risk_budget_usd": 100,
    "expected_move_usd": 0.6184767108894546,
    "qty": 161.68757568281956,
    "notional_usd": 2274.9441898572713,
    "leverage": 1
  }
}