{
  "t": "2025-10-13T10:33:07.249Z",
  "spot": 19.62,
  "sigma_d": 0.05602772603372499,
  "ERI": 5.6027726033724985,
  "percentiles": {
    "p10": 2.898875610941117,
    "p50": 3.268631324029162,
    "p90": 5.285839912474739
  },
  "ema": {
    "fast": 1.0543385875253843,
    "slow": 0.9077834207064831,
    "fast_period": 20,
    "slow_period": 100
  },
  "etv": {
    "horizon_days": 1,
    "risk_budget_usd": 100,
    "expected_move_usd": 1.0992639847816843,
    "qty": 90.96995934044011,
    "notional_usd": 1784.8306022594352,
    "leverage": 1
  }
}