{
  "t": "2025-12-13T15:28:10.253Z",
  "spot": 13.82,
  "sigma_d": 0.04029323454607309,
  "ERI": 4.029323454607309,
  "percentiles": {
    "p10": 4.041857467616408,
    "p50": 4.19151143937174,
    "p90": 4.3522717344326916
  },
  "ema": {
    "fast": 0.771565084622029,
    "slow": 0.7835948676071464,
    "fast_period": 20,
    "slow_period": 100
  },
  "etv": {
    "horizon_days": 1,
    "risk_budget_usd": 100,
    "expected_move_usd": 0.55685250142673,
    "qty": 179.58076823537064,
    "notional_usd": 2481.8062170128223,
    "leverage": 1
  }
}