{
  "t": "2026-01-04T09:29:45.756Z",
  "spot": 13.36,
  "sigma_d": 0.025219684511443304,
  "ERI": 2.5219684511443305,
  "percentiles": {
    "p10": 2.64302688955467,
    "p50": 3.7692985492483753,
    "p90": 3.7856494943220538
  },
  "ema": {
    "fast": 0.4938369843990172,
    "slow": 0.5557144951202796,
    "fast_period": 20,
    "slow_period": 100
  },
  "etv": {
    "horizon_days": 1,
    "risk_budget_usd": 100,
    "expected_move_usd": 0.3369349850728825,
    "qty": 296.79316316282495,
    "notional_usd": 3965.1566598553413,
    "leverage": 1
  }
}