{
  "t": "2026-03-08T05:54:16.246Z",
  "spot": 8.62,
  "sigma_d": 0.03487126539979766,
  "ERI": 3.4871265399797657,
  "percentiles": {
    "p10": 4.664497693336458,
    "p50": 4.895633799215073,
    "p90": 5.141629785830333
  },
  "ema": {
    "fast": 0.7605852978372569,
    "slow": 0.8726444291840303,
    "fast_period": 20,
    "slow_period": 100
  },
  "etv": {
    "horizon_days": 1,
    "risk_budget_usd": 100,
    "expected_move_usd": 0.3005903077462558,
    "qty": 332.678723907543,
    "notional_usd": 2867.6906000830204,
    "leverage": 1
  }
}