{
  "t": "2026-04-21T12:07:12.331Z",
  "spot": 9.42,
  "sigma_d": 0.030539157652762383,
  "ERI": 3.0539157652762383,
  "percentiles": {
    "p10": 2.652230297274112,
    "p50": 2.9652782396302944,
    "p90": 3.1611484400272216
  },
  "ema": {
    "fast": 0.5874943993090453,
    "slow": 0.5846221327681242,
    "fast_period": 20,
    "slow_period": 100
  },
  "etv": {
    "horizon_days": 1,
    "risk_budget_usd": 100,
    "expected_move_usd": 0.28767886508902163,
    "qty": 347.609825174523,
    "notional_usd": 3274.4845531440064,
    "leverage": 1
  }
}