{
  "t": "2026-01-18T09:31:02.471Z",
  "spot": 13.78,
  "sigma_d": 0.022778842135648604,
  "ERI": 2.2778842135648603,
  "percentiles": {
    "p10": 2.4204525523270437,
    "p50": 2.521279951333398,
    "p90": 2.663794239127058
  },
  "ema": {
    "fast": 0.44983006051079605,
    "slow": 0.47376871947633387,
    "fast_period": 20,
    "slow_period": 100
  },
  "etv": {
    "horizon_days": 1,
    "risk_budget_usd": 100,
    "expected_move_usd": 0.31389244462923777,
    "qty": 318.58046190986727,
    "notional_usd": 4390.038765117971,
    "leverage": 1
  }
}