{
  "t": "2026-05-23T11:22:19.381Z",
  "spot": 9.2,
  "sigma_d": 0.022360741816990253,
  "ERI": 2.2360741816990255,
  "percentiles": {
    "p10": 2.1046049427482103,
    "p50": 2.46134360991511,
    "p90": 2.68793907533036
  },
  "ema": {
    "fast": 0.4115304831314896,
    "slow": 0.4218509235556862,
    "fast_period": 20,
    "slow_period": 100
  },
  "etv": {
    "horizon_days": 1,
    "risk_budget_usd": 100,
    "expected_move_usd": 0.2057188247163103,
    "qty": 486.1003855038627,
    "notional_usd": 4472.1235466355365,
    "leverage": 1
  }
}