{
  "t": "2026-04-23T23:57:47.698Z",
  "spot": 9.35,
  "sigma_d": 0.029426268776432264,
  "ERI": 2.9426268776432263,
  "percentiles": {
    "p10": 2.6843603273078243,
    "p50": 2.9814098780416742,
    "p90": 3.1611484400272216
  },
  "ema": {
    "fast": 0.5647962052083279,
    "slow": 0.5763249512745018,
    "fast_period": 20,
    "slow_period": 100
  },
  "etv": {
    "horizon_days": 1,
    "risk_budget_usd": 100,
    "expected_move_usd": 0.2751356130596417,
    "qty": 363.45712896978847,
    "notional_usd": 3398.324155867522,
    "leverage": 1
  }
}