{
  "t": "2025-12-29T21:28:14.014Z",
  "spot": 12.28,
  "sigma_d": 0.03775861233267115,
  "ERI": 3.7758612332671153,
  "percentiles": {
    "p10": 3.7540600216572577,
    "p50": 3.8153494010265137,
    "p90": 4.0223470177867515
  },
  "ema": {
    "fast": 0.7212848307864883,
    "slow": 0.72244299803691,
    "fast_period": 20,
    "slow_period": 100
  },
  "etv": {
    "horizon_days": 1,
    "risk_budget_usd": 100,
    "expected_move_usd": 0.46367575944520173,
    "qty": 215.66794891251638,
    "notional_usd": 2648.402412645701,
    "leverage": 1
  }
}