{
  "t": "2025-11-01T20:26:33.479Z",
  "spot": 17.27,
  "sigma_d": 0.05803358189281275,
  "ERI": 5.8033581892812744,
  "percentiles": {
    "p10": 5.766426315714119,
    "p50": 5.808100894166611,
    "p90": 5.948476150386657
  },
  "ema": {
    "fast": 1.1088878011119676,
    "slow": 1.1095709632418698,
    "fast_period": 20,
    "slow_period": 100
  },
  "etv": {
    "horizon_days": 1,
    "risk_budget_usd": 100,
    "expected_move_usd": 1.0022399592888762,
    "qty": 99.77650469150467,
    "notional_usd": 1723.1402360222855,
    "leverage": 1
  }
}