{
  "t": "2025-09-12T13:32:18.666Z",
  "spot": 24.36,
  "sigma_d": 0.05330451711839038,
  "ERI": 5.3304517118390375,
  "percentiles": {
    "p10": 5.33045566934587,
    "p50": 5.687656908525385,
    "p90": 6.2631249283782875
  },
  "ema": {
    "fast": 1.0195550727591578,
    "slow": 1.0536406120592767,
    "fast_period": 20,
    "slow_period": 100
  },
  "etv": {
    "horizon_days": 1,
    "risk_budget_usd": 100,
    "expected_move_usd": 1.2984980370039896,
    "qty": 77.0120532725093,
    "notional_usd": 1876.0136177183267,
    "leverage": 1
  }
}