{
  "t": "2026-02-24T13:39:57.838Z",
  "spot": 8.12,
  "sigma_d": 0.04666045471468129,
  "ERI": 4.666045471468129,
  "percentiles": {
    "p10": 4.583125535968241,
    "p50": 4.703886557805415,
    "p90": 4.743018985768828
  },
  "ema": {
    "fast": 0.8955149921867533,
    "slow": 0.8961829249905543,
    "fast_period": 20,
    "slow_period": 100
  },
  "etv": {
    "horizon_days": 1,
    "risk_budget_usd": 100,
    "expected_move_usd": 0.37888289228321204,
    "qty": 263.9337960006143,
    "notional_usd": 2143.142423524988,
    "leverage": 1
  }
}