{
  "t": "2025-10-21T04:32:20.310Z",
  "spot": 17.97,
  "sigma_d": 0.059548988905461675,
  "ERI": 5.9548988905461675,
  "percentiles": {
    "p10": 5.17988580593622,
    "p50": 5.687435830075696,
    "p90": 5.840754975649357
  },
  "ema": {
    "fast": 1.1341618637078659,
    "slow": 1.1032755856008702,
    "fast_period": 20,
    "slow_period": 100
  },
  "etv": {
    "horizon_days": 1,
    "risk_budget_usd": 100,
    "expected_move_usd": 1.0700953306311463,
    "qty": 93.4496181204899,
    "notional_usd": 1679.2896376252033,
    "leverage": 1
  }
}