{
  "t": "2026-02-14T07:00:14.138Z",
  "spot": 8.81,
  "sigma_d": 0.04624259510086394,
  "ERI": 4.624259510086394,
  "percentiles": {
    "p10": 3.1804667794360895,
    "p50": 4.473797054042681,
    "p90": 4.747609022425738
  },
  "ema": {
    "fast": 0.8785782436600712,
    "slow": 0.8685437003447218,
    "fast_period": 20,
    "slow_period": 100
  },
  "etv": {
    "horizon_days": 1,
    "risk_budget_usd": 100,
    "expected_move_usd": 0.40739726283861133,
    "qty": 245.46065749983836,
    "notional_usd": 2162.508392573576,
    "leverage": 1
  }
}