{
  "t": "2025-10-27T14:30:55.841Z",
  "spot": 18.27,
  "sigma_d": 0.058013194178819665,
  "ERI": 5.801319417881967,
  "percentiles": {
    "p10": 5.7116959644045275,
    "p50": 5.841904673878349,
    "p90": 5.958543863703687
  },
  "ema": {
    "fast": 1.1079715628662807,
    "slow": 1.1153811785910521,
    "fast_period": 20,
    "slow_period": 100
  },
  "etv": {
    "horizon_days": 1,
    "risk_budget_usd": 100,
    "expected_move_usd": 1.0599010576470353,
    "qty": 94.34842929772947,
    "notional_usd": 1723.7458032695174,
    "leverage": 1
  }
}