{
  "t": "2026-04-04T22:45:05.831Z",
  "spot": 8.71,
  "sigma_d": 0.02760003670997152,
  "ERI": 2.7600036709971523,
  "percentiles": {
    "p10": 2.7722650973399654,
    "p50": 3.0405780601006684,
    "p90": 3.6335277987679855
  },
  "ema": {
    "fast": 0.5287131965206399,
    "slow": 0.5562060347893789,
    "fast_period": 20,
    "slow_period": 100
  },
  "etv": {
    "horizon_days": 1,
    "risk_budget_usd": 100,
    "expected_move_usd": 0.24039631974385198,
    "qty": 415.97974589025483,
    "notional_usd": 3623.18358670412,
    "leverage": 1
  }
}