{
  "t": "2025-10-25T19:20:35.750Z",
  "spot": 18.11,
  "sigma_d": 0.05849014937804089,
  "ERI": 5.849014937804089,
  "percentiles": {
    "p10": 5.681343807060668,
    "p50": 5.841466119547746,
    "p90": 5.958543863703687
  },
  "ema": {
    "fast": 1.1201168743987437,
    "slow": 1.125659644286803,
    "fast_period": 20,
    "slow_period": 100
  },
  "etv": {
    "horizon_days": 1,
    "risk_budget_usd": 100,
    "expected_move_usd": 1.0592566052363204,
    "qty": 94.40583094375889,
    "notional_usd": 1709.6895983914733,
    "leverage": 1
  }
}