{
  "t": "2026-03-23T22:48:13.857Z",
  "spot": 9.1,
  "sigma_d": 0.03671806538183635,
  "ERI": 3.6718065381836347,
  "percentiles": {
    "p10": 3.427595152318238,
    "p50": 3.5693334838743125,
    "p90": 3.6181814927494824
  },
  "ema": {
    "fast": 0.6951220452848386,
    "slow": 0.6851666952766968,
    "fast_period": 20,
    "slow_period": 100
  },
  "etv": {
    "horizon_days": 1,
    "risk_budget_usd": 100,
    "expected_move_usd": 0.33413439497471076,
    "qty": 299.28077295834385,
    "notional_usd": 2723.455033920929,
    "leverage": 1
  }
}