{
  "t": "2026-03-24T15:15:23.616Z",
  "spot": 9.13,
  "sigma_d": 0.03633341826780257,
  "ERI": 3.6333418267802573,
  "percentiles": {
    "p10": 3.427595152318238,
    "p50": 3.5730525840594862,
    "p90": 3.6297705076345723
  },
  "ema": {
    "fast": 0.695200893429205,
    "slow": 0.6870250008600247,
    "fast_period": 20,
    "slow_period": 100
  },
  "etv": {
    "horizon_days": 1,
    "risk_budget_usd": 100,
    "expected_move_usd": 0.3317241087850375,
    "qty": 301.4553279418156,
    "notional_usd": 2752.287144108777,
    "leverage": 1
  }
}