{
  "t": "2025-12-30T15:33:01.711Z",
  "spot": 12.46,
  "sigma_d": 0.03785793218598912,
  "ERI": 3.785793218598912,
  "percentiles": {
    "p10": 3.7540600216572577,
    "p50": 3.785621611413924,
    "p90": 4.022310698658717
  },
  "ema": {
    "fast": 0.7223298344494385,
    "slow": 0.7224097164598952,
    "fast_period": 20,
    "slow_period": 100
  },
  "etv": {
    "horizon_days": 1,
    "risk_budget_usd": 100,
    "expected_move_usd": 0.4717098350374244,
    "qty": 211.99473187169443,
    "notional_usd": 2641.454359121313,
    "leverage": 1
  }
}