{
  "t": "2025-09-01T22:42:16.977Z",
  "spot": 22.1912,
  "sigma_d": 0.05484393670648376,
  "ERI": 5.484393670648377,
  "percentiles": {
    "p10": 5.484393670648377,
    "p50": 5.4843936706483785,
    "p90": 6.2138728148430005
  },
  "ema": {
    "fast": 1.0339499932986023,
    "slow": 0.7561329327174279,
    "fast_period": 20,
    "slow_period": 100
  },
  "etv": {
    "horizon_days": 1,
    "risk_budget_usd": 100,
    "expected_move_usd": 1.2170527682409225,
    "qty": 82.16570604784528,
    "notional_usd": 1823.355616048944,
    "leverage": 1
  }
}