{
  "t": "2026-06-10T16:42:24.950Z",
  "spot": 7.76,
  "sigma_d": 0.029385050868889324,
  "ERI": 2.9385050868889326,
  "percentiles": {
    "p10": 2.1046049427482103,
    "p50": 2.249324684121694,
    "p90": 2.8920253177044186
  },
  "ema": {
    "fast": 0.5617944454681331,
    "slow": 0.5108354862898423,
    "fast_period": 20,
    "slow_period": 100
  },
  "etv": {
    "horizon_days": 1,
    "risk_budget_usd": 100,
    "expected_move_usd": 0.22802799474258115,
    "qty": 438.5426452260353,
    "notional_usd": 3403.090926954034,
    "leverage": 1
  }
}