{
  "t": "2025-11-27T17:26:32.917Z",
  "spot": 13.46,
  "sigma_d": 0.04306927781591343,
  "ERI": 4.306927781591343,
  "percentiles": {
    "p10": 4.147915623854,
    "p50": 4.247066775942117,
    "p90": 4.417177176564305
  },
  "ema": {
    "fast": 0.821184615693138,
    "slow": 0.8150440237749312,
    "fast_period": 20,
    "slow_period": 100
  },
  "etv": {
    "horizon_days": 1,
    "risk_budget_usd": 100,
    "expected_move_usd": 0.5797124794021948,
    "qty": 172.49930535068174,
    "notional_usd": 2321.8406500201763,
    "leverage": 1
  }
}