{
  "t": "2025-10-23T03:10:29.535Z",
  "spot": 17.3,
  "sigma_d": 0.05931540693914184,
  "ERI": 5.931540693914184,
  "percentiles": {
    "p10": 5.563276684958964,
    "p50": 5.716418650292604,
    "p90": 5.950520430444294
  },
  "ema": {
    "fast": 1.13267144518076,
    "slow": 1.1207195986493281,
    "fast_period": 20,
    "slow_period": 100
  },
  "etv": {
    "horizon_days": 1,
    "risk_budget_usd": 100,
    "expected_move_usd": 1.026156540047154,
    "qty": 97.45101853115393,
    "notional_usd": 1685.9026205889631,
    "leverage": 1
  }
}