{
  "t": "2026-01-11T15:29:44.820Z",
  "spot": 13.23,
  "sigma_d": 0.024716518049125245,
  "ERI": 2.4716518049125247,
  "percentiles": {
    "p10": 2.509183426003486,
    "p50": 2.5700018836128904,
    "p90": 3.531361691701435
  },
  "ema": {
    "fast": 0.4747539274491643,
    "slow": 0.48615647917042765,
    "fast_period": 20,
    "slow_period": 100
  },
  "etv": {
    "horizon_days": 1,
    "risk_budget_usd": 100,
    "expected_move_usd": 0.326999533789927,
    "qty": 305.8108335537952,
    "notional_usd": 4045.8773279167103,
    "leverage": 1
  }
}