{
  "t": "2025-09-11T05:27:17.472Z",
  "spot": 23.69,
  "sigma_d": 0.053075361183497614,
  "ERI": 5.307536118349762,
  "percentiles": {
    "p10": 5.579291652483446,
    "p50": 5.905994527616144,
    "p90": 6.271731122069904
  },
  "ema": {
    "fast": 1.05488982068842,
    "slow": 1.0851764315596906,
    "fast_period": 20,
    "slow_period": 100
  },
  "etv": {
    "horizon_days": 1,
    "risk_budget_usd": 100,
    "expected_move_usd": 1.2573553064370586,
    "qty": 79.53201413160446,
    "notional_usd": 1884.1134147777097,
    "leverage": 1
  }
}