{
  "t": "2025-10-23T02:01:44.379Z",
  "spot": 17.27,
  "sigma_d": 0.05930155945422847,
  "ERI": 5.930155945422847,
  "percentiles": {
    "p10": 5.5602938450227075,
    "p50": 5.715181912648481,
    "p90": 5.950520430444294
  },
  "ema": {
    "fast": 1.1326137806303773,
    "slow": 1.120467080270337,
    "fast_period": 20,
    "slow_period": 100
  },
  "etv": {
    "horizon_days": 1,
    "risk_budget_usd": 100,
    "expected_move_usd": 1.0241379317745256,
    "qty": 97.64309757254067,
    "notional_usd": 1686.2962950777774,
    "leverage": 1
  }
}