{
  "t": "2025-10-30T18:39:56.509Z",
  "spot": 16.64,
  "sigma_d": 0.05930631013182336,
  "ERI": 5.930631013182336,
  "percentiles": {
    "p10": 5.761566752747915,
    "p50": 5.842377131044031,
    "p90": 5.958543863703687
  },
  "ema": {
    "fast": 1.1123604270242482,
    "slow": 1.1084512357985488,
    "fast_period": 20,
    "slow_period": 100
  },
  "etv": {
    "horizon_days": 1,
    "risk_budget_usd": 100,
    "expected_move_usd": 0.9868570005935408,
    "qty": 101.33180383769427,
    "notional_usd": 1686.1612158592327,
    "leverage": 1
  }
}