{
  "t": "2025-11-09T06:37:48.649Z",
  "spot": 15.26,
  "sigma_d": 0.047820859622424904,
  "ERI": 4.7820859622424905,
  "percentiles": {
    "p10": 5.771718124950351,
    "p50": 6.001771773940257,
    "p90": 6.308191627099421
  },
  "ema": {
    "fast": 1.0867787776802773,
    "slow": 1.1579644905754571,
    "fast_period": 20,
    "slow_period": 100
  },
  "etv": {
    "horizon_days": 1,
    "risk_budget_usd": 100,
    "expected_move_usd": 0.729746317838204,
    "qty": 137.03392200215464,
    "notional_usd": 2091.13764975288,
    "leverage": 1
  }
}