{
  "t": "2026-02-03T10:55:47.536Z",
  "spot": 9.58,
  "sigma_d": 0.033757154019539305,
  "ERI": 3.3757154019539306,
  "percentiles": {
    "p10": 2.675714202546714,
    "p50": 2.9245721202981523,
    "p90": 3.289144450761483
  },
  "ema": {
    "fast": 0.6399960307153816,
    "slow": 0.6132866682494159,
    "fast_period": 20,
    "slow_period": 100
  },
  "etv": {
    "horizon_days": 1,
    "risk_budget_usd": 100,
    "expected_move_usd": 0.3233935355071865,
    "qty": 309.22077599098384,
    "notional_usd": 2962.335033993625,
    "leverage": 1
  }
}