{
  "t": "2026-01-28T20:46:28.969Z",
  "spot": 11.84,
  "sigma_d": 0.029346466454626904,
  "ERI": 2.9346466454626903,
  "percentiles": {
    "p10": 2.419793577482409,
    "p50": 2.677039668341935,
    "p90": 2.9242538061321213
  },
  "ema": {
    "fast": 0.5603290472939869,
    "slow": 0.5435937345796142,
    "fast_period": 20,
    "slow_period": 100
  },
  "etv": {
    "horizon_days": 1,
    "risk_budget_usd": 100,
    "expected_move_usd": 0.3474621628227825,
    "qty": 287.8011210993451,
    "notional_usd": 3407.5652738162457,
    "leverage": 1
  }
}