{
  "t": "2026-01-04T10:32:41.492Z",
  "spot": 13.37,
  "sigma_d": 0.02523342128833903,
  "ERI": 2.523342128833903,
  "percentiles": {
    "p10": 2.6429708211464256,
    "p50": 3.7692504382163765,
    "p90": 3.7855798007490273
  },
  "ema": {
    "fast": 0.4927176370101255,
    "slow": 0.5542564622825643,
    "fast_period": 20,
    "slow_period": 100
  },
  "etv": {
    "horizon_days": 1,
    "risk_budget_usd": 100,
    "expected_move_usd": 0.3373708426250928,
    "qty": 296.40972889624055,
    "notional_usd": 3962.998075342736,
    "leverage": 1
  }
}