{
  "t": "2026-02-06T08:57:12.082Z",
  "spot": 8.02,
  "sigma_d": 0.041409786754778306,
  "ERI": 4.140978675477831,
  "percentiles": {
    "p10": 2.6759235389727984,
    "p50": 3.1422034374183596,
    "p90": 3.392824344432557
  },
  "ema": {
    "fast": 0.7306087964086766,
    "slow": 0.6538311314952117,
    "fast_period": 20,
    "slow_period": 100
  },
  "etv": {
    "horizon_days": 1,
    "risk_budget_usd": 100,
    "expected_move_usd": 0.332106489773322,
    "qty": 301.1082381083688,
    "notional_usd": 2414.888069629118,
    "leverage": 1
  }
}