{
  "t": "2026-03-30T15:18:36.153Z",
  "spot": 8.82,
  "sigma_d": 0.03061625474075989,
  "ERI": 3.061625474075989,
  "percentiles": {
    "p10": 3.0146359431996865,
    "p50": 3.536461500757401,
    "p90": 3.6384711783368635
  },
  "ema": {
    "fast": 0.5734258380187465,
    "slow": 0.6081613154548016,
    "fast_period": 20,
    "slow_period": 100
  },
  "etv": {
    "horizon_days": 1,
    "risk_budget_usd": 100,
    "expected_move_usd": 0.27003536681350226,
    "qty": 370.32186257685345,
    "notional_usd": 3266.2388279278475,
    "leverage": 1
  }
}