{
  "t": "2026-04-02T22:47:07.916Z",
  "spot": 8.63,
  "sigma_d": 0.02982559462040746,
  "ERI": 2.982559462040746,
  "percentiles": {
    "p10": 2.9506304372337735,
    "p50": 3.536461500757401,
    "p90": 3.6384711783368635
  },
  "ema": {
    "fast": 0.572516378090248,
    "slow": 0.5850468216175526,
    "fast_period": 20,
    "slow_period": 100
  },
  "etv": {
    "horizon_days": 1,
    "risk_budget_usd": 100,
    "expected_move_usd": 0.2573948815741164,
    "qty": 388.5081140248128,
    "notional_usd": 3352.825024034135,
    "leverage": 1
  }
}