{
  "t": "2026-03-22T17:36:28.939Z",
  "spot": 8.78,
  "sigma_d": 0.035513955716834085,
  "ERI": 3.5513955716834085,
  "percentiles": {
    "p10": 3.427595152318238,
    "p50": 3.5387262003855486,
    "p90": 3.6104424673029243
  },
  "ema": {
    "fast": 0.680243035296553,
    "slow": 0.6811823546799453,
    "fast_period": 20,
    "slow_period": 100
  },
  "etv": {
    "horizon_days": 1,
    "risk_budget_usd": 100,
    "expected_move_usd": 0.31181253119380326,
    "qty": 320.7055201314094,
    "notional_usd": 2815.7944667537745,
    "leverage": 1
  }
}