{
  "t": "2026-01-13T17:37:28.835Z",
  "spot": 13.59,
  "sigma_d": 0.025008907194155282,
  "ERI": 2.500890719415528,
  "percentiles": {
    "p10": 2.4676164759095607,
    "p50": 2.531237704561173,
    "p90": 2.6634963287978657
  },
  "ema": {
    "fast": 0.46757797789010974,
    "slow": 0.4761598232868374,
    "fast_period": 20,
    "slow_period": 100
  },
  "etv": {
    "horizon_days": 1,
    "risk_budget_usd": 100,
    "expected_move_usd": 0.33987104876857027,
    "qty": 294.22923889022803,
    "notional_usd": 3998.575356518199,
    "leverage": 1
  }
}