{
  "t": "2026-03-28T07:11:29.813Z",
  "spot": 8.56,
  "sigma_d": 0.030358541494903628,
  "ERI": 3.035854149490363,
  "percentiles": {
    "p10": 3.3994160662913386,
    "p50": 3.5370229224783962,
    "p90": 3.6384711783368635
  },
  "ema": {
    "fast": 0.5965780760344133,
    "slow": 0.6524510481077876,
    "fast_period": 20,
    "slow_period": 100
  },
  "etv": {
    "horizon_days": 1,
    "risk_budget_usd": 100,
    "expected_move_usd": 0.25986911519637507,
    "qty": 384.80909870506576,
    "notional_usd": 3293.965884915363,
    "leverage": 1
  }
}