{
  "t": "2026-04-16T10:24:19.431Z",
  "spot": 9.22,
  "sigma_d": 0.031550472981090094,
  "ERI": 3.155047298109009,
  "percentiles": {
    "p10": 2.652230297274112,
    "p50": 2.916419680319275,
    "p90": 3.1299323499375875
  },
  "ema": {
    "fast": 0.6031988219269353,
    "slow": 0.5791988527630862,
    "fast_period": 20,
    "slow_period": 100
  },
  "etv": {
    "horizon_days": 1,
    "risk_budget_usd": 100,
    "expected_move_usd": 0.2908953608856507,
    "qty": 343.7662247192365,
    "notional_usd": 3169.524591911361,
    "leverage": 1
  }
}