{
  "t": "2026-03-01T09:40:16.450Z",
  "spot": 8.9,
  "sigma_d": 0.050797138290063215,
  "ERI": 5.079713829006321,
  "percentiles": {
    "p10": 4.643143417202287,
    "p50": 4.7166563158275014,
    "p90": 5.141629785830333
  },
  "ema": {
    "fast": 0.9736640769008041,
    "slow": 0.9593719773720333,
    "fast_period": 20,
    "slow_period": 100
  },
  "etv": {
    "horizon_days": 1,
    "risk_budget_usd": 100,
    "expected_move_usd": 0.45209453078156264,
    "qty": 221.19267806032528,
    "notional_usd": 1968.614834736895,
    "leverage": 1
  }
}