{
  "t": "2026-01-22T23:31:43.938Z",
  "spot": 12.23,
  "sigma_d": 0.027037228998421967,
  "ERI": 2.7037228998421967,
  "percentiles": {
    "p10": 2.4055990817203687,
    "p50": 2.483110998768935,
    "p90": 2.699219508788219
  },
  "ema": {
    "fast": 0.515693899081139,
    "slow": 0.4962323677307887,
    "fast_period": 20,
    "slow_period": 100
  },
  "etv": {
    "horizon_days": 1,
    "risk_budget_usd": 100,
    "expected_move_usd": 0.33066531065070065,
    "qty": 302.42059502163903,
    "notional_usd": 3698.6038771146455,
    "leverage": 1
  }
}