{
  "t": "2026-02-28T23:32:29.026Z",
  "spot": 8.85,
  "sigma_d": 0.05091004201829115,
  "ERI": 5.091004201829115,
  "percentiles": {
    "p10": 4.643143417202287,
    "p50": 4.7146383026355,
    "p90": 5.141629785830333
  },
  "ema": {
    "fast": 0.974249708981106,
    "slow": 0.9576046789714686,
    "fast_period": 20,
    "slow_period": 100
  },
  "etv": {
    "horizon_days": 1,
    "risk_budget_usd": 100,
    "expected_move_usd": 0.4505538718618767,
    "qty": 221.94904149143866,
    "notional_usd": 1964.2490171992322,
    "leverage": 1
  }
}