{
  "t": "2026-01-21T09:43:12.940Z",
  "spot": 12.32,
  "sigma_d": 0.026944583891442112,
  "ERI": 2.694458389144211,
  "percentiles": {
    "p10": 2.4055990817203687,
    "p50": 2.483110998768935,
    "p90": 2.660176014345331
  },
  "ema": {
    "fast": 0.5009660127727391,
    "slow": 0.4781031363025971,
    "fast_period": 20,
    "slow_period": 100
  },
  "etv": {
    "horizon_days": 1,
    "risk_budget_usd": 100,
    "expected_move_usd": 0.3319572735425668,
    "qty": 301.24358756422015,
    "notional_usd": 3711.3209987911923,
    "leverage": 1
  }
}