{
  "t": "2026-04-28T04:00:05.835Z",
  "spot": 9.28,
  "sigma_d": 0.027051509299081573,
  "ERI": 2.7051509299081573,
  "percentiles": {
    "p10": 2.7401300760584952,
    "p50": 2.9814098780416742,
    "p90": 3.1611484400272216
  },
  "ema": {
    "fast": 0.5189880673254621,
    "slow": 0.5427761372171783,
    "fast_period": 20,
    "slow_period": 100
  },
  "etv": {
    "horizon_days": 1,
    "risk_budget_usd": 100,
    "expected_move_usd": 0.25103800629547696,
    "qty": 398.3460571396425,
    "notional_usd": 3696.651410255882,
    "leverage": 1
  }
}