{
  "t": "2026-05-03T19:14:11.541Z",
  "spot": 9.15,
  "sigma_d": 0.025683763292167355,
  "ERI": 2.5683763292167354,
  "percentiles": {
    "p10": 2.5851206575315877,
    "p50": 2.941789969109786,
    "p90": 3.1502266143760482
  },
  "ema": {
    "fast": 0.4921317839112957,
    "slow": 0.5113824749772611,
    "fast_period": 20,
    "slow_period": 100
  },
  "etv": {
    "horizon_days": 1,
    "risk_budget_usd": 100,
    "expected_move_usd": 0.2350064341233313,
    "qty": 425.5202644686742,
    "notional_usd": 3893.510419888369,
    "leverage": 1
  }
}