{
  "t": "2025-12-20T05:31:25.077Z",
  "spot": 12.54,
  "sigma_d": 0.04020735319068363,
  "ERI": 4.020735319068363,
  "percentiles": {
    "p10": 3.9335864817287565,
    "p50": 4.027636355281976,
    "p90": 4.193054556615247
  },
  "ema": {
    "fast": 0.7745394181334095,
    "slow": 0.7672386840022077,
    "fast_period": 20,
    "slow_period": 100
  },
  "etv": {
    "horizon_days": 1,
    "risk_budget_usd": 100,
    "expected_move_usd": 0.5042002090111727,
    "qty": 198.333912229267,
    "notional_usd": 2487.1072593550084,
    "leverage": 1
  }
}