{
  "t": "2026-06-06T20:19:05.337Z",
  "spot": 7.31,
  "sigma_d": 0.028677986239964853,
  "ERI": 2.867798623996485,
  "percentiles": {
    "p10": 2.1046049427482103,
    "p50": 2.249324684121694,
    "p90": 2.535130386555508
  },
  "ema": {
    "fast": 0.5317198143703534,
    "slow": 0.4724732268606221,
    "fast_period": 20,
    "slow_period": 100
  },
  "etv": {
    "horizon_days": 1,
    "risk_budget_usd": 100,
    "expected_move_usd": 0.20963607941414306,
    "qty": 477.0171254846198,
    "notional_usd": 3486.9951872925703,
    "leverage": 1
  }
}