{
  "t": "2025-12-17T18:47:02.524Z",
  "spot": 12.27,
  "sigma_d": 0.04023878409525051,
  "ERI": 4.023878409525051,
  "percentiles": {
    "p10": 3.9335864817287565,
    "p50": 4.072143636874394,
    "p90": 4.209962748462744
  },
  "ema": {
    "fast": 0.7556922329109159,
    "slow": 0.7614770047982269,
    "fast_period": 20,
    "slow_period": 100
  },
  "etv": {
    "horizon_days": 1,
    "risk_budget_usd": 100,
    "expected_move_usd": 0.4937298808487237,
    "qty": 202.53989859414543,
    "notional_usd": 2485.1645557501643,
    "leverage": 1
  }
}