{
  "t": "2025-12-27T22:30:30.970Z",
  "spot": 12.4,
  "sigma_d": 0.03765679333395416,
  "ERI": 3.7656793333954157,
  "percentiles": {
    "p10": 3.7540600216572577,
    "p50": 3.856288765346653,
    "p90": 4.024022547779961
  },
  "ema": {
    "fast": 0.7174784679497417,
    "slow": 0.7235995392914191,
    "fast_period": 20,
    "slow_period": 100
  },
  "etv": {
    "horizon_days": 1,
    "risk_budget_usd": 100,
    "expected_move_usd": 0.4669442373410316,
    "qty": 214.15833412880357,
    "notional_usd": 2655.5633431971646,
    "leverage": 1
  }
}