{
  "t": "2025-11-24T11:26:25.271Z",
  "spot": 12.41,
  "sigma_d": 0.04207998803555314,
  "ERI": 4.207998803555315,
  "percentiles": {
    "p10": 4.147915623854,
    "p50": 4.393186505220136,
    "p90": 4.478914764852009
  },
  "ema": {
    "fast": 0.8076698882056946,
    "slow": 0.8097200300225796,
    "fast_period": 20,
    "slow_period": 100
  },
  "etv": {
    "horizon_days": 1,
    "risk_budget_usd": 100,
    "expected_move_usd": 0.5222126515212145,
    "qty": 191.49287116790117,
    "notional_usd": 2376.426531193654,
    "leverage": 1
  }
}