{
  "t": "2026-01-03T08:37:45.700Z",
  "spot": 13.07,
  "sigma_d": 0.026509816509267772,
  "ERI": 2.650981650926777,
  "percentiles": {
    "p10": 2.6953310454339783,
    "p50": 3.7718919767461596,
    "p90": 3.831095879062377
  },
  "ema": {
    "fast": 0.5096884282253996,
    "slow": 0.5883281113544587,
    "fast_period": 20,
    "slow_period": 100
  },
  "etv": {
    "horizon_days": 1,
    "risk_budget_usd": 100,
    "expected_move_usd": 0.3464833017761298,
    "qty": 288.6141972423598,
    "notional_usd": 3772.1875579576426,
    "leverage": 1
  }
}