{
  "t": "2025-10-30T11:24:13.322Z",
  "spot": 17.69,
  "sigma_d": 0.057736764613875724,
  "ERI": 5.773676461387573,
  "percentiles": {
    "p10": 5.757683668078328,
    "p50": 5.841771542761859,
    "p90": 5.958543863703687
  },
  "ema": {
    "fast": 1.1034024996645881,
    "slow": 1.1067438713212963,
    "fast_period": 20,
    "slow_period": 100
  },
  "etv": {
    "horizon_days": 1,
    "risk_budget_usd": 100,
    "expected_move_usd": 1.0213633660194616,
    "qty": 97.90834812269402,
    "notional_usd": 1731.9986782904573,
    "leverage": 1
  }
}