{
  "t": "2026-05-12T04:01:21.583Z",
  "spot": 10.46,
  "sigma_d": 0.023992165730046165,
  "ERI": 2.3992165730046167,
  "percentiles": {
    "p10": 2.439733407582254,
    "p50": 2.6822627635404492,
    "p90": 2.9522365880943604
  },
  "ema": {
    "fast": 0.47262403275740994,
    "slow": 0.48314632769234955,
    "fast_period": 20,
    "slow_period": 100
  },
  "etv": {
    "horizon_days": 1,
    "risk_budget_usd": 100,
    "expected_move_usd": 0.2509580535362829,
    "qty": 398.47296626223726,
    "notional_usd": 4168.027227103002,
    "leverage": 1
  }
}