{
  "t": "2025-09-18T13:33:31.805Z",
  "spot": 24.28,
  "sigma_d": 0.043541973632676804,
  "ERI": 4.35419736326768,
  "percentiles": {
    "p10": 4.628393754716734,
    "p50": 5.207518171221155,
    "p90": 5.67665565187316
  },
  "ema": {
    "fast": 0.84658217964102,
    "slow": 0.909294571423773,
    "fast_period": 20,
    "slow_period": 100
  },
  "etv": {
    "horizon_days": 1,
    "risk_budget_usd": 100,
    "expected_move_usd": 1.0571991198013928,
    "qty": 94.58956040257219,
    "notional_usd": 2296.634526574453,
    "leverage": 1
  }
}