{
  "t": "2025-10-23T21:22:36.616Z",
  "spot": 17.3,
  "sigma_d": 0.05931709064429888,
  "ERI": 5.931709064429888,
  "percentiles": {
    "p10": 5.625267342778145,
    "p50": 5.722324334331505,
    "p90": 5.952822871411555
  },
  "ema": {
    "fast": 1.1342754227284841,
    "slow": 1.1249481232958223,
    "fast_period": 20,
    "slow_period": 100
  },
  "etv": {
    "horizon_days": 1,
    "risk_budget_usd": 100,
    "expected_move_usd": 1.0261856681463706,
    "qty": 97.44825240117896,
    "notional_usd": 1685.8547665403962,
    "leverage": 1
  }
}