{
  "t": "2026-02-01T18:51:24.698Z",
  "spot": 9.6,
  "sigma_d": 0.03202577122180391,
  "ERI": 3.202577122180391,
  "percentiles": {
    "p10": 2.675424105548919,
    "p50": 2.894385855407,
    "p90": 3.17277157475166
  },
  "ema": {
    "fast": 0.6194087851329646,
    "slow": 0.5978293129899833,
    "fast_period": 20,
    "slow_period": 100
  },
  "etv": {
    "horizon_days": 1,
    "risk_budget_usd": 100,
    "expected_move_usd": 0.3074474037293175,
    "qty": 325.25888586797726,
    "notional_usd": 3122.4853043325816,
    "leverage": 1
  }
}