{
  "t": "2025-10-24T20:30:31.357Z",
  "spot": 17.89,
  "sigma_d": 0.05967626816316982,
  "ERI": 5.967626816316982,
  "percentiles": {
    "p10": 5.652001603208958,
    "p50": 5.745599188528418,
    "p90": 5.957196821207063
  },
  "ema": {
    "fast": 1.1367601925965527,
    "slow": 1.1289472861930487,
    "fast_period": 20,
    "slow_period": 100
  },
  "etv": {
    "horizon_days": 1,
    "risk_budget_usd": 100,
    "expected_move_usd": 1.0676084374391082,
    "qty": 93.66730019469668,
    "notional_usd": 1675.7080004831237,
    "leverage": 1
  }
}