{
  "t": "2025-09-15T09:30:25.272Z",
  "spot": 23.41,
  "sigma_d": 0.05180656193467053,
  "ERI": 5.180656193467053,
  "percentiles": {
    "p10": 5.188535920907304,
    "p50": 5.657580865643623,
    "p90": 6.2631249283782875
  },
  "ema": {
    "fast": 0.987958257515286,
    "slow": 1.0082306487189763,
    "fast_period": 20,
    "slow_period": 100
  },
  "etv": {
    "horizon_days": 1,
    "risk_budget_usd": 100,
    "expected_move_usd": 1.212791614890637,
    "qty": 82.45439593430686,
    "notional_usd": 1930.2574088221236,
    "leverage": 1
  }
}