{
  "t": "2026-01-24T16:36:49.404Z",
  "spot": 12.14,
  "sigma_d": 0.02677218944848712,
  "ERI": 2.677218944848712,
  "percentiles": {
    "p10": 2.4055990817203687,
    "p50": 2.54637023206653,
    "p90": 2.7011119827270647
  },
  "ema": {
    "fast": 0.5122270990998928,
    "slow": 0.5048796328592894,
    "fast_period": 20,
    "slow_period": 100
  },
  "etv": {
    "horizon_days": 1,
    "risk_budget_usd": 100,
    "expected_move_usd": 0.32501437990463367,
    "qty": 307.6786941837533,
    "notional_usd": 3735.219347390765,
    "leverage": 1
  }
}