{
  "t": "2025-09-01T22:45:36.113Z",
  "spot": 22.2006,
  "sigma_d": 0.05579969472571619,
  "ERI": 5.579969472571619,
  "percentiles": {
    "p10": 5.484393670648377,
    "p50": 5.484393670648379,
    "p90": 6.212407847132177
  },
  "ema": {
    "fast": 1.0370072959256387,
    "slow": 0.7622699374335676,
    "fast_period": 20,
    "slow_period": 100
  },
  "etv": {
    "horizon_days": 1,
    "risk_budget_usd": 100,
    "expected_move_usd": 1.238786702727735,
    "qty": 80.72414708666626,
    "notional_usd": 1792.1244998122431,
    "leverage": 1
  }
}