{
  "t": "2026-02-16T03:15:30.758Z",
  "spot": 8.73,
  "sigma_d": 0.047060205060746776,
  "ERI": 4.706020506074678,
  "percentiles": {
    "p10": 3.2692831872692634,
    "p50": 4.6373449976718275,
    "p90": 4.747609022425738
  },
  "ema": {
    "fast": 0.899669614825089,
    "slow": 0.8839083426885509,
    "fast_period": 20,
    "slow_period": 100
  },
  "etv": {
    "horizon_days": 1,
    "risk_budget_usd": 100,
    "expected_move_usd": 0.4108355901803194,
    "qty": 243.40637079691442,
    "notional_usd": 2124.937617057063,
    "leverage": 1
  }
}