{
  "t": "2026-03-02T13:21:47.621Z",
  "spot": 8.66,
  "sigma_d": 0.04905341477974253,
  "ERI": 4.905341477974253,
  "percentiles": {
    "p10": 4.643143417202287,
    "p50": 4.72273306725212,
    "p90": 5.141629785830333
  },
  "ema": {
    "fast": 0.9516307922082354,
    "slow": 0.9580806534666078,
    "fast_period": 20,
    "slow_period": 100
  },
  "etv": {
    "horizon_days": 1,
    "risk_budget_usd": 100,
    "expected_move_usd": 0.4248025719925703,
    "qty": 235.40347114882576,
    "notional_usd": 2038.5940601488312,
    "leverage": 1
  }
}