{
  "t": "2026-03-30T07:59:11.303Z",
  "spot": 8.72,
  "sigma_d": 0.030135244432976768,
  "ERI": 3.0135244432976767,
  "percentiles": {
    "p10": 3.0146359431996865,
    "p50": 3.536461500757401,
    "p90": 3.6384711783368635
  },
  "ema": {
    "fast": 0.5681736654213431,
    "slow": 0.6101837733194332,
    "fast_period": 20,
    "slow_period": 100
  },
  "etv": {
    "horizon_days": 1,
    "risk_budget_usd": 100,
    "expected_move_usd": 0.26277933145555743,
    "qty": 380.5474328825306,
    "notional_usd": 3318.373614735667,
    "leverage": 1
  }
}