{
  "t": "2025-11-15T22:24:56.675Z",
  "spot": 14.09,
  "sigma_d": 0.04450282474871727,
  "ERI": 4.450282474871727,
  "percentiles": {
    "p10": 4.4494176615462555,
    "p50": 4.8025646484865,
    "p90": 6.278487790273241
  },
  "ema": {
    "fast": 0.8511086960062357,
    "slow": 0.8727864447190877,
    "fast_period": 20,
    "slow_period": 100
  },
  "etv": {
    "horizon_days": 1,
    "risk_budget_usd": 100,
    "expected_move_usd": 0.6270448007094264,
    "qty": 159.47823805709245,
    "notional_usd": 2247.048374224433,
    "leverage": 1
  }
}