{
  "t": "2025-09-16T08:35:25.868Z",
  "spot": 23.6,
  "sigma_d": 0.046287670223652363,
  "ERI": 4.628767022365237,
  "percentiles": {
    "p10": 5.165121117566973,
    "p50": 5.612918906531729,
    "p90": 6.04067366935205
  },
  "ema": {
    "fast": 0.9316050313521217,
    "slow": 0.9862598866567611,
    "fast_period": 20,
    "slow_period": 100
  },
  "etv": {
    "horizon_days": 1,
    "risk_budget_usd": 100,
    "expected_move_usd": 1.0923890172781958,
    "qty": 91.54248021383509,
    "notional_usd": 2160.4025330465083,
    "leverage": 1
  }
}