{
  "t": "2026-02-16T23:39:43.467Z",
  "spot": 8.91,
  "sigma_d": 0.047344786926197834,
  "ERI": 4.734478692619783,
  "percentiles": {
    "p10": 3.309949481377653,
    "p50": 4.701101161293565,
    "p90": 4.747609022425738
  },
  "ema": {
    "fast": 0.9013421309952105,
    "slow": 0.8886943949808316,
    "fast_period": 20,
    "slow_period": 100
  },
  "etv": {
    "horizon_days": 1,
    "risk_budget_usd": 100,
    "expected_move_usd": 0.4218420515124227,
    "qty": 237.05555110371714,
    "notional_usd": 2112.1649603341198,
    "leverage": 1
  }
}