{
  "t": "2025-10-01T05:28:34.080Z",
  "spot": 21.31,
  "sigma_d": 0.02979774415419471,
  "ERI": 2.979774415419471,
  "percentiles": {
    "p10": 3.010270287044329,
    "p50": 3.1744668151321913,
    "p90": 3.6851771253204024
  },
  "ema": {
    "fast": 0.5766531770548263,
    "slow": 0.5880987891913938,
    "fast_period": 20,
    "slow_period": 100
  },
  "etv": {
    "horizon_days": 1,
    "risk_budget_usd": 100,
    "expected_move_usd": 0.6349899279258893,
    "qty": 157.48281287962598,
    "notional_usd": 3355.9587424648294,
    "leverage": 1
  }
}