{
  "t": "2026-03-05T19:59:12.789Z",
  "spot": 9.2,
  "sigma_d": 0.04896389319459942,
  "ERI": 4.896389319459942,
  "percentiles": {
    "p10": 4.665367776419701,
    "p50": 4.888748573722135,
    "p90": 5.141629785830333
  },
  "ema": {
    "fast": 0.9367653618341655,
    "slow": 0.9431225558928237,
    "fast_period": 20,
    "slow_period": 100
  },
  "etv": {
    "horizon_days": 1,
    "risk_budget_usd": 100,
    "expected_move_usd": 0.45046781739031466,
    "qty": 221.9914412073382,
    "notional_usd": 2042.3212591075112,
    "leverage": 1
  }
}