{
  "t": "2025-10-27T13:39:32.755Z",
  "spot": 18.35,
  "sigma_d": 0.05799820978855567,
  "ERI": 5.799820978855567,
  "percentiles": {
    "p10": 5.7116959644045275,
    "p50": 5.841904673878349,
    "p90": 5.958543863703687
  },
  "ema": {
    "fast": 1.107932725425269,
    "slow": 1.115523414147318,
    "fast_period": 20,
    "slow_period": 100
  },
  "etv": {
    "horizon_days": 1,
    "risk_budget_usd": 100,
    "expected_move_usd": 1.0642671496199965,
    "qty": 93.96137054094515,
    "notional_usd": 1724.1911494263436,
    "leverage": 1
  }
}