{
  "t": "2026-02-28T18:48:24.421Z",
  "spot": 8.57,
  "sigma_d": 0.05073198258816777,
  "ERI": 5.073198258816777,
  "percentiles": {
    "p10": 4.643143417202287,
    "p50": 4.713233773038471,
    "p90": 5.141629785830333
  },
  "ema": {
    "fast": 0.9760474965639347,
    "slow": 0.9561607699833455,
    "fast_period": 20,
    "slow_period": 100
  },
  "etv": {
    "horizon_days": 1,
    "risk_budget_usd": 100,
    "expected_move_usd": 0.43477309078059784,
    "qty": 230.00503508728787,
    "notional_usd": 1971.143150698057,
    "leverage": 1
  }
}