{
  "t": "2025-12-18T04:42:01.959Z",
  "spot": 12.22,
  "sigma_d": 0.039691263058817074,
  "ERI": 3.9691263058817072,
  "percentiles": {
    "p10": 3.9335864817287565,
    "p50": 4.050441408011978,
    "p90": 4.197328502909124
  },
  "ema": {
    "fast": 0.7607657474713051,
    "slow": 0.7621152180401006,
    "fast_period": 20,
    "slow_period": 100
  },
  "etv": {
    "horizon_days": 1,
    "risk_budget_usd": 100,
    "expected_move_usd": 0.4850272345787447,
    "qty": 206.1739895633941,
    "notional_usd": 2519.446152464676,
    "leverage": 1
  }
}