{
  "t": "2025-10-25T07:24:08.608Z",
  "spot": 17.89,
  "sigma_d": 0.05841766059891841,
  "ERI": 5.8417660598918415,
  "percentiles": {
    "p10": 5.673757743976478,
    "p50": 5.7530244870515315,
    "p90": 5.958543863703687
  },
  "ema": {
    "fast": 1.1280033836065333,
    "slow": 1.1281061148872098,
    "fast_period": 20,
    "slow_period": 100
  },
  "etv": {
    "horizon_days": 1,
    "risk_budget_usd": 100,
    "expected_move_usd": 1.0450919481146503,
    "qty": 95.68536068084761,
    "notional_usd": 1711.8111025803637,
    "leverage": 1
  }
}