{
  "t": "2026-06-24T20:03:53.916Z",
  "spot": 7.26,
  "sigma_d": 0.030605212909592002,
  "ERI": 3.0605212909592003,
  "percentiles": {
    "p10": 2.218315020238441,
    "p50": 2.8767879955977924,
    "p90": 3.057104814749704
  },
  "ema": {
    "fast": 0.5731250548821444,
    "slow": 0.5651399967194959,
    "fast_period": 20,
    "slow_period": 100
  },
  "etv": {
    "horizon_days": 1,
    "risk_budget_usd": 100,
    "expected_move_usd": 0.22219384572363793,
    "qty": 450.05746974818925,
    "notional_usd": 3267.4172303718537,
    "leverage": 1
  }
}