{
  "t": "2025-10-14T21:24:20.153Z",
  "spot": 18.87,
  "sigma_d": 0.0567761657303194,
  "ERI": 5.67761657303194,
  "percentiles": {
    "p10": 2.898875610941117,
    "p50": 3.3603507707368663,
    "p90": 5.636830755177317
  },
  "ema": {
    "fast": 1.0842555539496046,
    "slow": 0.9925217865272941,
    "fast_period": 20,
    "slow_period": 100
  },
  "etv": {
    "horizon_days": 1,
    "risk_budget_usd": 100,
    "expected_move_usd": 1.0713662473311272,
    "qty": 93.33876277053649,
    "notional_usd": 1761.3024534800236,
    "leverage": 1
  }
}