{
  "t": "2026-01-04T11:25:11.366Z",
  "spot": 13.39,
  "sigma_d": 0.02526450529299105,
  "ERI": 2.526450529299105,
  "percentiles": {
    "p10": 2.6428806279083514,
    "p50": 3.768321065045609,
    "p90": 3.7855167729660435
  },
  "ema": {
    "fast": 0.49176145214160766,
    "slow": 0.5528390609678736,
    "fast_period": 20,
    "slow_period": 100
  },
  "etv": {
    "horizon_days": 1,
    "risk_budget_usd": 100,
    "expected_move_usd": 0.3382917258731502,
    "qty": 295.6028550266617,
    "notional_usd": 3958.1222288070003,
    "leverage": 1
  }
}