{
  "t": "2026-04-10T13:44:13.562Z",
  "spot": 8.99,
  "sigma_d": 0.029009860567197496,
  "ERI": 2.9009860567197494,
  "percentiles": {
    "p10": 2.652230297274112,
    "p50": 2.9473818602350397,
    "p90": 3.5359183366375353
  },
  "ema": {
    "fast": 0.5505592911552779,
    "slow": 0.5363651072915419,
    "fast_period": 20,
    "slow_period": 100
  },
  "etv": {
    "horizon_days": 1,
    "risk_budget_usd": 100,
    "expected_move_usd": 0.2607986464991055,
    "qty": 383.4375727879515,
    "notional_usd": 3447.103779363684,
    "leverage": 1
  }
}