{
  "t": "2026-01-22T08:48:28.055Z",
  "spot": 12.39,
  "sigma_d": 0.02694555401683558,
  "ERI": 2.6945554016835582,
  "percentiles": {
    "p10": 2.4055990817203687,
    "p50": 2.483110998768935,
    "p90": 2.6931606932570777
  },
  "ema": {
    "fast": 0.5144145967554157,
    "slow": 0.48985346419435266,
    "fast_period": 20,
    "slow_period": 100
  },
  "etv": {
    "horizon_days": 1,
    "risk_budget_usd": 100,
    "expected_move_usd": 0.3338554142685929,
    "qty": 299.5308619423741,
    "notional_usd": 3711.187379466015,
    "leverage": 1
  }
}