{
  "t": "2026-05-10T23:02:08.652Z",
  "spot": 10.73,
  "sigma_d": 0.024826764330482178,
  "ERI": 2.482676433048218,
  "percentiles": {
    "p10": 2.440429758538505,
    "p50": 2.6859574429039053,
    "p90": 3.0372596570118957
  },
  "ema": {
    "fast": 0.46808518603544796,
    "slow": 0.484426562412228,
    "fast_period": 20,
    "slow_period": 100
  },
  "etv": {
    "horizon_days": 1,
    "risk_budget_usd": 100,
    "expected_move_usd": 0.26639118126607375,
    "qty": 375.3878019712641,
    "notional_usd": 4027.9111151516636,
    "leverage": 1
  }
}