{
  "t": "2025-09-28T03:41:46.909Z",
  "spot": 20.68,
  "sigma_d": 0.02947379543772592,
  "ERI": 2.947379543772592,
  "percentiles": {
    "p10": 3.124038264028285,
    "p50": 3.572516532626466,
    "p90": 4.370271154813614
  },
  "ema": {
    "fast": 0.6004523724384638,
    "slow": 0.6227880188150446,
    "fast_period": 20,
    "slow_period": 100
  },
  "etv": {
    "horizon_days": 1,
    "risk_budget_usd": 100,
    "expected_move_usd": 0.609518089652172,
    "qty": 164.06403960392063,
    "notional_usd": 3392.844339009079,
    "leverage": 1
  }
}