{
  "t": "2025-12-09T08:41:36.539Z",
  "spot": 13.81,
  "sigma_d": 0.04118418589947317,
  "ERI": 4.118418589947317,
  "percentiles": {
    "p10": 4.114796913489829,
    "p50": 4.218425703163024,
    "p90": 4.3534687305871165
  },
  "ema": {
    "fast": 0.7908386361071422,
    "slow": 0.8042854341573679,
    "fast_period": 20,
    "slow_period": 100
  },
  "etv": {
    "horizon_days": 1,
    "risk_budget_usd": 100,
    "expected_move_usd": 0.5687536072717244,
    "qty": 175.82306067418853,
    "notional_usd": 2428.1164679105436,
    "leverage": 1
  }
}