{
  "t": "2026-01-02T11:27:14.698Z",
  "spot": 12.96,
  "sigma_d": 0.02561012913936063,
  "ERI": 2.561012913936063,
  "percentiles": {
    "p10": 2.9100024175460364,
    "p50": 3.7735063011118886,
    "p90": 3.8536417615029914
  },
  "ema": {
    "fast": 0.5209545656749175,
    "slow": 0.6259751725581659,
    "fast_period": 20,
    "slow_period": 100
  },
  "etv": {
    "horizon_days": 1,
    "risk_budget_usd": 100,
    "expected_move_usd": 0.3319072736461138,
    "qty": 301.28896815506977,
    "notional_usd": 3904.7050272897045,
    "leverage": 1
  }
}