{
  "t": "2026-03-23T23:44:29.617Z",
  "spot": 9.1,
  "sigma_d": 0.036707868329806735,
  "ERI": 3.6707868329806734,
  "percentiles": {
    "p10": 3.427595152318238,
    "p50": 3.57087235665476,
    "p90": 3.6187070076513326
  },
  "ema": {
    "fast": 0.6957106923753879,
    "slow": 0.6854862228897445,
    "fast_period": 20,
    "slow_period": 100
  },
  "etv": {
    "horizon_days": 1,
    "risk_budget_usd": 100,
    "expected_move_usd": 0.33404160180124126,
    "qty": 299.36390994646587,
    "notional_usd": 2724.211580512839,
    "leverage": 1
  }
}