{
  "t": "2026-06-20T23:21:37.664Z",
  "spot": 7.99,
  "sigma_d": 0.029928426617960788,
  "ERI": 2.992842661796079,
  "percentiles": {
    "p10": 2.12457552580447,
    "p50": 2.518277494873913,
    "p90": 3.053945068786401
  },
  "ema": {
    "fast": 0.5731901432066918,
    "slow": 0.5618455486445316,
    "fast_period": 20,
    "slow_period": 100
  },
  "etv": {
    "horizon_days": 1,
    "risk_budget_usd": 100,
    "expected_move_usd": 0.2391281286775067,
    "qty": 418.1858510458305,
    "notional_usd": 3341.3049498561854,
    "leverage": 1
  }
}