{
  "t": "2025-12-18T05:34:13.479Z",
  "spot": 12.1,
  "sigma_d": 0.0397078554235827,
  "ERI": 3.9707855423582696,
  "percentiles": {
    "p10": 3.9335864817287565,
    "p50": 4.047297712026147,
    "p90": 4.1968348642450115
  },
  "ema": {
    "fast": 0.7605611536822448,
    "slow": 0.7620459565479436,
    "fast_period": 20,
    "slow_period": 100
  },
  "etv": {
    "horizon_days": 1,
    "risk_budget_usd": 100,
    "expected_move_usd": 0.4804650506253506,
    "qty": 208.13168381309885,
    "notional_usd": 2518.393374138496,
    "leverage": 1
  }
}