{
  "t": "2025-12-18T09:37:01.219Z",
  "spot": 12.25,
  "sigma_d": 0.039698499940860964,
  "ERI": 3.9698499940860965,
  "percentiles": {
    "p10": 3.9335864817287565,
    "p50": 4.042873687472882,
    "p90": 4.195827416646815
  },
  "ema": {
    "fast": 0.759858188443437,
    "slow": 0.7617678116719138,
    "fast_period": 20,
    "slow_period": 100
  },
  "etv": {
    "horizon_days": 1,
    "risk_budget_usd": 100,
    "expected_move_usd": 0.48630662427554683,
    "qty": 205.63158099886147,
    "notional_usd": 2518.986867236053,
    "leverage": 1
  }
}