{
  "t": "2025-11-28T22:28:32.121Z",
  "spot": 13.12,
  "sigma_d": 0.04284317040335998,
  "ERI": 4.284317040335997,
  "percentiles": {
    "p10": 4.147915623854,
    "p50": 4.247066775942117,
    "p90": 4.397429640674144
  },
  "ema": {
    "fast": 0.8192328816376633,
    "slow": 0.8169533608188072,
    "fast_period": 20,
    "slow_period": 100
  },
  "etv": {
    "horizon_days": 1,
    "risk_budget_usd": 100,
    "expected_move_usd": 0.5621023956920829,
    "qty": 177.903529261561,
    "notional_usd": 2334.09430391168,
    "leverage": 1
  }
}