{
  "t": "2026-01-04T19:24:31.269Z",
  "spot": 13.36,
  "sigma_d": 0.0252271274577085,
  "ERI": 2.5227127457708503,
  "percentiles": {
    "p10": 2.5621376077400955,
    "p50": 3.7530618825096216,
    "p90": 3.783734755634741
  },
  "ema": {
    "fast": 0.4877612525667725,
    "slow": 0.5427481956013753,
    "fast_period": 20,
    "slow_period": 100
  },
  "etv": {
    "horizon_days": 1,
    "risk_budget_usd": 100,
    "expected_move_usd": 0.3370344228349856,
    "qty": 296.7055980776204,
    "notional_usd": 3963.986790317008,
    "leverage": 1
  }
}