{
  "t": "2025-09-30T23:23:25.577Z",
  "spot": 21.33,
  "sigma_d": 0.03036722151920993,
  "ERI": 3.036722151920993,
  "percentiles": {
    "p10": 3.0221909785024734,
    "p50": 3.1749435115449205,
    "p90": 3.733274629472466
  },
  "ema": {
    "fast": 0.5801808636306988,
    "slow": 0.5896467006530818,
    "fast_period": 20,
    "slow_period": 100
  },
  "etv": {
    "horizon_days": 1,
    "risk_budget_usd": 100,
    "expected_move_usd": 0.6477328350047478,
    "qty": 154.3846391533741,
    "notional_usd": 3293.0243531414694,
    "leverage": 1
  }
}