{
  "t": "2025-12-02T06:46:42.257Z",
  "spot": 12.14,
  "sigma_d": 0.04186889271213472,
  "ERI": 4.186889271213472,
  "percentiles": {
    "p10": 4.1180845976639855,
    "p50": 4.232934085716799,
    "p90": 4.3045492386149515
  },
  "ema": {
    "fast": 0.8069958759018367,
    "slow": 0.8026396887064764,
    "fast_period": 20,
    "slow_period": 100
  },
  "etv": {
    "horizon_days": 1,
    "risk_budget_usd": 100,
    "expected_move_usd": 0.5082883575253155,
    "qty": 196.73871832686913,
    "notional_usd": 2388.4080404881915,
    "leverage": 1
  }
}