{
  "t": "2025-12-30T10:35:56.087Z",
  "spot": 12.49,
  "sigma_d": 0.03788391906192516,
  "ERI": 3.788391906192516,
  "percentiles": {
    "p10": 3.7540600216572577,
    "p50": 3.78802521777148,
    "p90": 4.022310698658717
  },
  "ema": {
    "fast": 0.7218554296293901,
    "slow": 0.7223397346393221,
    "fast_period": 20,
    "slow_period": 100
  },
  "etv": {
    "horizon_days": 1,
    "risk_budget_usd": 100,
    "expected_move_usd": 0.4731701490834453,
    "qty": 211.3404664129914,
    "notional_usd": 2639.6424254982626,
    "leverage": 1
  }
}