{
  "t": "2025-12-08T19:26:07.393Z",
  "spot": 13.67,
  "sigma_d": 0.041461110594789255,
  "ERI": 4.146111059478925,
  "percentiles": {
    "p10": 4.118119650565298,
    "p50": 4.245652000186887,
    "p90": 4.3534687305871165
  },
  "ema": {
    "fast": 0.7963600209014868,
    "slow": 0.8081105338241955,
    "fast_period": 20,
    "slow_period": 100
  },
  "etv": {
    "horizon_days": 1,
    "risk_budget_usd": 100,
    "expected_move_usd": 0.5667733818307691,
    "qty": 176.43736139651432,
    "notional_usd": 2411.8987302903506,
    "leverage": 1
  }
}