{
  "t": "2025-09-22T23:24:15.440Z",
  "spot": 21.61,
  "sigma_d": 0.03584187147808114,
  "ERI": 3.584187147808114,
  "percentiles": {
    "p10": 3.496744818009251,
    "p50": 4.628408602060676,
    "p90": 5.208461243304248
  },
  "ema": {
    "fast": 0.689930611434402,
    "slow": 0.725834961521383,
    "fast_period": 20,
    "slow_period": 100
  },
  "etv": {
    "horizon_days": 1,
    "risk_budget_usd": 100,
    "expected_move_usd": 0.7745428426413334,
    "qty": 129.1084165970492,
    "notional_usd": 2790.032882662233,
    "leverage": 1
  }
}