{
  "t": "2026-05-03T21:56:00.988Z",
  "spot": 9.13,
  "sigma_d": 0.025701606260558927,
  "ERI": 2.570160626055893,
  "percentiles": {
    "p10": 2.573414189394412,
    "p50": 2.941359858655031,
    "p90": 3.1299323499375875
  },
  "ema": {
    "fast": 0.49189697640853014,
    "slow": 0.5105765495446607,
    "fast_period": 20,
    "slow_period": 100
  },
  "etv": {
    "horizon_days": 1,
    "risk_budget_usd": 100,
    "expected_move_usd": 0.23465566515890302,
    "qty": 426.1563424530257,
    "notional_usd": 3890.8074065961246,
    "leverage": 1
  }
}