{
  "t": "2026-02-06T17:54:19.847Z",
  "spot": 8.95,
  "sigma_d": 0.04803480341093927,
  "ERI": 4.803480341093927,
  "percentiles": {
    "p10": 2.761525304991825,
    "p50": 3.162730158228789,
    "p90": 3.5290559416693505
  },
  "ema": {
    "fast": 0.7985079569857553,
    "slow": 0.6824044164236304,
    "fast_period": 20,
    "slow_period": 100
  },
  "etv": {
    "horizon_days": 1,
    "risk_budget_usd": 100,
    "expected_move_usd": 0.42991149052790645,
    "qty": 232.60601822297372,
    "notional_usd": 2081.823863095615,
    "leverage": 1
  }
}