{
  "t": "2026-03-04T13:19:40.288Z",
  "spot": 9.14,
  "sigma_d": 0.04852298014241592,
  "ERI": 4.852298014241592,
  "percentiles": {
    "p10": 4.643143417202287,
    "p50": 4.820555950969023,
    "p90": 5.141629785830333
  },
  "ema": {
    "fast": 0.9280972615784316,
    "slow": 0.9446156444196482,
    "fast_period": 20,
    "slow_period": 100
  },
  "etv": {
    "horizon_days": 1,
    "risk_budget_usd": 100,
    "expected_move_usd": 0.4435000385016815,
    "qty": 225.47912360467777,
    "notional_usd": 2060.879189746755,
    "leverage": 1
  }
}