{
  "t": "2025-10-13T08:38:19.923Z",
  "spot": 19.65,
  "sigma_d": 0.05605623567969578,
  "ERI": 5.6056235679695785,
  "percentiles": {
    "p10": 2.898875610941117,
    "p50": 3.260334196421851,
    "p90": 5.268733380545314
  },
  "ema": {
    "fast": 1.0509738249220562,
    "slow": 0.90118403910964,
    "fast_period": 20,
    "slow_period": 100
  },
  "etv": {
    "horizon_days": 1,
    "risk_budget_usd": 100,
    "expected_move_usd": 1.101505031106022,
    "qty": 90.7848781222451,
    "notional_usd": 1783.9228551021163,
    "leverage": 1
  }
}