{
  "t": "2025-10-08T10:30:37.892Z",
  "spot": 21.99,
  "sigma_d": 0.032932747407731784,
  "ERI": 3.2932747407731786,
  "percentiles": {
    "p10": 2.898875610941117,
    "p50": 3.0445627556185504,
    "p90": 3.174627591071176
  },
  "ema": {
    "fast": 0.6229232420110414,
    "slow": 0.5921327749598183,
    "fast_period": 20,
    "slow_period": 100
  },
  "etv": {
    "horizon_days": 1,
    "risk_budget_usd": 100,
    "expected_move_usd": 0.7241911154960219,
    "qty": 138.08509640650144,
    "notional_usd": 3036.4912699789666,
    "leverage": 1
  }
}