{
  "t": "2025-11-06T15:31:58.059Z",
  "spot": 14.73,
  "sigma_d": 0.061471023359024476,
  "ERI": 6.1471023359024475,
  "percentiles": {
    "p10": 5.76648689111696,
    "p50": 5.805511134683134,
    "p90": 6.288527079423044
  },
  "ema": {
    "fast": 1.1768944136190345,
    "slow": 1.168527676630994,
    "fast_period": 20,
    "slow_period": 100
  },
  "etv": {
    "horizon_days": 1,
    "risk_budget_usd": 100,
    "expected_move_usd": 0.9054681740784306,
    "qty": 110.44010475771633,
    "notional_usd": 1626.7827430811615,
    "leverage": 1
  }
}