{
  "t": "2026-02-07T05:53:42.840Z",
  "spot": 8.94,
  "sigma_d": 0.047462913525361326,
  "ERI": 4.746291352536133,
  "percentiles": {
    "p10": 2.8766132258735397,
    "p50": 3.1680274098195427,
    "p90": 3.927775953751512
  },
  "ema": {
    "fast": 0.8612775131630159,
    "slow": 0.7188054140307247,
    "fast_period": 20,
    "slow_period": 100
  },
  "etv": {
    "horizon_days": 1,
    "risk_budget_usd": 100,
    "expected_move_usd": 0.4243184469167302,
    "qty": 235.67205415329107,
    "notional_usd": 2106.908164130422,
    "leverage": 1
  }
}