{
  "t": "2025-12-13T10:30:56.635Z",
  "spot": 13.91,
  "sigma_d": 0.04039608481446353,
  "ERI": 4.039608481446353,
  "percentiles": {
    "p10": 4.053590745135966,
    "p50": 4.192156805112314,
    "p90": 4.3522717344326916
  },
  "ema": {
    "fast": 0.7730279196398201,
    "slow": 0.7850933020662917,
    "fast_period": 20,
    "slow_period": 100
  },
  "etv": {
    "horizon_days": 1,
    "risk_budget_usd": 100,
    "expected_move_usd": 0.5619095397691877,
    "qty": 177.9645884657456,
    "notional_usd": 2475.4874255585214,
    "leverage": 1
  }
}