{
  "t": "2025-12-06T21:25:00.860Z",
  "spot": 13.98,
  "sigma_d": 0.04364140381792477,
  "ERI": 4.3641403817924775,
  "percentiles": {
    "p10": 4.118119650565298,
    "p50": 4.282897569020816,
    "p90": 4.351128494501568
  },
  "ema": {
    "fast": 0.830565864385984,
    "slow": 0.8237964512770559,
    "fast_period": 20,
    "slow_period": 100
  },
  "etv": {
    "horizon_days": 1,
    "risk_budget_usd": 100,
    "expected_move_usd": 0.6101068253745884,
    "qty": 163.905722475081,
    "notional_usd": 2291.4020002016327,
    "leverage": 1
  }
}