{
  "t": "2025-09-09T20:28:31.517Z",
  "spot": 23.03,
  "sigma_d": 0.05671679162010559,
  "ERI": 5.671679162010559,
  "percentiles": {
    "p10": 5.580861988512561,
    "p50": 5.906790105910785,
    "p90": 6.272425258130848
  },
  "ema": {
    "fast": 1.0855253198506682,
    "slow": 1.102373482922385,
    "fast_period": 20,
    "slow_period": 100
  },
  "etv": {
    "horizon_days": 1,
    "risk_budget_usd": 100,
    "expected_move_usd": 1.3061877110110318,
    "qty": 76.55867465067233,
    "notional_usd": 1763.1462772049838,
    "leverage": 1
  }
}