{
  "t": "2026-03-18T05:39:35.864Z",
  "spot": 9.84,
  "sigma_d": 0.03427587607656158,
  "ERI": 3.427587607656158,
  "percentiles": {
    "p10": 3.427599879565077,
    "p50": 3.539958837080153,
    "p90": 4.891184737295637
  },
  "ema": {
    "fast": 0.6567754059396455,
    "slow": 0.6682742999959408,
    "fast_period": 20,
    "slow_period": 100
  },
  "etv": {
    "horizon_days": 1,
    "risk_budget_usd": 100,
    "expected_move_usd": 0.33727462059336594,
    "qty": 296.494292467279,
    "notional_usd": 2917.5038378780255,
    "leverage": 1
  }
}