{
  "t": "2026-06-03T21:27:52.958Z",
  "spot": 8.3,
  "sigma_d": 0.026605620390148004,
  "ERI": 2.6605620390148004,
  "percentiles": {
    "p10": 2.1046049427482103,
    "p50": 2.249324684121694,
    "p90": 2.525651292053093
  },
  "ema": {
    "fast": 0.46951611222147305,
    "slow": 0.4391541704873766,
    "fast_period": 20,
    "slow_period": 100
  },
  "etv": {
    "horizon_days": 1,
    "risk_budget_usd": 100,
    "expected_move_usd": 0.22082664923822845,
    "qty": 452.843895177342,
    "notional_usd": 3758.604329971939,
    "leverage": 1
  }
}