{
  "t": "2025-09-15T17:24:39.384Z",
  "spot": 23.07,
  "sigma_d": 0.05216007230801825,
  "ERI": 5.216007230801825,
  "percentiles": {
    "p10": 5.183729916734167,
    "p50": 5.622011394800051,
    "p90": 6.26284180068202
  },
  "ema": {
    "fast": 0.9906608284055488,
    "slow": 1.0058994486687043,
    "fast_period": 20,
    "slow_period": 100
  },
  "etv": {
    "horizon_days": 1,
    "risk_budget_usd": 100,
    "expected_move_usd": 1.2033328681459812,
    "qty": 83.1025252007565,
    "notional_usd": 1917.1752563814525,
    "leverage": 1
  }
}