{
  "t": "2025-10-05T14:23:39.224Z",
  "spot": 22.6,
  "sigma_d": 0.02933457800227298,
  "ERI": 2.933457800227298,
  "percentiles": {
    "p10": 2.9240568784159358,
    "p50": 3.0489173606240163,
    "p90": 3.1775050936932128
  },
  "ema": {
    "fast": 0.5599155982481562,
    "slow": 0.570918402020936,
    "fast_period": 20,
    "slow_period": 100
  },
  "etv": {
    "horizon_days": 1,
    "risk_budget_usd": 100,
    "expected_move_usd": 0.6629614628513694,
    "qty": 150.8383301344609,
    "notional_usd": 3408.946261038817,
    "leverage": 1
  }
}