{
  "t": "2026-04-23T21:58:17.931Z",
  "spot": 9.33,
  "sigma_d": 0.029412448493443506,
  "ERI": 2.9412448493443506,
  "percentiles": {
    "p10": 2.6769616591385654,
    "p50": 2.9814098780416742,
    "p90": 3.1611484400272216
  },
  "ema": {
    "fast": 0.5653973515571667,
    "slow": 0.5769063540206749,
    "fast_period": 20,
    "slow_period": 100
  },
  "etv": {
    "horizon_days": 1,
    "risk_budget_usd": 100,
    "expected_move_usd": 0.2744181444438279,
    "qty": 364.4073907819515,
    "notional_usd": 3399.9209559956075,
    "leverage": 1
  }
}