{
  "t": "2026-01-08T08:44:08.457Z",
  "spot": 13.29,
  "sigma_d": 0.02537550041737526,
  "ERI": 2.5375500417375263,
  "percentiles": {
    "p10": 2.528583558212081,
    "p50": 2.7121562728634885,
    "p90": 3.776238704747005
  },
  "ema": {
    "fast": 0.49819791492971943,
    "slow": 0.506903802644969,
    "fast_period": 20,
    "slow_period": 100
  },
  "etv": {
    "horizon_days": 1,
    "risk_budget_usd": 100,
    "expected_move_usd": 0.33724040054691723,
    "qty": 296.52437797436403,
    "notional_usd": 3940.8089832792975,
    "leverage": 1
  }
}