{
  "t": "2026-06-11T07:00:17.313Z",
  "spot": 7.76,
  "sigma_d": 0.03022567230372959,
  "ERI": 3.022567230372959,
  "percentiles": {
    "p10": 2.1046049427482103,
    "p50": 2.249324684121694,
    "p90": 2.9152583886969614
  },
  "ema": {
    "fast": 0.5648843703060499,
    "slow": 0.5154434257082958,
    "fast_period": 20,
    "slow_period": 100
  },
  "etv": {
    "horizon_days": 1,
    "risk_budget_usd": 100,
    "expected_move_usd": 0.2345512170769416,
    "qty": 426.3461142782996,
    "notional_usd": 3308.4458467996046,
    "leverage": 1
  }
}