{
  "t": "2025-10-12T14:24:33.501Z",
  "spot": 17.43,
  "sigma_d": 0.05196425336956943,
  "ERI": 5.196425336956943,
  "percentiles": {
    "p10": 2.898875610941117,
    "p50": 3.1146119184317795,
    "p90": 5.2253074714538155
  },
  "ema": {
    "fast": 0.9906006848388381,
    "slow": 0.8391341615784056,
    "fast_period": 20,
    "slow_period": 100
  },
  "etv": {
    "horizon_days": 1,
    "risk_budget_usd": 100,
    "expected_move_usd": 0.9057369362315952,
    "qty": 110.40733352010521,
    "notional_usd": 1924.3998232554338,
    "leverage": 1
  }
}