{
  "t": "2026-01-23T14:37:24.759Z",
  "spot": 12.13,
  "sigma_d": 0.027021791611824553,
  "ERI": 2.702179161182455,
  "percentiles": {
    "p10": 2.4055990817203687,
    "p50": 2.4886498714380227,
    "p90": 2.700268482984799
  },
  "ema": {
    "fast": 0.5156417361939309,
    "slow": 0.5000616139336791,
    "fast_period": 20,
    "slow_period": 100
  },
  "etv": {
    "horizon_days": 1,
    "risk_budget_usd": 100,
    "expected_move_usd": 0.3277743322514318,
    "qty": 305.087952778716,
    "notional_usd": 3700.716867205825,
    "leverage": 1
  }
}