{
  "t": "2026-01-26T04:22:15.914Z",
  "spot": 11.73,
  "sigma_d": 0.0285608447052989,
  "ERI": 2.8560844705298902,
  "percentiles": {
    "p10": 2.419793577482409,
    "p50": 2.6573929556858467,
    "p90": 2.7058555443960084
  },
  "ema": {
    "fast": 0.5331912343851836,
    "slow": 0.513759741403837,
    "fast_period": 20,
    "slow_period": 100
  },
  "etv": {
    "horizon_days": 1,
    "risk_budget_usd": 100,
    "expected_move_usd": 0.3350187083931561,
    "qty": 298.4907931847392,
    "notional_usd": 3501.2970040569908,
    "leverage": 1
  }
}