{
  "t": "2025-10-15T20:31:15.356Z",
  "spot": 18.07,
  "sigma_d": 0.05719008509309825,
  "ERI": 5.719008509309825,
  "percentiles": {
    "p10": 2.9106371767521613,
    "p50": 3.4085286194074795,
    "p90": 5.6544778674761496
  },
  "ema": {
    "fast": 1.0847047097302256,
    "slow": 1.023393676963561,
    "fast_period": 20,
    "slow_period": 100
  },
  "etv": {
    "horizon_days": 1,
    "risk_budget_usd": 100,
    "expected_move_usd": 1.0334248376322854,
    "qty": 96.76562470582125,
    "notional_usd": 1748.55483843419,
    "leverage": 1
  }
}