{
  "t": "2026-01-25T07:30:57.614Z",
  "spot": 12.06,
  "sigma_d": 0.026756931424403493,
  "ERI": 2.675693142440349,
  "percentiles": {
    "p10": 2.4055990817203687,
    "p50": 2.64733102834529,
    "p90": 2.7011119827270647
  },
  "ema": {
    "fast": 0.5113194094102917,
    "slow": 0.5061780335380439,
    "fast_period": 20,
    "slow_period": 100
  },
  "etv": {
    "horizon_days": 1,
    "risk_budget_usd": 100,
    "expected_move_usd": 0.32268859297830615,
    "qty": 309.89629685088636,
    "notional_usd": 3737.34934002169,
    "leverage": 1
  }
}