{
  "t": "2025-11-16T10:29:14.673Z",
  "spot": 14.46,
  "sigma_d": 0.044269050275500293,
  "ERI": 4.4269050275500295,
  "percentiles": {
    "p10": 4.422880716044925,
    "p50": 4.782188532670386,
    "p90": 6.273794080526679
  },
  "ema": {
    "fast": 0.845587998389847,
    "slow": 0.8672728793985891,
    "fast_period": 20,
    "slow_period": 100
  },
  "etv": {
    "horizon_days": 1,
    "risk_budget_usd": 100,
    "expected_move_usd": 0.6401304669837343,
    "qty": 156.21815420096385,
    "notional_usd": 2258.9145097459373,
    "leverage": 1
  }
}