{
  "t": "2026-02-28T08:41:19.853Z",
  "spot": 8.31,
  "sigma_d": 0.05118754954807087,
  "ERI": 5.118754954807088,
  "percentiles": {
    "p10": 4.638597233844303,
    "p50": 4.708935632353206,
    "p90": 5.141629785830333
  },
  "ema": {
    "fast": 0.9800264109994404,
    "slow": 0.9521032895060615,
    "fast_period": 20,
    "slow_period": 100
  },
  "etv": {
    "horizon_days": 1,
    "risk_budget_usd": 100,
    "expected_move_usd": 0.42536853674446895,
    "qty": 235.0902602372607,
    "notional_usd": 1953.6000625716365,
    "leverage": 1
  }
}