{
  "t": "2026-01-30T10:49:59.432Z",
  "spot": 10.76,
  "sigma_d": 0.031644819777232894,
  "ERI": 3.1644819777232893,
  "percentiles": {
    "p10": 2.429137189904308,
    "p50": 2.6983807866084244,
    "p90": 2.947603096534002
  },
  "ema": {
    "fast": 0.5975957392610253,
    "slow": 0.5652676160291412,
    "fast_period": 20,
    "slow_period": 100
  },
  "etv": {
    "horizon_days": 1,
    "risk_budget_usd": 100,
    "expected_move_usd": 0.3404982608030259,
    "qty": 293.6872563288914,
    "notional_usd": 3160.0748780988715,
    "leverage": 1
  }
}