{
  "t": "2026-03-10T21:38:11.921Z",
  "spot": 8.99,
  "sigma_d": 0.03581790764821734,
  "ERI": 3.5817907648217338,
  "percentiles": {
    "p10": 3.5411879104231208,
    "p50": 4.895633799215073,
    "p90": 5.141629785830333
  },
  "ema": {
    "fast": 0.6863733148567702,
    "slow": 0.7490360709117979,
    "fast_period": 20,
    "slow_period": 100
  },
  "etv": {
    "horizon_days": 1,
    "risk_budget_usd": 100,
    "expected_move_usd": 0.3220029897574739,
    "qty": 310.55612270966174,
    "notional_usd": 2791.899543159859,
    "leverage": 1
  }
}