{
  "t": "2025-11-15T21:23:13.279Z",
  "spot": 14.17,
  "sigma_d": 0.044598182314990686,
  "ERI": 4.459818231499069,
  "percentiles": {
    "p10": 4.4494176615462555,
    "p50": 4.804728343457488,
    "p90": 6.27879483132634
  },
  "ema": {
    "fast": 0.8512016878999845,
    "slow": 0.8732422259656224,
    "fast_period": 20,
    "slow_period": 100
  },
  "etv": {
    "horizon_days": 1,
    "risk_budget_usd": 100,
    "expected_move_usd": 0.631956243403418,
    "qty": 158.23880378402023,
    "notional_usd": 2242.243849619567,
    "leverage": 1
  }
}