{
  "t": "2026-03-20T14:56:39.233Z",
  "spot": 9.02,
  "sigma_d": 0.03594297187881914,
  "ERI": 3.594297187881914,
  "percentiles": {
    "p10": 3.427595152318238,
    "p50": 3.534662273957117,
    "p90": 4.028029974807059
  },
  "ema": {
    "fast": 0.6879305079268991,
    "slow": 0.6786818148024149,
    "fast_period": 20,
    "slow_period": 100
  },
  "etv": {
    "horizon_days": 1,
    "risk_budget_usd": 100,
    "expected_move_usd": 0.3242056063469486,
    "qty": 308.44623918373884,
    "notional_usd": 2782.1850774373243,
    "leverage": 1
  }
}