{
  "t": "2026-03-29T22:47:23.798Z",
  "spot": 8.34,
  "sigma_d": 0.029538772553198516,
  "ERI": 2.953877255319852,
  "percentiles": {
    "p10": 3.03545985751985,
    "p50": 3.536461500757401,
    "p90": 3.6384711783368635
  },
  "ema": {
    "fast": 0.5672951683911327,
    "slow": 0.6135686733916801,
    "fast_period": 20,
    "slow_period": 100
  },
  "etv": {
    "horizon_days": 1,
    "risk_budget_usd": 100,
    "expected_move_usd": 0.24635336309367561,
    "qty": 405.9209857913533,
    "notional_usd": 3385.3810214998866,
    "leverage": 1
  }
}