{
  "t": "2026-04-24T21:01:38.250Z",
  "spot": 9.43,
  "sigma_d": 0.029378492031915972,
  "ERI": 2.9378492031915973,
  "percentiles": {
    "p10": 2.7612143973599266,
    "p50": 2.9814098780416742,
    "p90": 3.1611484400272216
  },
  "ema": {
    "fast": 0.5624908913481355,
    "slow": 0.5737874062268244,
    "fast_period": 20,
    "slow_period": 100
  },
  "etv": {
    "horizon_days": 1,
    "risk_budget_usd": 100,
    "expected_move_usd": 0.2770391798609676,
    "qty": 360.95977489604576,
    "notional_usd": 3403.8506772697115,
    "leverage": 1
  }
}