{
  "t": "2026-03-26T15:21:22.179Z",
  "spot": 8.9,
  "sigma_d": 0.03666431193434635,
  "ERI": 3.6664311934346347,
  "percentiles": {
    "p10": 3.427595152318238,
    "p50": 3.5443920766888404,
    "p90": 3.6335277987679855
  },
  "ema": {
    "fast": 0.684465277952264,
    "slow": 0.6852210862654673,
    "fast_period": 20,
    "slow_period": 100
  },
  "etv": {
    "horizon_days": 1,
    "risk_budget_usd": 100,
    "expected_move_usd": 0.3263123762156825,
    "qty": 306.4548184157841,
    "notional_usd": 2727.4478839004782,
    "leverage": 1
  }
}