{
  "t": "2025-10-05T09:23:41.491Z",
  "spot": 22.84,
  "sigma_d": 0.029697470295090983,
  "ERI": 2.969747029509098,
  "percentiles": {
    "p10": 2.925727978988412,
    "p50": 3.0495050862015094,
    "p90": 3.1775050936932128
  },
  "ema": {
    "fast": 0.5598396062341711,
    "slow": 0.5720550931766025,
    "fast_period": 20,
    "slow_period": 100
  },
  "etv": {
    "horizon_days": 1,
    "risk_budget_usd": 100,
    "expected_move_usd": 0.6782902215398781,
    "qty": 147.42951737233736,
    "notional_usd": 3367.2901767841854,
    "leverage": 1
  }
}