{
  "t": "2026-02-18T23:40:05.954Z",
  "spot": 8.58,
  "sigma_d": 0.047218973543967424,
  "ERI": 4.721897354396742,
  "percentiles": {
    "p10": 3.7058890440618533,
    "p50": 4.718075113040271,
    "p90": 4.747856910643382
  },
  "ema": {
    "fast": 0.9022395490634294,
    "slow": 0.8957197562989498,
    "fast_period": 20,
    "slow_period": 100
  },
  "etv": {
    "horizon_days": 1,
    "risk_budget_usd": 100,
    "expected_move_usd": 0.4051387930072405,
    "qty": 246.82899225158337,
    "notional_usd": 2117.7927535185854,
    "leverage": 1
  }
}