{
  "t": "2025-10-27T15:29:38.945Z",
  "spot": 18.39,
  "sigma_d": 0.05798829362231254,
  "ERI": 5.7988293622312534,
  "percentiles": {
    "p10": 5.7116959644045275,
    "p50": 5.841904673878349,
    "p90": 5.958543863703687
  },
  "ema": {
    "fast": 1.1079613944115676,
    "slow": 1.115232339294037,
    "fast_period": 20,
    "slow_period": 100
  },
  "etv": {
    "horizon_days": 1,
    "risk_budget_usd": 100,
    "expected_move_usd": 1.0664047197143276,
    "qty": 93.77302833654784,
    "notional_usd": 1724.4859911091148,
    "leverage": 1
  }
}