{
  "t": "2026-06-23T22:22:07.514Z",
  "spot": 7.63,
  "sigma_d": 0.02977950521248648,
  "ERI": 2.977950521248648,
  "percentiles": {
    "p10": 2.2012271796234013,
    "p50": 2.857047788334369,
    "p90": 3.053945068786401
  },
  "ema": {
    "fast": 0.5689708186627132,
    "slow": 0.5635376448958145,
    "fast_period": 20,
    "slow_period": 100
  },
  "etv": {
    "horizon_days": 1,
    "risk_budget_usd": 100,
    "expected_move_usd": 0.22721762477127186,
    "qty": 440.1067043133859,
    "notional_usd": 3358.014153911134,
    "leverage": 1
  }
}