{
  "t": "2026-05-22T08:30:07.564Z",
  "spot": 9.82,
  "sigma_d": 0.02099478218599057,
  "ERI": 2.099478218599057,
  "percentiles": {
    "p10": 2.107865760236362,
    "p50": 2.5069711886831536,
    "p90": 2.7061107385324057
  },
  "ema": {
    "fast": 0.4034996986692055,
    "slow": 0.42359602463600426,
    "fast_period": 20,
    "slow_period": 100
  },
  "etv": {
    "horizon_days": 1,
    "risk_budget_usd": 100,
    "expected_move_usd": 0.2061687610664274,
    "qty": 485.039535003948,
    "notional_usd": 4763.088233738769,
    "leverage": 1
  }
}