{
  "t": "2025-12-27T20:32:17.484Z",
  "spot": 12.34,
  "sigma_d": 0.037577486521149756,
  "ERI": 3.7577486521149757,
  "percentiles": {
    "p10": 3.7540600216572577,
    "p50": 3.856911421438364,
    "p90": 4.024022547779961
  },
  "ema": {
    "fast": 0.7171575471609489,
    "slow": 0.7237911195966361,
    "fast_period": 20,
    "slow_period": 100
  },
  "etv": {
    "horizon_days": 1,
    "risk_budget_usd": 100,
    "expected_move_usd": 0.463706183670988,
    "qty": 215.65379872301355,
    "notional_usd": 2661.1678762419874,
    "leverage": 1
  }
}