{
  "t": "2026-03-16T07:45:23.919Z",
  "spot": 9.7,
  "sigma_d": 0.03417404632956572,
  "ERI": 3.417404632956572,
  "percentiles": {
    "p10": 3.483363276730188,
    "p50": 3.5858437618322117,
    "p90": 4.940973389345094
  },
  "ema": {
    "fast": 0.6531883485352251,
    "slow": 0.6754268912892709,
    "fast_period": 20,
    "slow_period": 100
  },
  "etv": {
    "horizon_days": 1,
    "risk_budget_usd": 100,
    "expected_move_usd": 0.33148824939678745,
    "qty": 301.66981840825736,
    "notional_usd": 2926.197238560096,
    "leverage": 1
  }
}