{
  "t": "2025-12-05T14:32:33.109Z",
  "spot": 13.83,
  "sigma_d": 0.04319488773597808,
  "ERI": 4.319488773597808,
  "percentiles": {
    "p10": 4.118119650565298,
    "p50": 4.247310357131706,
    "p90": 4.320340546622555
  },
  "ema": {
    "fast": 0.8219392062172055,
    "slow": 0.8181914026144351,
    "fast_period": 20,
    "slow_period": 100
  },
  "etv": {
    "horizon_days": 1,
    "risk_budget_usd": 100,
    "expected_move_usd": 0.5973852973885768,
    "qty": 167.3961519259717,
    "notional_usd": 2315.0887811361886,
    "leverage": 1
  }
}