{
  "t": "2025-10-14T13:37:19.631Z",
  "spot": 18.39,
  "sigma_d": 0.05765647050607207,
  "ERI": 5.765647050607207,
  "percentiles": {
    "p10": 2.898875610941117,
    "p50": 3.337969499016266,
    "p90": 5.606772234519842
  },
  "ema": {
    "fast": 1.0854252873501486,
    "slow": 0.9767043456473187,
    "fast_period": 20,
    "slow_period": 100
  },
  "etv": {
    "horizon_days": 1,
    "risk_budget_usd": 100,
    "expected_move_usd": 1.0603024926066653,
    "qty": 94.31270858767702,
    "notional_usd": 1734.4107109273805,
    "leverage": 1
  }
}