{
  "t": "2026-02-07T14:38:10.765Z",
  "spot": 8.76,
  "sigma_d": 0.04731025983422787,
  "ERI": 4.731025983422787,
  "percentiles": {
    "p10": 2.9076899156604945,
    "p50": 3.1753319407252234,
    "p90": 4.2108650708276
  },
  "ema": {
    "fast": 0.8851684400435615,
    "slow": 0.746289214300607,
    "fast_period": 20,
    "slow_period": 100
  },
  "etv": {
    "horizon_days": 1,
    "risk_budget_usd": 100,
    "expected_move_usd": 0.4144378761478361,
    "qty": 241.29068735100003,
    "notional_usd": 2113.7064211947604,
    "leverage": 1
  }
}