{
  "t": "2026-01-20T14:44:55.628Z",
  "spot": 12.54,
  "sigma_d": 0.024930799633674568,
  "ERI": 2.4930799633674567,
  "percentiles": {
    "p10": 2.4055990817203687,
    "p50": 2.483110998768935,
    "p90": 2.653462855241299
  },
  "ema": {
    "fast": 0.47154549634962256,
    "slow": 0.4681510732305626,
    "fast_period": 20,
    "slow_period": 100
  },
  "etv": {
    "horizon_days": 1,
    "risk_budget_usd": 100,
    "expected_move_usd": 0.31263222740627905,
    "qty": 319.86465640359495,
    "notional_usd": 4011.1027913010803,
    "leverage": 1
  }
}