{
  "t": "2026-01-19T19:27:21.208Z",
  "spot": 12.95,
  "sigma_d": 0.024199434738650643,
  "ERI": 2.4199434738650645,
  "percentiles": {
    "p10": 2.4055990817203687,
    "p50": 2.4977228652345493,
    "p90": 2.6587432617463795
  },
  "ema": {
    "fast": 0.46581025188857766,
    "slow": 0.4669374474437521,
    "fast_period": 20,
    "slow_period": 100
  },
  "etv": {
    "horizon_days": 1,
    "risk_budget_usd": 100,
    "expected_move_usd": 0.3133826798655258,
    "qty": 319.09868165946676,
    "notional_usd": 4132.327927490094,
    "leverage": 1
  }
}