{
  "t": "2026-02-04T07:06:50.400Z",
  "spot": 9.64,
  "sigma_d": 0.03320807887942491,
  "ERI": 3.320807887942491,
  "percentiles": {
    "p10": 2.675721824784282,
    "p50": 2.9313296962511295,
    "p90": 3.367179020145849
  },
  "ema": {
    "fast": 0.6415489350964921,
    "slow": 0.6207032794893567,
    "fast_period": 20,
    "slow_period": 100
  },
  "etv": {
    "horizon_days": 1,
    "risk_budget_usd": 100,
    "expected_move_usd": 0.32012588039765616,
    "qty": 312.3771182629199,
    "notional_usd": 3011.315420054548,
    "leverage": 1
  }
}