{
  "t": "2025-11-15T03:14:46.769Z",
  "spot": 14.22,
  "sigma_d": 0.04469984944569929,
  "ERI": 4.469984944569929,
  "percentiles": {
    "p10": 4.452176958466479,
    "p50": 4.8290343281798425,
    "p90": 6.308191627099421
  },
  "ema": {
    "fast": 0.8475078922974537,
    "slow": 0.8826051227764127,
    "fast_period": 20,
    "slow_period": 100
  },
  "etv": {
    "horizon_days": 1,
    "risk_budget_usd": 100,
    "expected_move_usd": 0.6356318591178439,
    "qty": 157.32376935728823,
    "notional_usd": 2237.1440002606387,
    "leverage": 1
  }
}