{
  "t": "2025-11-12T03:49:39.344Z",
  "spot": 15.4,
  "sigma_d": 0.04495076719082459,
  "ERI": 4.4950767190824585,
  "percentiles": {
    "p10": 4.776962477051904,
    "p50": 6.001771773940257,
    "p90": 6.308191627099421
  },
  "ema": {
    "fast": 0.8649003489252168,
    "slow": 0.9631854301674067,
    "fast_period": 20,
    "slow_period": 100
  },
  "etv": {
    "horizon_days": 1,
    "risk_budget_usd": 100,
    "expected_move_usd": 0.6922418147386987,
    "qty": 144.45819057860166,
    "notional_usd": 2224.6561349104654,
    "leverage": 1
  }
}