{
  "t": "2025-12-29T16:37:55.919Z",
  "spot": 12.37,
  "sigma_d": 0.03769217751943965,
  "ERI": 3.769217751943965,
  "percentiles": {
    "p10": 3.7540600216572577,
    "p50": 3.8301516431157037,
    "p90": 4.0223470177867515
  },
  "ema": {
    "fast": 0.7216129920551194,
    "slow": 0.7226238055092546,
    "fast_period": 20,
    "slow_period": 100
  },
  "etv": {
    "horizon_days": 1,
    "risk_budget_usd": 100,
    "expected_move_usd": 0.46625223591546844,
    "qty": 214.47618326945675,
    "notional_usd": 2653.07038704318,
    "leverage": 1
  }
}