{
  "t": "2025-09-08T03:13:12.206Z",
  "spot": 22.6,
  "sigma_d": 0.056580801304916176,
  "ERI": 5.6580801304916175,
  "percentiles": {
    "p10": 5.48439367064838,
    "p50": 6.042408978953819,
    "p90": 6.273145643819484
  },
  "ema": {
    "fast": 1.122598087028196,
    "slow": 1.1238229791468528,
    "fast_period": 20,
    "slow_period": 100
  },
  "etv": {
    "horizon_days": 1,
    "risk_budget_usd": 100,
    "expected_move_usd": 1.2787261094911055,
    "qty": 78.20282956433648,
    "notional_usd": 1767.3839481540047,
    "leverage": 1
  }
}