{
  "t": "2025-11-22T02:01:58.608Z",
  "spot": 12.22,
  "sigma_d": 0.04225113317862541,
  "ERI": 4.225113317862541,
  "percentiles": {
    "p10": 4.147915623854,
    "p50": 4.423498178173466,
    "p90": 4.537949199489802
  },
  "ema": {
    "fast": 0.8089741556603249,
    "slow": 0.8143921400075533,
    "fast_period": 20,
    "slow_period": 100
  },
  "etv": {
    "horizon_days": 1,
    "risk_budget_usd": 100,
    "expected_move_usd": 0.5163088474428025,
    "qty": 193.68252257400675,
    "notional_usd": 2366.800425854363,
    "leverage": 1
  }
}