{
  "t": "2025-12-11T06:48:33.313Z",
  "spot": 13.63,
  "sigma_d": 0.04083481993784246,
  "ERI": 4.083481993784246,
  "percentiles": {
    "p10": 4.110610357115922,
    "p50": 4.19944966038986,
    "p90": 4.355298909861288
  },
  "ema": {
    "fast": 0.7938758577976097,
    "slow": 0.8014943181517569,
    "fast_period": 20,
    "slow_period": 100
  },
  "etv": {
    "horizon_days": 1,
    "risk_budget_usd": 100,
    "expected_move_usd": 0.5565785957527928,
    "qty": 179.66914423783467,
    "notional_usd": 2448.8904359616868,
    "leverage": 1
  }
}