{
  "t": "2025-10-03T16:32:19.869Z",
  "spot": 22.87,
  "sigma_d": 0.03049880319010247,
  "ERI": 3.049880319010247,
  "percentiles": {
    "p10": 2.9847085730369316,
    "p50": 3.0683108261711727,
    "p90": 3.5729217683804118
  },
  "ema": {
    "fast": 0.5843966347935168,
    "slow": 0.5861957961867503,
    "fast_period": 20,
    "slow_period": 100
  },
  "etv": {
    "horizon_days": 1,
    "risk_budget_usd": 100,
    "expected_move_usd": 0.6975076289576435,
    "qty": 143.36760753346906,
    "notional_usd": 3278.8171842904376,
    "leverage": 1
  }
}