{
  "t": "2025-09-23T19:22:09.792Z",
  "spot": 21.82,
  "sigma_d": 0.03577745381426425,
  "ERI": 3.577745381426425,
  "percentiles": {
    "p10": 3.4952529629998814,
    "p50": 4.367968857561427,
    "p90": 5.1973205670303395
  },
  "ema": {
    "fast": 0.6844127569867358,
    "slow": 0.7123730757330283,
    "fast_period": 20,
    "slow_period": 100
  },
  "etv": {
    "horizon_days": 1,
    "risk_budget_usd": 100,
    "expected_move_usd": 0.7806640422272458,
    "qty": 128.0960753805165,
    "notional_usd": 2795.05636480287,
    "leverage": 1
  }
}