{
  "t": "2026-05-16T15:10:21.783Z",
  "spot": 9.67,
  "sigma_d": 0.022406564409168342,
  "ERI": 2.240656440916834,
  "percentiles": {
    "p10": 2.1969862126410598,
    "p50": 2.590896182503242,
    "p90": 2.7886849431809324
  },
  "ema": {
    "fast": 0.4179079183172295,
    "slow": 0.4465288812607983,
    "fast_period": 20,
    "slow_period": 100
  },
  "etv": {
    "horizon_days": 1,
    "risk_budget_usd": 100,
    "expected_move_usd": 0.21667147783665786,
    "qty": 461.5282131198967,
    "notional_usd": 4462.977820869401,
    "leverage": 1
  }
}