{
  "t": "2025-12-22T20:33:18.617Z",
  "spot": 12.39,
  "sigma_d": 0.03854019513103051,
  "ERI": 3.8540195131030512,
  "percentiles": {
    "p10": 3.8628747908494923,
    "p50": 3.9836527223278115,
    "p90": 4.066972619001325
  },
  "ema": {
    "fast": 0.7390361303019097,
    "slow": 0.7511445329547695,
    "fast_period": 20,
    "slow_period": 100
  },
  "etv": {
    "horizon_days": 1,
    "risk_budget_usd": 100,
    "expected_move_usd": 0.47751301767346804,
    "qty": 209.4183745758776,
    "notional_usd": 2594.6936609951235,
    "leverage": 1
  }
}