{
  "t": "2025-12-05T18:40:08.124Z",
  "spot": 13.57,
  "sigma_d": 0.04374719634479798,
  "ERI": 4.374719634479797,
  "percentiles": {
    "p10": 4.118119650565298,
    "p50": 4.247932267805602,
    "p90": 4.32330182135849
  },
  "ema": {
    "fast": 0.8257331009186959,
    "slow": 0.8193211931789828,
    "fast_period": 20,
    "slow_period": 100
  },
  "etv": {
    "horizon_days": 1,
    "risk_budget_usd": 100,
    "expected_move_usd": 0.5936494543989086,
    "qty": 168.44957787631355,
    "notional_usd": 2285.860771781575,
    "leverage": 1
  }
}