{
  "t": "2025-09-03T12:53:20.589Z",
  "spot": 23.41,
  "sigma_d": 0.06227498836881424,
  "ERI": 6.227498836881424,
  "percentiles": {
    "p10": 5.484393670648377,
    "p50": 5.635214173041639,
    "p90": 6.2247752264767575
  },
  "ema": {
    "fast": 1.1353878840766305,
    "slow": 0.9215089661460723,
    "fast_period": 20,
    "slow_period": 100
  },
  "etv": {
    "horizon_days": 1,
    "risk_budget_usd": 100,
    "expected_move_usd": 1.4578574777139413,
    "qty": 68.59381080022273,
    "notional_usd": 1605.7811108332141,
    "leverage": 1
  }
}