{
  "t": "2026-03-04T16:59:53.101Z",
  "spot": 9.48,
  "sigma_d": 0.04994790370920422,
  "ERI": 4.9947903709204216,
  "percentiles": {
    "p10": 4.643143417202287,
    "p50": 4.857155126299525,
    "p90": 5.141629785830333
  },
  "ema": {
    "fast": 0.932626090356684,
    "slow": 0.9446352226312298,
    "fast_period": 20,
    "slow_period": 100
  },
  "etv": {
    "horizon_days": 1,
    "risk_budget_usd": 100,
    "expected_move_usd": 0.473506127163256,
    "qty": 211.19050897840205,
    "notional_usd": 2002.0860251152515,
    "leverage": 1
  }
}