{
  "t": "2026-04-10T06:05:39.235Z",
  "spot": 8.96,
  "sigma_d": 0.028997536973331024,
  "ERI": 2.8997536973331024,
  "percentiles": {
    "p10": 2.652230297274112,
    "p50": 2.9475641306933507,
    "p90": 3.5394282428400574
  },
  "ema": {
    "fast": 0.5488278416434093,
    "slow": 0.5348902124513546,
    "fast_period": 20,
    "slow_period": 100
  },
  "etv": {
    "horizon_days": 1,
    "risk_budget_usd": 100,
    "expected_move_usd": 0.259817931281046,
    "qty": 384.8849057759206,
    "notional_usd": 3448.5687557522488,
    "leverage": 1
  }
}