{
  "t": "2025-12-17T14:35:01.779Z",
  "spot": 12.77,
  "sigma_d": 0.039235416614669685,
  "ERI": 3.9235416614669685,
  "percentiles": {
    "p10": 3.9367057687548974,
    "p50": 4.082772429906102,
    "p90": 4.240472372853535
  },
  "ema": {
    "fast": 0.7527580432001517,
    "slow": 0.7615061060773368,
    "fast_period": 20,
    "slow_period": 100
  },
  "etv": {
    "horizon_days": 1,
    "risk_budget_usd": 100,
    "expected_move_usd": 0.5010362701693318,
    "qty": 199.58634924015317,
    "notional_usd": 2548.717679796756,
    "leverage": 1
  }
}