{
  "t": "2026-01-12T16:40:00.319Z",
  "spot": 13.25,
  "sigma_d": 0.024675783157471046,
  "ERI": 2.4675783157471045,
  "percentiles": {
    "p10": 2.47549736328977,
    "p50": 2.544255529701604,
    "p90": 2.8815169791318485
  },
  "ema": {
    "fast": 0.47219272261572715,
    "slow": 0.48136827841392055,
    "fast_period": 20,
    "slow_period": 100
  },
  "etv": {
    "horizon_days": 1,
    "risk_budget_usd": 100,
    "expected_move_usd": 0.3269541268364914,
    "qty": 305.8533041548353,
    "notional_usd": 4052.556280051568,
    "leverage": 1
  }
}