{
  "t": "2026-05-02T20:55:16.106Z",
  "spot": 9.17,
  "sigma_d": 0.0256719276367825,
  "ERI": 2.56719276367825,
  "percentiles": {
    "p10": 2.677188457569309,
    "p50": 2.954212550461735,
    "p90": 3.1611484400272216
  },
  "ema": {
    "fast": 0.49595712477773046,
    "slow": 0.517975621821165,
    "fast_period": 20,
    "slow_period": 100
  },
  "etv": {
    "horizon_days": 1,
    "risk_budget_usd": 100,
    "expected_move_usd": 0.2354115764292955,
    "qty": 424.78794593193857,
    "notional_usd": 3895.3054641958765,
    "leverage": 1
  }
}