{
  "t": "2026-02-13T13:22:54.386Z",
  "spot": 8.43,
  "sigma_d": 0.04495102081080713,
  "ERI": 4.495102081080713,
  "percentiles": {
    "p10": 3.1642311860117176,
    "p50": 3.962484909138893,
    "p90": 4.747609022425738
  },
  "ema": {
    "fast": 0.8632677407557895,
    "slow": 0.8638519526541925,
    "fast_period": 20,
    "slow_period": 100
  },
  "etv": {
    "horizon_days": 1,
    "risk_budget_usd": 100,
    "expected_move_usd": 0.3789371054351041,
    "qty": 263.8960359534539,
    "notional_usd": 2224.6435830876167,
    "leverage": 1
  }
}