{
  "t": "2026-02-11T19:16:50.282Z",
  "spot": 8.33,
  "sigma_d": 0.04747408349729931,
  "ERI": 4.747408349729931,
  "percentiles": {
    "p10": 3.096682948144237,
    "p50": 3.3682037706810997,
    "p90": 4.747093907646981
  },
  "ema": {
    "fast": 0.9077556180245604,
    "slow": 0.8630589781088881,
    "fast_period": 20,
    "slow_period": 100
  },
  "etv": {
    "horizon_days": 1,
    "risk_budget_usd": 100,
    "expected_move_usd": 0.3954591155325033,
    "qty": 252.87064091403116,
    "notional_usd": 2106.4124388138794,
    "leverage": 1
  }
}