{
  "t": "2026-05-20T04:22:52.168Z",
  "spot": 9.49,
  "sigma_d": 0.020844553034982994,
  "ERI": 2.0844553034982995,
  "percentiles": {
    "p10": 2.1564271492128104,
    "p50": 2.535658329299257,
    "p90": 2.7061107385324057
  },
  "ema": {
    "fast": 0.40960177125514513,
    "slow": 0.431266429157592,
    "fast_period": 20,
    "slow_period": 100
  },
  "etv": {
    "horizon_days": 1,
    "risk_budget_usd": 100,
    "expected_move_usd": 0.1978148083019886,
    "qty": 505.5233268853043,
    "notional_usd": 4797.416372141538,
    "leverage": 1
  }
}