{
  "t": "2026-04-03T05:47:06.958Z",
  "spot": 8.71,
  "sigma_d": 0.027754045249210182,
  "ERI": 2.775404524921018,
  "percentiles": {
    "p10": 2.949287011531922,
    "p50": 3.536461500757401,
    "p90": 3.6384711783368635
  },
  "ema": {
    "fast": 0.5646355545002911,
    "slow": 0.5826096994887436,
    "fast_period": 20,
    "slow_period": 100
  },
  "etv": {
    "horizon_days": 1,
    "risk_budget_usd": 100,
    "expected_move_usd": 0.24173773412062072,
    "qty": 413.6714541640514,
    "notional_usd": 3603.078365768888,
    "leverage": 1
  }
}