{
  "t": "2026-03-06T19:42:45.073Z",
  "spot": 8.8,
  "sigma_d": 0.049508594327750975,
  "ERI": 4.950859432775098,
  "percentiles": {
    "p10": 4.699004782834173,
    "p50": 4.8920506877551375,
    "p90": 5.141629785830333
  },
  "ema": {
    "fast": 0.9404580761221459,
    "slow": 0.9417436357001654,
    "fast_period": 20,
    "slow_period": 100
  },
  "etv": {
    "horizon_days": 1,
    "risk_budget_usd": 100,
    "expected_move_usd": 0.4356756300842086,
    "qty": 229.52855999926302,
    "notional_usd": 2019.8513279935148,
    "leverage": 1
  }
}