{
  "t": "2026-04-03T19:49:23.868Z",
  "spot": 8.66,
  "sigma_d": 0.027692375415323572,
  "ERI": 2.769237541532357,
  "percentiles": {
    "p10": 2.9473767276761613,
    "p50": 3.5351676230768394,
    "p90": 3.637374297236334
  },
  "ema": {
    "fast": 0.5413989000415529,
    "slow": 0.5721991720951798,
    "fast_period": 20,
    "slow_period": 100
  },
  "etv": {
    "horizon_days": 1,
    "risk_budget_usd": 100,
    "expected_move_usd": 0.23981597109670214,
    "qty": 416.9864064627978,
    "notional_usd": 3611.102279967829,
    "leverage": 1
  }
}