{
  "t": "2026-01-12T13:07:00.221Z",
  "spot": 13.14,
  "sigma_d": 0.02463727834445569,
  "ERI": 2.463727834445569,
  "percentiles": {
    "p10": 2.478373911511,
    "p50": 2.5451999300352677,
    "p90": 2.8826546965665294
  },
  "ema": {
    "fast": 0.47247940462359794,
    "slow": 0.4819856125852565,
    "fast_period": 20,
    "slow_period": 100
  },
  "etv": {
    "horizon_days": 1,
    "risk_budget_usd": 100,
    "expected_move_usd": 0.3237338374461478,
    "qty": 308.8957298652314,
    "notional_usd": 4058.8898904291405,
    "leverage": 1
  }
}