{
  "t": "2025-10-02T06:38:01.685Z",
  "spot": 22.79,
  "sigma_d": 0.03054417211427651,
  "ERI": 3.054417211427651,
  "percentiles": {
    "p10": 2.9847085730369316,
    "p50": 3.132938761275016,
    "p90": 3.576823530968981
  },
  "ema": {
    "fast": 0.5876095817449419,
    "slow": 0.5883245211605942,
    "fast_period": 20,
    "slow_period": 100
  },
  "etv": {
    "horizon_days": 1,
    "risk_budget_usd": 100,
    "expected_move_usd": 0.6961016824843617,
    "qty": 143.65717324960863,
    "notional_usd": 3273.9469783585805,
    "leverage": 1
  }
}