{
  "t": "2025-12-08T20:33:53.813Z",
  "spot": 13.75,
  "sigma_d": 0.041516572282537315,
  "ERI": 4.151657228253732,
  "percentiles": {
    "p10": 4.118119650565298,
    "p50": 4.243429574340983,
    "p90": 4.3534687305871165
  },
  "ema": {
    "fast": 0.7960564950781874,
    "slow": 0.8078147410703865,
    "fast_period": 20,
    "slow_period": 100
  },
  "etv": {
    "horizon_days": 1,
    "risk_budget_usd": 100,
    "expected_move_usd": 0.5708528688848881,
    "qty": 175.17648671073755,
    "notional_usd": 2408.6766922726415,
    "leverage": 1
  }
}