{
  "t": "2026-01-04T13:37:02.743Z",
  "spot": 13.41,
  "sigma_d": 0.025285436729524463,
  "ERI": 2.528543672952446,
  "percentiles": {
    "p10": 2.642656561491436,
    "p50": 3.7628946989791343,
    "p90": 3.7854009193973557
  },
  "ema": {
    "fast": 0.4903594414946564,
    "slow": 0.5501426206077166,
    "fast_period": 20,
    "slow_period": 100
  },
  "etv": {
    "horizon_days": 1,
    "risk_budget_usd": 100,
    "expected_move_usd": 0.3390777065429231,
    "qty": 294.9176488762797,
    "notional_usd": 3954.845671430911,
    "leverage": 1
  }
}