{
  "t": "2025-09-06T01:55:01.353Z",
  "spot": 22.47,
  "sigma_d": 0.060376793621860665,
  "ERI": 6.037679362186067,
  "percentiles": {
    "p10": 5.484393670648378,
    "p50": 6.194685640503067,
    "p90": 6.274024423341743
  },
  "ema": {
    "fast": 1.1935882153572392,
    "slow": 1.1072750325547205,
    "fast_period": 20,
    "slow_period": 100
  },
  "etv": {
    "horizon_days": 1,
    "risk_budget_usd": 100,
    "expected_move_usd": 1.3566665526832091,
    "qty": 73.7100799029949,
    "notional_usd": 1656.2654954202953,
    "leverage": 1
  }
}