{
  "t": "2025-11-22T19:21:32.343Z",
  "spot": 11.99,
  "sigma_d": 0.04211899783929125,
  "ERI": 4.211899783929125,
  "percentiles": {
    "p10": 4.147915623854,
    "p50": 4.404855275369538,
    "p90": 4.503759196848058
  },
  "ema": {
    "fast": 0.805871287694333,
    "slow": 0.8117602021451111,
    "fast_period": 20,
    "slow_period": 100
  },
  "etv": {
    "horizon_days": 1,
    "risk_budget_usd": 100,
    "expected_move_usd": 0.5050067840931022,
    "qty": 198.01714184806707,
    "notional_usd": 2374.225530758324,
    "leverage": 1
  }
}