{
  "t": "2026-02-24T18:06:41.229Z",
  "spot": 8.24,
  "sigma_d": 0.046670284990518604,
  "ERI": 4.6670284990518605,
  "percentiles": {
    "p10": 4.583125535968241,
    "p50": 4.7033678311055835,
    "p90": 4.742589973907389
  },
  "ema": {
    "fast": 0.8944821599880713,
    "slow": 0.8959113909457193,
    "fast_period": 20,
    "slow_period": 100
  },
  "etv": {
    "horizon_days": 1,
    "risk_budget_usd": 100,
    "expected_move_usd": 0.3845631483218733,
    "qty": 260.0353165309058,
    "notional_usd": 2142.6910082146637,
    "leverage": 1
  }
}