{
  "t": "2025-12-22T14:32:33.511Z",
  "spot": 12.74,
  "sigma_d": 0.03875395437447393,
  "ERI": 3.875395437447393,
  "percentiles": {
    "p10": 3.8642332506557526,
    "p50": 4.0026799016370065,
    "p90": 4.081059820279971
  },
  "ema": {
    "fast": 0.7391155954525758,
    "slow": 0.7526696881727791,
    "fast_period": 20,
    "slow_period": 100
  },
  "etv": {
    "horizon_days": 1,
    "risk_budget_usd": 100,
    "expected_move_usd": 0.4937253787307979,
    "qty": 202.54174548828422,
    "notional_usd": 2580.381837520741,
    "leverage": 1
  }
}