{
  "t": "2025-10-29T14:32:01.889Z",
  "spot": 18.07,
  "sigma_d": 0.0577139790515285,
  "ERI": 5.77139790515285,
  "percentiles": {
    "p10": 5.715023943123838,
    "p50": 5.841771542761859,
    "p90": 5.958543863703687
  },
  "ema": {
    "fast": 1.102138718836496,
    "slow": 1.1079625241922404,
    "fast_period": 20,
    "slow_period": 100
  },
  "etv": {
    "horizon_days": 1,
    "risk_budget_usd": 100,
    "expected_move_usd": 1.04289160146112,
    "qty": 95.88724260498141,
    "notional_usd": 1732.682473872014,
    "leverage": 1
  }
}