{
  "t": "2026-02-28T09:36:55.653Z",
  "spot": 8.27,
  "sigma_d": 0.05130022568967598,
  "ERI": 5.130022568967598,
  "percentiles": {
    "p10": 4.638850005477853,
    "p50": 4.7089567702405155,
    "p90": 5.141629785830333
  },
  "ema": {
    "fast": 0.9800324133470414,
    "slow": 0.9526574706178077,
    "fast_period": 20,
    "slow_period": 100
  },
  "etv": {
    "horizon_days": 1,
    "risk_budget_usd": 100,
    "expected_move_usd": 0.4242528664536203,
    "qty": 235.7084840366826,
    "notional_usd": 1949.309162983365,
    "leverage": 1
  }
}