{
  "t": "2025-11-01T07:24:01.406Z",
  "spot": 17.27,
  "sigma_d": 0.05803534664748425,
  "ERI": 5.803534664748425,
  "percentiles": {
    "p10": 5.766426315714119,
    "p50": 5.817406766566343,
    "p90": 5.950782421501712
  },
  "ema": {
    "fast": 1.109277025462582,
    "slow": 1.1097781617810323,
    "fast_period": 20,
    "slow_period": 100
  },
  "etv": {
    "horizon_days": 1,
    "risk_budget_usd": 100,
    "expected_move_usd": 1.002270436602053,
    "qty": 99.773470660299,
    "notional_usd": 1723.0878383033637,
    "leverage": 1
  }
}