{
  "t": "2026-03-23T07:25:47.165Z",
  "spot": 8.6,
  "sigma_d": 0.03577842353861537,
  "ERI": 3.577842353861537,
  "percentiles": {
    "p10": 3.427595152318238,
    "p50": 3.5481721980103735,
    "p90": 3.6104424673029243
  },
  "ema": {
    "fast": 0.6817592498703472,
    "slow": 0.6814303822842794,
    "fast_period": 20,
    "slow_period": 100
  },
  "etv": {
    "horizon_days": 1,
    "risk_budget_usd": 100,
    "expected_move_usd": 0.30769444243209215,
    "qty": 324.9977451967463,
    "notional_usd": 2794.980608692018,
    "leverage": 1
  }
}