{
  "t": "2025-09-17T22:22:50.626Z",
  "spot": 23.96,
  "sigma_d": 0.04645989451367392,
  "ERI": 4.645989451367392,
  "percentiles": {
    "p10": 4.629311664495823,
    "p50": 5.308963351439557,
    "p90": 5.69160818372581
  },
  "ema": {
    "fast": 0.8865066103108433,
    "slow": 0.933284649999942,
    "fast_period": 20,
    "slow_period": 100
  },
  "etv": {
    "horizon_days": 1,
    "risk_budget_usd": 100,
    "expected_move_usd": 1.1131790725476272,
    "qty": 89.83280629875614,
    "notional_usd": 2152.394038918197,
    "leverage": 1
  }
}