{
  "t": "2025-09-17T15:28:34.492Z",
  "spot": 22.92,
  "sigma_d": 0.04643470853584777,
  "ERI": 4.643470853584777,
  "percentiles": {
    "p10": 4.629344466287502,
    "p50": 5.311062302725834,
    "p90": 5.9059998509267935
  },
  "ema": {
    "fast": 0.8874161817774183,
    "slow": 0.9404493433988281,
    "fast_period": 20,
    "slow_period": 100
  },
  "etv": {
    "horizon_days": 1,
    "risk_budget_usd": 100,
    "expected_move_usd": 1.064283519641631,
    "qty": 93.95992529666562,
    "notional_usd": 2153.5614877995763,
    "leverage": 1
  }
}