{
  "t": "2026-03-14T18:54:27.198Z",
  "spot": 9.02,
  "sigma_d": 0.034859297534050274,
  "ERI": 3.4859297534050273,
  "percentiles": {
    "p10": 3.488565690094883,
    "p50": 4.026661632428861,
    "p90": 4.973417761841032
  },
  "ema": {
    "fast": 0.6670922691258291,
    "slow": 0.6906809145333235,
    "fast_period": 20,
    "slow_period": 100
  },
  "etv": {
    "horizon_days": 1,
    "risk_budget_usd": 100,
    "expected_move_usd": 0.31443086375713347,
    "qty": 318.03493717219834,
    "notional_usd": 2868.675133293229,
    "leverage": 1
  }
}