{
  "t": "2026-04-24T21:58:10.113Z",
  "spot": 9.4,
  "sigma_d": 0.02935437121411226,
  "ERI": 2.935437121411226,
  "percentiles": {
    "p10": 2.7903442960530773,
    "p50": 2.9814098780416742,
    "p90": 3.1611484400272216
  },
  "ema": {
    "fast": 0.5623312326103307,
    "slow": 0.5735305164916633,
    "fast_period": 20,
    "slow_period": 100
  },
  "etv": {
    "horizon_days": 1,
    "risk_budget_usd": 100,
    "expected_move_usd": 0.27593108941265526,
    "qty": 362.40932550536155,
    "notional_usd": 3406.647659750399,
    "leverage": 1
  }
}