{
  "t": "2025-09-23T08:35:02.111Z",
  "spot": 21.78,
  "sigma_d": 0.035757641354423594,
  "ERI": 3.5757641354423595,
  "percentiles": {
    "p10": 3.4952529629998814,
    "p50": 4.628058301950091,
    "p90": 5.2023772903474175
  },
  "ema": {
    "fast": 0.6859653716097783,
    "slow": 0.7194507016678185,
    "fast_period": 20,
    "slow_period": 100
  },
  "etv": {
    "horizon_days": 1,
    "risk_budget_usd": 100,
    "expected_move_usd": 0.7788014286993459,
    "qty": 128.40243522281045,
    "notional_usd": 2796.605039152812,
    "leverage": 1
  }
}