{
  "t": "2025-12-07T16:33:14.408Z",
  "spot": 13.57,
  "sigma_d": 0.04156385946722125,
  "ERI": 4.156385946722125,
  "percentiles": {
    "p10": 4.118119650565298,
    "p50": 4.283066400887476,
    "p90": 4.3534687305871165
  },
  "ema": {
    "fast": 0.8014663998030089,
    "slow": 0.8159088095165296,
    "fast_period": 20,
    "slow_period": 100
  },
  "etv": {
    "horizon_days": 1,
    "risk_budget_usd": 100,
    "expected_move_usd": 0.5640215729701924,
    "qty": 177.2981828928817,
    "notional_usd": 2405.936341856405,
    "leverage": 1
  }
}