{
  "t": "2025-12-06T14:27:07.535Z",
  "spot": 13.73,
  "sigma_d": 0.04336021226693263,
  "ERI": 4.336021226693263,
  "percentiles": {
    "p10": 4.118119650565298,
    "p50": 4.266455314419563,
    "p90": 4.334807203120736
  },
  "ema": {
    "fast": 0.8284319711383628,
    "slow": 0.8224831904649356,
    "fast_period": 20,
    "slow_period": 100
  },
  "etv": {
    "horizon_days": 1,
    "risk_budget_usd": 100,
    "expected_move_usd": 0.595335714424985,
    "qty": 167.97245247849222,
    "notional_usd": 2306.261772529698,
    "leverage": 1
  }
}