{
  "t": "2025-11-08T05:28:05.036Z",
  "spot": 15.79,
  "sigma_d": 0.06276871002025819,
  "ERI": 6.276871002025819,
  "percentiles": {
    "p10": 5.768268262824236,
    "p50": 5.827571380833268,
    "p90": 6.308191627099421
  },
  "ema": {
    "fast": 1.1939092494599854,
    "slow": 1.1766739351354012,
    "fast_period": 20,
    "slow_period": 100
  },
  "etv": {
    "horizon_days": 1,
    "risk_budget_usd": 100,
    "expected_move_usd": 0.9911179312198768,
    "qty": 100.896166692211,
    "notional_usd": 1593.1504720700116,
    "leverage": 1
  }
}