{
  "t": "2026-02-15T21:36:19.768Z",
  "spot": 8.72,
  "sigma_d": 0.04723393810182071,
  "ERI": 4.7233938101820705,
  "percentiles": {
    "p10": 3.2674014176973265,
    "p50": 4.628489290219203,
    "p90": 4.747609022425738
  },
  "ema": {
    "fast": 0.8994086655293865,
    "slow": 0.8828840192578706,
    "fast_period": 20,
    "slow_period": 100
  },
  "etv": {
    "horizon_days": 1,
    "risk_budget_usd": 100,
    "expected_move_usd": 0.4118799402478766,
    "qty": 242.78919711364975,
    "notional_usd": 2117.121798831026,
    "leverage": 1
  }
}