{
  "t": "2026-01-04T20:33:14.451Z",
  "spot": 13.42,
  "sigma_d": 0.025301626741858086,
  "ERI": 2.5301626741858088,
  "percentiles": {
    "p10": 2.5575298094980012,
    "p50": 3.7521939865598255,
    "p90": 3.783734755634741
  },
  "ema": {
    "fast": 0.48734464757712687,
    "slow": 0.5415727244048232,
    "fast_period": 20,
    "slow_period": 100
  },
  "etv": {
    "horizon_days": 1,
    "risk_budget_usd": 100,
    "expected_move_usd": 0.33954783087573553,
    "qty": 294.50931770669166,
    "notional_usd": 3952.315043623802,
    "leverage": 1
  }
}