{
  "t": "2026-03-29T23:45:22.657Z",
  "spot": 8.4,
  "sigma_d": 0.02947524477912532,
  "ERI": 2.9475244779125322,
  "percentiles": {
    "p10": 3.033435230645215,
    "p50": 3.536461500757401,
    "p90": 3.6384711783368635
  },
  "ema": {
    "fast": 0.5668978914794316,
    "slow": 0.6125697642318106,
    "fast_period": 20,
    "slow_period": 100
  },
  "etv": {
    "horizon_days": 1,
    "risk_budget_usd": 100,
    "expected_move_usd": 0.2475920561446527,
    "qty": 403.890179503886,
    "notional_usd": 3392.6775078326423,
    "leverage": 1
  }
}