{
  "t": "2025-12-06T10:31:08.492Z",
  "spot": 13.66,
  "sigma_d": 0.043330618887456,
  "ERI": 4.3330618887456,
  "percentiles": {
    "p10": 4.118119650565298,
    "p50": 4.25781797680496,
    "p90": 4.332773016511311
  },
  "ema": {
    "fast": 0.8285134903884028,
    "slow": 0.8220012949103099,
    "fast_period": 20,
    "slow_period": 100
  },
  "etv": {
    "horizon_days": 1,
    "risk_budget_usd": 100,
    "expected_move_usd": 0.591896254002649,
    "qty": 168.94852657667343,
    "notional_usd": 2307.836873037359,
    "leverage": 1
  }
}