{
  "t": "2025-10-15T16:31:33.089Z",
  "spot": 18.17,
  "sigma_d": 0.05696405932378065,
  "ERI": 5.696405932378065,
  "percentiles": {
    "p10": 2.9097431147595296,
    "p50": 3.396478135005009,
    "p90": 5.652362059210055
  },
  "ema": {
    "fast": 1.081381998688637,
    "slow": 1.0177206618773558,
    "fast_period": 20,
    "slow_period": 100
  },
  "etv": {
    "horizon_days": 1,
    "risk_budget_usd": 100,
    "expected_move_usd": 1.0350369579130945,
    "qty": 96.61490755037983,
    "notional_usd": 1755.4928701904016,
    "leverage": 1
  }
}