{
  "t": "2026-05-24T17:14:25.413Z",
  "spot": 9.45,
  "sigma_d": 0.02227243643838028,
  "ERI": 2.227243643838028,
  "percentiles": {
    "p10": 2.1046049427482103,
    "p50": 2.436579483091043,
    "p90": 2.677231124757388
  },
  "ema": {
    "fast": 0.42161975529672374,
    "slow": 0.42256954964199683,
    "fast_period": 20,
    "slow_period": 100
  },
  "etv": {
    "horizon_days": 1,
    "risk_budget_usd": 100,
    "expected_move_usd": 0.21047452434269362,
    "qty": 475.1168832061617,
    "notional_usd": 4489.854546298227,
    "leverage": 1
  }
}