{
  "t": "2025-09-13T10:26:02.410Z",
  "spot": 25.49,
  "sigma_d": 0.052003599236500116,
  "ERI": 5.200359923650011,
  "percentiles": {
    "p10": 5.310684979292876,
    "p50": 5.685131835217036,
    "p90": 6.2631249283782875
  },
  "ema": {
    "fast": 1.003177347771332,
    "slow": 1.0377526879036696,
    "fast_period": 20,
    "slow_period": 100
  },
  "etv": {
    "horizon_days": 1,
    "risk_budget_usd": 100,
    "expected_move_usd": 1.3255717445383879,
    "qty": 75.43914572109684,
    "notional_usd": 1922.9438244307582,
    "leverage": 1
  }
}