{
  "t": "2025-11-18T03:49:41.775Z",
  "spot": 13.47,
  "sigma_d": 0.04397253371609275,
  "ERI": 4.397253371609275,
  "percentiles": {
    "p10": 4.40162512670184,
    "p50": 4.495763752150452,
    "p90": 6.273575830689181
  },
  "ema": {
    "fast": 0.84391528778646,
    "slow": 0.8550661975822693,
    "fast_period": 20,
    "slow_period": 100
  },
  "etv": {
    "horizon_days": 1,
    "risk_budget_usd": 100,
    "expected_move_usd": 0.5923100291557694,
    "qty": 168.83050273947225,
    "notional_usd": 2274.146871900691,
    "leverage": 1
  }
}