{
  "t": "2026-01-14T20:32:56.236Z",
  "spot": 14.22,
  "sigma_d": 0.02654199596698671,
  "ERI": 2.654199596698671,
  "percentiles": {
    "p10": 2.4676164759095607,
    "p50": 2.5295525998673005,
    "p90": 2.6525812748069444
  },
  "ema": {
    "fast": 0.5026367330553668,
    "slow": 0.4868551246192534,
    "fast_period": 20,
    "slow_period": 100
  },
  "etv": {
    "horizon_days": 1,
    "risk_budget_usd": 100,
    "expected_move_usd": 0.3774271826505511,
    "qty": 264.9517697631946,
    "notional_usd": 3767.614166032627,
    "leverage": 1
  }
}