{
  "t": "2026-04-14T08:50:20.035Z",
  "spot": 9.23,
  "sigma_d": 0.03192257226778401,
  "ERI": 3.1922572267784015,
  "percentiles": {
    "p10": 2.652230297274112,
    "p50": 2.916419680319275,
    "p90": 3.0223317260116698
  },
  "ema": {
    "fast": 0.5869963032150524,
    "slow": 0.5608242658328416,
    "fast_period": 20,
    "slow_period": 100
  },
  "etv": {
    "horizon_days": 1,
    "risk_budget_usd": 100,
    "expected_move_usd": 0.29464534203164644,
    "qty": 339.3910771182647,
    "notional_usd": 3132.5796418015834,
    "leverage": 1
  }
}