{
  "t": "2025-12-19T11:27:19.655Z",
  "spot": 12.4,
  "sigma_d": 0.040502081209277035,
  "ERI": 4.050208120927704,
  "percentiles": {
    "p10": 3.9335864817287565,
    "p50": 4.034325058102757,
    "p90": 4.193703998677853
  },
  "ema": {
    "fast": 0.7669374385011719,
    "slow": 0.7632325558345365,
    "fast_period": 20,
    "slow_period": 100
  },
  "etv": {
    "horizon_days": 1,
    "risk_budget_usd": 100,
    "expected_move_usd": 0.5022258069950353,
    "qty": 199.11362301019417,
    "notional_usd": 2469.0089253264077,
    "leverage": 1
  }
}