{
  "t": "2026-04-13T22:57:47.724Z",
  "spot": 9.33,
  "sigma_d": 0.03221660103958105,
  "ERI": 3.221660103958105,
  "percentiles": {
    "p10": 2.652230297274112,
    "p50": 2.916419680319275,
    "p90": 3.0223317260116698
  },
  "ema": {
    "fast": 0.5745030221770222,
    "slow": 0.5565101894830353,
    "fast_period": 20,
    "slow_period": 100
  },
  "etv": {
    "horizon_days": 1,
    "risk_budget_usd": 100,
    "expected_move_usd": 0.3005808876992912,
    "qty": 332.6891498838161,
    "notional_usd": 3103.9897684160046,
    "leverage": 1
  }
}