{
  "t": "2026-02-24T06:09:06.911Z",
  "spot": 8.16,
  "sigma_d": 0.04664533401192239,
  "ERI": 4.664533401192239,
  "percentiles": {
    "p10": 4.583125535968241,
    "p50": 4.70508746883009,
    "p90": 4.743928218668106
  },
  "ema": {
    "fast": 0.8990424581681745,
    "slow": 0.8968155227863688,
    "fast_period": 20,
    "slow_period": 100
  },
  "etv": {
    "horizon_days": 1,
    "risk_budget_usd": 100,
    "expected_move_usd": 0.3806259255372867,
    "qty": 262.7251411181235,
    "notional_usd": 2143.8371515238878,
    "leverage": 1
  }
}