{
  "t": "2026-01-05T23:29:26.746Z",
  "spot": 14,
  "sigma_d": 0.026227986734139074,
  "ERI": 2.6227986734139073,
  "percentiles": {
    "p10": 2.528583558212081,
    "p50": 3.544045074230054,
    "p90": 3.780024098073111
  },
  "ema": {
    "fast": 0.4878975083699306,
    "slow": 0.5205181304679828,
    "fast_period": 20,
    "slow_period": 100
  },
  "etv": {
    "horizon_days": 1,
    "risk_budget_usd": 100,
    "expected_move_usd": 0.36719181427794706,
    "qty": 272.33722569943967,
    "notional_usd": 3812.7211597921555,
    "leverage": 1
  }
}