{
  "t": "2025-10-27T11:24:53.535Z",
  "spot": 18.46,
  "sigma_d": 0.05798239834993142,
  "ERI": 5.798239834993142,
  "percentiles": {
    "p10": 5.7116959644045275,
    "p50": 5.841904673878349,
    "p90": 5.958543863703687
  },
  "ema": {
    "fast": 1.1079104666442403,
    "slow": 1.1158291434932737,
    "fast_period": 20,
    "slow_period": 100
  },
  "etv": {
    "horizon_days": 1,
    "risk_budget_usd": 100,
    "expected_move_usd": 1.070355073539734,
    "qty": 93.42694071537726,
    "notional_usd": 1724.6613256058642,
    "leverage": 1
  }
}