{
  "t": "2026-01-06T11:28:33.505Z",
  "spot": 13.88,
  "sigma_d": 0.025706300636342452,
  "ERI": 2.5706300636342454,
  "percentiles": {
    "p10": 2.528583558212081,
    "p50": 3.5322976225945126,
    "p90": 3.780024098073111
  },
  "ema": {
    "fast": 0.4904074171267905,
    "slow": 0.5158428127716256,
    "fast_period": 20,
    "slow_period": 100
  },
  "etv": {
    "horizon_days": 1,
    "risk_budget_usd": 100,
    "expected_move_usd": 0.35680345283243325,
    "qty": 280.2663460966094,
    "notional_usd": 3890.096883820939,
    "leverage": 1
  }
}