{
  "t": "2025-12-22T19:26:05.266Z",
  "spot": 12.59,
  "sigma_d": 0.03858555928451417,
  "ERI": 3.8585559284514166,
  "percentiles": {
    "p10": 3.8636418544721565,
    "p50": 3.9863974902170263,
    "p90": 4.068796812472639
  },
  "ema": {
    "fast": 0.7393231551631652,
    "slow": 0.7514442327292097,
    "fast_period": 20,
    "slow_period": 100
  },
  "etv": {
    "horizon_days": 1,
    "risk_budget_usd": 100,
    "expected_move_usd": 0.4857921913920334,
    "qty": 205.8493359340562,
    "notional_usd": 2591.6431394097676,
    "leverage": 1
  }
}