{
  "t": "2026-03-28T20:46:35.725Z",
  "spot": 8.6,
  "sigma_d": 0.030376986285896763,
  "ERI": 3.037698628589676,
  "percentiles": {
    "p10": 3.04216488939115,
    "p50": 3.5368068659047474,
    "p90": 3.6384711783368635
  },
  "ema": {
    "fast": 0.5852715861925384,
    "slow": 0.6370723142746396,
    "fast_period": 20,
    "slow_period": 100
  },
  "etv": {
    "horizon_days": 1,
    "risk_budget_usd": 100,
    "expected_move_usd": 0.26124208205871213,
    "qty": 382.78672108242415,
    "notional_usd": 3291.9658013088474,
    "leverage": 1
  }
}