{
  "t": "2026-02-27T15:49:25.679Z",
  "spot": 8.82,
  "sigma_d": 0.05146451306793409,
  "ERI": 5.146451306793409,
  "percentiles": {
    "p10": 4.630059437005373,
    "p50": 4.705324955094532,
    "p90": 5.13539750067588
  },
  "ema": {
    "fast": 0.9808633111850416,
    "slow": 0.9425830634859639,
    "fast_period": 20,
    "slow_period": 100
  },
  "etv": {
    "horizon_days": 1,
    "risk_budget_usd": 100,
    "expected_move_usd": 0.4539170052591787,
    "qty": 220.30459057796642,
    "notional_usd": 1943.086488897664,
    "leverage": 1
  }
}