{
  "t": "2025-11-15T16:31:43.722Z",
  "spot": 14.09,
  "sigma_d": 0.04449413521278368,
  "ERI": 4.449413521278368,
  "percentiles": {
    "p10": 4.4494176615462555,
    "p50": 4.808709750687845,
    "p90": 6.282680004623593
  },
  "ema": {
    "fast": 0.8501542375522666,
    "slow": 0.8753826330781102,
    "fast_period": 20,
    "slow_period": 100
  },
  "etv": {
    "horizon_days": 1,
    "risk_budget_usd": 100,
    "expected_move_usd": 0.626922365148122,
    "qty": 159.50938355241664,
    "notional_usd": 2247.4872142535505,
    "leverage": 1
  }
}