{
  "t": "2026-04-18T19:05:04.073Z",
  "spot": 9.3,
  "sigma_d": 0.030588684408268067,
  "ERI": 3.0588684408268065,
  "percentiles": {
    "p10": 2.652230297274112,
    "p50": 2.9167221084247683,
    "p90": 3.1611484400272216
  },
  "ema": {
    "fast": 0.5798529665015645,
    "slow": 0.581371668305212,
    "fast_period": 20,
    "slow_period": 100
  },
  "etv": {
    "horizon_days": 1,
    "risk_budget_usd": 100,
    "expected_move_usd": 0.28447476499689306,
    "qty": 351.52502894621307,
    "notional_usd": 3269.182769199782,
    "leverage": 1
  }
}