{
  "t": "2025-12-14T05:31:16.564Z",
  "spot": 13.64,
  "sigma_d": 0.03924306966387772,
  "ERI": 3.924306966387772,
  "percentiles": {
    "p10": 4.039609642778276,
    "p50": 4.185523301634506,
    "p90": 4.348461654734502
  },
  "ema": {
    "fast": 0.7632290883642809,
    "slow": 0.778945284591178,
    "fast_period": 20,
    "slow_period": 100
  },
  "etv": {
    "horizon_days": 1,
    "risk_budget_usd": 100,
    "expected_move_usd": 0.5352754702152922,
    "qty": 186.81969483820953,
    "notional_usd": 2548.2206375931783,
    "leverage": 1
  }
}