{
  "t": "2025-09-03T03:24:00.999Z",
  "spot": 23.4041,
  "sigma_d": 0.05588245226707179,
  "ERI": 5.588245226707179,
  "percentiles": {
    "p10": 5.484393670648377,
    "p50": 5.599106057635523,
    "p90": 6.199223137734766
  },
  "ema": {
    "fast": 1.0699359484195519,
    "slow": 0.854352549888146,
    "fast_period": 20,
    "slow_period": 100
  },
  "etv": {
    "horizon_days": 1,
    "risk_budget_usd": 100,
    "expected_move_usd": 1.3078785011037748,
    "qty": 76.45970165852998,
    "notional_usd": 1789.4705035864015,
    "leverage": 1
  }
}