{
  "t": "2026-03-10T13:23:31.516Z",
  "spot": 9.06,
  "sigma_d": 0.0359523122444447,
  "ERI": 3.59523122444447,
  "percentiles": {
    "p10": 3.5411879104231208,
    "p50": 4.895633799215073,
    "p90": 5.141629785830333
  },
  "ema": {
    "fast": 0.686810972585175,
    "slow": 0.7584670218943984,
    "fast_period": 20,
    "slow_period": 100
  },
  "etv": {
    "horizon_days": 1,
    "risk_budget_usd": 100,
    "expected_move_usd": 0.325727948934669,
    "qty": 307.00466547946405,
    "notional_usd": 2781.4622692439443,
    "leverage": 1
  }
}