{
  "t": "2025-10-26T07:23:38.981Z",
  "spot": 17.83,
  "sigma_d": 0.05765838745471386,
  "ERI": 5.765838745471386,
  "percentiles": {
    "p10": 5.6947339748088766,
    "p50": 5.841904673878349,
    "p90": 5.958543863703687
  },
  "ema": {
    "fast": 1.1112638947431859,
    "slow": 1.1223738180336746,
    "fast_period": 20,
    "slow_period": 100
  },
  "etv": {
    "horizon_days": 1,
    "risk_budget_usd": 100,
    "expected_move_usd": 1.0280490483175482,
    "qty": 97.27162353163482,
    "notional_usd": 1734.3530475690486,
    "leverage": 1
  }
}