{
  "t": "2025-12-25T21:28:11.939Z",
  "spot": 12.33,
  "sigma_d": 0.037738984656538764,
  "ERI": 3.7738984656538763,
  "percentiles": {
    "p10": 3.7774107757172253,
    "p50": 3.934946283927408,
    "p90": 4.028143172055565
  },
  "ema": {
    "fast": 0.7213104873123737,
    "slow": 0.7313868640956708,
    "fast_period": 20,
    "slow_period": 100
  },
  "etv": {
    "horizon_days": 1,
    "risk_budget_usd": 100,
    "expected_move_usd": 0.465321680815123,
    "qty": 214.90509495458264,
    "notional_usd": 2649.779820790004,
    "leverage": 1
  }
}