{
  "t": "2026-03-02T22:40:03.711Z",
  "spot": 9.08,
  "sigma_d": 0.04988614748217599,
  "ERI": 4.988614748217599,
  "percentiles": {
    "p10": 4.643143417202287,
    "p50": 4.734095930607255,
    "p90": 5.141629785830333
  },
  "ema": {
    "fast": 0.9511408573556358,
    "slow": 0.9568704731006282,
    "fast_period": 20,
    "slow_period": 100
  },
  "etv": {
    "horizon_days": 1,
    "risk_budget_usd": 100,
    "expected_move_usd": 0.452966219138158,
    "qty": 220.76701479034418,
    "notional_usd": 2004.5644942963252,
    "leverage": 1
  }
}