{
  "t": "2026-05-25T23:18:18.073Z",
  "spot": 9.48,
  "sigma_d": 0.022308945245135887,
  "ERI": 2.2308945245135887,
  "percentiles": {
    "p10": 2.1046049427482103,
    "p50": 2.429758956016796,
    "p90": 2.6561055643797182
  },
  "ema": {
    "fast": 0.425449408613437,
    "slow": 0.4235062634639558,
    "fast_period": 20,
    "slow_period": 100
  },
  "etv": {
    "horizon_days": 1,
    "risk_budget_usd": 100,
    "expected_move_usd": 0.21148880092388822,
    "qty": 472.83827589522605,
    "notional_usd": 4482.506855486743,
    "leverage": 1
  }
}