{
  "t": "2026-03-19T16:04:19.394Z",
  "spot": 8.96,
  "sigma_d": 0.03648510388351805,
  "ERI": 3.648510388351805,
  "percentiles": {
    "p10": 3.427595152318238,
    "p50": 3.534662273957117,
    "p90": 4.8868991925421
  },
  "ema": {
    "fast": 0.686706958703116,
    "slow": 0.6747154625446284,
    "fast_period": 20,
    "slow_period": 100
  },
  "etv": {
    "horizon_days": 1,
    "risk_budget_usd": 100,
    "expected_move_usd": 0.32690653079632176,
    "qty": 305.89783494507407,
    "notional_usd": 2740.844601107864,
    "leverage": 1
  }
}