{
  "t": "2025-12-14T09:29:21.011Z",
  "spot": 13.65,
  "sigma_d": 0.03924007477340026,
  "ERI": 3.924007477340026,
  "percentiles": {
    "p10": 4.029884979988906,
    "p50": 4.178422611591191,
    "p90": 4.3369881679982365
  },
  "ema": {
    "fast": 0.7586981620116292,
    "slow": 0.7766804271355238,
    "fast_period": 20,
    "slow_period": 100
  },
  "etv": {
    "horizon_days": 1,
    "risk_budget_usd": 100,
    "expected_move_usd": 0.5356270206569136,
    "qty": 186.69707864505446,
    "notional_usd": 2548.4151235049935,
    "leverage": 1
  }
}