{
  "t": "2026-02-05T21:40:08.891Z",
  "spot": 8.04,
  "sigma_d": 0.039906377768074285,
  "ERI": 3.9906377768074286,
  "percentiles": {
    "p10": 2.675721824784282,
    "p50": 3.12186169661991,
    "p90": 3.374142645307589
  },
  "ema": {
    "fast": 0.6696796593770247,
    "slow": 0.6335400871479404,
    "fast_period": 20,
    "slow_period": 100
  },
  "etv": {
    "horizon_days": 1,
    "risk_budget_usd": 100,
    "expected_move_usd": 0.3208472772553172,
    "qty": 311.6747658120972,
    "notional_usd": 2505.865117129261,
    "leverage": 1
  }
}