{
  "t": "2025-10-31T04:34:00.802Z",
  "spot": 17.14,
  "sigma_d": 0.057974832690136625,
  "ERI": 5.797483269013663,
  "percentiles": {
    "p10": 5.7642720524029,
    "p50": 5.844234023590496,
    "p90": 5.9604874050700545
  },
  "ema": {
    "fast": 1.1166491828741376,
    "slow": 1.1105287293086814,
    "fast_period": 20,
    "slow_period": 100
  },
  "etv": {
    "horizon_days": 1,
    "risk_budget_usd": 100,
    "expected_move_usd": 0.9936886323089418,
    "qty": 100.63514540529593,
    "notional_usd": 1724.8863922467724,
    "leverage": 1
  }
}