{
  "t": "2026-04-19T09:57:49.365Z",
  "spot": 9.13,
  "sigma_d": 0.030738477083801074,
  "ERI": 3.0738477083801072,
  "percentiles": {
    "p10": 2.652230297274112,
    "p50": 2.9167221084247683,
    "p90": 3.1611484400272216
  },
  "ema": {
    "fast": 0.5827918312482118,
    "slow": 0.5819077977360678,
    "fast_period": 20,
    "slow_period": 100
  },
  "etv": {
    "horizon_days": 1,
    "risk_budget_usd": 100,
    "expected_move_usd": 0.28064229577510386,
    "qty": 356.3254773262553,
    "notional_usd": 3253.251607988711,
    "leverage": 1
  }
}