{
  "t": "2026-02-15T22:38:15.240Z",
  "spot": 8.75,
  "sigma_d": 0.04717211846836715,
  "ERI": 4.717211846836715,
  "percentiles": {
    "p10": 3.267436474108252,
    "p50": 4.630409377186364,
    "p90": 4.747609022425738
  },
  "ema": {
    "fast": 0.8995813695670172,
    "slow": 0.883247148736418,
    "fast_period": 20,
    "slow_period": 100
  },
  "etv": {
    "horizon_days": 1,
    "risk_budget_usd": 100,
    "expected_move_usd": 0.4127560365982126,
    "qty": 242.27386430048168,
    "notional_usd": 2119.8963126292147,
    "leverage": 1
  }
}