{
  "t": "2026-01-16T13:48:08.725Z",
  "spot": 13.7,
  "sigma_d": 0.024810845309737723,
  "ERI": 2.481084530973772,
  "percentiles": {
    "p10": 2.4676164759095607,
    "p50": 2.5263517845290657,
    "p90": 2.663794239127058
  },
  "ema": {
    "fast": 0.4865592957999286,
    "slow": 0.491810993596686,
    "fast_period": 20,
    "slow_period": 100
  },
  "etv": {
    "horizon_days": 1,
    "risk_budget_usd": 100,
    "expected_move_usd": 0.3399085807434068,
    "qty": 294.19675073012905,
    "notional_usd": 4030.495485002768,
    "leverage": 1
  }
}