{
  "t": "2025-10-06T03:08:04.168Z",
  "spot": 21.89,
  "sigma_d": 0.02898330058233376,
  "ERI": 2.898330058233376,
  "percentiles": {
    "p10": 2.90853290722518,
    "p50": 3.0464375820245655,
    "p90": 3.1775050936932128
  },
  "ema": {
    "fast": 0.5564328685884655,
    "slow": 0.5677987093816242,
    "fast_period": 20,
    "slow_period": 100
  },
  "etv": {
    "horizon_days": 1,
    "risk_budget_usd": 100,
    "expected_move_usd": 0.6344444497472861,
    "qty": 157.61821234283366,
    "notional_usd": 3450.262668184629,
    "leverage": 1
  }
}