{
  "t": "2026-05-07T14:43:47.352Z",
  "spot": 9.84,
  "sigma_d": 0.025330928914681434,
  "ERI": 2.533092891468143,
  "percentiles": {
    "p10": 2.5683987989657355,
    "p50": 2.7286567674408397,
    "p90": 3.058803830140325
  },
  "ema": {
    "fast": 0.501720752431183,
    "slow": 0.5075636768634875,
    "fast_period": 20,
    "slow_period": 100
  },
  "etv": {
    "horizon_days": 1,
    "risk_budget_usd": 100,
    "expected_move_usd": 0.2492563405204653,
    "qty": 401.19340511536336,
    "notional_usd": 3947.7431063351755,
    "leverage": 1
  }
}