{
  "t": "2025-10-05T16:29:39.039Z",
  "spot": 22.52,
  "sigma_d": 0.02925973429401238,
  "ERI": 2.925973429401238,
  "percentiles": {
    "p10": 2.9239325358926984,
    "p50": 3.0489057795041576,
    "p90": 3.1775050936932128
  },
  "ema": {
    "fast": 0.5597170349389152,
    "slow": 0.5704437351762929,
    "fast_period": 20,
    "slow_period": 100
  },
  "etv": {
    "horizon_days": 1,
    "risk_budget_usd": 100,
    "expected_move_usd": 0.6589292163011587,
    "qty": 151.76136909111605,
    "notional_usd": 3417.6660319319335,
    "leverage": 1
  }
}