{
  "t": "2026-03-29T18:59:48.304Z",
  "spot": 8.44,
  "sigma_d": 0.02947603783474169,
  "ERI": 2.947603783474169,
  "percentiles": {
    "p10": 3.0360433292054267,
    "p50": 3.536461500757401,
    "p90": 3.6384711783368635
  },
  "ema": {
    "fast": 0.5691216292088057,
    "slow": 0.6177351312012892,
    "fast_period": 20,
    "slow_period": 100
  },
  "etv": {
    "horizon_days": 1,
    "risk_budget_usd": 100,
    "expected_move_usd": 0.24877775932521984,
    "qty": 401.9651928341108,
    "notional_usd": 3392.5862275198947,
    "leverage": 1
  }
}