{
  "t": "2026-02-22T03:13:00.347Z",
  "spot": 8.85,
  "sigma_d": 0.04700409951666388,
  "ERI": 4.700409951666388,
  "percentiles": {
    "p10": 4.583125535968241,
    "p50": 4.713233773038471,
    "p90": 4.747093907646981
  },
  "ema": {
    "fast": 0.8975919012189091,
    "slow": 0.8939218763023725,
    "fast_period": 20,
    "slow_period": 100
  },
  "etv": {
    "horizon_days": 1,
    "risk_budget_usd": 100,
    "expected_move_usd": 0.4159862807224753,
    "qty": 240.3925432981163,
    "notional_usd": 2127.474008188329,
    "leverage": 1
  }
}