{
  "t": "2026-02-28T17:31:57.559Z",
  "spot": 8.45,
  "sigma_d": 0.05084965244568312,
  "ERI": 5.084965244568312,
  "percentiles": {
    "p10": 4.643143417202287,
    "p50": 4.711746508951757,
    "p90": 5.141629785830333
  },
  "ema": {
    "fast": 0.9767647944718943,
    "slow": 0.9558966811660734,
    "fast_period": 20,
    "slow_period": 100
  },
  "etv": {
    "horizon_days": 1,
    "risk_budget_usd": 100,
    "expected_move_usd": 0.4296795631660223,
    "qty": 232.73157155338424,
    "notional_usd": 1966.5817796260967,
    "leverage": 1
  }
}