{
  "t": "2026-06-17T11:14:45.568Z",
  "spot": 8.14,
  "sigma_d": 0.030225033109148185,
  "ERI": 3.0225033109148187,
  "percentiles": {
    "p10": 2.119956758481247,
    "p50": 2.2716542434662066,
    "p90": 3.053002637188319
  },
  "ema": {
    "fast": 0.5799379865290099,
    "slow": 0.5531334886830366,
    "fast_period": 20,
    "slow_period": 100
  },
  "etv": {
    "horizon_days": 1,
    "risk_budget_usd": 100,
    "expected_move_usd": 0.24603176950846625,
    "qty": 406.4515741190037,
    "notional_usd": 3308.51581332869,
    "leverage": 1
  }
}