{
  "t": "2025-09-29T20:25:33.868Z",
  "spot": 21.78,
  "sigma_d": 0.030272513432252037,
  "ERI": 3.0272513432252035,
  "percentiles": {
    "p10": 3.0237455398408715,
    "p50": 3.3397151422946125,
    "p90": 3.8240009738876855
  },
  "ema": {
    "fast": 0.5782699595051922,
    "slow": 0.596260629367919,
    "fast_period": 20,
    "slow_period": 100
  },
  "etv": {
    "horizon_days": 1,
    "risk_budget_usd": 100,
    "expected_move_usd": 0.6593353425544494,
    "qty": 151.66788968504562,
    "notional_usd": 3303.326637340294,
    "leverage": 1
  }
}