{
  "t": "2026-03-12T22:39:14.863Z",
  "spot": 9.01,
  "sigma_d": 0.03530003236915366,
  "ERI": 3.530003236915366,
  "percentiles": {
    "p10": 3.530019570142672,
    "p50": 4.866512457625178,
    "p90": 5.089744715228379
  },
  "ema": {
    "fast": 0.6769706797703494,
    "slow": 0.7140805186157736,
    "fast_period": 20,
    "slow_period": 100
  },
  "etv": {
    "horizon_days": 1,
    "risk_budget_usd": 100,
    "expected_move_usd": 0.3180532916460745,
    "qty": 314.4127183292248,
    "notional_usd": 2832.8585921463155,
    "leverage": 1
  }
}