{
  "t": "2025-12-24T04:02:37.455Z",
  "spot": 12.26,
  "sigma_d": 0.03777103582276584,
  "ERI": 3.777103582276584,
  "percentiles": {
    "p10": 3.8490191222649317,
    "p50": 3.9691442503668144,
    "p90": 4.046239546299053
  },
  "ema": {
    "fast": 0.7317104869002797,
    "slow": 0.7434381500252543,
    "fast_period": 20,
    "slow_period": 100
  },
  "etv": {
    "horizon_days": 1,
    "risk_budget_usd": 100,
    "expected_move_usd": 0.4630728991871092,
    "qty": 215.94872033224732,
    "notional_usd": 2647.531311273352,
    "leverage": 1
  }
}