{
  "t": "2026-02-01T07:46:30.253Z",
  "spot": 9.96,
  "sigma_d": 0.031741817368886524,
  "ERI": 3.1741817368886522,
  "percentiles": {
    "p10": 2.6697399022317505,
    "p50": 2.8648256048215366,
    "p90": 3.1644541119775593
  },
  "ema": {
    "fast": 0.6315223513115814,
    "slow": 0.5948560097153748,
    "fast_period": 20,
    "slow_period": 100
  },
  "etv": {
    "horizon_days": 1,
    "risk_budget_usd": 100,
    "expected_move_usd": 0.3161485009941098,
    "qty": 316.3070509129604,
    "notional_usd": 3150.418227093086,
    "leverage": 1
  }
}