{
  "t": "2025-10-10T17:25:23.945Z",
  "spot": 21.36,
  "sigma_d": 0.03393981886692023,
  "ERI": 3.3939818866920226,
  "percentiles": {
    "p10": 2.898875610941117,
    "p50": 3.0538413643010602,
    "p90": 3.381208308164191
  },
  "ema": {
    "fast": 0.6473261047283363,
    "slow": 0.6268753785178326,
    "fast_period": 20,
    "slow_period": 100
  },
  "etv": {
    "horizon_days": 1,
    "risk_budget_usd": 100,
    "expected_move_usd": 0.724954530997416,
    "qty": 137.93968548953924,
    "notional_usd": 2946.3916820565582,
    "leverage": 1
  }
}