{
  "t": "2026-03-22T03:18:07.608Z",
  "spot": 8.89,
  "sigma_d": 0.03535852849055074,
  "ERI": 3.535852849055074,
  "percentiles": {
    "p10": 3.427595152318238,
    "p50": 3.5341576205996366,
    "p90": 3.613600433381389
  },
  "ema": {
    "fast": 0.685934900651108,
    "slow": 0.6821693104060905,
    "fast_period": 20,
    "slow_period": 100
  },
  "etv": {
    "horizon_days": 1,
    "risk_budget_usd": 100,
    "expected_move_usd": 0.3143373182809961,
    "qty": 318.1295830443105,
    "notional_usd": 2828.1719932639203,
    "leverage": 1
  }
}