{
  "t": "2026-06-22T21:11:41.614Z",
  "spot": 7.91,
  "sigma_d": 0.029635001148580756,
  "ERI": 2.9635001148580757,
  "percentiles": {
    "p10": 2.141084768749155,
    "p50": 2.6676275868550947,
    "p90": 3.053945068786401
  },
  "ema": {
    "fast": 0.5682581995545322,
    "slow": 0.5625719791926342,
    "fast_period": 20,
    "slow_period": 100
  },
  "etv": {
    "horizon_days": 1,
    "risk_budget_usd": 100,
    "expected_move_usd": 0.2344128590852738,
    "qty": 426.59775743626074,
    "notional_usd": 3374.3882613208225,
    "leverage": 1
  }
}