{
  "t": "2026-04-10T07:58:12.098Z",
  "spot": 8.9,
  "sigma_d": 0.02900607143363261,
  "ERI": 2.900607143363261,
  "percentiles": {
    "p10": 2.652230297274112,
    "p50": 2.9475215538933632,
    "p90": 3.53862648514667
  },
  "ema": {
    "fast": 0.5493356868810296,
    "slow": 0.5352717966926827,
    "fast_period": 20,
    "slow_period": 100
  },
  "etv": {
    "horizon_days": 1,
    "risk_budget_usd": 100,
    "expected_move_usd": 0.25815403575933027,
    "qty": 387.36562729248664,
    "notional_usd": 3447.554082903131,
    "leverage": 1
  }
}