{
  "t": "2025-11-03T15:30:36.001Z",
  "spot": 15.86,
  "sigma_d": 0.061029144410626235,
  "ERI": 6.102914441062623,
  "percentiles": {
    "p10": 5.766426315714119,
    "p50": 5.804579385042821,
    "p90": 5.949240399025505
  },
  "ema": {
    "fast": 1.1384658604950617,
    "slow": 1.118441646238885,
    "fast_period": 20,
    "slow_period": 100
  },
  "etv": {
    "horizon_days": 1,
    "risk_budget_usd": 100,
    "expected_move_usd": 0.967922230352532,
    "qty": 103.31408543388706,
    "notional_usd": 1638.5613949814488,
    "leverage": 1
  }
}