{
  "t": "2025-11-21T14:29:49.211Z",
  "spot": 11.99,
  "sigma_d": 0.042939142092433366,
  "ERI": 4.293914209243336,
  "percentiles": {
    "p10": 4.147915623854,
    "p50": 4.43374544452885,
    "p90": 4.581872192886465
  },
  "ema": {
    "fast": 0.8014462344158584,
    "slow": 0.8145547008284119,
    "fast_period": 20,
    "slow_period": 100
  },
  "etv": {
    "horizon_days": 1,
    "risk_budget_usd": 100,
    "expected_move_usd": 0.5148403136882761,
    "qty": 194.23498382169754,
    "notional_usd": 2328.8774560221536,
    "leverage": 1
  }
}