{
  "t": "2025-09-30T22:26:12.323Z",
  "spot": 21.52,
  "sigma_d": 0.030251394757990355,
  "ERI": 3.0251394757990355,
  "percentiles": {
    "p10": 3.0221909785024734,
    "p50": 3.1754916219271387,
    "p90": 3.7332803754542865
  },
  "ema": {
    "fast": 0.5801825384855193,
    "slow": 0.5898382511206207,
    "fast_period": 20,
    "slow_period": 100
  },
  "etv": {
    "horizon_days": 1,
    "risk_budget_usd": 100,
    "expected_move_usd": 0.6510100151919525,
    "qty": 153.60746788283228,
    "notional_usd": 3305.6327088385506,
    "leverage": 1
  }
}