{
  "t": "2025-12-09T23:28:18.840Z",
  "spot": 14.47,
  "sigma_d": 0.042384831995924376,
  "ERI": 4.238483199592437,
  "percentiles": {
    "p10": 4.114604769567366,
    "p50": 4.205411878068674,
    "p90": 4.355298909861288
  },
  "ema": {
    "fast": 0.8049231546557014,
    "slow": 0.8046189887888383,
    "fast_period": 20,
    "slow_period": 100
  },
  "etv": {
    "horizon_days": 1,
    "risk_budget_usd": 100,
    "expected_move_usd": 0.6133085189810258,
    "qty": 163.05007497065884,
    "notional_usd": 2359.3345848254335,
    "leverage": 1
  }
}