{
  "t": "2026-04-27T23:07:47.415Z",
  "spot": 9.26,
  "sigma_d": 0.02719204296203311,
  "ERI": 2.7192042962033107,
  "percentiles": {
    "p10": 2.749835875854412,
    "p50": 2.9814098780416742,
    "p90": 3.1611484400272216
  },
  "ema": {
    "fast": 0.5192164576239477,
    "slow": 0.5433005367672255,
    "fast_period": 20,
    "slow_period": 100
  },
  "etv": {
    "horizon_days": 1,
    "risk_budget_usd": 100,
    "expected_move_usd": 0.2517983178284266,
    "qty": 397.1432409176745,
    "notional_usd": 3677.5464108976657,
    "leverage": 1
  }
}