{
  "t": "2026-01-20T08:48:22.438Z",
  "spot": 12.5,
  "sigma_d": 0.025050166059144247,
  "ERI": 2.5050166059144248,
  "percentiles": {
    "p10": 2.4055990817203687,
    "p50": 2.483110998768935,
    "p90": 2.653462855241299
  },
  "ema": {
    "fast": 0.4681277425411413,
    "slow": 0.4672418149358084,
    "fast_period": 20,
    "slow_period": 100
  },
  "etv": {
    "horizon_days": 1,
    "risk_budget_usd": 100,
    "expected_move_usd": 0.3131270757393031,
    "qty": 319.359160378887,
    "notional_usd": 3991.9895047360874,
    "leverage": 1
  }
}