{
  "t": "2025-11-30T16:34:10.410Z",
  "spot": 13.4,
  "sigma_d": 0.04128344962074455,
  "ERI": 4.128344962074455,
  "percentiles": {
    "p10": 4.115790049083516,
    "p50": 4.232417248286998,
    "p90": 4.303829586085728
  },
  "ema": {
    "fast": 0.7835017795201251,
    "slow": 0.7996309960381586,
    "fast_period": 20,
    "slow_period": 100
  },
  "etv": {
    "horizon_days": 1,
    "risk_budget_usd": 100,
    "expected_move_usd": 0.553198224917977,
    "qty": 180.76702978363144,
    "notional_usd": 2422.2781991006614,
    "leverage": 1
  }
}