{
  "t": "2026-03-12T16:11:55.155Z",
  "spot": 9.02,
  "sigma_d": 0.03530000144899755,
  "ERI": 3.530000144899755,
  "percentiles": {
    "p10": 3.5303762225167232,
    "p50": 4.882583987093007,
    "p90": 5.094664514915411
  },
  "ema": {
    "fast": 0.6786068583462073,
    "slow": 0.7182483770234985,
    "fast_period": 20,
    "slow_period": 100
  },
  "etv": {
    "horizon_days": 1,
    "risk_budget_usd": 100,
    "expected_move_usd": 0.3184060130699579,
    "qty": 314.0644205674241,
    "notional_usd": 2832.8610735181655,
    "leverage": 1
  }
}