{
  "t": "2025-09-20T12:49:56.920Z",
  "spot": 23.21,
  "sigma_d": 0.03740801638697569,
  "ERI": 3.740801638697569,
  "percentiles": {
    "p10": 3.8839290939301407,
    "p50": 5.178631419891847,
    "p90": 5.615823843488842
  },
  "ema": {
    "fast": 0.7255730582947495,
    "slow": 0.8130021330013145,
    "fast_period": 20,
    "slow_period": 100
  },
  "etv": {
    "horizon_days": 1,
    "risk_budget_usd": 100,
    "expected_move_usd": 0.8682400603417058,
    "qty": 115.1755194993466,
    "notional_usd": 2673.223807579835,
    "leverage": 1
  }
}