{
  "t": "2026-03-02T10:59:43.246Z",
  "spot": 8.69,
  "sigma_d": 0.049064208834137576,
  "ERI": 4.906420883413758,
  "percentiles": {
    "p10": 4.643143417202287,
    "p50": 4.722468634393261,
    "p90": 5.141629785830333
  },
  "ema": {
    "fast": 0.9548117481195897,
    "slow": 0.9589295132010528,
    "fast_period": 20,
    "slow_period": 100
  },
  "etv": {
    "horizon_days": 1,
    "risk_budget_usd": 100,
    "expected_move_usd": 0.4263679747686555,
    "qty": 234.53919130361362,
    "notional_usd": 2038.1455724284021,
    "leverage": 1
  }
}