{
  "t": "2025-10-08T04:31:15.561Z",
  "spot": 21.84,
  "sigma_d": 0.03290746953541203,
  "ERI": 3.290746953541203,
  "percentiles": {
    "p10": 2.898875610941117,
    "p50": 3.0445627556185504,
    "p90": 3.174342756464835
  },
  "ema": {
    "fast": 0.6179630328363837,
    "slow": 0.5874416320832093,
    "fast_period": 20,
    "slow_period": 100
  },
  "etv": {
    "horizon_days": 1,
    "risk_budget_usd": 100,
    "expected_move_usd": 0.7186991346533987,
    "qty": 139.14028162594937,
    "notional_usd": 3038.823750710734,
    "leverage": 1
  }
}