{
  "t": "2025-11-11T17:27:55.387Z",
  "spot": 15.79,
  "sigma_d": 0.04480828502621971,
  "ERI": 4.480828502621971,
  "percentiles": {
    "p10": 4.7885166822892415,
    "p50": 6.001771773940257,
    "p90": 6.308191627099421
  },
  "ema": {
    "fast": 0.8670740289646723,
    "slow": 0.9805589700262733,
    "fast_period": 20,
    "slow_period": 100
  },
  "etv": {
    "horizon_days": 1,
    "risk_budget_usd": 100,
    "expected_move_usd": 0.7075228205640092,
    "qty": 141.3381972899248,
    "notional_usd": 2231.7301352079126,
    "leverage": 1
  }
}