{
  "t": "2026-02-14T23:35:11.730Z",
  "spot": 9.1,
  "sigma_d": 0.04703140692750226,
  "ERI": 4.703140692750226,
  "percentiles": {
    "p10": 3.255115610113519,
    "p50": 4.501890152064599,
    "p90": 4.747609022425738
  },
  "ema": {
    "fast": 0.8932548527719323,
    "slow": 0.8758513513363796,
    "fast_period": 20,
    "slow_period": 100
  },
  "etv": {
    "horizon_days": 1,
    "risk_budget_usd": 100,
    "expected_move_usd": 0.42798580304027056,
    "qty": 233.6526101791995,
    "notional_usd": 2126.2387526307157,
    "leverage": 1
  }
}