{
  "t": "2025-09-20T21:21:15.876Z",
  "spot": 23.39,
  "sigma_d": 0.0373429271718197,
  "ERI": 3.73429271718197,
  "percentiles": {
    "p10": 3.823982569718337,
    "p50": 5.163442655360771,
    "p90": 5.348719850857959
  },
  "ema": {
    "fast": 0.7185750116109101,
    "slow": 0.7966679364197936,
    "fast_period": 20,
    "slow_period": 100
  },
  "etv": {
    "horizon_days": 1,
    "risk_budget_usd": 100,
    "expected_move_usd": 0.8734510665488628,
    "qty": 114.48838272659637,
    "notional_usd": 2677.883271975089,
    "leverage": 1
  }
}