{
  "t": "2026-04-04T05:00:12.063Z",
  "spot": 8.65,
  "sigma_d": 0.027565067336910457,
  "ERI": 2.7565067336910456,
  "percentiles": {
    "p10": 2.935275663466255,
    "p50": 3.5323871368551725,
    "p90": 3.637374297236334
  },
  "ema": {
    "fast": 0.5354786554412,
    "slow": 0.56725267994905,
    "fast_period": 20,
    "slow_period": 100
  },
  "etv": {
    "horizon_days": 1,
    "risk_budget_usd": 100,
    "expected_move_usd": 0.23843783246427547,
    "qty": 419.3965318611204,
    "notional_usd": 3627.780000598692,
    "leverage": 1
  }
}