{
  "t": "2025-10-07T21:23:44.270Z",
  "spot": 22.14,
  "sigma_d": 0.03245200872092839,
  "ERI": 3.245200872092839,
  "percentiles": {
    "p10": 2.898875610941117,
    "p50": 3.0445627556185504,
    "p90": 3.174342756464835
  },
  "ema": {
    "fast": 0.6092953787075146,
    "slow": 0.5822244119966141,
    "fast_period": 20,
    "slow_period": 100
  },
  "etv": {
    "horizon_days": 1,
    "risk_budget_usd": 100,
    "expected_move_usd": 0.7184874730813546,
    "qty": 139.18127141609463,
    "notional_usd": 3081.4733491523352,
    "leverage": 1
  }
}