{
  "t": "2026-01-29T08:55:47.257Z",
  "spot": 11.57,
  "sigma_d": 0.029520603653995448,
  "ERI": 2.9520603653995448,
  "percentiles": {
    "p10": 2.419793577482409,
    "p50": 2.692247395777609,
    "p90": 2.9256036121235023
  },
  "ema": {
    "fast": 0.5613585920084095,
    "slow": 0.5466039453573148,
    "fast_period": 20,
    "slow_period": 100
  },
  "etv": {
    "horizon_days": 1,
    "risk_budget_usd": 100,
    "expected_move_usd": 0.3415533842767273,
    "qty": 292.78000044344395,
    "notional_usd": 3387.4646051306468,
    "leverage": 1
  }
}