{
  "t": "2026-01-14T23:26:25.923Z",
  "spot": 14.13,
  "sigma_d": 0.02648303973412315,
  "ERI": 2.648303973412315,
  "percentiles": {
    "p10": 2.4676164759095607,
    "p50": 2.5295525998673005,
    "p90": 2.65144532578372
  },
  "ema": {
    "fast": 0.5036504414893014,
    "slow": 0.4880045646452643,
    "fast_period": 20,
    "slow_period": 100
  },
  "etv": {
    "horizon_days": 1,
    "risk_budget_usd": 100,
    "expected_move_usd": 0.37420535144316014,
    "qty": 267.23295007497904,
    "notional_usd": 3776.001584559454,
    "leverage": 1
  }
}