{
  "t": "2026-04-07T17:13:45.820Z",
  "spot": 8.62,
  "sigma_d": 0.02644218263635617,
  "ERI": 2.644218263635617,
  "percentiles": {
    "p10": 2.6547329596237685,
    "p50": 2.9715772615676186,
    "p90": 3.6335277987679855
  },
  "ema": {
    "fast": 0.5053990570132281,
    "slow": 0.5280025184773307,
    "fast_period": 20,
    "slow_period": 100
  },
  "etv": {
    "horizon_days": 1,
    "risk_budget_usd": 100,
    "expected_move_usd": 0.22793161432539016,
    "qty": 438.72808208712195,
    "notional_usd": 3781.8360675909908,
    "leverage": 1
  }
}