{
  "t": "2026-03-29T03:31:55.891Z",
  "spot": 8.55,
  "sigma_d": 0.02961026919472551,
  "ERI": 2.9610269194725514,
  "percentiles": {
    "p10": 3.0396049762188904,
    "p50": 3.536461500757401,
    "p90": 3.6384711783368635
  },
  "ema": {
    "fast": 0.5822668474041417,
    "slow": 0.6324230675261167,
    "fast_period": 20,
    "slow_period": 100
  },
  "etv": {
    "horizon_days": 1,
    "risk_budget_usd": 100,
    "expected_move_usd": 0.25316780161490315,
    "qty": 394.99493759522903,
    "notional_usd": 3377.2067164392083,
    "leverage": 1
  }
}