{
  "t": "2026-03-11T19:06:48.652Z",
  "spot": 9.09,
  "sigma_d": 0.03586950781831686,
  "ERI": 3.586950781831686,
  "percentiles": {
    "p10": 3.5411879104231208,
    "p50": 4.888644773275633,
    "p90": 5.133775918496204
  },
  "ema": {
    "fast": 0.6851002331275531,
    "slow": 0.7314121317166037,
    "fast_period": 20,
    "slow_period": 100
  },
  "etv": {
    "horizon_days": 1,
    "risk_budget_usd": 100,
    "expected_move_usd": 0.32605382606850025,
    "qty": 306.69782718326735,
    "notional_usd": 2787.8832490959003,
    "leverage": 1
  }
}