{
  "t": "2025-11-27T22:28:40.878Z",
  "spot": 13.44,
  "sigma_d": 0.04306174802473778,
  "ERI": 4.306174802473778,
  "percentiles": {
    "p10": 4.147915623854,
    "p50": 4.247066775942117,
    "p90": 4.416427143395487
  },
  "ema": {
    "fast": 0.8218924163726322,
    "slow": 0.8157992506829075,
    "fast_period": 20,
    "slow_period": 100
  },
  "etv": {
    "horizon_days": 1,
    "risk_budget_usd": 100,
    "expected_move_usd": 0.5787498934524757,
    "qty": 172.78620891566788,
    "notional_usd": 2322.2466478265765,
    "leverage": 1
  }
}