{
  "t": "2026-06-29T00:17:58.030Z",
  "spot": 7.25,
  "sigma_d": 0.029707970777785846,
  "ERI": 2.9707970777785846,
  "percentiles": {
    "p10": 2.2563383535666586,
    "p50": 2.970441712563078,
    "p90": 3.0581366947690714
  },
  "ema": {
    "fast": 0.5735444973451962,
    "slow": 0.5698866937085344,
    "fast_period": 20,
    "slow_period": 100
  },
  "etv": {
    "horizon_days": 1,
    "risk_budget_usd": 100,
    "expected_move_usd": 0.21538278813894737,
    "qty": 464.2896531522666,
    "notional_usd": 3366.099985353933,
    "leverage": 1
  }
}