{
  "t": "2026-05-09T15:05:48.826Z",
  "spot": 10.33,
  "sigma_d": 0.024370547861585615,
  "ERI": 2.4370547861585616,
  "percentiles": {
    "p10": 2.5333522074673542,
    "p50": 2.6997992180505523,
    "p90": 3.057727359083212
  },
  "ema": {
    "fast": 0.4679960393113346,
    "slow": 0.49190157852253846,
    "fast_period": 20,
    "slow_period": 100
  },
  "etv": {
    "horizon_days": 1,
    "risk_budget_usd": 100,
    "expected_move_usd": 0.2517477594101794,
    "qty": 397.22299906180024,
    "notional_usd": 4103.313580308397,
    "leverage": 1
  }
}