{
  "t": "2025-10-23T10:32:39.374Z",
  "spot": 17.37,
  "sigma_d": 0.05934837529934526,
  "ERI": 5.9348375299345255,
  "percentiles": {
    "p10": 5.593267722625021,
    "p50": 5.718482531830576,
    "p90": 5.952822871411555
  },
  "ema": {
    "fast": 1.134145304969277,
    "slow": 1.1226554293044653,
    "fast_period": 20,
    "slow_period": 100
  },
  "etv": {
    "horizon_days": 1,
    "risk_budget_usd": 100,
    "expected_move_usd": 1.0308812789496271,
    "qty": 97.00438066145772,
    "notional_usd": 1684.9660920895205,
    "leverage": 1
  }
}