{
  "t": "2025-10-19T12:50:21.559Z",
  "spot": 17.07,
  "sigma_d": 0.057001905749602094,
  "ERI": 5.700190574960209,
  "percentiles": {
    "p10": 3.362239776242804,
    "p50": 5.640631620432911,
    "p90": 5.734963675420762
  },
  "ema": {
    "fast": 1.088881534895554,
    "slow": 1.0788524882447537,
    "fast_period": 20,
    "slow_period": 100
  },
  "etv": {
    "horizon_days": 1,
    "risk_budget_usd": 100,
    "expected_move_usd": 0.9730225311457078,
    "qty": 102.77254308001758,
    "notional_usd": 1754.3273103759002,
    "leverage": 1
  }
}