{
  "t": "2025-11-26T17:28:40.999Z",
  "spot": 13.04,
  "sigma_d": 0.04251103200520635,
  "ERI": 4.251103200520635,
  "percentiles": {
    "p10": 4.147915623854,
    "p50": 4.247066775942117,
    "p90": 4.441963011031062
  },
  "ema": {
    "fast": 0.811473772947397,
    "slow": 0.8110367440251849,
    "fast_period": 20,
    "slow_period": 100
  },
  "etv": {
    "horizon_days": 1,
    "risk_budget_usd": 100,
    "expected_move_usd": 0.5543438573478908,
    "qty": 180.3934483524777,
    "notional_usd": 2352.330566516309,
    "leverage": 1
  }
}