{
  "t": "2025-09-04T13:33:42.750Z",
  "spot": 23.27,
  "sigma_d": 0.061688717707684276,
  "ERI": 6.168871770768428,
  "percentiles": {
    "p10": 5.484393670648377,
    "p50": 6.148638214513219,
    "p90": 6.223589825189247
  },
  "ema": {
    "fast": 1.175984587861642,
    "slow": 1.0208378591082532,
    "fast_period": 20,
    "slow_period": 100
  },
  "etv": {
    "horizon_days": 1,
    "risk_budget_usd": 100,
    "expected_move_usd": 1.4354964610578131,
    "qty": 69.66231036634552,
    "notional_usd": 1621.0419622248603,
    "leverage": 1
  }
}