{
  "t": "2025-11-11T02:08:21.320Z",
  "spot": 16.31,
  "sigma_d": 0.04449867850513256,
  "ERI": 4.449867850513256,
  "percentiles": {
    "p10": 4.809396264603214,
    "p50": 6.001771773940257,
    "p90": 6.308191627099421
  },
  "ema": {
    "fast": 0.9172318461254788,
    "slow": 1.0254852027501735,
    "fast_period": 20,
    "slow_period": 100
  },
  "etv": {
    "horizon_days": 1,
    "risk_budget_usd": 100,
    "expected_move_usd": 0.725773446418712,
    "qty": 137.78404334499194,
    "notional_usd": 2247.257746956818,
    "leverage": 1
  }
}