{
  "t": "2026-07-02T14:25:38.145Z",
  "spot": 7.88,
  "sigma_d": 0.03053011016938707,
  "ERI": 3.053011016938707,
  "percentiles": {
    "p10": 2.2847164414631216,
    "p50": 2.9929368977906883,
    "p90": 3.062965882554884
  },
  "ema": {
    "fast": 0.5706548564534234,
    "slow": 0.5710051491965035,
    "fast_period": 20,
    "slow_period": 100
  },
  "etv": {
    "horizon_days": 1,
    "risk_budget_usd": 100,
    "expected_move_usd": 0.2405772681347701,
    "qty": 415.6668698390096,
    "notional_usd": 3275.4549343313956,
    "leverage": 1
  }
}