{
  "t": "2025-09-15T23:22:43.812Z",
  "spot": 23.62,
  "sigma_d": 0.05165564376066652,
  "ERI": 5.165564376066651,
  "percentiles": {
    "p10": 5.180618249128266,
    "p50": 5.61677176679072,
    "p90": 6.044820525860624
  },
  "ema": {
    "fast": 0.9896067038144072,
    "slow": 1.0039462823256473,
    "fast_period": 20,
    "slow_period": 100
  },
  "etv": {
    "horizon_days": 1,
    "risk_budget_usd": 100,
    "expected_move_usd": 1.2201063056269432,
    "qty": 81.96007146165488,
    "notional_usd": 1935.8968879242882,
    "leverage": 1
  }
}