{
  "t": "2025-09-12T03:33:17.280Z",
  "spot": 24.62,
  "sigma_d": 0.053312747342756726,
  "ERI": 5.331274734275673,
  "percentiles": {
    "p10": 5.484393670648377,
    "p50": 5.715480716058799,
    "p90": 6.2631249283782875
  },
  "ema": {
    "fast": 1.0214065437912359,
    "slow": 1.0614174604385225,
    "fast_period": 20,
    "slow_period": 100
  },
  "etv": {
    "horizon_days": 1,
    "risk_budget_usd": 100,
    "expected_move_usd": 1.3125598395786706,
    "qty": 76.18700266808393,
    "notional_usd": 1875.7240056882265,
    "leverage": 1
  }
}