{
  "t": "2025-12-15T05:36:28.375Z",
  "spot": 13.62,
  "sigma_d": 0.03976531254891124,
  "ERI": 3.976531254891124,
  "percentiles": {
    "p10": 4.0216784565712365,
    "p50": 4.151173661841501,
    "p90": 4.3332772583232355
  },
  "ema": {
    "fast": 0.7562602789285511,
    "slow": 0.7702651882441713,
    "fast_period": 20,
    "slow_period": 100
  },
  "etv": {
    "horizon_days": 1,
    "risk_budget_usd": 100,
    "expected_move_usd": 0.541603556916171,
    "qty": 184.63689671720144,
    "notional_usd": 2514.7545332882833,
    "leverage": 1
  }
}