{
  "t": "2026-03-11T10:56:06.742Z",
  "spot": 8.95,
  "sigma_d": 0.035821311708594594,
  "ERI": 3.5821311708594594,
  "percentiles": {
    "p10": 3.5411879104231208,
    "p50": 4.890625310497926,
    "p90": 5.135640702673335
  },
  "ema": {
    "fast": 0.685290014309758,
    "slow": 0.7384054276838131,
    "fast_period": 20,
    "slow_period": 100
  },
  "etv": {
    "horizon_days": 1,
    "risk_budget_usd": 100,
    "expected_move_usd": 0.3206007397919216,
    "qty": 311.9144393269418,
    "notional_usd": 2791.634231976129,
    "leverage": 1
  }
}