{
  "t": "2025-12-30T04:50:29.948Z",
  "spot": 12.37,
  "sigma_d": 0.037774318062549196,
  "ERI": 3.7774318062549197,
  "percentiles": {
    "p10": 3.7540600216572577,
    "p50": 3.794447257088814,
    "p90": 4.0223470177867515
  },
  "ema": {
    "fast": 0.7213008081618848,
    "slow": 0.7223318103248003,
    "fast_period": 20,
    "slow_period": 100
  },
  "etv": {
    "horizon_days": 1,
    "risk_budget_usd": 100,
    "expected_move_usd": 0.4672683144337335,
    "qty": 214.00980317098234,
    "notional_usd": 2647.3012652250513,
    "leverage": 1
  }
}