{
  "t": "2025-11-26T13:42:56.540Z",
  "spot": 12.89,
  "sigma_d": 0.04246895083739973,
  "ERI": 4.2468950837399735,
  "percentiles": {
    "p10": 4.147915623854,
    "p50": 4.247310357131706,
    "p90": 4.446541914754236
  },
  "ema": {
    "fast": 0.811349009915367,
    "slow": 0.8109818442433759,
    "fast_period": 20,
    "slow_period": 100
  },
  "etv": {
    "horizon_days": 1,
    "risk_budget_usd": 100,
    "expected_move_usd": 0.5474247762940826,
    "qty": 182.67350023316976,
    "notional_usd": 2354.6614180055585,
    "leverage": 1
  }
}