{
  "t": "2026-04-21T20:10:50.613Z",
  "spot": 9.29,
  "sigma_d": 0.03045826306571121,
  "ERI": 3.045826306571121,
  "percentiles": {
    "p10": 2.652230297274112,
    "p50": 2.9720190033001277,
    "p90": 3.1611484400272216
  },
  "ema": {
    "fast": 0.5858813864352015,
    "slow": 0.5844717922942205,
    "fast_period": 20,
    "slow_period": 100
  },
  "etv": {
    "horizon_days": 1,
    "risk_budget_usd": 100,
    "expected_move_usd": 0.2829572638804571,
    "qty": 353.4102593042025,
    "notional_usd": 3283.1813089360408,
    "leverage": 1
  }
}