{
  "t": "2025-12-07T10:29:11.994Z",
  "spot": 13.81,
  "sigma_d": 0.041391359720440495,
  "ERI": 4.139135972044049,
  "percentiles": {
    "p10": 4.118119650565298,
    "p50": 4.283066400887476,
    "p90": 4.3534687305871165
  },
  "ema": {
    "fast": 0.8072014804245111,
    "slow": 0.8186828201584742,
    "fast_period": 20,
    "slow_period": 100
  },
  "etv": {
    "horizon_days": 1,
    "risk_budget_usd": 100,
    "expected_move_usd": 0.5716146777392832,
    "qty": 174.94302349879578,
    "notional_usd": 2415.9631545183697,
    "leverage": 1
  }
}