{
  "t": "2025-12-08T23:28:04.766Z",
  "spot": 13.75,
  "sigma_d": 0.04150690095429271,
  "ERI": 4.150690095429271,
  "percentiles": {
    "p10": 4.118119650565298,
    "p50": 4.235070625920695,
    "p90": 4.3534687305871165
  },
  "ema": {
    "fast": 0.7954408161027466,
    "slow": 0.8069927707355322,
    "fast_period": 20,
    "slow_period": 100
  },
  "etv": {
    "horizon_days": 1,
    "risk_budget_usd": 100,
    "expected_move_usd": 0.5707198881215247,
    "qty": 175.21730376199324,
    "notional_usd": 2409.237926727407,
    "leverage": 1
  }
}