{
  "t": "2025-09-27T14:23:36.280Z",
  "spot": 21.03,
  "sigma_d": 0.03174324227719272,
  "ERI": 3.174324227719272,
  "percentiles": {
    "p10": 3.1244667380943825,
    "p50": 3.579625223748419,
    "p90": 4.628358632664457
  },
  "ema": {
    "fast": 0.6119028623272184,
    "slow": 0.6289002696743007,
    "fast_period": 20,
    "slow_period": 100
  },
  "etv": {
    "horizon_days": 1,
    "risk_budget_usd": 100,
    "expected_move_usd": 0.6675603850893629,
    "qty": 149.79918256625356,
    "notional_usd": 3150.2768093683126,
    "leverage": 1
  }
}