{
  "t": "2025-09-21T22:25:34.633Z",
  "spot": 22.97,
  "sigma_d": 0.03439898277996724,
  "ERI": 3.4398982779967238,
  "percentiles": {
    "p10": 3.733332257385639,
    "p50": 4.634062998838099,
    "p90": 5.328731794840916
  },
  "ema": {
    "fast": 0.6639359969883906,
    "slow": 0.7464169608483721,
    "fast_period": 20,
    "slow_period": 100
  },
  "etv": {
    "horizon_days": 1,
    "risk_budget_usd": 100,
    "expected_move_usd": 0.7901446344558474,
    "qty": 126.5591078383611,
    "notional_usd": 2907.062707047154,
    "leverage": 1
  }
}