{
  "t": "2026-05-16T21:01:01.285Z",
  "spot": 9.74,
  "sigma_d": 0.022005470015105763,
  "ERI": 2.2005470015105764,
  "percentiles": {
    "p10": 2.1949667244593742,
    "p50": 2.5739034468850557,
    "p90": 2.7770444158134664
  },
  "ema": {
    "fast": 0.4183389040118831,
    "slow": 0.44495633538338464,
    "fast_period": 20,
    "slow_period": 100
  },
  "etv": {
    "horizon_days": 1,
    "risk_budget_usd": 100,
    "expected_move_usd": 0.21433327794713014,
    "qty": 466.56310656839355,
    "notional_usd": 4544.3246579761535,
    "leverage": 1
  }
}