{
  "t": "2025-11-05T04:33:31.183Z",
  "spot": 14.79,
  "sigma_d": 0.06174487714298863,
  "ERI": 6.174487714298863,
  "percentiles": {
    "p10": 5.766426315714119,
    "p50": 5.804579385042821,
    "p90": 6.286589651002098
  },
  "ema": {
    "fast": 1.1988687440100454,
    "slow": 1.1590235314190227,
    "fast_period": 20,
    "slow_period": 100
  },
  "etv": {
    "horizon_days": 1,
    "risk_budget_usd": 100,
    "expected_move_usd": 0.9132067329448018,
    "qty": 109.50422986647476,
    "notional_usd": 1619.5675597251616,
    "leverage": 1
  }
}