{
  "t": "2026-01-01T11:27:22.422Z",
  "spot": 12.26,
  "sigma_d": 0.02883688373544729,
  "ERI": 2.883688373544729,
  "percentiles": {
    "p10": 3.5373742083127215,
    "p50": 3.776569939944189,
    "p90": 3.8586454212450976
  },
  "ema": {
    "fast": 0.6035292230019726,
    "slow": 0.6801037600296067,
    "fast_period": 20,
    "slow_period": 100
  },
  "etv": {
    "horizon_days": 1,
    "risk_budget_usd": 100,
    "expected_move_usd": 0.35354019459658376,
    "qty": 282.8532696660067,
    "notional_usd": 3467.7810861052426,
    "leverage": 1
  }
}