{
  "t": "2025-09-20T10:27:31.724Z",
  "spot": 23.24,
  "sigma_d": 0.03739359480242377,
  "ERI": 3.739359480242377,
  "percentiles": {
    "p10": 3.909162073412348,
    "p50": 5.180300026823794,
    "p90": 5.616695870815084
  },
  "ema": {
    "fast": 0.7280287229923516,
    "slow": 0.8170228715812162,
    "fast_period": 20,
    "slow_period": 100
  },
  "etv": {
    "horizon_days": 1,
    "risk_budget_usd": 100,
    "expected_move_usd": 0.8690271432083283,
    "qty": 115.07120437091734,
    "notional_usd": 2674.254789580119,
    "leverage": 1
  }
}