{
  "t": "2025-12-28T18:41:23.960Z",
  "spot": 12.39,
  "sigma_d": 0.03771893276190225,
  "ERI": 3.7718932761902253,
  "percentiles": {
    "p10": 3.7540600216572577,
    "p50": 3.848857105063585,
    "p90": 4.024022547779961
  },
  "ema": {
    "fast": 0.7199801552653617,
    "slow": 0.722707752662067,
    "fast_period": 20,
    "slow_period": 100
  },
  "etv": {
    "horizon_days": 1,
    "risk_budget_usd": 100,
    "expected_move_usd": 0.46733757691996897,
    "qty": 213.9780855180941,
    "notional_usd": 2651.1884795691863,
    "leverage": 1
  }
}