{
  "t": "2025-12-22T07:33:14.720Z",
  "spot": 12.56,
  "sigma_d": 0.03856787757914554,
  "ERI": 3.856787757914554,
  "percentiles": {
    "p10": 3.8660288731808037,
    "p50": 4.015502332029838,
    "p90": 4.088987328920086
  },
  "ema": {
    "fast": 0.7390549429751134,
    "slow": 0.7547103119592217,
    "fast_period": 20,
    "slow_period": 100
  },
  "etv": {
    "horizon_days": 1,
    "risk_budget_usd": 100,
    "expected_move_usd": 0.48441254239406795,
    "qty": 206.43561272335995,
    "notional_usd": 2592.831295805401,
    "leverage": 1
  }
}