{
  "t": "2026-01-05T02:36:27.139Z",
  "spot": 13.69,
  "sigma_d": 0.025242143421381463,
  "ERI": 2.5242143421381464,
  "percentiles": {
    "p10": 2.5453489400621736,
    "p50": 3.7502482091595613,
    "p90": 3.7835491341336844
  },
  "ema": {
    "fast": 0.48608881724272895,
    "slow": 0.5371162075366288,
    "fast_period": 20,
    "slow_period": 100
  },
  "etv": {
    "horizon_days": 1,
    "risk_budget_usd": 100,
    "expected_move_usd": 0.3455649434387122,
    "qty": 289.3812057580301,
    "notional_usd": 3961.628706827432,
    "leverage": 1
  }
}