{
  "t": "2025-09-16T03:36:06.913Z",
  "spot": 23.48,
  "sigma_d": 0.0462839604247591,
  "ERI": 4.62839604247591,
  "percentiles": {
    "p10": 5.1783073780797775,
    "p50": 5.615590605905861,
    "p90": 6.04266899122639
  },
  "ema": {
    "fast": 0.9622813166249722,
    "slow": 0.9969756242543099,
    "fast_period": 20,
    "slow_period": 100
  },
  "etv": {
    "horizon_days": 1,
    "risk_budget_usd": 100,
    "expected_move_usd": 1.0867473907733438,
    "qty": 92.01770425125076,
    "notional_usd": 2160.575695819368,
    "leverage": 1
  }
}