{
  "t": "2026-03-21T19:34:07.100Z",
  "spot": 9.06,
  "sigma_d": 0.03597633774983572,
  "ERI": 3.5976337749835716,
  "percentiles": {
    "p10": 3.427595152318238,
    "p50": 3.534662273957117,
    "p90": 3.62372771418494
  },
  "ema": {
    "fast": 0.6870277474874841,
    "slow": 0.6819102291078916,
    "fast_period": 20,
    "slow_period": 100
  },
  "etv": {
    "horizon_days": 1,
    "risk_budget_usd": 100,
    "expected_move_usd": 0.3259456200135116,
    "qty": 306.7996434370084,
    "notional_usd": 2779.6047695392963,
    "leverage": 1
  }
}