{
  "t": "2025-12-12T17:30:30.221Z",
  "spot": 13.48,
  "sigma_d": 0.041055376720279986,
  "ERI": 4.105537672027999,
  "percentiles": {
    "p10": 4.0881596089116625,
    "p50": 4.1970094850166575,
    "p90": 4.355298909861288
  },
  "ema": {
    "fast": 0.7763636722375825,
    "slow": 0.7893315767213921,
    "fast_period": 20,
    "slow_period": 100
  },
  "etv": {
    "horizon_days": 1,
    "risk_budget_usd": 100,
    "expected_move_usd": 0.5534264781893742,
    "qty": 180.69247486525484,
    "notional_usd": 2435.7345611836354,
    "leverage": 1
  }
}