{
  "t": "2026-03-01T11:30:36.352Z",
  "spot": 8.89,
  "sigma_d": 0.05078998132752429,
  "ERI": 5.078998132752429,
  "percentiles": {
    "p10": 4.643143417202287,
    "p50": 4.716871443527401,
    "p90": 5.141629785830333
  },
  "ema": {
    "fast": 0.9730797659361842,
    "slow": 0.9598062631477686,
    "fast_period": 20,
    "slow_period": 100
  },
  "etv": {
    "horizon_days": 1,
    "risk_budget_usd": 100,
    "expected_move_usd": 0.45152293400169097,
    "qty": 221.47269267971558,
    "notional_usd": 1968.8922379226717,
    "leverage": 1
  }
}