{
  "t": "2025-12-22T17:29:22.885Z",
  "spot": 12.71,
  "sigma_d": 0.03871362117886506,
  "ERI": 3.871362117886506,
  "percentiles": {
    "p10": 3.8642332506557526,
    "p50": 3.9922495110950456,
    "p90": 4.074528260592562
  },
  "ema": {
    "fast": 0.7395067078816742,
    "slow": 0.7519704578430499,
    "fast_period": 20,
    "slow_period": 100
  },
  "etv": {
    "horizon_days": 1,
    "risk_budget_usd": 100,
    "expected_move_usd": 0.49205012518337493,
    "qty": 203.2313272204381,
    "notional_usd": 2583.0701689717685,
    "leverage": 1
  }
}