{
  "t": "2026-01-05T13:06:15.628Z",
  "spot": 13.55,
  "sigma_d": 0.02501532450042119,
  "ERI": 2.5015324500421188,
  "percentiles": {
    "p10": 2.532861241209414,
    "p50": 3.7482045519481866,
    "p90": 3.780405593137426
  },
  "ema": {
    "fast": 0.48110037900740726,
    "slow": 0.5273372523231981,
    "fast_period": 20,
    "slow_period": 100
  },
  "etv": {
    "horizon_days": 1,
    "risk_budget_usd": 100,
    "expected_move_usd": 0.33895764698070713,
    "qty": 295.02210937194707,
    "notional_usd": 3997.549581989883,
    "leverage": 1
  }
}