{
  "t": "2026-03-17T02:52:00.889Z",
  "spot": 9.93,
  "sigma_d": 0.034237354766954275,
  "ERI": 3.4237354766954278,
  "percentiles": {
    "p10": 3.437814307157541,
    "p50": 3.5828794138404145,
    "p90": 4.892060955583414
  },
  "ema": {
    "fast": 0.6596722327730585,
    "slow": 0.6727360525864736,
    "fast_period": 20,
    "slow_period": 100
  },
  "etv": {
    "horizon_days": 1,
    "risk_budget_usd": 100,
    "expected_move_usd": 0.33997693283585595,
    "qty": 294.13760270694877,
    "notional_usd": 2920.7863948800014,
    "leverage": 1
  }
}