{
  "t": "2025-09-26T14:26:47.281Z",
  "spot": 20.46,
  "sigma_d": 0.032531794669513586,
  "ERI": 3.2531794669513587,
  "percentiles": {
    "p10": 3.1244667380943825,
    "p50": 3.733247594311438,
    "p90": 4.631016153951227
  },
  "ema": {
    "fast": 0.6135627026247163,
    "slow": 0.6357803265385926,
    "fast_period": 20,
    "slow_period": 100
  },
  "etv": {
    "horizon_days": 1,
    "risk_budget_usd": 100,
    "expected_move_usd": 0.665600518938248,
    "qty": 150.24026747983595,
    "notional_usd": 3073.9158726374435,
    "leverage": 1
  }
}