{
  "t": "2026-01-11T07:30:28.012Z",
  "spot": 13.2,
  "sigma_d": 0.02470071994530032,
  "ERI": 2.470071994530032,
  "percentiles": {
    "p10": 2.5196067219704377,
    "p50": 2.5769936607740114,
    "p90": 3.5321791156006044
  },
  "ema": {
    "fast": 0.4780319303871595,
    "slow": 0.48860182985152834,
    "fast_period": 20,
    "slow_period": 100
  },
  "etv": {
    "horizon_days": 1,
    "risk_budget_usd": 100,
    "expected_move_usd": 0.3260495032779642,
    "qty": 306.70189340772544,
    "notional_usd": 4048.4649929819757,
    "leverage": 1
  }
}