{
  "t": "2025-10-23T12:58:33.312Z",
  "spot": 17.23,
  "sigma_d": 0.05929023883225804,
  "ERI": 5.929023883225804,
  "percentiles": {
    "p10": 5.5997112553473585,
    "p50": 5.718883881373568,
    "p90": 5.952822871411555
  },
  "ema": {
    "fast": 1.1340222359811485,
    "slow": 1.1230805691954007,
    "fast_period": 20,
    "slow_period": 100
  },
  "etv": {
    "horizon_days": 1,
    "risk_budget_usd": 100,
    "expected_move_usd": 1.0215708150798062,
    "qty": 97.88846600143711,
    "notional_usd": 1686.6182692047614,
    "leverage": 1
  }
}