{
  "t": "2026-04-27T18:16:12.648Z",
  "spot": 9.22,
  "sigma_d": 0.027377397303493547,
  "ERI": 2.7377397303493547,
  "percentiles": {
    "p10": 2.788711537447378,
    "p50": 2.9814098780416742,
    "p90": 3.1611484400272216
  },
  "ema": {
    "fast": 0.5183581456035657,
    "slow": 0.5446318346553926,
    "fast_period": 20,
    "slow_period": 100
  },
  "etv": {
    "horizon_days": 1,
    "risk_budget_usd": 100,
    "expected_move_usd": 0.25241960313821055,
    "qty": 396.16574448556486,
    "notional_usd": 3652.648164156908,
    "leverage": 1
  }
}