{
  "t": "2026-03-14T11:35:01.376Z",
  "spot": 8.98,
  "sigma_d": 0.034913295287299986,
  "ERI": 3.491329528729999,
  "percentiles": {
    "p10": 3.4909459657154995,
    "p50": 4.0276554217337175,
    "p90": 4.996024575726871
  },
  "ema": {
    "fast": 0.667784513837851,
    "slow": 0.6937897778813128,
    "fast_period": 20,
    "slow_period": 100
  },
  "etv": {
    "horizon_days": 1,
    "risk_budget_usd": 100,
    "expected_move_usd": 0.3135213916799539,
    "qty": 318.957502274936,
    "notional_usd": 2864.2383704289255,
    "leverage": 1
  }
}