{
  "t": "2026-01-24T22:31:04.687Z",
  "spot": 12.23,
  "sigma_d": 0.026755155498440496,
  "ERI": 2.6755155498440497,
  "percentiles": {
    "p10": 2.4055990817203687,
    "p50": 2.61104177871014,
    "p90": 2.7011119827270647
  },
  "ema": {
    "fast": 0.5117513140096046,
    "slow": 0.5055915841881865,
    "fast_period": 20,
    "slow_period": 100
  },
  "etv": {
    "horizon_days": 1,
    "risk_budget_usd": 100,
    "expected_move_usd": 0.32721555174592726,
    "qty": 305.60894635486915,
    "notional_usd": 3737.59741392005,
    "leverage": 1
  }
}