{
  "t": "2026-03-25T10:05:56.622Z",
  "spot": 9.38,
  "sigma_d": 0.03537183689186758,
  "ERI": 3.5371836891867576,
  "percentiles": {
    "p10": 3.427595152318238,
    "p50": 3.559659320344913,
    "p90": 3.6333360614295604
  },
  "ema": {
    "fast": 0.6873200654164515,
    "slow": 0.6867173813277929,
    "fast_period": 20,
    "slow_period": 100
  },
  "etv": {
    "horizon_days": 1,
    "risk_budget_usd": 100,
    "expected_move_usd": 0.3317878300457179,
    "qty": 301.3974321668783,
    "notional_usd": 2827.1079137253187,
    "leverage": 1
  }
}