{
  "t": "2026-02-28T21:32:18.053Z",
  "spot": 8.77,
  "sigma_d": 0.05079372842905763,
  "ERI": 5.079372842905763,
  "percentiles": {
    "p10": 4.643143417202287,
    "p50": 4.7145860361524745,
    "p90": 5.141629785830333
  },
  "ema": {
    "fast": 0.9745272463380431,
    "slow": 0.9569758493059466,
    "fast_period": 20,
    "slow_period": 100
  },
  "etv": {
    "horizon_days": 1,
    "risk_budget_usd": 100,
    "expected_move_usd": 0.4454609983228354,
    "qty": 224.48654399936444,
    "notional_usd": 1968.746990874426,
    "leverage": 1
  }
}