{
  "t": "2026-03-18T21:47:11.895Z",
  "spot": 9.24,
  "sigma_d": 0.03601419905595761,
  "ERI": 3.601419905595761,
  "percentiles": {
    "p10": 3.427595152318238,
    "p50": 3.534662273957117,
    "p90": 4.89094047853643
  },
  "ema": {
    "fast": 0.6718260165437011,
    "slow": 0.669904854587863,
    "fast_period": 20,
    "slow_period": 100
  },
  "etv": {
    "horizon_days": 1,
    "risk_budget_usd": 100,
    "expected_move_usd": 0.33277119927704835,
    "qty": 300.5067752775837,
    "notional_usd": 2776.6826035648733,
    "leverage": 1
  }
}