{
  "t": "2026-02-12T15:01:14.246Z",
  "spot": 8.51,
  "sigma_d": 0.04531287317700765,
  "ERI": 4.531287317700765,
  "percentiles": {
    "p10": 3.1557806799001753,
    "p50": 3.4401055691268168,
    "p90": 4.747609022425738
  },
  "ema": {
    "fast": 0.8822695158139223,
    "slow": 0.8661008737342655,
    "fast_period": 20,
    "slow_period": 100
  },
  "etv": {
    "horizon_days": 1,
    "risk_budget_usd": 100,
    "expected_move_usd": 0.3856125507363351,
    "qty": 259.3276588353982,
    "notional_usd": 2206.878376689239,
    "leverage": 1
  }
}