{
  "t": "2026-06-20T09:33:24.514Z",
  "spot": 7.94,
  "sigma_d": 0.029845176112832175,
  "ERI": 2.9845176112832177,
  "percentiles": {
    "p10": 2.12457552580447,
    "p50": 2.3179395319291416,
    "p90": 3.053945068786401
  },
  "ema": {
    "fast": 0.5757773249874358,
    "slow": 0.5608078140941135,
    "fast_period": 20,
    "slow_period": 100
  },
  "etv": {
    "horizon_days": 1,
    "risk_budget_usd": 100,
    "expected_move_usd": 0.2369706983358875,
    "qty": 421.99310168828464,
    "notional_usd": 3350.6252274049803,
    "leverage": 1
  }
}