{
  "t": "2026-01-09T02:25:34.087Z",
  "spot": 13.29,
  "sigma_d": 0.025233205861364565,
  "ERI": 2.5233205861364563,
  "percentiles": {
    "p10": 2.526659843664439,
    "p50": 2.651239248069523,
    "p90": 3.776238704747005
  },
  "ema": {
    "fast": 0.488657445579533,
    "slow": 0.5015530076716517,
    "fast_period": 20,
    "slow_period": 100
  },
  "etv": {
    "horizon_days": 1,
    "risk_budget_usd": 100,
    "expected_move_usd": 0.33534930589753503,
    "qty": 298.1965319187352,
    "notional_usd": 3963.031909199991,
    "leverage": 1
  }
}