{
  "t": "2026-01-14T10:39:09.125Z",
  "spot": 14.01,
  "sigma_d": 0.02648030019209298,
  "ERI": 2.648030019209298,
  "percentiles": {
    "p10": 2.4676164759095607,
    "p50": 2.5295525998673005,
    "p90": 2.649281675537229
  },
  "ema": {
    "fast": 0.49568647576214186,
    "slow": 0.48281192248416993,
    "fast_period": 20,
    "slow_period": 100
  },
  "etv": {
    "horizon_days": 1,
    "risk_budget_usd": 100,
    "expected_move_usd": 0.3709890056912226,
    "qty": 269.54976688239344,
    "notional_usd": 3776.392234022332,
    "leverage": 1
  }
}