{
  "t": "2026-06-05T12:18:04.692Z",
  "spot": 7.54,
  "sigma_d": 0.026650893982168796,
  "ERI": 2.6650893982168795,
  "percentiles": {
    "p10": 2.1046049427482103,
    "p50": 2.249324684121694,
    "p90": 2.5211942561286076
  },
  "ema": {
    "fast": 0.48472996254569045,
    "slow": 0.4494358859463444,
    "fast_period": 20,
    "slow_period": 100
  },
  "etv": {
    "horizon_days": 1,
    "risk_budget_usd": 100,
    "expected_move_usd": 0.20094774062555273,
    "qty": 497.64182313619847,
    "notional_usd": 3752.2193464469365,
    "leverage": 1
  }
}