{
  "t": "2026-01-29T20:44:26.152Z",
  "spot": 10.98,
  "sigma_d": 0.03208950015690468,
  "ERI": 3.208950015690468,
  "percentiles": {
    "p10": 2.419793577482409,
    "p50": 2.6973140106235403,
    "p90": 2.9344512038998847
  },
  "ema": {
    "fast": 0.5874035845302251,
    "slow": 0.5561660839312341,
    "fast_period": 20,
    "slow_period": 100
  },
  "etv": {
    "horizon_days": 1,
    "risk_budget_usd": 100,
    "expected_move_usd": 0.35234271172281334,
    "qty": 283.81458356564394,
    "notional_usd": 3116.284127550771,
    "leverage": 1
  }
}