{
  "t": "2025-12-22T22:31:50.843Z",
  "spot": 12.52,
  "sigma_d": 0.038545904549139,
  "ERI": 3.8545904549139,
  "percentiles": {
    "p10": 3.8612644899128057,
    "p50": 3.9821146207911338,
    "p90": 4.0631225825179875
  },
  "ema": {
    "fast": 0.7385378167935213,
    "slow": 0.7505618136181936,
    "fast_period": 20,
    "slow_period": 100
  },
  "etv": {
    "horizon_days": 1,
    "risk_budget_usd": 100,
    "expected_move_usd": 0.4825947249552202,
    "qty": 207.21320567538106,
    "notional_usd": 2594.3093350557706,
    "leverage": 1
  }
}