{
  "t": "2026-02-23T05:40:06.484Z",
  "spot": 8.25,
  "sigma_d": 0.04745802779382847,
  "ERI": 4.745802779382847,
  "percentiles": {
    "p10": 4.583125535968241,
    "p50": 4.706774244661627,
    "p90": 4.7453959184158245
  },
  "ema": {
    "fast": 0.8999884102388458,
    "slow": 0.8957457785642698,
    "fast_period": 20,
    "slow_period": 100
  },
  "etv": {
    "horizon_days": 1,
    "risk_budget_usd": 100,
    "expected_move_usd": 0.3915287292990849,
    "qty": 255.40909904368985,
    "notional_usd": 2107.1250671104413,
    "leverage": 1
  }
}