{
  "t": "2025-12-06T23:26:35.893Z",
  "spot": 13.93,
  "sigma_d": 0.04355488904066612,
  "ERI": 4.355488904066612,
  "percentiles": {
    "p10": 4.118119650565298,
    "p50": 4.283066400887476,
    "p90": 4.3534687305871165
  },
  "ema": {
    "fast": 0.8309673127263333,
    "slow": 0.8241497636642068,
    "fast_period": 20,
    "slow_period": 100
  },
  "etv": {
    "horizon_days": 1,
    "risk_budget_usd": 100,
    "expected_move_usd": 0.6067196043364791,
    "qty": 164.82078259093348,
    "notional_usd": 2295.9535014917033,
    "leverage": 1
  }
}