{
  "t": "2026-06-10T19:43:50.956Z",
  "spot": 7.63,
  "sigma_d": 0.02950704867687464,
  "ERI": 2.950704867687464,
  "percentiles": {
    "p10": 2.1046049427482103,
    "p50": 2.249324684121694,
    "p90": 2.8951764529115835
  },
  "ema": {
    "fast": 0.5619789147979889,
    "slow": 0.5118829295995805,
    "fast_period": 20,
    "slow_period": 100
  },
  "etv": {
    "horizon_days": 1,
    "risk_budget_usd": 100,
    "expected_move_usd": 0.2251387814045535,
    "qty": 444.1704773213162,
    "notional_usd": 3389.020741961642,
    "leverage": 1
  }
}