{
  "t": "2025-09-13T19:18:18.165Z",
  "spot": 24.75,
  "sigma_d": 0.05208472472557843,
  "ERI": 5.208472472557843,
  "percentiles": {
    "p10": 5.308285842966745,
    "p50": 5.676732131246952,
    "p90": 6.2631249283782875
  },
  "ema": {
    "fast": 0.9979031657073621,
    "slow": 1.0305600606490084,
    "fast_period": 20,
    "slow_period": 100
  },
  "etv": {
    "horizon_days": 1,
    "risk_budget_usd": 100,
    "expected_move_usd": 1.289096936958066,
    "qty": 77.57368521561615,
    "notional_usd": 1919.9487090864998,
    "leverage": 1
  }
}