{
  "t": "2025-10-08T17:25:31.794Z",
  "spot": 22.45,
  "sigma_d": 0.03329698057288502,
  "ERI": 3.329698057288502,
  "percentiles": {
    "p10": 2.898875610941117,
    "p50": 3.0445627556185504,
    "p90": 3.2390350206470466
  },
  "ema": {
    "fast": 0.6270960429667743,
    "slow": 0.5972097649220112,
    "fast_period": 20,
    "slow_period": 100
  },
  "etv": {
    "horizon_days": 1,
    "risk_budget_usd": 100,
    "expected_move_usd": 0.7475172138612687,
    "qty": 133.77618353891037,
    "notional_usd": 3003.275320448538,
    "leverage": 1
  }
}