{
  "t": "2026-03-14T21:36:49.545Z",
  "spot": 9.04,
  "sigma_d": 0.034840712906832785,
  "ERI": 3.4840712906832785,
  "percentiles": {
    "p10": 3.487195738929933,
    "p50": 3.6332585901878494,
    "p90": 4.966678957812057
  },
  "ema": {
    "fast": 0.6667730579393234,
    "slow": 0.6892361051475573,
    "fast_period": 20,
    "slow_period": 100
  },
  "etv": {
    "horizon_days": 1,
    "risk_budget_usd": 100,
    "expected_move_usd": 0.31496004467776834,
    "qty": 317.5005899631134,
    "notional_usd": 2870.2053332665446,
    "leverage": 1
  }
}