{
  "t": "2025-12-08T22:30:29.304Z",
  "spot": 13.83,
  "sigma_d": 0.04158684623861314,
  "ERI": 4.158684623861314,
  "percentiles": {
    "p10": 4.118119650565298,
    "p50": 4.236845605767234,
    "p90": 4.3534687305871165
  },
  "ema": {
    "fast": 0.7956989831356498,
    "slow": 0.8072756907647315,
    "fast_period": 20,
    "slow_period": 100
  },
  "etv": {
    "horizon_days": 1,
    "risk_budget_usd": 100,
    "expected_move_usd": 0.5751460834800197,
    "qty": 173.86887066140292,
    "notional_usd": 2404.6064812472023,
    "leverage": 1
  }
}