{
  "t": "2026-02-20T19:43:15.344Z",
  "spot": 8.89,
  "sigma_d": 0.04683813654088255,
  "ERI": 4.683813654088255,
  "percentiles": {
    "p10": 4.503624770025109,
    "p50": 4.718075113040271,
    "p90": 4.747856910643382
  },
  "ema": {
    "fast": 0.8869676378568246,
    "slow": 0.8909229529088271,
    "fast_period": 20,
    "slow_period": 100
  },
  "etv": {
    "horizon_days": 1,
    "risk_budget_usd": 100,
    "expected_move_usd": 0.4163910338484459,
    "qty": 240.15886959851557,
    "notional_usd": 2135.0123507308035,
    "leverage": 1
  }
}