{
  "t": "2025-12-20T08:36:05.126Z",
  "spot": 12.69,
  "sigma_d": 0.040283413431672285,
  "ERI": 4.028341343167228,
  "percentiles": {
    "p10": 3.9335864817287565,
    "p50": 4.025639172814395,
    "p90": 4.193054556615247
  },
  "ema": {
    "fast": 0.7730202731607385,
    "slow": 0.767320446360969,
    "fast_period": 20,
    "slow_period": 100
  },
  "etv": {
    "horizon_days": 1,
    "risk_budget_usd": 100,
    "expected_move_usd": 0.5111965164479213,
    "qty": 195.61948640584606,
    "notional_usd": 2482.4112824901863,
    "leverage": 1
  }
}