{
  "t": "2026-01-23T09:40:21.442Z",
  "spot": 12.2,
  "sigma_d": 0.026978656451100837,
  "ERI": 2.6978656451100838,
  "percentiles": {
    "p10": 2.4055990817203687,
    "p50": 2.483110998768935,
    "p90": 2.7000965401266357
  },
  "ema": {
    "fast": 0.5156523287954727,
    "slow": 0.4987678035004049,
    "fast_period": 20,
    "slow_period": 100
  },
  "etv": {
    "horizon_days": 1,
    "risk_budget_usd": 100,
    "expected_move_usd": 0.3291396087034302,
    "qty": 303.8224429868134,
    "notional_usd": 3706.6338044391237,
    "leverage": 1
  }
}