{
  "t": "2025-09-18T22:24:36.455Z",
  "spot": 24.56,
  "sigma_d": 0.04368996270466925,
  "ERI": 4.368996270466925,
  "percentiles": {
    "p10": 4.627438792153841,
    "p50": 5.200528241945291,
    "p90": 5.672116660743414
  },
  "ema": {
    "fast": 0.8392118954836346,
    "slow": 0.8968995837692307,
    "fast_period": 20,
    "slow_period": 100
  },
  "etv": {
    "horizon_days": 1,
    "risk_budget_usd": 100,
    "expected_move_usd": 1.0730254840266769,
    "qty": 93.19443152900352,
    "notional_usd": 2288.8552383523265,
    "leverage": 1
  }
}