{
  "t": "2025-10-06T22:25:49.076Z",
  "spot": 23.53,
  "sigma_d": 0.031368433399633966,
  "ERI": 3.136843339963397,
  "percentiles": {
    "p10": 2.898875610941117,
    "p50": 3.0445627556185504,
    "p90": 3.177304351120399
  },
  "ema": {
    "fast": 0.5743976714803061,
    "slow": 0.5686134567033007,
    "fast_period": 20,
    "slow_period": 100
  },
  "etv": {
    "horizon_days": 1,
    "risk_budget_usd": 100,
    "expected_move_usd": 0.7380992378933873,
    "qty": 135.4831367736004,
    "notional_usd": 3187.9182082828174,
    "leverage": 1
  }
}