{
  "t": "2025-12-11T10:37:15.521Z",
  "spot": 13.54,
  "sigma_d": 0.04100832721063304,
  "ERI": 4.100832721063305,
  "percentiles": {
    "p10": 4.106710917499621,
    "p50": 4.19944966038986,
    "p90": 4.355298909861288
  },
  "ema": {
    "fast": 0.7905849547835528,
    "slow": 0.8001447465241723,
    "fast_period": 20,
    "slow_period": 100
  },
  "etv": {
    "horizon_days": 1,
    "risk_budget_usd": 100,
    "expected_move_usd": 0.5552527504319714,
    "qty": 180.0981623633611,
    "notional_usd": 2438.5291183999093,
    "leverage": 1
  }
}