{
  "t": "2026-03-08T10:38:20.431Z",
  "spot": 8.75,
  "sigma_d": 0.034862436129830796,
  "ERI": 3.4862436129830794,
  "percentiles": {
    "p10": 4.035046485994227,
    "p50": 4.895633799215073,
    "p90": 5.141629785830333
  },
  "ema": {
    "fast": 0.7233464502319117,
    "slow": 0.8529809992216772,
    "fast_period": 20,
    "slow_period": 100
  },
  "etv": {
    "horizon_days": 1,
    "risk_budget_usd": 100,
    "expected_move_usd": 0.30504631613601946,
    "qty": 327.81907110594386,
    "notional_usd": 2868.416872177009,
    "leverage": 1
  }
}