{
  "t": "2025-10-09T12:56:40.991Z",
  "spot": 21.95,
  "sigma_d": 0.03393181605775836,
  "ERI": 3.393181605775836,
  "percentiles": {
    "p10": 2.898875610941117,
    "p50": 3.04858065374932,
    "p90": 3.297885813147197
  },
  "ema": {
    "fast": 0.6435517436763473,
    "slow": 0.6109534054225837,
    "fast_period": 20,
    "slow_period": 100
  },
  "etv": {
    "horizon_days": 1,
    "risk_budget_usd": 100,
    "expected_move_usd": 0.7448033624677959,
    "qty": 134.26362586316043,
    "notional_usd": 2947.086587696371,
    "leverage": 1
  }
}