{
  "t": "2026-04-29T14:26:13.610Z",
  "spot": 9.21,
  "sigma_d": 0.026829769956059773,
  "ERI": 2.6829769956059772,
  "percentiles": {
    "p10": 2.705243492870957,
    "p50": 2.9814098780416742,
    "p90": 3.1611484400272216
  },
  "ema": {
    "fast": 0.5161722262710408,
    "slow": 0.5362197008663229,
    "fast_period": 20,
    "slow_period": 100
  },
  "etv": {
    "horizon_days": 1,
    "risk_budget_usd": 100,
    "expected_move_usd": 0.24710218129531053,
    "qty": 404.6908832443309,
    "notional_usd": 3727.203034680288,
    "leverage": 1
  }
}