{
  "t": "2025-10-21T20:31:41.982Z",
  "spot": 18.01,
  "sigma_d": 0.05950560424853076,
  "ERI": 5.950560424853077,
  "percentiles": {
    "p10": 5.230411568640035,
    "p50": 5.709586356869176,
    "p90": 5.950063524027943
  },
  "ema": {
    "fast": 1.135545086237953,
    "slow": 1.1123675417221492,
    "fast_period": 20,
    "slow_period": 100
  },
  "etv": {
    "horizon_days": 1,
    "risk_budget_usd": 100,
    "expected_move_usd": 1.0716959325160391,
    "qty": 93.31004902223364,
    "notional_usd": 1680.513982890428,
    "leverage": 1
  }
}