{
  "t": "2026-05-31T18:13:29.163Z",
  "spot": 9.04,
  "sigma_d": 0.022828015462316067,
  "ERI": 2.2828015462316067,
  "percentiles": {
    "p10": 2.1046049427482103,
    "p50": 2.249324684121694,
    "p90": 2.6051013332299595
  },
  "ema": {
    "fast": 0.43393881433725917,
    "slow": 0.4281506081371435,
    "fast_period": 20,
    "slow_period": 100
  },
  "etv": {
    "horizon_days": 1,
    "risk_budget_usd": 100,
    "expected_move_usd": 0.20636525977933723,
    "qty": 484.5776857351293,
    "notional_usd": 4380.582279045569,
    "leverage": 1
  }
}