{
  "t": "2025-12-09T10:36:36.246Z",
  "spot": 13.74,
  "sigma_d": 0.04115370396049117,
  "ERI": 4.1153703960491175,
  "percentiles": {
    "p10": 4.114796913489829,
    "p50": 4.208635208898719,
    "p90": 4.3534687305871165
  },
  "ema": {
    "fast": 0.7900109676992186,
    "slow": 0.8035793144894695,
    "fast_period": 20,
    "slow_period": 100
  },
  "etv": {
    "horizon_days": 1,
    "risk_budget_usd": 100,
    "expected_move_usd": 0.5654518924171488,
    "qty": 176.84970435332343,
    "notional_usd": 2429.914937814664,
    "leverage": 1
  }
}