{
  "t": "2026-01-04T07:30:35.315Z",
  "spot": 13.29,
  "sigma_d": 0.02517188751279969,
  "ERI": 2.517188751279969,
  "percentiles": {
    "p10": 2.643579142383115,
    "p50": 3.7698439814187994,
    "p90": 3.78674580740318
  },
  "ema": {
    "fast": 0.4965632652943943,
    "slow": 0.5587424280709102,
    "fast_period": 20,
    "slow_period": 100
  },
  "etv": {
    "horizon_days": 1,
    "risk_budget_usd": 100,
    "expected_move_usd": 0.33453438504510785,
    "qty": 298.92293429423177,
    "notional_usd": 3972.68579677034,
    "leverage": 1
  }
}