{
  "t": "2025-10-11T01:53:57.652Z",
  "spot": 17.11,
  "sigma_d": 0.05229792715351023,
  "ERI": 5.2297927153510235,
  "percentiles": {
    "p10": 2.898875610941117,
    "p50": 3.059877469959156,
    "p90": 3.3908131807575996
  },
  "ema": {
    "fast": 0.8416937559320856,
    "slow": 0.6769991788221442,
    "fast_period": 20,
    "slow_period": 100
  },
  "etv": {
    "horizon_days": 1,
    "risk_budget_usd": 100,
    "expected_move_usd": 0.89481753359656,
    "qty": 111.75462733510348,
    "notional_usd": 1912.1216737036204,
    "leverage": 1
  }
}