{
  "t": "2025-09-13T01:50:30.062Z",
  "spot": 25.08,
  "sigma_d": 0.05198044927092274,
  "ERI": 5.198044927092274,
  "percentiles": {
    "p10": 5.3299070963658,
    "p50": 5.687656908525385,
    "p90": 6.2631249283782875
  },
  "ema": {
    "fast": 1.017757883759167,
    "slow": 1.046546170131367,
    "fast_period": 20,
    "slow_period": 100
  },
  "etv": {
    "horizon_days": 1,
    "risk_budget_usd": 100,
    "expected_move_usd": 1.3036696677147424,
    "qty": 76.70654804394907,
    "notional_usd": 1923.8002249422425,
    "leverage": 1
  }
}