{
  "t": "2026-03-16T05:55:04.059Z",
  "spot": 9.75,
  "sigma_d": 0.03429196615957677,
  "ERI": 3.429196615957677,
  "percentiles": {
    "p10": 3.483691072657196,
    "p50": 3.5859097772040354,
    "p90": 4.9466983329804615
  },
  "ema": {
    "fast": 0.6532193074976765,
    "slow": 0.675882096398308,
    "fast_period": 20,
    "slow_period": 100
  },
  "etv": {
    "horizon_days": 1,
    "risk_budget_usd": 100,
    "expected_move_usd": 0.3343466700558735,
    "qty": 299.0907610453807,
    "notional_usd": 2916.134920192462,
    "leverage": 1
  }
}