{
  "t": "2026-05-13T17:22:20.789Z",
  "spot": 10.2,
  "sigma_d": 0.02168072440424221,
  "ERI": 2.168072440424221,
  "percentiles": {
    "p10": 2.436325109547785,
    "p50": 2.667546952971997,
    "p90": 2.941451866103576
  },
  "ema": {
    "fast": 0.44676992384423,
    "slow": 0.4741395826138822,
    "fast_period": 20,
    "slow_period": 100
  },
  "etv": {
    "horizon_days": 1,
    "risk_budget_usd": 100,
    "expected_move_usd": 0.22114338892327054,
    "qty": 452.1952950386263,
    "notional_usd": 4612.392009393988,
    "leverage": 1
  }
}