{
  "t": "2025-11-17T12:58:43.340Z",
  "spot": 14.07,
  "sigma_d": 0.04425941360450279,
  "ERI": 4.425941360450279,
  "percentiles": {
    "p10": 4.40592767472147,
    "p50": 4.532315460057378,
    "p90": 6.273575830689181
  },
  "ema": {
    "fast": 0.8450206623212239,
    "slow": 0.8585237053505744,
    "fast_period": 20,
    "slow_period": 100
  },
  "etv": {
    "horizon_days": 1,
    "risk_budget_usd": 100,
    "expected_move_usd": 0.6227299494153543,
    "qty": 160.5832513658357,
    "notional_usd": 2259.406346717308,
    "leverage": 1
  }
}