{
  "t": "2025-10-11T06:35:19.387Z",
  "spot": 17.81,
  "sigma_d": 0.052560857837322436,
  "ERI": 5.256085783732243,
  "percentiles": {
    "p10": 2.898875610941117,
    "p50": 3.0614586395431838,
    "p90": 3.4056989292350077
  },
  "ema": {
    "fast": 0.9051358620870729,
    "slow": 0.7080233224685852,
    "fast_period": 20,
    "slow_period": 100
  },
  "etv": {
    "horizon_days": 1,
    "risk_budget_usd": 100,
    "expected_move_usd": 0.9361088780827125,
    "qty": 106.82518064011377,
    "notional_usd": 1902.5564672004261,
    "leverage": 1
  }
}