{
  "t": "2025-12-28T10:32:42.373Z",
  "spot": 12.44,
  "sigma_d": 0.03770928715558629,
  "ERI": 3.770928715558629,
  "percentiles": {
    "p10": 3.7540600216572577,
    "p50": 3.8521833966637047,
    "p90": 4.024022547779961
  },
  "ema": {
    "fast": 0.7192405744346321,
    "slow": 0.7230795378440291,
    "fast_period": 20,
    "slow_period": 100
  },
  "etv": {
    "horizon_days": 1,
    "risk_budget_usd": 100,
    "expected_move_usd": 0.4691035322154934,
    "qty": 213.1725581509003,
    "notional_usd": 2651.8666233971994,
    "leverage": 1
  }
}