{
  "t": "2025-11-20T05:30:51.081Z",
  "spot": 13.69,
  "sigma_d": 0.04107723793803321,
  "ERI": 4.107723793803321,
  "percentiles": {
    "p10": 4.32392462033396,
    "p50": 4.456137810446561,
    "p90": 4.8111007940611135
  },
  "ema": {
    "fast": 0.8023453609864627,
    "slow": 0.831587082374452,
    "fast_period": 20,
    "slow_period": 100
  },
  "etv": {
    "horizon_days": 1,
    "risk_budget_usd": 100,
    "expected_move_usd": 0.5623473873716747,
    "qty": 177.82602399450033,
    "notional_usd": 2434.4382684847096,
    "leverage": 1
  }
}