{
  "t": "2026-03-13T22:39:24.791Z",
  "spot": 9.04,
  "sigma_d": 0.03485416604209089,
  "ERI": 3.4854166042090893,
  "percentiles": {
    "p10": 3.4963876317347906,
    "p50": 4.034986241357,
    "p90": 5.076451954692372
  },
  "ema": {
    "fast": 0.6696276962416604,
    "slow": 0.6998281313226239,
    "fast_period": 20,
    "slow_period": 100
  },
  "etv": {
    "horizon_days": 1,
    "risk_budget_usd": 100,
    "expected_move_usd": 0.3150816610205016,
    "qty": 317.37803995356376,
    "notional_usd": 2869.097481180216,
    "leverage": 1
  }
}