{
  "t": "2026-02-08T20:40:20.078Z",
  "spot": 8.88,
  "sigma_d": 0.04743765590250102,
  "ERI": 4.743765590250102,
  "percentiles": {
    "p10": 2.924872641006165,
    "p50": 3.2646174888883315,
    "p90": 4.74093903538979
  },
  "ema": {
    "fast": 0.9047816959474628,
    "slow": 0.8093195101488327,
    "fast_period": 20,
    "slow_period": 100
  },
  "etv": {
    "horizon_days": 1,
    "risk_budget_usd": 100,
    "expected_move_usd": 0.4212463844142091,
    "qty": 237.3907615588472,
    "notional_usd": 2108.0299626425635,
    "leverage": 1
  }
}