{
  "t": "2026-05-31T11:47:27.471Z",
  "spot": 9.2,
  "sigma_d": 0.022706852044357226,
  "ERI": 2.2706852044357224,
  "percentiles": {
    "p10": 2.1046049427482103,
    "p50": 2.249324684121694,
    "p90": 2.6051013332299595
  },
  "ema": {
    "fast": 0.4336055579332888,
    "slow": 0.42773787462662316,
    "fast_period": 20,
    "slow_period": 100
  },
  "etv": {
    "horizon_days": 1,
    "risk_budget_usd": 100,
    "expected_move_usd": 0.20890303880808647,
    "qty": 478.6909782191693,
    "notional_usd": 4403.956999616357,
    "leverage": 1
  }
}