{
  "t": "2026-06-24T12:27:04.398Z",
  "spot": 7.61,
  "sigma_d": 0.029700863473475714,
  "ERI": 2.9700863473475714,
  "percentiles": {
    "p10": 2.2117602633923954,
    "p50": 2.8685260586958017,
    "p90": 3.053945068786401
  },
  "ema": {
    "fast": 0.568552126977803,
    "slow": 0.5638613076411615,
    "fast_period": 20,
    "slow_period": 100
  },
  "etv": {
    "horizon_days": 1,
    "risk_budget_usd": 100,
    "expected_move_usd": 0.22602357103315018,
    "qty": 442.43173197778253,
    "notional_usd": 3366.9054803509252,
    "leverage": 1
  }
}