{
  "t": "2025-10-11T23:23:07.358Z",
  "spot": 17.21,
  "sigma_d": 0.0522739820042024,
  "ERI": 5.2273982004202395,
  "percentiles": {
    "p10": 2.898875610941117,
    "p50": 3.089457645483701,
    "p90": 5.058292787785054
  },
  "ema": {
    "fast": 0.9857698744533135,
    "slow": 0.7936939791670478,
    "fast_period": 20,
    "slow_period": 100
  },
  "etv": {
    "horizon_days": 1,
    "risk_budget_usd": 100,
    "expected_move_usd": 0.8996352302923233,
    "qty": 111.15616266773641,
    "notional_usd": 1912.9975595117437,
    "leverage": 1
  }
}