{
  "t": "2026-04-05T03:34:01.027Z",
  "spot": 8.66,
  "sigma_d": 0.026384793918276864,
  "ERI": 2.6384793918276865,
  "percentiles": {
    "p10": 2.7705370882943545,
    "p50": 3.03965414876225,
    "p90": 3.6335277987679855
  },
  "ema": {
    "fast": 0.5262099285425139,
    "slow": 0.5546047811753335,
    "fast_period": 20,
    "slow_period": 100
  },
  "etv": {
    "horizon_days": 1,
    "risk_budget_usd": 100,
    "expected_move_usd": 0.22849231533227765,
    "qty": 437.6514801146734,
    "notional_usd": 3790.061817793072,
    "leverage": 1
  }
}