{
  "t": "2025-10-07T17:25:44.476Z",
  "spot": 22.07,
  "sigma_d": 0.032650056031042256,
  "ERI": 3.2650056031042256,
  "percentiles": {
    "p10": 2.898875610941117,
    "p50": 3.0445627556185504,
    "p90": 3.174342756464835
  },
  "ema": {
    "fast": 0.6004215153528824,
    "slow": 0.5784288028265004,
    "fast_period": 20,
    "slow_period": 100
  },
  "etv": {
    "horizon_days": 1,
    "risk_budget_usd": 100,
    "expected_move_usd": 0.7205867366051026,
    "qty": 138.7757988318375,
    "notional_usd": 3062.781880218654,
    "leverage": 1
  }
}