{
  "t": "2026-03-04T04:48:54.208Z",
  "spot": 8.72,
  "sigma_d": 0.04801476624101613,
  "ERI": 4.801476624101613,
  "percentiles": {
    "p10": 4.643143417202287,
    "p50": 4.740256947073008,
    "p90": 5.141629785830333
  },
  "ema": {
    "fast": 0.9315019261392538,
    "slow": 0.94810127963728,
    "fast_period": 20,
    "slow_period": 100
  },
  "etv": {
    "horizon_days": 1,
    "risk_budget_usd": 100,
    "expected_move_usd": 0.4186887616216607,
    "qty": 238.84089845803624,
    "notional_usd": 2082.692634554076,
    "leverage": 1
  }
}