{
  "t": "2026-06-01T18:46:11.727Z",
  "spot": 9.05,
  "sigma_d": 0.02268379629185721,
  "ERI": 2.2683796291857212,
  "percentiles": {
    "p10": 2.1046049427482103,
    "p50": 2.249324684121694,
    "p90": 2.6039508518174674
  },
  "ema": {
    "fast": 0.4340608661475124,
    "slow": 0.4288436005823926,
    "fast_period": 20,
    "slow_period": 100
  },
  "etv": {
    "horizon_days": 1,
    "risk_budget_usd": 100,
    "expected_move_usd": 0.20528835644130777,
    "qty": 487.11968731938356,
    "notional_usd": 4408.4331702404215,
    "leverage": 1
  }
}