{
  "t": "2026-01-24T07:29:17.486Z",
  "spot": 12.2,
  "sigma_d": 0.02675460886337617,
  "ERI": 2.675460886337617,
  "percentiles": {
    "p10": 2.4055990817203687,
    "p50": 2.50483293812227,
    "p90": 2.7011119827270647
  },
  "ema": {
    "fast": 0.5136734617645181,
    "slow": 0.5036291868492998,
    "fast_period": 20,
    "slow_period": 100
  },
  "etv": {
    "horizon_days": 1,
    "risk_budget_usd": 100,
    "expected_move_usd": 0.32640622813318926,
    "qty": 306.3667031475737,
    "notional_usd": 3737.6737784003985,
    "leverage": 1
  }
}