{
  "t": "2025-10-20T11:24:46.619Z",
  "spot": 18.85,
  "sigma_d": 0.05986200250797845,
  "ERI": 5.986200250797845,
  "percentiles": {
    "p10": 3.414290697549668,
    "p50": 5.660060117709547,
    "p90": 5.749633570544724
  },
  "ema": {
    "fast": 1.1162319905521498,
    "slow": 1.0901244171950404,
    "fast_period": 20,
    "slow_period": 100
  },
  "etv": {
    "horizon_days": 1,
    "risk_budget_usd": 100,
    "expected_move_usd": 1.1283987472753938,
    "qty": 88.62115474822863,
    "notional_usd": 1670.5087670041098,
    "leverage": 1
  }
}