{
  "t": "2025-09-08T17:25:30.906Z",
  "spot": 23.07,
  "sigma_d": 0.056767788811051774,
  "ERI": 5.676778881105178,
  "percentiles": {
    "p10": 5.48439367064838,
    "p50": 6.0400824937406306,
    "p90": 6.272725846346235
  },
  "ema": {
    "fast": 1.0936382687862842,
    "slow": 1.1139974545061249,
    "fast_period": 20,
    "slow_period": 100
  },
  "etv": {
    "horizon_days": 1,
    "risk_budget_usd": 100,
    "expected_move_usd": 1.3096328878709644,
    "qty": 76.35727609327783,
    "notional_usd": 1761.5623594719195,
    "leverage": 1
  }
}