{
  "t": "2025-10-19T07:22:41.361Z",
  "spot": 16.74,
  "sigma_d": 0.05681144936073363,
  "ERI": 5.6811449360733635,
  "percentiles": {
    "p10": 3.357828979632341,
    "p50": 5.625278107250089,
    "p90": 5.734963675420762
  },
  "ema": {
    "fast": 1.0891834874022799,
    "slow": 1.0778691441337156,
    "fast_period": 20,
    "slow_period": 100
  },
  "etv": {
    "horizon_days": 1,
    "risk_budget_usd": 100,
    "expected_move_usd": 0.9510236622986808,
    "qty": 105.14985479782284,
    "notional_usd": 1760.208569315554,
    "leverage": 1
  }
}