{
  "t": "2025-11-30T18:38:16.084Z",
  "spot": 13.33,
  "sigma_d": 0.041147952286723834,
  "ERI": 4.114795228672383,
  "percentiles": {
    "p10": 4.112668333356685,
    "p50": 4.232417248286998,
    "p90": 4.303829586085728
  },
  "ema": {
    "fast": 0.783903446548614,
    "slow": 0.799084677755772,
    "fast_period": 20,
    "slow_period": 100
  },
  "etv": {
    "horizon_days": 1,
    "risk_budget_usd": 100,
    "expected_move_usd": 0.5485022039820288,
    "qty": 182.31467307518133,
    "notional_usd": 2430.254592092167,
    "leverage": 1
  }
}