{
  "t": "2026-01-04T05:36:44.125Z",
  "spot": 13.39,
  "sigma_d": 0.025264071881504903,
  "ERI": 2.52640718815049,
  "percentiles": {
    "p10": 2.6443462108154825,
    "p50": 3.770330909006023,
    "p90": 3.787588716437824
  },
  "ema": {
    "fast": 0.49998464416210014,
    "slow": 0.5619098206945381,
    "fast_period": 20,
    "slow_period": 100
  },
  "etv": {
    "horizon_days": 1,
    "risk_budget_usd": 100,
    "expected_move_usd": 0.33828592249335065,
    "qty": 295.6079261677394,
    "notional_usd": 3958.1901313860303,
    "leverage": 1
  }
}