{
  "t": "2026-03-25T11:51:59.504Z",
  "spot": 9.4,
  "sigma_d": 0.03538786795808883,
  "ERI": 3.538786795808883,
  "percentiles": {
    "p10": 3.427595152318238,
    "p50": 3.557043088712277,
    "p90": 3.6333360614295604
  },
  "ema": {
    "fast": 0.6862499894761752,
    "slow": 0.686506824629095,
    "fast_period": 20,
    "slow_period": 100
  },
  "etv": {
    "horizon_days": 1,
    "risk_budget_usd": 100,
    "expected_move_usd": 0.332645958806035,
    "qty": 300.6199154167682,
    "notional_usd": 2825.827204917621,
    "leverage": 1
  }
}