{
  "t": "2025-10-02T07:24:53.819Z",
  "spot": 22.76,
  "sigma_d": 0.030534983195659282,
  "ERI": 3.053498319565928,
  "percentiles": {
    "p10": 2.9847085730369316,
    "p50": 3.1319470720111675,
    "p90": 3.576823530968981
  },
  "ema": {
    "fast": 0.58720581537287,
    "slow": 0.5882264125205464,
    "fast_period": 20,
    "slow_period": 100
  },
  "etv": {
    "horizon_days": 1,
    "risk_budget_usd": 100,
    "expected_move_usd": 0.6949762175332053,
    "qty": 143.88981590614227,
    "notional_usd": 3274.9322100237982,
    "leverage": 1
  }
}