{
  "t": "2025-09-19T23:23:13.243Z",
  "spot": 23.5,
  "sigma_d": 0.03909131136058406,
  "ERI": 3.909131136058406,
  "percentiles": {
    "p10": 4.349811802359582,
    "p50": 5.1894194633389255,
    "p90": 5.624655104706868
  },
  "ema": {
    "fast": 0.7529662058073632,
    "slow": 0.8399500391494469,
    "fast_period": 20,
    "slow_period": 100
  },
  "etv": {
    "horizon_days": 1,
    "risk_budget_usd": 100,
    "expected_move_usd": 0.9186458169737254,
    "qty": 108.85588128994893,
    "notional_usd": 2558.1132103137998,
    "leverage": 1
  }
}