{
  "t": "2025-09-04T22:26:07.682Z",
  "spot": 22.49,
  "sigma_d": 0.06254189970586821,
  "ERI": 6.254189970586821,
  "percentiles": {
    "p10": 5.484393670648378,
    "p50": 6.164622279867996,
    "p90": 6.230676665259761
  },
  "ema": {
    "fast": 1.1872748957547579,
    "slow": 1.0494385615302029,
    "fast_period": 20,
    "slow_period": 100
  },
  "etv": {
    "horizon_days": 1,
    "risk_budget_usd": 100,
    "expected_move_usd": 1.406567324384976,
    "qty": 71.09506830305843,
    "notional_usd": 1598.9280861357838,
    "leverage": 1
  }
}