{
  "t": "2025-10-01T18:37:41.743Z",
  "spot": 22.53,
  "sigma_d": 0.03148314168690591,
  "ERI": 3.1483141686905913,
  "percentiles": {
    "p10": 2.9847085730369316,
    "p50": 3.1665637108040587,
    "p90": 3.608338030974685
  },
  "ema": {
    "fast": 0.5866315734084329,
    "slow": 0.5879785488002942,
    "fast_period": 20,
    "slow_period": 100
  },
  "etv": {
    "horizon_days": 1,
    "risk_budget_usd": 100,
    "expected_move_usd": 0.7093151822059902,
    "qty": 140.98105117248045,
    "notional_usd": 3176.3030829159848,
    "leverage": 1
  }
}