{
  "t": "2025-10-30T09:30:27.143Z",
  "spot": 18.02,
  "sigma_d": 0.05766479155706402,
  "ERI": 5.766479155706402,
  "percentiles": {
    "p10": 5.753499973337646,
    "p50": 5.841771542761859,
    "p90": 5.958543863703687
  },
  "ema": {
    "fast": 1.103623873482634,
    "slow": 1.106922136117606,
    "fast_period": 20,
    "slow_period": 100
  },
  "etv": {
    "horizon_days": 1,
    "risk_budget_usd": 100,
    "expected_move_usd": 1.0391195438582936,
    "qty": 96.23531824711513,
    "notional_usd": 1734.1604348130147,
    "leverage": 1
  }
}