{
  "t": "2025-11-21T10:32:12.284Z",
  "spot": 12.01,
  "sigma_d": 0.04285025103548354,
  "ERI": 4.285025103548354,
  "percentiles": {
    "p10": 4.147915623854,
    "p50": 4.437613735453307,
    "p90": 4.621610776126225
  },
  "ema": {
    "fast": 0.794099095722138,
    "slow": 0.8144267189625906,
    "fast_period": 20,
    "slow_period": 100
  },
  "etv": {
    "horizon_days": 1,
    "risk_budget_usd": 100,
    "expected_move_usd": 0.5146315149361573,
    "qty": 194.3137897654898,
    "notional_usd": 2333.708615083532,
    "leverage": 1
  }
}