{
  "t": "2025-12-21T21:26:39.905Z",
  "spot": 12.36,
  "sigma_d": 0.0386073311517778,
  "ERI": 3.86073311517778,
  "percentiles": {
    "p10": 3.9222246003450256,
    "p50": 4.020833998775171,
    "p90": 4.100340922201907
  },
  "ema": {
    "fast": 0.741402628858076,
    "slow": 0.7574091679739039,
    "fast_period": 20,
    "slow_period": 100
  },
  "etv": {
    "horizon_days": 1,
    "risk_budget_usd": 100,
    "expected_move_usd": 0.4771866130359736,
    "qty": 209.56162069127726,
    "notional_usd": 2590.1816317441867,
    "leverage": 1
  }
}