{
  "t": "2025-09-12T20:27:42.865Z",
  "spot": 24.96,
  "sigma_d": 0.05342312592789445,
  "ERI": 5.342312592789445,
  "percentiles": {
    "p10": 5.330021738530479,
    "p50": 5.687656908525385,
    "p90": 6.2631249283782875
  },
  "ema": {
    "fast": 1.0196173935242796,
    "slow": 1.049182388005972,
    "fast_period": 20,
    "slow_period": 100
  },
  "etv": {
    "horizon_days": 1,
    "risk_budget_usd": 100,
    "expected_move_usd": 1.3334412231602455,
    "qty": 74.99393168826802,
    "notional_usd": 1871.84853493917,
    "leverage": 1
  }
}