{
  "t": "2026-03-28T05:25:11.578Z",
  "spot": 8.52,
  "sigma_d": 0.030361455019743876,
  "ERI": 3.0361455019743877,
  "percentiles": {
    "p10": 3.3995310344156544,
    "p50": 3.5370229224783962,
    "p90": 3.6384711783368635
  },
  "ema": {
    "fast": 0.5983232292087327,
    "slow": 0.6539147234053515,
    "fast_period": 20,
    "slow_period": 100
  },
  "etv": {
    "horizon_days": 1,
    "risk_budget_usd": 100,
    "expected_move_usd": 0.25867959676821783,
    "qty": 386.5786140435422,
    "notional_usd": 3293.6497916509793,
    "leverage": 1
  }
}