{
  "t": "2026-01-18T12:57:55.565Z",
  "spot": 13.75,
  "sigma_d": 0.02278172096535961,
  "ERI": 2.278172096535961,
  "percentiles": {
    "p10": 2.4198199806634135,
    "p50": 2.5209206870371483,
    "p90": 2.663794239127058
  },
  "ema": {
    "fast": 0.4460420788722914,
    "slow": 0.4715239751290677,
    "fast_period": 20,
    "slow_period": 100
  },
  "etv": {
    "horizon_days": 1,
    "risk_budget_usd": 100,
    "expected_move_usd": 0.31324866327369466,
    "qty": 319.23520105376167,
    "notional_usd": 4389.484014489223,
    "leverage": 1
  }
}