{
  "t": "2026-01-21T19:37:08.868Z",
  "spot": 12.34,
  "sigma_d": 0.027002835673807703,
  "ERI": 2.70028356738077,
  "percentiles": {
    "p10": 2.4055990817203687,
    "p50": 2.483110998768935,
    "p90": 2.676215686451201
  },
  "ema": {
    "fast": 0.5081057015647406,
    "slow": 0.4834007231545216,
    "fast_period": 20,
    "slow_period": 100
  },
  "etv": {
    "horizon_days": 1,
    "risk_budget_usd": 100,
    "expected_move_usd": 0.33321499221478706,
    "qty": 300.10654483259566,
    "notional_usd": 3703.31476323423,
    "leverage": 1
  }
}