{
  "t": "2026-02-03T14:57:56.647Z",
  "spot": 9.58,
  "sigma_d": 0.03375599529008435,
  "ERI": 3.375599529008435,
  "percentiles": {
    "p10": 2.675714202546714,
    "p50": 2.9249142472578633,
    "p90": 3.3026191889724026
  },
  "ema": {
    "fast": 0.6411309973614658,
    "slow": 0.6150965544105785,
    "fast_period": 20,
    "slow_period": 100
  },
  "etv": {
    "horizon_days": 1,
    "risk_budget_usd": 100,
    "expected_move_usd": 0.3233824348790081,
    "qty": 309.23139049718174,
    "notional_usd": 2962.436720963001,
    "leverage": 1
  }
}