{
  "t": "2025-09-10T16:34:00.051Z",
  "spot": 23.52,
  "sigma_d": 0.05620158124377038,
  "ERI": 5.6201581243770375,
  "percentiles": {
    "p10": 5.584350793354974,
    "p50": 5.906024517187421,
    "p90": 6.2719576360694855
  },
  "ema": {
    "fast": 1.0762052958664075,
    "slow": 1.0937107777983976,
    "fast_period": 20,
    "slow_period": 100
  },
  "etv": {
    "horizon_days": 1,
    "risk_budget_usd": 100,
    "expected_move_usd": 1.3218611908534792,
    "qty": 75.65090850078859,
    "notional_usd": 1779.3093679385477,
    "leverage": 1
  }
}