{
  "t": "2025-10-05T03:38:59.326Z",
  "spot": 22.44,
  "sigma_d": 0.0291733911827112,
  "ERI": 2.91733911827112,
  "percentiles": {
    "p10": 2.943834637540667,
    "p50": 3.051189187823957,
    "p90": 3.1904469537304343
  },
  "ema": {
    "fast": 0.5568362073194799,
    "slow": 0.573220211678535,
    "fast_period": 20,
    "slow_period": 100
  },
  "etv": {
    "horizon_days": 1,
    "risk_budget_usd": 100,
    "expected_move_usd": 0.6546508981400394,
    "qty": 152.75317010045336,
    "notional_usd": 3427.7811370541735,
    "leverage": 1
  }
}