{
  "t": "2026-01-10T19:24:22.406Z",
  "spot": 13.19,
  "sigma_d": 0.02524371203297597,
  "ERI": 2.524371203297597,
  "percentiles": {
    "p10": 2.520284075031759,
    "p50": 2.581433050835341,
    "p90": 3.543199014566941
  },
  "ema": {
    "fast": 0.48211379722141817,
    "slow": 0.4910656923957671,
    "fast_period": 20,
    "slow_period": 100
  },
  "etv": {
    "horizon_days": 1,
    "risk_budget_usd": 100,
    "expected_move_usd": 0.33296456171495303,
    "qty": 300.3322620429762,
    "notional_usd": 3961.382536346856,
    "leverage": 1
  }
}