{
  "t": "2025-12-26T02:21:37.337Z",
  "spot": 12.36,
  "sigma_d": 0.037756801645387,
  "ERI": 3.7756801645387,
  "percentiles": {
    "p10": 3.7770060852378458,
    "p50": 3.934946283927408,
    "p90": 4.028143172055565
  },
  "ema": {
    "fast": 0.7212488397907605,
    "slow": 0.7307850900350609,
    "fast_period": 20,
    "slow_period": 100
  },
  "etv": {
    "horizon_days": 1,
    "risk_budget_usd": 100,
    "expected_move_usd": 0.4666740683369833,
    "qty": 214.28231561345387,
    "notional_usd": 2648.5294209822896,
    "leverage": 1
  }
}