{
  "t": "2025-09-24T09:28:56.487Z",
  "spot": 21.69,
  "sigma_d": 0.031244654335918262,
  "ERI": 3.1244654335918263,
  "percentiles": {
    "p10": 3.4359456985961168,
    "p50": 4.350589577332531,
    "p90": 5.190152792407466
  },
  "ema": {
    "fast": 0.6320766270567073,
    "slow": 0.6913855360854727,
    "fast_period": 20,
    "slow_period": 100
  },
  "etv": {
    "horizon_days": 1,
    "risk_budget_usd": 100,
    "expected_move_usd": 0.6776965525460672,
    "qty": 147.5586671118596,
    "notional_usd": 3200.5474896562346,
    "leverage": 1
  }
}