{
  "t": "2026-03-06T07:50:15.259Z",
  "spot": 9.28,
  "sigma_d": 0.04888626686052026,
  "ERI": 4.888626686052025,
  "percentiles": {
    "p10": 4.668313493429639,
    "p50": 4.889943906731933,
    "p90": 5.141629785830333
  },
  "ema": {
    "fast": 0.9352165099984009,
    "slow": 0.9417765837503561,
    "fast_period": 20,
    "slow_period": 100
  },
  "etv": {
    "horizon_days": 1,
    "risk_budget_usd": 100,
    "expected_move_usd": 0.453664556465628,
    "qty": 220.42718254005044,
    "notional_usd": 2045.564253971668,
    "leverage": 1
  }
}