{
  "t": "2025-12-25T15:30:13.300Z",
  "spot": 12.28,
  "sigma_d": 0.037722507768634644,
  "ERI": 3.7722507768634643,
  "percentiles": {
    "p10": 3.7827497466417266,
    "p50": 3.934946283927408,
    "p90": 4.028143172055565
  },
  "ema": {
    "fast": 0.7214639354558647,
    "slow": 0.7326930386123524,
    "fast_period": 20,
    "slow_period": 100
  },
  "etv": {
    "horizon_days": 1,
    "risk_budget_usd": 100,
    "expected_move_usd": 0.46323239539883343,
    "qty": 215.87436671803164,
    "notional_usd": 2650.9372232974283,
    "leverage": 1
  }
}