{
  "t": "2025-11-23T18:37:24.633Z",
  "spot": 12.55,
  "sigma_d": 0.042360083870729606,
  "ERI": 4.23600838707296,
  "percentiles": {
    "p10": 4.147915623854,
    "p50": 4.397540464674739,
    "p90": 4.494208370021427
  },
  "ema": {
    "fast": 0.8072285720744358,
    "slow": 0.8099508577257342,
    "fast_period": 20,
    "slow_period": 100
  },
  "etv": {
    "horizon_days": 1,
    "risk_budget_usd": 100,
    "expected_move_usd": 0.5316190525776566,
    "qty": 188.10462024476152,
    "notional_usd": 2360.712984071757,
    "leverage": 1
  }
}