{
  "t": "2026-06-03T05:06:35.821Z",
  "spot": 8.39,
  "sigma_d": 0.026364423767576164,
  "ERI": 2.6364423767576164,
  "percentiles": {
    "p10": 2.1046049427482103,
    "p50": 2.249324684121694,
    "p90": 2.525651292053093
  },
  "ema": {
    "fast": 0.4558430735625326,
    "slow": 0.43485212845371835,
    "fast_period": 20,
    "slow_period": 100
  },
  "etv": {
    "horizon_days": 1,
    "risk_budget_usd": 100,
    "expected_move_usd": 0.22119751540996402,
    "qty": 452.084643964746,
    "notional_usd": 3792.990162864219,
    "leverage": 1
  }
}