{
  "t": "2025-10-27T16:37:19.374Z",
  "spot": 18.57,
  "sigma_d": 0.057991252993339105,
  "ERI": 5.799125299333911,
  "percentiles": {
    "p10": 5.7116959644045275,
    "p50": 5.841904673878349,
    "p90": 5.958543863703687
  },
  "ema": {
    "fast": 1.1079575790195961,
    "slow": 1.1150875668881326,
    "fast_period": 20,
    "slow_period": 100
  },
  "etv": {
    "horizon_days": 1,
    "risk_budget_usd": 100,
    "expected_move_usd": 1.076897568086307,
    "qty": 92.8593423956786,
    "notional_usd": 1724.3979882877516,
    "leverage": 1
  }
}