{
  "t": "2025-12-29T19:25:23.983Z",
  "spot": 12.33,
  "sigma_d": 0.03771299353809212,
  "ERI": 3.771299353809212,
  "percentiles": {
    "p10": 3.7540600216572577,
    "p50": 3.8264787549913297,
    "p90": 4.0223470177867515
  },
  "ema": {
    "fast": 0.7212777342788473,
    "slow": 0.7224890622483843,
    "fast_period": 20,
    "slow_period": 100
  },
  "etv": {
    "horizon_days": 1,
    "risk_budget_usd": 100,
    "expected_move_usd": 0.46500121032467584,
    "qty": 215.05320368989453,
    "notional_usd": 2651.6060014963996,
    "leverage": 1
  }
}