{
  "t": "2026-03-31T21:52:21.186Z",
  "spot": 8.76,
  "sigma_d": 0.029610211648987396,
  "ERI": 2.9610211648987397,
  "percentiles": {
    "p10": 2.9611780202247258,
    "p50": 3.536461500757401,
    "p90": 3.6384711783368635
  },
  "ema": {
    "fast": 0.5674919824204301,
    "slow": 0.5962571931847499,
    "fast_period": 20,
    "slow_period": 100
  },
  "etv": {
    "horizon_days": 1,
    "risk_budget_usd": 100,
    "expected_move_usd": 0.2593854540451296,
    "qty": 385.52663011936414,
    "notional_usd": 3377.2132798456296,
    "leverage": 1
  }
}