{
  "t": "2026-04-20T14:07:03.824Z",
  "spot": 9.23,
  "sigma_d": 0.030884496811832245,
  "ERI": 3.0884496811832243,
  "percentiles": {
    "p10": 2.652230297274112,
    "p50": 2.9215826585916123,
    "p90": 3.1611484400272216
  },
  "ema": {
    "fast": 0.586942721379316,
    "slow": 0.58345088766465,
    "fast_period": 20,
    "slow_period": 100
  },
  "etv": {
    "horizon_days": 1,
    "risk_budget_usd": 100,
    "expected_move_usd": 0.28506390557321165,
    "qty": 350.79853339874154,
    "notional_usd": 3237.870463270385,
    "leverage": 1
  }
}