{
  "t": "2025-11-28T15:29:57.735Z",
  "spot": 13.46,
  "sigma_d": 0.042959931886853965,
  "ERI": 4.295993188685396,
  "percentiles": {
    "p10": 4.147915623854,
    "p50": 4.247066775942117,
    "p90": 4.403141056518643
  },
  "ema": {
    "fast": 0.8200828789367978,
    "slow": 0.816736701966522,
    "fast_period": 20,
    "slow_period": 100
  },
  "etv": {
    "horizon_days": 1,
    "risk_budget_usd": 100,
    "expected_move_usd": 0.5782406831970545,
    "qty": 172.93836789052375,
    "notional_usd": 2327.75043180645,
    "leverage": 1
  }
}