{
  "t": "2026-01-10T15:29:48.114Z",
  "spot": 13.13,
  "sigma_d": 0.0252135297778071,
  "ERI": 2.52135297778071,
  "percentiles": {
    "p10": 2.520284075031759,
    "p50": 2.5846550330539353,
    "p90": 3.771961092322145
  },
  "ema": {
    "fast": 0.4821120442149479,
    "slow": 0.4918122633687105,
    "fast_period": 20,
    "slow_period": 100
  },
  "etv": {
    "horizon_days": 1,
    "risk_budget_usd": 100,
    "expected_move_usd": 0.3310536459826072,
    "qty": 302.065847071969,
    "notional_usd": 3966.124572054953,
    "leverage": 1
  }
}