{
  "t": "2025-09-29T02:01:54.692Z",
  "spot": 21.45,
  "sigma_d": 0.03027087738164607,
  "ERI": 3.027087738164607,
  "percentiles": {
    "p10": 3.0247208337368443,
    "p50": 3.435323518052868,
    "p90": 4.349695086232658
  },
  "ema": {
    "fast": 0.5721362867431848,
    "slow": 0.6034124817936427,
    "fast_period": 20,
    "slow_period": 100
  },
  "etv": {
    "horizon_days": 1,
    "risk_budget_usd": 100,
    "expected_move_usd": 0.6493103198363082,
    "qty": 154.00956514168774,
    "notional_usd": 3303.505172289202,
    "leverage": 1
  }
}