{
  "t": "2025-12-14T21:26:51.501Z",
  "spot": 13.38,
  "sigma_d": 0.039508881166460175,
  "ERI": 3.9508881166460172,
  "percentiles": {
    "p10": 4.023233723555745,
    "p50": 4.155908688160282,
    "p90": 4.3332772583232355
  },
  "ema": {
    "fast": 0.7545204051650654,
    "slow": 0.7714644217539651,
    "fast_period": 20,
    "slow_period": 100
  },
  "etv": {
    "horizon_days": 1,
    "risk_budget_usd": 100,
    "expected_move_usd": 0.5286288300072371,
    "qty": 189.16864598291198,
    "notional_usd": 2531.0764832513623,
    "leverage": 1
  }
}