{
  "t": "2025-11-22T08:34:04.216Z",
  "spot": 11.85,
  "sigma_d": 0.04218291416523975,
  "ERI": 4.218291416523975,
  "percentiles": {
    "p10": 4.147915623854,
    "p50": 4.416425481739611,
    "p90": 4.5184299905749
  },
  "ema": {
    "fast": 0.8072364186212443,
    "slow": 0.8133423561159361,
    "fast_period": 20,
    "slow_period": 100
  },
  "etv": {
    "horizon_days": 1,
    "risk_budget_usd": 100,
    "expected_move_usd": 0.499867532858091,
    "qty": 200.0530008985187,
    "notional_usd": 2370.6280606474465,
    "leverage": 1
  }
}