{
  "t": "2025-09-05T07:25:09.849Z",
  "spot": 22.78,
  "sigma_d": 0.06273654150827712,
  "ERI": 6.273654150827712,
  "percentiles": {
    "p10": 5.484393670648377,
    "p50": 6.168871770768428,
    "p90": 6.259293478721845
  },
  "ema": {
    "fast": 1.1932363705631523,
    "slow": 1.0714025545139456,
    "fast_period": 20,
    "slow_period": 100
  },
  "etv": {
    "horizon_days": 1,
    "risk_budget_usd": 100,
    "expected_move_usd": 1.429138415558553,
    "qty": 69.97222865982286,
    "notional_usd": 1593.9673688707649,
    "leverage": 1
  }
}