{
  "t": "2026-02-01T15:36:07.271Z",
  "spot": 9.5,
  "sigma_d": 0.03237642659935863,
  "ERI": 3.2376426599358634,
  "percentiles": {
    "p10": 2.6754110403478695,
    "p50": 2.8783899627435243,
    "p90": 3.1702127593250964
  },
  "ema": {
    "fast": 0.6199952518673545,
    "slow": 0.5965857255613345,
    "fast_period": 20,
    "slow_period": 100
  },
  "etv": {
    "horizon_days": 1,
    "risk_budget_usd": 100,
    "expected_move_usd": 0.307576052693907,
    "qty": 325.122840754829,
    "notional_usd": 3088.6669871708755,
    "leverage": 1
  }
}