{
  "t": "2026-01-21T06:53:10.568Z",
  "spot": 12.37,
  "sigma_d": 0.027042782258625393,
  "ERI": 2.7042782258625393,
  "percentiles": {
    "p10": 2.4055990817203687,
    "p50": 2.483110998768935,
    "p90": 2.657662994076772
  },
  "ema": {
    "fast": 0.4963050586980716,
    "slow": 0.47586548289947,
    "fast_period": 20,
    "slow_period": 100
  },
  "etv": {
    "horizon_days": 1,
    "risk_budget_usd": 100,
    "expected_move_usd": 0.3345192165391961,
    "qty": 298.9364887152391,
    "notional_usd": 3697.844365407507,
    "leverage": 1
  }
}