{
  "t": "2025-09-14T18:32:05.881Z",
  "spot": 24.13,
  "sigma_d": 0.05194981479890482,
  "ERI": 5.194981479890482,
  "percentiles": {
    "p10": 5.198462473053506,
    "p50": 5.671977206336136,
    "p90": 6.2631249283782875
  },
  "ema": {
    "fast": 0.9910602934187858,
    "slow": 1.0165023850527044,
    "fast_period": 20,
    "slow_period": 100
  },
  "etv": {
    "horizon_days": 1,
    "risk_budget_usd": 100,
    "expected_move_usd": 1.2535490310975732,
    "qty": 79.77350507976759,
    "notional_usd": 1924.9346775747917,
    "leverage": 1
  }
}