{
  "t": "2025-11-11T06:42:48.829Z",
  "spot": 16.26,
  "sigma_d": 0.044494549239572447,
  "ERI": 4.449454923957244,
  "percentiles": {
    "p10": 4.805876063532977,
    "p50": 6.001771773940257,
    "p90": 6.308191627099421
  },
  "ema": {
    "fast": 0.8953621042390523,
    "slow": 1.0120725113828872,
    "fast_period": 20,
    "slow_period": 100
  },
  "etv": {
    "horizon_days": 1,
    "risk_budget_usd": 100,
    "expected_move_usd": 0.723481370635448,
    "qty": 138.22055972521866,
    "notional_usd": 2247.466301132056,
    "leverage": 1
  }
}