{
  "t": "2026-04-27T11:56:09.306Z",
  "spot": 9.32,
  "sigma_d": 0.02698558630418368,
  "ERI": 2.698558630418368,
  "percentiles": {
    "p10": 2.788975618046744,
    "p50": 2.9814098780416742,
    "p90": 3.1611484400272216
  },
  "ema": {
    "fast": 0.5171797229782089,
    "slow": 0.5460581315770818,
    "fast_period": 20,
    "slow_period": 100
  },
  "etv": {
    "horizon_days": 1,
    "risk_budget_usd": 100,
    "expected_move_usd": 0.2515056643549919,
    "qty": 397.6053591335952,
    "notional_usd": 3705.6819471251074,
    "leverage": 1
  }
}