{
  "t": "2026-03-24T08:00:23.518Z",
  "spot": 9.22,
  "sigma_d": 0.03640373705185347,
  "ERI": 3.6403737051853473,
  "percentiles": {
    "p10": 3.427595152318238,
    "p50": 3.5730525840594862,
    "p90": 3.6278840111164765
  },
  "ema": {
    "fast": 0.6953189700048255,
    "slow": 0.686177920074857,
    "fast_period": 20,
    "slow_period": 100
  },
  "etv": {
    "horizon_days": 1,
    "risk_budget_usd": 100,
    "expected_move_usd": 0.33564245561808903,
    "qty": 297.9360874232938,
    "notional_usd": 2746.9707260427695,
    "leverage": 1
  }
}