{
  "t": "2026-05-03T23:59:04.772Z",
  "spot": 9.13,
  "sigma_d": 0.02569729841001261,
  "ERI": 2.5697298410012612,
  "percentiles": {
    "p10": 2.5710103204141146,
    "p50": 2.939677173548586,
    "p90": 3.122692615025225
  },
  "ema": {
    "fast": 0.49168023142744943,
    "slow": 0.5097968356080343,
    "fast_period": 20,
    "slow_period": 100
  },
  "etv": {
    "horizon_days": 1,
    "risk_budget_usd": 100,
    "expected_move_usd": 0.23461633448341515,
    "qty": 426.227782563319,
    "notional_usd": 3891.4596548031027,
    "leverage": 1
  }
}