{
  "t": "2025-12-20T23:26:48.116Z",
  "spot": 12.58,
  "sigma_d": 0.0402132710629934,
  "ERI": 4.021327106299339,
  "percentiles": {
    "p10": 3.9335864817287565,
    "p50": 4.023501885864926,
    "p90": 4.193054556615247
  },
  "ema": {
    "fast": 0.7694699006665086,
    "slow": 0.767627222306748,
    "fast_period": 20,
    "slow_period": 100
  },
  "etv": {
    "horizon_days": 1,
    "risk_budget_usd": 100,
    "expected_move_usd": 0.505882949972457,
    "qty": 197.67418531390422,
    "notional_usd": 2486.741251248915,
    "leverage": 1
  }
}