{
  "t": "2026-01-22T19:33:39.710Z",
  "spot": 12.23,
  "sigma_d": 0.027032395977808016,
  "ERI": 2.7032395977808017,
  "percentiles": {
    "p10": 2.4055990817203687,
    "p50": 2.483110998768935,
    "p90": 2.697244430225545
  },
  "ema": {
    "fast": 0.5153548622521359,
    "slow": 0.4945541076030269,
    "fast_period": 20,
    "slow_period": 100
  },
  "etv": {
    "horizon_days": 1,
    "risk_budget_usd": 100,
    "expected_move_usd": 0.33060620280859204,
    "qty": 302.47466366472275,
    "notional_usd": 3699.2651366195596,
    "leverage": 1
  }
}