{
  "t": "2025-09-22T20:28:53.285Z",
  "spot": 21.36,
  "sigma_d": 0.036497049610999886,
  "ERI": 3.6497049610999888,
  "percentiles": {
    "p10": 3.4991411202387352,
    "p50": 4.6284784057309,
    "p90": 5.3175198714517045
  },
  "ema": {
    "fast": 0.6911123901148182,
    "slow": 0.7282555346062531,
    "fast_period": 20,
    "slow_period": 100
  },
  "etv": {
    "horizon_days": 1,
    "risk_budget_usd": 100,
    "expected_move_usd": 0.7795769796909575,
    "qty": 128.27469589936112,
    "notional_usd": 2739.9475044103533,
    "leverage": 1
  }
}