{
  "t": "2026-03-01T10:38:11.423Z",
  "spot": 8.9,
  "sigma_d": 0.05080120264500115,
  "ERI": 5.080120264500115,
  "percentiles": {
    "p10": 4.643143417202287,
    "p50": 4.716871443527401,
    "p90": 5.141629785830333
  },
  "ema": {
    "fast": 0.9733680327928476,
    "slow": 0.9595934355184734,
    "fast_period": 20,
    "slow_period": 100
  },
  "etv": {
    "horizon_days": 1,
    "risk_budget_usd": 100,
    "expected_move_usd": 0.45213070354051027,
    "qty": 221.17498151956437,
    "notional_usd": 1968.457335524123,
    "leverage": 1
  }
}