{
  "t": "2026-03-08T22:37:01.260Z",
  "spot": 8.49,
  "sigma_d": 0.035057325081477894,
  "ERI": 3.5057325081477893,
  "percentiles": {
    "p10": 4.027613002490804,
    "p50": 4.895633799215073,
    "p90": 5.141629785830333
  },
  "ema": {
    "fast": 0.6859607029204265,
    "slow": 0.816295207695131,
    "fast_period": 20,
    "slow_period": 100
  },
  "etv": {
    "horizon_days": 1,
    "risk_budget_usd": 100,
    "expected_move_usd": 0.29763668994174736,
    "qty": 335.9800837039672,
    "notional_usd": 2852.4709106466817,
    "leverage": 1
  }
}