{
  "t": "2026-04-25T14:56:16.911Z",
  "spot": 9.4,
  "sigma_d": 0.027885329338229653,
  "ERI": 2.788532933822965,
  "percentiles": {
    "p10": 2.8192149251811256,
    "p50": 2.9814098780416742,
    "p90": 3.1611484400272216
  },
  "ema": {
    "fast": 0.5459262206913431,
    "slow": 0.5670785565596409,
    "fast_period": 20,
    "slow_period": 100
  },
  "etv": {
    "horizon_days": 1,
    "risk_budget_usd": 100,
    "expected_move_usd": 0.26212209577935874,
    "qty": 381.5016040623107,
    "notional_usd": 3586.115078185721,
    "leverage": 1
  }
}