{
  "t": "2025-09-01T21:52:57.900Z",
  "spot": 22.2326,
  "sigma_d": 0.05484393670648376,
  "ERI": 5.484393670648377,
  "percentiles": {
    "p10": 4.624211453339185,
    "p50": 5.48439367064838,
    "p90": 6.213952956826937
  },
  "ema": {
    "fast": 1.0291025877105058,
    "slow": 0.7380971275390347,
    "fast_period": 20,
    "slow_period": 100
  },
  "etv": {
    "horizon_days": 1,
    "risk_budget_usd": 100,
    "expected_move_usd": 1.219323307220571,
    "qty": 82.01270278999955,
    "notional_usd": 1823.355616048944,
    "leverage": 1
  }
}