{
  "t": "2025-11-05T12:58:30.959Z",
  "spot": 14.9,
  "sigma_d": 0.06184163449192158,
  "ERI": 6.184163449192158,
  "percentiles": {
    "p10": 5.766426315714119,
    "p50": 5.804579385042821,
    "p90": 6.286589651002098
  },
  "ema": {
    "fast": 1.188390595844086,
    "slow": 1.1621049927961247,
    "fast_period": 20,
    "slow_period": 100
  },
  "etv": {
    "horizon_days": 1,
    "risk_budget_usd": 100,
    "expected_move_usd": 0.9214403539296315,
    "qty": 108.52574404141713,
    "notional_usd": 1617.0335862171153,
    "leverage": 1
  }
}