{
  "t": "2025-09-17T21:22:12.587Z",
  "spot": 23.48,
  "sigma_d": 0.046274839426692124,
  "ERI": 4.627483942669213,
  "percentiles": {
    "p10": 4.629311664495823,
    "p50": 5.309593811987487,
    "p90": 5.692986573145893
  },
  "ema": {
    "fast": 0.8863899336724238,
    "slow": 0.9342072684165907,
    "fast_period": 20,
    "slow_period": 100
  },
  "etv": {
    "horizon_days": 1,
    "risk_budget_usd": 100,
    "expected_move_usd": 1.0865332297387311,
    "qty": 92.03584139257858,
    "notional_usd": 2161.0015558977448,
    "leverage": 1
  }
}