{
  "t": "2026-02-21T21:34:49.219Z",
  "spot": 8.9,
  "sigma_d": 0.047018148677709724,
  "ERI": 4.701814867770972,
  "percentiles": {
    "p10": 4.583125535968241,
    "p50": 4.7145860361524745,
    "p90": 4.747093907646981
  },
  "ema": {
    "fast": 0.8974034919321419,
    "slow": 0.8936612765805607,
    "fast_period": 20,
    "slow_period": 100
  },
  "etv": {
    "horizon_days": 1,
    "risk_budget_usd": 100,
    "expected_move_usd": 0.41846152323161656,
    "qty": 238.9705969326371,
    "notional_usd": 2126.8383127004704,
    "leverage": 1
  }
}