{
  "t": "2026-02-05T15:53:24.028Z",
  "spot": 8.52,
  "sigma_d": 0.034835256931752025,
  "ERI": 3.4835256931752023,
  "percentiles": {
    "p10": 2.675721824784282,
    "p50": 3.091740613085787,
    "p90": 3.367193953292029
  },
  "ema": {
    "fast": 0.6292743987999417,
    "slow": 0.6232917957163976,
    "fast_period": 20,
    "slow_period": 100
  },
  "etv": {
    "horizon_days": 1,
    "risk_budget_usd": 100,
    "expected_move_usd": 0.29679638905852723,
    "qty": 336.93132290865015,
    "notional_usd": 2870.654871181699,
    "leverage": 1
  }
}