{
  "t": "2026-05-14T10:29:33.888Z",
  "spot": 10.22,
  "sigma_d": 0.020359379033625932,
  "ERI": 2.0359379033625933,
  "percentiles": {
    "p10": 2.4340644686509276,
    "p50": 2.6587662332618653,
    "p90": 2.9363622484524092
  },
  "ema": {
    "fast": 0.4243293862479975,
    "slow": 0.4655823604782469,
    "fast_period": 20,
    "slow_period": 100
  },
  "etv": {
    "horizon_days": 1,
    "risk_budget_usd": 100,
    "expected_move_usd": 0.20807285372365705,
    "qty": 480.60089632264413,
    "notional_usd": 4911.741160417423,
    "leverage": 1
  }
}