{
  "t": "2025-10-17T03:08:09.995Z",
  "spot": 17.49,
  "sigma_d": 0.05714699649970643,
  "ERI": 5.714699649970643,
  "percentiles": {
    "p10": 3.090217852706999,
    "p50": 5.204348263266057,
    "p90": 5.718266407371888
  },
  "ema": {
    "fast": 1.0933124613265985,
    "slow": 1.0527252037027222,
    "fast_period": 20,
    "slow_period": 100
  },
  "etv": {
    "horizon_days": 1,
    "risk_budget_usd": 100,
    "expected_move_usd": 0.9995009687798653,
    "qty": 100.04992803766302,
    "notional_usd": 1749.873241378726,
    "leverage": 1
  }
}