{
  "t": "2025-09-11T17:24:07.264Z",
  "spot": 23.7,
  "sigma_d": 0.05307745370169196,
  "ERI": 5.3077453701691955,
  "percentiles": {
    "p10": 5.484393670648378,
    "p50": 5.762002216007387,
    "p90": 6.2659516620034825
  },
  "ema": {
    "fast": 1.026428974181397,
    "slow": 1.0700417597983714,
    "fast_period": 20,
    "slow_period": 100
  },
  "etv": {
    "horizon_days": 1,
    "risk_budget_usd": 100,
    "expected_move_usd": 1.2579356527300993,
    "qty": 79.49532218358695,
    "notional_usd": 1884.0391357510107,
    "leverage": 1
  }
}