{
  "t": "2025-11-25T11:26:46.050Z",
  "spot": 12.76,
  "sigma_d": 0.042331116243927894,
  "ERI": 4.233111624392789,
  "percentiles": {
    "p10": 4.147915623854,
    "p50": 4.278106571087029,
    "p90": 4.450195579512391
  },
  "ema": {
    "fast": 0.8117544904889973,
    "slow": 0.8110217121354731,
    "fast_period": 20,
    "slow_period": 100
  },
  "etv": {
    "horizon_days": 1,
    "risk_budget_usd": 100,
    "expected_move_usd": 0.5401450432725199,
    "qty": 185.13545805056458,
    "notional_usd": 2362.328444725204,
    "leverage": 1
  }
}