{
  "t": "2025-11-14T23:26:09.159Z",
  "spot": 13.76,
  "sigma_d": 0.044855117140908105,
  "ERI": 4.48551171409081,
  "percentiles": {
    "p10": 4.452176958466479,
    "p50": 4.836854640308248,
    "p90": 6.308191627099421
  },
  "ema": {
    "fast": 0.8463839300508085,
    "slow": 0.8838329446164679,
    "fast_period": 20,
    "slow_period": 100
  },
  "etv": {
    "horizon_days": 1,
    "risk_budget_usd": 100,
    "expected_move_usd": 0.6172064118588955,
    "qty": 162.02035182820137,
    "notional_usd": 2229.400041156051,
    "leverage": 1
  }
}