{
  "t": "2025-10-18T16:30:39.418Z",
  "spot": 16.72,
  "sigma_d": 0.0570446601967187,
  "ERI": 5.70446601967187,
  "percentiles": {
    "p10": 3.2995946531523286,
    "p50": 5.587567005057697,
    "p90": 5.734963675420762
  },
  "ema": {
    "fast": 1.0924104023756214,
    "slow": 1.0746446200566044,
    "fast_period": 20,
    "slow_period": 100
  },
  "etv": {
    "horizon_days": 1,
    "risk_budget_usd": 100,
    "expected_move_usd": 0.9537867184891367,
    "qty": 104.84524271674367,
    "notional_usd": 1753.0124582239541,
    "leverage": 1
  }
}