{
  "t": "2025-11-25T13:00:02.523Z",
  "spot": 12.88,
  "sigma_d": 0.04233897348971747,
  "ERI": 4.233897348971747,
  "percentiles": {
    "p10": 4.147915623854,
    "p50": 4.277281787680468,
    "p90": 4.449275709132111
  },
  "ema": {
    "fast": 0.8114812011813528,
    "slow": 0.810979400068607,
    "fast_period": 20,
    "slow_period": 100
  },
  "etv": {
    "horizon_days": 1,
    "risk_budget_usd": 100,
    "expected_move_usd": 0.545325978547561,
    "qty": 183.37655628720137,
    "notional_usd": 2361.8900449791536,
    "leverage": 1
  }
}