{
  "t": "2025-09-19T16:32:26.831Z",
  "spot": 23.69,
  "sigma_d": 0.03881808345583927,
  "ERI": 3.881808345583927,
  "percentiles": {
    "p10": 4.35426556971925,
    "p50": 5.194898856387724,
    "p90": 5.671603316793563
  },
  "ema": {
    "fast": 0.7589388847199954,
    "slow": 0.8538950063456613,
    "fast_period": 20,
    "slow_period": 100
  },
  "etv": {
    "horizon_days": 1,
    "risk_budget_usd": 100,
    "expected_move_usd": 0.9196003970688325,
    "qty": 108.74288475596967,
    "notional_usd": 2576.1189398689216,
    "leverage": 1
  }
}