{
  "t": "2025-10-03T15:26:33.235Z",
  "spot": 22.47,
  "sigma_d": 0.030539071417444,
  "ERI": 3.0539071417444,
  "percentiles": {
    "p10": 2.9847085730369316,
    "p50": 3.070681654916487,
    "p90": 3.573424575959297
  },
  "ema": {
    "fast": 0.5845774577399324,
    "slow": 0.5862668462753197,
    "fast_period": 20,
    "slow_period": 100
  },
  "etv": {
    "horizon_days": 1,
    "risk_budget_usd": 100,
    "expected_move_usd": 0.6862129347499667,
    "qty": 145.72736090501806,
    "notional_usd": 3274.4937995357554,
    "leverage": 1
  }
}