{
  "t": "2025-11-13T04:34:54.303Z",
  "spot": 15.64,
  "sigma_d": 0.04513549662646455,
  "ERI": 4.513549662646455,
  "percentiles": {
    "p10": 4.489549229404501,
    "p50": 6.001771773940257,
    "p90": 6.308191627099421
  },
  "ema": {
    "fast": 0.8617110011326139,
    "slow": 0.9263107013409623,
    "fast_period": 20,
    "slow_period": 100
  },
  "etv": {
    "horizon_days": 1,
    "risk_budget_usd": 100,
    "expected_move_usd": 0.7059191672379056,
    "qty": 141.65927862714977,
    "notional_usd": 2215.5511177286226,
    "leverage": 1
  }
}