{
  "t": "2025-12-31T17:29:04.709Z",
  "spot": 12.28,
  "sigma_d": 0.035373048443211895,
  "ERI": 3.5373048443211896,
  "percentiles": {
    "p10": 3.7484036344545535,
    "p50": 3.7794644553251127,
    "p90": 3.869155268417549
  },
  "ema": {
    "fast": 0.6844576029748148,
    "slow": 0.7093795033095982,
    "fast_period": 20,
    "slow_period": 100
  },
  "etv": {
    "horizon_days": 1,
    "risk_budget_usd": 100,
    "expected_move_usd": 0.43438103488264207,
    "qty": 230.2126289353707,
    "notional_usd": 2827.011083326352,
    "leverage": 1
  }
}