{
  "t": "2025-11-29T13:33:20.762Z",
  "spot": 13.13,
  "sigma_d": 0.04120399263342032,
  "ERI": 4.120399263342032,
  "percentiles": {
    "p10": 4.121803935655046,
    "p50": 4.237857974824078,
    "p90": 4.322772321040332
  },
  "ema": {
    "fast": 0.7966882338551252,
    "slow": 0.8105866634161781,
    "fast_period": 20,
    "slow_period": 100
  },
  "etv": {
    "horizon_days": 1,
    "risk_budget_usd": 100,
    "expected_move_usd": 0.5410084232768088,
    "qty": 184.8400056219359,
    "notional_usd": 2426.9492738160184,
    "leverage": 1
  }
}