{
  "t": "2026-02-14T16:45:28.385Z",
  "spot": 9.01,
  "sigma_d": 0.04673166036914183,
  "ERI": 4.673166036914183,
  "percentiles": {
    "p10": 3.24571696061299,
    "p50": 4.490379292906603,
    "p90": 4.747609022425738
  },
  "ema": {
    "fast": 0.8857829229435904,
    "slow": 0.8721296567961851,
    "fast_period": 20,
    "slow_period": 100
  },
  "etv": {
    "horizon_days": 1,
    "risk_budget_usd": 100,
    "expected_move_usd": 0.4210522599259679,
    "qty": 237.50020963569378,
    "notional_usd": 2139.876888817601,
    "leverage": 1
  }
}