{
  "t": "2025-09-24T07:26:51.451Z",
  "spot": 21.74,
  "sigma_d": 0.03126586736782394,
  "ERI": 3.126586736782394,
  "percentiles": {
    "p10": 3.437691186335606,
    "p50": 4.351521100178022,
    "p90": 5.192496040570045
  },
  "ema": {
    "fast": 0.6398860060540311,
    "slow": 0.6952444314424728,
    "fast_period": 20,
    "slow_period": 100
  },
  "etv": {
    "horizon_days": 1,
    "risk_budget_usd": 100,
    "expected_move_usd": 0.6797199565764924,
    "qty": 147.11941150538587,
    "notional_usd": 3198.3760061270887,
    "leverage": 1
  }
}