{
  "t": "2026-01-27T13:11:39.345Z",
  "spot": 11.87,
  "sigma_d": 0.029260382316667118,
  "ERI": 2.9260382316667117,
  "percentiles": {
    "p10": 2.419793577482409,
    "p50": 2.67544659812065,
    "p90": 2.87797876077283
  },
  "ema": {
    "fast": 0.5562674575407125,
    "slow": 0.531935775715777,
    "fast_period": 20,
    "slow_period": 100
  },
  "etv": {
    "horizon_days": 1,
    "risk_budget_usd": 100,
    "expected_move_usd": 0.3473207380988387,
    "qty": 287.9183101688058,
    "notional_usd": 3417.590341703725,
    "leverage": 1
  }
}