{
  "t": "2025-11-17T20:31:37.309Z",
  "spot": 13.19,
  "sigma_d": 0.04442948501698938,
  "ERI": 4.442948501698938,
  "percentiles": {
    "p10": 4.40224720596557,
    "p50": 4.504781004869065,
    "p90": 6.273575830689181
  },
  "ema": {
    "fast": 0.8443746408212308,
    "slow": 0.8562685307728438,
    "fast_period": 20,
    "slow_period": 100
  },
  "etv": {
    "horizon_days": 1,
    "risk_budget_usd": 100,
    "expected_move_usd": 0.5860249073740899,
    "qty": 170.64121122101872,
    "notional_usd": 2250.757576005237,
    "leverage": 1
  }
}