{
  "t": "2025-09-21T09:24:06.811Z",
  "spot": 23.18,
  "sigma_d": 0.0343436010753239,
  "ERI": 3.43436010753239,
  "percentiles": {
    "p10": 3.737242343447803,
    "p50": 5.150094784974545,
    "p90": 5.33213543391263
  },
  "ema": {
    "fast": 0.6838614738360913,
    "slow": 0.7731394204088373,
    "fast_period": 20,
    "slow_period": 100
  },
  "etv": {
    "horizon_days": 1,
    "risk_budget_usd": 100,
    "expected_move_usd": 0.796084672926008,
    "qty": 125.61477867982327,
    "notional_usd": 2911.7505697983033,
    "leverage": 1
  }
}