{
  "t": "2025-09-12T18:32:45.206Z",
  "spot": 24.97,
  "sigma_d": 0.05343152283679222,
  "ERI": 5.343152283679222,
  "percentiles": {
    "p10": 5.330021738530479,
    "p50": 5.687656908525385,
    "p90": 6.2631249283782875
  },
  "ema": {
    "fast": 1.0193572446328372,
    "slow": 1.0503408417350906,
    "fast_period": 20,
    "slow_period": 100
  },
  "etv": {
    "horizon_days": 1,
    "risk_budget_usd": 100,
    "expected_move_usd": 1.3341851252347017,
    "qty": 74.9521172951232,
    "notional_usd": 1871.5543688592263,
    "leverage": 1
  }
}