{
  "t": "2026-04-25T11:50:11.733Z",
  "spot": 9.38,
  "sigma_d": 0.02788537497357687,
  "ERI": 2.788537497357687,
  "percentiles": {
    "p10": 2.8192149251811256,
    "p50": 2.9814098780416742,
    "p90": 3.1611484400272216
  },
  "ema": {
    "fast": 0.5488410580666784,
    "slow": 0.5684785976134829,
    "fast_period": 20,
    "slow_period": 100
  },
  "etv": {
    "horizon_days": 1,
    "risk_budget_usd": 100,
    "expected_move_usd": 0.2615648172521511,
    "qty": 382.3144146469783,
    "notional_usd": 3586.109209388657,
    "leverage": 1
  }
}