{
  "t": "2025-09-03T13:33:53.126Z",
  "spot": 23.49,
  "sigma_d": 0.06225216930378927,
  "ERI": 6.225216930378926,
  "percentiles": {
    "p10": 5.484393670648377,
    "p50": 5.638145670254035,
    "p90": 6.225149599213614
  },
  "ema": {
    "fast": 1.1405248498413314,
    "slow": 0.9268122742343875,
    "fast_period": 20,
    "slow_period": 100
  },
  "etv": {
    "horizon_days": 1,
    "risk_budget_usd": 100,
    "expected_move_usd": 1.4623034569460098,
    "qty": 68.38525856243814,
    "notional_usd": 1606.3697236316718,
    "leverage": 1
  }
}