{
  "t": "2025-11-20T19:24:39.137Z",
  "spot": 12.86,
  "sigma_d": 0.041482708077832865,
  "ERI": 4.148270807783287,
  "percentiles": {
    "p10": 4.181520398892955,
    "p50": 4.449747734799109,
    "p90": 4.804887018045225
  },
  "ema": {
    "fast": 0.7918975080067858,
    "slow": 0.8209579389557412,
    "fast_period": 20,
    "slow_period": 100
  },
  "etv": {
    "horizon_days": 1,
    "risk_budget_usd": 100,
    "expected_move_usd": 0.5334676258809307,
    "qty": 187.4527996612111,
    "notional_usd": 2410.6430036431743,
    "leverage": 1
  }
}