{
  "t": "2026-02-16T10:07:33.059Z",
  "spot": 8.87,
  "sigma_d": 0.0472484173282956,
  "ERI": 4.72484173282956,
  "percentiles": {
    "p10": 3.274366206068013,
    "p50": 4.654600906572365,
    "p90": 4.747609022425738
  },
  "ema": {
    "fast": 0.8999926043412042,
    "slow": 0.885185199650155,
    "fast_period": 20,
    "slow_period": 100
  },
  "etv": {
    "horizon_days": 1,
    "risk_budget_usd": 100,
    "expected_move_usd": 0.4190934617019819,
    "qty": 238.61026033164453,
    "notional_usd": 2116.473009141687,
    "leverage": 1
  }
}