{
  "t": "2025-10-18T03:01:05.935Z",
  "spot": 16.67,
  "sigma_d": 0.05701737219124298,
  "ERI": 5.701737219124299,
  "percentiles": {
    "p10": 3.290747674387579,
    "p50": 5.310074245555146,
    "p90": 5.734963675420762
  },
  "ema": {
    "fast": 1.097410024151494,
    "slow": 1.069438358010032,
    "fast_period": 20,
    "slow_period": 100
  },
  "etv": {
    "horizon_days": 1,
    "risk_budget_usd": 100,
    "expected_move_usd": 0.9504795944280207,
    "qty": 105.21004405168527,
    "notional_usd": 1753.8514343415936,
    "leverage": 1
  }
}