{
  "t": "2025-10-20T04:33:58.404Z",
  "spot": 17.67,
  "sigma_d": 0.057530001669410157,
  "ERI": 5.753000166941016,
  "percentiles": {
    "p10": 3.3932616338674544,
    "p50": 5.651510632872535,
    "p90": 5.745264304438285
  },
  "ema": {
    "fast": 1.094965165898922,
    "slow": 1.0832822663005384,
    "fast_period": 20,
    "slow_period": 100
  },
  "etv": {
    "horizon_days": 1,
    "risk_budget_usd": 100,
    "expected_move_usd": 1.0165551294984776,
    "qty": 98.37144794039403,
    "notional_usd": 1738.2234851067628,
    "leverage": 1
  }
}