{
  "t": "2026-03-21T21:35:53.483Z",
  "spot": 9.09,
  "sigma_d": 0.03595489658533231,
  "ERI": 3.595489658533231,
  "percentiles": {
    "p10": 3.427595152318238,
    "p50": 3.534662273957117,
    "p90": 3.6181814927494824
  },
  "ema": {
    "fast": 0.6870070960484824,
    "slow": 0.6821064268520937,
    "fast_period": 20,
    "slow_period": 100
  },
  "etv": {
    "horizon_days": 1,
    "risk_budget_usd": 100,
    "expected_move_usd": 0.3268300099606707,
    "qty": 305.9694549225561,
    "notional_usd": 2781.262345246035,
    "leverage": 1
  }
}