{
  "t": "2026-03-08T08:46:25.743Z",
  "spot": 8.63,
  "sigma_d": 0.034863449137210234,
  "ERI": 3.486344913721023,
  "percentiles": {
    "p10": 4.097989510530264,
    "p50": 4.895633799215073,
    "p90": 5.141629785830333
  },
  "ema": {
    "fast": 0.7360897159388797,
    "slow": 0.8606188770515895,
    "fast_period": 20,
    "slow_period": 100
  },
  "etv": {
    "horizon_days": 1,
    "risk_budget_usd": 100,
    "expected_move_usd": 0.30087156605412435,
    "qty": 332.36773189132407,
    "notional_usd": 2868.333526222127,
    "leverage": 1
  }
}