{
  "t": "2026-01-18T22:31:07.350Z",
  "spot": 13.83,
  "sigma_d": 0.022789283944819716,
  "ERI": 2.2789283944819716,
  "percentiles": {
    "p10": 2.4066781851824555,
    "p50": 2.520015626697429,
    "p90": 2.663794239127058
  },
  "ema": {
    "fast": 0.43925819132347743,
    "slow": 0.464959993003729,
    "fast_period": 20,
    "slow_period": 100
  },
  "etv": {
    "horizon_days": 1,
    "risk_budget_usd": 100,
    "expected_move_usd": 0.31517579695685666,
    "qty": 317.2832462566555,
    "notional_usd": 4388.027295729546,
    "leverage": 1
  }
}