{
  "t": "2025-10-09T10:32:26.252Z",
  "spot": 21.67,
  "sigma_d": 0.034354570563612206,
  "ERI": 3.4354570563612206,
  "percentiles": {
    "p10": 2.898875610941117,
    "p50": 3.048091503538786,
    "p90": 3.2951580349562475
  },
  "ema": {
    "fast": 0.641863030706237,
    "slow": 0.6093070020901163,
    "fast_period": 20,
    "slow_period": 100
  },
  "etv": {
    "horizon_days": 1,
    "risk_budget_usd": 100,
    "expected_move_usd": 0.7444635441134766,
    "qty": 134.32491193250058,
    "notional_usd": 2910.820841577288,
    "leverage": 1
  }
}