{
  "t": "2026-01-10T08:37:54.199Z",
  "spot": 13.11,
  "sigma_d": 0.0252085263147336,
  "ERI": 2.52085263147336,
  "percentiles": {
    "p10": 2.520284075031759,
    "p50": 2.6059822853734476,
    "p90": 3.7721800369112386
  },
  "ema": {
    "fast": 0.4821505579706573,
    "slow": 0.4932755625278005,
    "fast_period": 20,
    "slow_period": 100
  },
  "etv": {
    "horizon_days": 1,
    "risk_budget_usd": 100,
    "expected_move_usd": 0.33048377998615747,
    "qty": 302.58671092477994,
    "notional_usd": 3966.9117802238648,
    "leverage": 1
  }
}