{
  "t": "2026-03-07T21:32:06.088Z",
  "spot": 8.7,
  "sigma_d": 0.040349984013289215,
  "ERI": 4.034998401328922,
  "percentiles": {
    "p10": 4.664534933307025,
    "p50": 4.895633799215073,
    "p90": 5.141629785830333
  },
  "ema": {
    "fast": 0.7984878304027574,
    "slow": 0.8900518338784278,
    "fast_period": 20,
    "slow_period": 100
  },
  "etv": {
    "horizon_days": 1,
    "risk_budget_usd": 100,
    "expected_move_usd": 0.35104486091561615,
    "qty": 284.8638767682684,
    "notional_usd": 2478.3157278839353,
    "leverage": 1
  }
}