{
  "t": "2025-10-04T04:29:27.956Z",
  "spot": 22.18,
  "sigma_d": 0.028835282142706826,
  "ERI": 2.8835282142706826,
  "percentiles": {
    "p10": 2.9797378343540704,
    "p50": 3.0608787036673393,
    "p90": 3.3621077984202805
  },
  "ema": {
    "fast": 0.5724425383283668,
    "slow": 0.582974955663809,
    "fast_period": 20,
    "slow_period": 100
  },
  "etv": {
    "horizon_days": 1,
    "risk_budget_usd": 100,
    "expected_move_usd": 0.6395665579252374,
    "qty": 156.3558925350965,
    "notional_usd": 3467.9736964284402,
    "leverage": 1
  }
}