{
  "t": "2025-10-09T18:37:42.024Z",
  "spot": 21.84,
  "sigma_d": 0.034074167599732884,
  "ERI": 3.4074167599732883,
  "percentiles": {
    "p10": 2.898875610941117,
    "p50": 3.0490795090290908,
    "p90": 3.3116563255392157
  },
  "ema": {
    "fast": 0.6500907305308158,
    "slow": 0.616295345505545,
    "fast_period": 20,
    "slow_period": 100
  },
  "etv": {
    "horizon_days": 1,
    "risk_budget_usd": 100,
    "expected_move_usd": 0.7441798203781662,
    "qty": 134.3761242399498,
    "notional_usd": 2934.7745534005035,
    "leverage": 1
  }
}