{
  "t": "2026-02-18T11:50:15.020Z",
  "spot": 8.81,
  "sigma_d": 0.047181115564359194,
  "ERI": 4.718111556435919,
  "percentiles": {
    "p10": 3.3168959338825816,
    "p50": 4.714911473104213,
    "p90": 4.747856910643382
  },
  "ema": {
    "fast": 0.9033554453695211,
    "slow": 0.894605803967416,
    "fast_period": 20,
    "slow_period": 100
  },
  "etv": {
    "horizon_days": 1,
    "risk_budget_usd": 100,
    "expected_move_usd": 0.4156656281220045,
    "qty": 240.57798681070736,
    "notional_usd": 2119.492063802332,
    "leverage": 1
  }
}