{
  "t": "2025-10-17T01:59:56.537Z",
  "spot": 17.47,
  "sigma_d": 0.057134629507523765,
  "ERI": 5.713462950752376,
  "percentiles": {
    "p10": 3.089591465746702,
    "p50": 5.201171064891984,
    "p90": 5.718266407371888
  },
  "ema": {
    "fast": 1.093472527241758,
    "slow": 1.0519359788253513,
    "fast_period": 20,
    "slow_period": 100
  },
  "etv": {
    "horizon_days": 1,
    "risk_budget_usd": 100,
    "expected_move_usd": 0.9981419774964401,
    "qty": 100.18614811774776,
    "notional_usd": 1750.2520076170533,
    "leverage": 1
  }
}