{
  "t": "2025-12-11T05:34:20.536Z",
  "spot": 13.64,
  "sigma_d": 0.04081242755866094,
  "ERI": 4.081242755866095,
  "percentiles": {
    "p10": 4.114109736665875,
    "p50": 4.19944966038986,
    "p90": 4.355298909861288
  },
  "ema": {
    "fast": 0.7953208807763301,
    "slow": 0.8019255540841204,
    "fast_period": 20,
    "slow_period": 100
  },
  "etv": {
    "horizon_days": 1,
    "risk_budget_usd": 100,
    "expected_move_usd": 0.5566815119001353,
    "qty": 179.63592801684294,
    "notional_usd": 2450.234058149738,
    "leverage": 1
  }
}