{
  "t": "2026-02-22T19:35:05.671Z",
  "spot": 8.63,
  "sigma_d": 0.047089601277844055,
  "ERI": 4.7089601277844055,
  "percentiles": {
    "p10": 4.583125535968241,
    "p50": 4.707812030942419,
    "p90": 4.7458587660626055
  },
  "ema": {
    "fast": 0.8982292478680942,
    "slow": 0.8949823080721948,
    "fast_period": 20,
    "slow_period": 100
  },
  "etv": {
    "horizon_days": 1,
    "risk_budget_usd": 100,
    "expected_move_usd": 0.4063832590277942,
    "qty": 246.07312869933108,
    "notional_usd": 2123.6111006752276,
    "leverage": 1
  }
}