{
  "t": "2025-11-04T11:25:52.393Z",
  "spot": 15.1,
  "sigma_d": 0.06307010813993051,
  "ERI": 6.307010813993051,
  "percentiles": {
    "p10": 5.766426315714119,
    "p50": 5.804579385042821,
    "p90": 6.001966150281317
  },
  "ema": {
    "fast": 1.1927214253192606,
    "slow": 1.1434318473621532,
    "fast_period": 20,
    "slow_period": 100
  },
  "etv": {
    "horizon_days": 1,
    "risk_budget_usd": 100,
    "expected_move_usd": 0.9523586329129508,
    "qty": 105.00246077901662,
    "notional_usd": 1585.5371577631508,
    "leverage": 1
  }
}