{
  "t": "2026-02-20T07:12:09.128Z",
  "spot": 8.64,
  "sigma_d": 0.04612411214633136,
  "ERI": 4.612411214633136,
  "percentiles": {
    "p10": 4.48258035364025,
    "p50": 4.718075113040271,
    "p90": 4.747856910643382
  },
  "ema": {
    "fast": 0.8863642048422946,
    "slow": 0.8921079757833421,
    "fast_period": 20,
    "slow_period": 100
  },
  "etv": {
    "horizon_days": 1,
    "risk_budget_usd": 100,
    "expected_move_usd": 0.39851232894430294,
    "qty": 250.93326538957908,
    "notional_usd": 2168.0634129659634,
    "leverage": 1
  }
}