{
  "t": "2026-03-11T20:46:46.993Z",
  "spot": 9.05,
  "sigma_d": 0.035834435215967866,
  "ERI": 3.5834435215967866,
  "percentiles": {
    "p10": 3.5411879104231208,
    "p50": 4.888593790169818,
    "p90": 5.133730260861733
  },
  "ema": {
    "fast": 0.6850541084035916,
    "slow": 0.73048547412867,
    "fast_period": 20,
    "slow_period": 100
  },
  "etv": {
    "horizon_days": 1,
    "risk_budget_usd": 100,
    "expected_move_usd": 0.32430163870450923,
    "qty": 308.35490193472634,
    "notional_usd": 2790.6118625092736,
    "leverage": 1
  }
}