{
  "t": "2026-02-04T13:22:44.763Z",
  "spot": 9.55,
  "sigma_d": 0.03294855170145797,
  "ERI": 3.2948551701457967,
  "percentiles": {
    "p10": 2.675721824784282,
    "p50": 2.9350505346761113,
    "p90": 3.367179020145849
  },
  "ema": {
    "fast": 0.63803597477601,
    "slow": 0.6218723410289616,
    "fast_period": 20,
    "slow_period": 100
  },
  "etv": {
    "horizon_days": 1,
    "risk_budget_usd": 100,
    "expected_move_usd": 0.3146586687489236,
    "qty": 317.8046878466687,
    "notional_usd": 3035.0347689356863,
    "leverage": 1
  }
}