{
  "t": "2026-04-21T03:39:53.828Z",
  "spot": 9.28,
  "sigma_d": 0.030464643056612648,
  "ERI": 3.046464305661265,
  "percentiles": {
    "p10": 2.652230297274112,
    "p50": 2.9589862917373786,
    "p90": 3.1611484400272216
  },
  "ema": {
    "fast": 0.5896258766127838,
    "slow": 0.5847481498547221,
    "fast_period": 20,
    "slow_period": 100
  },
  "etv": {
    "horizon_days": 1,
    "risk_budget_usd": 100,
    "expected_move_usd": 0.28271188756536536,
    "qty": 353.7169974038646,
    "notional_usd": 3282.493735907863,
    "leverage": 1
  }
}