{
  "t": "2025-12-25T16:37:32.365Z",
  "spot": 12.4,
  "sigma_d": 0.03778416255385336,
  "ERI": 3.778416255385336,
  "percentiles": {
    "p10": 3.782284379612841,
    "p50": 3.934946283927408,
    "p90": 4.028143172055565
  },
  "ema": {
    "fast": 0.7215021713185379,
    "slow": 0.7324786301648589,
    "fast_period": 20,
    "slow_period": 100
  },
  "etv": {
    "horizon_days": 1,
    "risk_budget_usd": 100,
    "expected_move_usd": 0.4685236156677817,
    "qty": 213.43641314103465,
    "notional_usd": 2646.6115229488296,
    "leverage": 1
  }
}