{
  "t": "2026-01-17T20:32:18.243Z",
  "spot": 13.79,
  "sigma_d": 0.024197806975108527,
  "ERI": 2.419780697510853,
  "percentiles": {
    "p10": 2.4228489951148013,
    "p50": 2.522811420533096,
    "p90": 2.663794239127058
  },
  "ema": {
    "fast": 0.46502631177826476,
    "slow": 0.48056295687359407,
    "fast_period": 20,
    "slow_period": 100
  },
  "etv": {
    "horizon_days": 1,
    "risk_budget_usd": 100,
    "expected_move_usd": 0.33368775818674656,
    "qty": 299.68135643752186,
    "notional_usd": 4132.605905273426,
    "leverage": 1
  }
}