{
  "t": "2025-11-26T06:44:46.346Z",
  "spot": 13,
  "sigma_d": 0.04247981223029669,
  "ERI": 4.247981223029669,
  "percentiles": {
    "p10": 4.147915623854,
    "p50": 4.249643050696886,
    "p90": 4.447886703651812
  },
  "ema": {
    "fast": 0.8111090316053241,
    "slow": 0.8108906911069549,
    "fast_period": 20,
    "slow_period": 100
  },
  "etv": {
    "horizon_days": 1,
    "risk_budget_usd": 100,
    "expected_move_usd": 0.552237558993857,
    "qty": 181.08148996999387,
    "notional_usd": 2354.0593696099204,
    "leverage": 1
  }
}