{
  "t": "2026-05-19T23:17:39.122Z",
  "spot": 9.46,
  "sigma_d": 0.02122753556125238,
  "ERI": 2.122753556125238,
  "percentiles": {
    "p10": 2.160553396707734,
    "p50": 2.5499542728472244,
    "p90": 2.7061107385324057
  },
  "ema": {
    "fast": 0.41079831280108836,
    "slow": 0.43193373830080223,
    "fast_period": 20,
    "slow_period": 100
  },
  "etv": {
    "horizon_days": 1,
    "risk_budget_usd": 100,
    "expected_move_usd": 0.20081248640944754,
    "qty": 497.97700226720235,
    "notional_usd": 4710.862441447734,
    "leverage": 1
  }
}