{
  "t": "2026-02-28T04:21:54.271Z",
  "spot": 8.67,
  "sigma_d": 0.05072695258782943,
  "ERI": 5.072695258782943,
  "percentiles": {
    "p10": 4.637100124663047,
    "p50": 4.708407893986189,
    "p90": 5.141629785830333
  },
  "ema": {
    "fast": 0.9824507684321517,
    "slow": 0.9502093919440099,
    "fast_period": 20,
    "slow_period": 100
  },
  "etv": {
    "horizon_days": 1,
    "risk_budget_usd": 100,
    "expected_move_usd": 0.4398026789364812,
    "qty": 227.37469503782302,
    "notional_usd": 1971.3386059779255,
    "leverage": 1
  }
}