{
  "t": "2025-12-08T08:43:57.427Z",
  "spot": 14.03,
  "sigma_d": 0.04188314944988926,
  "ERI": 4.188314944988926,
  "percentiles": {
    "p10": 4.118119650565298,
    "p50": 4.282897569020816,
    "p90": 4.3534687305871165
  },
  "ema": {
    "fast": 0.7979235703581973,
    "slow": 0.8109808346337085,
    "fast_period": 20,
    "slow_period": 100
  },
  "etv": {
    "horizon_days": 1,
    "risk_budget_usd": 100,
    "expected_move_usd": 0.5876205867819463,
    "qty": 170.1778362593479,
    "notional_usd": 2387.5950427186513,
    "leverage": 1
  }
}