{
  "t": "2026-01-19T06:55:01.679Z",
  "spot": 12.74,
  "sigma_d": 0.02514665798206385,
  "ERI": 2.514665798206385,
  "percentiles": {
    "p10": 2.4055990817203687,
    "p50": 2.5195904861949923,
    "p90": 2.663794239127058
  },
  "ema": {
    "fast": 0.45087087967832024,
    "slow": 0.4651833061767159,
    "fast_period": 20,
    "slow_period": 100
  },
  "etv": {
    "horizon_days": 1,
    "risk_budget_usd": 100,
    "expected_move_usd": 0.32036842269149346,
    "qty": 312.1406259701738,
    "notional_usd": 3976.6715748600145,
    "leverage": 1
  }
}