{
  "t": "2025-10-14T18:38:28.479Z",
  "spot": 19.08,
  "sigma_d": 0.0565456699526572,
  "ERI": 5.6545669952657205,
  "percentiles": {
    "p10": 2.898875610941117,
    "p50": 3.358112285272421,
    "p90": 5.625288871722032
  },
  "ema": {
    "fast": 1.0847518394769142,
    "slow": 0.9869444763249834,
    "fast_period": 20,
    "slow_period": 100
  },
  "etv": {
    "horizon_days": 1,
    "risk_budget_usd": 100,
    "expected_move_usd": 1.0788913826966993,
    "qty": 92.68773632249156,
    "notional_usd": 1768.4820090331389,
    "leverage": 1
  }
}