{
  "t": "2025-09-23T12:54:30.789Z",
  "spot": 21.84,
  "sigma_d": 0.03579064559782647,
  "ERI": 3.579064559782647,
  "percentiles": {
    "p10": 3.4952529629998814,
    "p50": 4.627221917364386,
    "p90": 5.199055875135502
  },
  "ema": {
    "fast": 0.6850637316480627,
    "slow": 0.7166648025073353,
    "fast_period": 20,
    "slow_period": 100
  },
  "etv": {
    "horizon_days": 1,
    "risk_budget_usd": 100,
    "expected_move_usd": 0.7816676998565302,
    "qty": 127.93160062562944,
    "notional_usd": 2794.026157663747,
    "leverage": 1
  }
}