{
  "t": "2026-05-23T13:59:33.189Z",
  "spot": 9.27,
  "sigma_d": 0.022183115440079386,
  "ERI": 2.2183115440079386,
  "percentiles": {
    "p10": 2.1046049427482103,
    "p50": 2.4536082515350417,
    "p90": 2.687599412405188
  },
  "ema": {
    "fast": 0.41269975382472895,
    "slow": 0.42188967408746475,
    "fast_period": 20,
    "slow_period": 100
  },
  "etv": {
    "horizon_days": 1,
    "risk_budget_usd": 100,
    "expected_move_usd": 0.2056374801295359,
    "qty": 486.2926735778305,
    "notional_usd": 4507.933084066489,
    "leverage": 1
  }
}