{
  "t": "2026-01-18T13:36:49.793Z",
  "spot": 13.71,
  "sigma_d": 0.02279487624587569,
  "ERI": 2.279487624587569,
  "percentiles": {
    "p10": 2.41980241229275,
    "p50": 2.5208839081975984,
    "p90": 2.663794239127058
  },
  "ema": {
    "fast": 0.4450376427124997,
    "slow": 0.4708105399620461,
    "fast_period": 20,
    "slow_period": 100
  },
  "etv": {
    "horizon_days": 1,
    "risk_budget_usd": 100,
    "expected_move_usd": 0.3125177533309557,
    "qty": 319.981821621827,
    "notional_usd": 4386.950774435249,
    "leverage": 1
  }
}