{
  "t": "2026-02-03T13:22:43.615Z",
  "spot": 9.66,
  "sigma_d": 0.03368254923894004,
  "ERI": 3.3682549238940043,
  "percentiles": {
    "p10": 2.675714202546714,
    "p50": 2.9247838432816238,
    "p90": 3.2996601216646853
  },
  "ema": {
    "fast": 0.6407334829261407,
    "slow": 0.6144943154189325,
    "fast_period": 20,
    "slow_period": 100
  },
  "etv": {
    "horizon_days": 1,
    "risk_budget_usd": 100,
    "expected_move_usd": 0.3253734256481608,
    "qty": 307.33917436801977,
    "notional_usd": 2968.896424395071,
    "leverage": 1
  }
}