{
  "t": "2025-09-03T14:28:29.128Z",
  "spot": 23.61,
  "sigma_d": 0.06223349856582207,
  "ERI": 6.223349856582207,
  "percentiles": {
    "p10": 5.484393670648377,
    "p50": 5.647435900649768,
    "p90": 6.225115933630958
  },
  "ema": {
    "fast": 1.1451386089667264,
    "slow": 0.9320035028764387,
    "fast_period": 20,
    "slow_period": 100
  },
  "etv": {
    "horizon_days": 1,
    "risk_budget_usd": 100,
    "expected_move_usd": 1.469332901139059,
    "qty": 68.05809624386536,
    "notional_usd": 1606.8516523176613,
    "leverage": 1
  }
}