{
  "t": "2026-01-26T09:46:30.765Z",
  "spot": 11.78,
  "sigma_d": 0.02868726831727844,
  "ERI": 2.868726831727844,
  "percentiles": {
    "p10": 2.419793577482409,
    "p50": 2.659584242948065,
    "p90": 2.707790297953254
  },
  "ema": {
    "fast": 0.5396619752533862,
    "slow": 0.517166243686425,
    "fast_period": 20,
    "slow_period": 100
  },
  "etv": {
    "horizon_days": 1,
    "risk_budget_usd": 100,
    "expected_move_usd": 0.33793602077754004,
    "qty": 295.9140010287007,
    "notional_usd": 3485.8669321180937,
    "leverage": 1
  }
}