{
  "t": "2026-02-22T10:38:40.385Z",
  "spot": 8.84,
  "sigma_d": 0.04699831727735311,
  "ERI": 4.699831727735311,
  "percentiles": {
    "p10": 4.583125535968241,
    "p50": 4.7092108351536055,
    "p90": 4.747093907646981
  },
  "ema": {
    "fast": 0.8977184756180399,
    "slow": 0.8943694680303652,
    "fast_period": 20,
    "slow_period": 100
  },
  "etv": {
    "horizon_days": 1,
    "risk_budget_usd": 100,
    "expected_move_usd": 0.41546512473180147,
    "qty": 240.69408970140105,
    "notional_usd": 2127.735752960385,
    "leverage": 1
  }
}