{
  "t": "2025-10-10T21:22:57.568Z",
  "spot": 13.62,
  "sigma_d": 0.09423669055102642,
  "ERI": 9.423669055102641,
  "percentiles": {
    "p10": 2.898875610941117,
    "p50": 3.05772600892258,
    "p90": 3.3846595462236855
  },
  "ema": {
    "fast": 0.7618264424339265,
    "slow": 0.6523929641275791,
    "fast_period": 20,
    "slow_period": 100
  },
  "etv": {
    "horizon_days": 1,
    "risk_budget_usd": 100,
    "expected_move_usd": 1.2835037253049797,
    "qty": 77.91173335023902,
    "notional_usd": 1061.1578082302553,
    "leverage": 1
  }
}