{
  "t": "2026-05-06T22:06:21.189Z",
  "spot": 10.04,
  "sigma_d": 0.02728418484001731,
  "ERI": 2.7284184840017307,
  "percentiles": {
    "p10": 2.5710103204141146,
    "p50": 2.763040765561612,
    "p90": 3.058803830140325
  },
  "ema": {
    "fast": 0.514047512492604,
    "slow": 0.5099781361928291,
    "fast_period": 20,
    "slow_period": 100
  },
  "etv": {
    "horizon_days": 1,
    "risk_budget_usd": 100,
    "expected_move_usd": 0.2739332157937738,
    "qty": 365.0524808035087,
    "notional_usd": 3665.1269072672267,
    "leverage": 1
  }
}