{
  "t": "2025-09-16T16:33:38.324Z",
  "spot": 23.38,
  "sigma_d": 0.04629152071108002,
  "ERI": 4.629152071108002,
  "percentiles": {
    "p10": 5.159386394875344,
    "p50": 5.342732438234334,
    "p90": 6.038829470727086
  },
  "ema": {
    "fast": 0.9056627732530141,
    "slow": 0.9712162093331004,
    "fast_period": 20,
    "slow_period": 100
  },
  "etv": {
    "horizon_days": 1,
    "risk_budget_usd": 100,
    "expected_move_usd": 1.0822957542250506,
    "qty": 92.39618617149834,
    "notional_usd": 2160.222832689631,
    "leverage": 1
  }
}