{
  "t": "2025-12-26T09:33:02.025Z",
  "spot": 12.38,
  "sigma_d": 0.03780000815315626,
  "ERI": 3.780000815315626,
  "percentiles": {
    "p10": 3.7770060852378458,
    "p50": 3.9300030781075974,
    "p90": 4.028143172055565
  },
  "ema": {
    "fast": 0.722098297061301,
    "slow": 0.7297576057322266,
    "fast_period": 20,
    "slow_period": 100
  },
  "etv": {
    "horizon_days": 1,
    "risk_budget_usd": 100,
    "expected_move_usd": 0.46796410093607455,
    "qty": 213.69160540299723,
    "notional_usd": 2645.5020748891056,
    "leverage": 1
  }
}