{
  "t": "2026-03-14T10:41:25.950Z",
  "spot": 8.93,
  "sigma_d": 0.03499240383598312,
  "ERI": 3.499240383598312,
  "percentiles": {
    "p10": 3.4909459657154995,
    "p50": 4.027745779308521,
    "p90": 5.011874297226053
  },
  "ema": {
    "fast": 0.6678652447788082,
    "slow": 0.6943306305678291,
    "fast_period": 20,
    "slow_period": 100
  },
  "etv": {
    "horizon_days": 1,
    "risk_budget_usd": 100,
    "expected_move_usd": 0.31248216625532926,
    "qty": 320.0182627967638,
    "notional_usd": 2857.7630867751004,
    "leverage": 1
  }
}