{
  "t": "2026-01-11T12:59:09.969Z",
  "spot": 13.25,
  "sigma_d": 0.024736914992505694,
  "ERI": 2.4736914992505694,
  "percentiles": {
    "p10": 2.519005354837418,
    "p50": 2.5710754403962968,
    "p90": 3.53162872157891
  },
  "ema": {
    "fast": 0.47568273851462783,
    "slow": 0.4870260664186003,
    "fast_period": 20,
    "slow_period": 100
  },
  "etv": {
    "horizon_days": 1,
    "risk_budget_usd": 100,
    "expected_move_usd": 0.32776412365070046,
    "qty": 305.09745510332425,
    "notional_usd": 4042.5412801190464,
    "leverage": 1
  }
}