{
  "t": "2025-12-31T15:31:14.962Z",
  "spot": 12.38,
  "sigma_d": 0.0353194753545463,
  "ERI": 3.5319475354546297,
  "percentiles": {
    "p10": 3.7490201542113795,
    "p50": 3.7798458854045096,
    "p90": 3.8722802767263182
  },
  "ema": {
    "fast": 0.6864568703642848,
    "slow": 0.7107654424035665,
    "fast_period": 20,
    "slow_period": 100
  },
  "etv": {
    "horizon_days": 1,
    "risk_budget_usd": 100,
    "expected_move_usd": 0.4372551048892832,
    "qty": 228.69944543087922,
    "notional_usd": 2831.299134434285,
    "leverage": 1
  }
}