{
  "t": "2025-09-04T08:33:48.455Z",
  "spot": 23.34,
  "sigma_d": 0.06164622279867996,
  "ERI": 6.164622279867996,
  "percentiles": {
    "p10": 5.484393670648377,
    "p50": 5.767277851848833,
    "p90": 6.2238297937962885
  },
  "ema": {
    "fast": 1.1744348727923868,
    "slow": 1.0042700568265541,
    "fast_period": 20,
    "slow_period": 100
  },
  "etv": {
    "horizon_days": 1,
    "risk_budget_usd": 100,
    "expected_move_usd": 1.4388228401211902,
    "qty": 69.50125978788127,
    "notional_usd": 1622.1594034491488,
    "leverage": 1
  }
}