{
  "t": "2026-01-05T22:33:40.696Z",
  "spot": 14.04,
  "sigma_d": 0.026388599614272205,
  "ERI": 2.6388599614272206,
  "percentiles": {
    "p10": 2.528583558212081,
    "p50": 3.64468352110708,
    "p90": 3.780024098073111
  },
  "ema": {
    "fast": 0.48650935314802946,
    "slow": 0.5209107193061644,
    "fast_period": 20,
    "slow_period": 100
  },
  "etv": {
    "horizon_days": 1,
    "risk_budget_usd": 100,
    "expected_move_usd": 0.37049593858438173,
    "qty": 269.9084917963943,
    "notional_usd": 3789.5152248213753,
    "leverage": 1
  }
}