{
  "t": "2025-09-24T12:54:55.140Z",
  "spot": 21.77,
  "sigma_d": 0.03128575148263789,
  "ERI": 3.128575148263789,
  "percentiles": {
    "p10": 3.4354087139034077,
    "p50": 4.34970771492117,
    "p90": 5.188488678605546
  },
  "ema": {
    "fast": 0.6231773064509872,
    "slow": 0.6859320622629164,
    "fast_period": 20,
    "slow_period": 100
  },
  "etv": {
    "horizon_days": 1,
    "risk_budget_usd": 100,
    "expected_move_usd": 0.6810908097770269,
    "qty": 146.82329957254547,
    "notional_usd": 3196.343231694315,
    "leverage": 1
  }
}