{
  "t": "2025-12-02T13:46:29.725Z",
  "spot": 12.36,
  "sigma_d": 0.04222761675245264,
  "ERI": 4.2227616752452635,
  "percentiles": {
    "p10": 4.118296207031541,
    "p50": 4.232934085716799,
    "p90": 4.3045492386149515
  },
  "ema": {
    "fast": 0.8041143662076894,
    "slow": 0.8024105422691551,
    "fast_period": 20,
    "slow_period": 100
  },
  "etv": {
    "horizon_days": 1,
    "risk_budget_usd": 100,
    "expected_move_usd": 0.5219333430603146,
    "qty": 191.59534704883572,
    "notional_usd": 2368.1184895236092,
    "leverage": 1
  }
}