{
  "t": "2025-11-07T06:41:54.834Z",
  "spot": 15.06,
  "sigma_d": 0.061281841790814515,
  "ERI": 6.128184179081451,
  "percentiles": {
    "p10": 5.76790826007315,
    "p50": 5.809117462669925,
    "p90": 6.288527079423044
  },
  "ema": {
    "fast": 1.1734684096096568,
    "slow": 1.1696103740273343,
    "fast_period": 20,
    "slow_period": 100
  },
  "etv": {
    "horizon_days": 1,
    "risk_budget_usd": 100,
    "expected_move_usd": 0.9229045373696666,
    "qty": 108.35356849041615,
    "notional_usd": 1631.8047414656673,
    "leverage": 1
  }
}