{
  "t": "2026-02-15T07:03:20.111Z",
  "spot": 9.14,
  "sigma_d": 0.047108301147113896,
  "ERI": 4.710830114711389,
  "percentiles": {
    "p10": 3.26234434481602,
    "p50": 4.519066575064382,
    "p90": 4.747609022425738
  },
  "ema": {
    "fast": 0.8949248610800017,
    "slow": 0.8772371433976008,
    "fast_period": 20,
    "slow_period": 100
  },
  "etv": {
    "horizon_days": 1,
    "risk_budget_usd": 100,
    "expected_move_usd": 0.43056987248462103,
    "qty": 232.25034167612776,
    "notional_usd": 2122.768122919808,
    "leverage": 1
  }
}