{
  "t": "2026-04-12T07:40:53.006Z",
  "spot": 8.8,
  "sigma_d": 0.02959686958586095,
  "ERI": 2.959686958586095,
  "percentiles": {
    "p10": 2.652230297274112,
    "p50": 2.916419680319275,
    "p90": 3.0376436255789345
  },
  "ema": {
    "fast": 0.5589767140808098,
    "slow": 0.5462602327336188,
    "fast_period": 20,
    "slow_period": 100
  },
  "etv": {
    "horizon_days": 1,
    "risk_budget_usd": 100,
    "expected_move_usd": 0.2604524523555764,
    "qty": 383.9472391048076,
    "notional_usd": 3378.7357041223067,
    "leverage": 1
  }
}