{
  "t": "2025-12-05T05:32:10.375Z",
  "spot": 14.19,
  "sigma_d": 0.04291771526627943,
  "ERI": 4.291771526627943,
  "percentiles": {
    "p10": 4.118119650565298,
    "p50": 4.246955088286261,
    "p90": 4.320340546622555
  },
  "ema": {
    "fast": 0.8224862704067355,
    "slow": 0.8175858663359696,
    "fast_period": 20,
    "slow_period": 100
  },
  "etv": {
    "horizon_days": 1,
    "risk_budget_usd": 100,
    "expected_move_usd": 0.6090023796285051,
    "qty": 164.20297086687998,
    "notional_usd": 2330.040156601027,
    "leverage": 1
  }
}