{
  "t": "2026-02-15T08:48:39.611Z",
  "spot": 9.09,
  "sigma_d": 0.04704020916965749,
  "ERI": 4.7040209169657485,
  "percentiles": {
    "p10": 3.2645810766826875,
    "p50": 4.532225760147789,
    "p90": 4.747609022425738
  },
  "ema": {
    "fast": 0.8958966824455431,
    "slow": 0.8781433844779408,
    "fast_period": 20,
    "slow_period": 100
  },
  "etv": {
    "horizon_days": 1,
    "risk_budget_usd": 100,
    "expected_move_usd": 0.42759550135218655,
    "qty": 233.86588419141384,
    "notional_usd": 2125.8408872999516,
    "leverage": 1
  }
}