{
  "t": "2026-03-15T21:37:50.990Z",
  "spot": 9.28,
  "sigma_d": 0.0340583985932835,
  "ERI": 3.40583985932835,
  "percentiles": {
    "p10": 3.4841589868912943,
    "p50": 3.5872505698365016,
    "p90": 4.9466983329804615
  },
  "ema": {
    "fast": 0.6532148431417487,
    "slow": 0.6777684157454742,
    "fast_period": 20,
    "slow_period": 100
  },
  "etv": {
    "horizon_days": 1,
    "risk_budget_usd": 100,
    "expected_move_usd": 0.31606193894567086,
    "qty": 316.393680091893,
    "notional_usd": 2936.1333512527667,
    "leverage": 1
  }
}