{
  "t": "2025-11-13T15:30:25.795Z",
  "spot": 15.45,
  "sigma_d": 0.044796869310935045,
  "ERI": 4.479686931093505,
  "percentiles": {
    "p10": 4.487521817802128,
    "p50": 6.001771773940257,
    "p90": 6.308191627099421
  },
  "ema": {
    "fast": 0.8634244256798774,
    "slow": 0.9143326950695347,
    "fast_period": 20,
    "slow_period": 100
  },
  "etv": {
    "horizon_days": 1,
    "risk_budget_usd": 100,
    "expected_move_usd": 0.6921116308539464,
    "qty": 144.48536268147558,
    "notional_usd": 2232.2988534287974,
    "leverage": 1
  }
}