{
  "t": "2026-03-27T17:07:38.381Z",
  "spot": 8.58,
  "sigma_d": 0.030354160473009047,
  "ERI": 3.0354160473009046,
  "percentiles": {
    "p10": 3.4045300618852825,
    "p50": 3.5370229224783962,
    "p90": 3.6384711783368635
  },
  "ema": {
    "fast": 0.6137632246035284,
    "slow": 0.6644965901936538,
    "fast_period": 20,
    "slow_period": 100
  },
  "etv": {
    "horizon_days": 1,
    "risk_budget_usd": 100,
    "expected_move_usd": 0.26043869685841764,
    "qty": 383.96751790830467,
    "notional_usd": 3294.441303653254,
    "leverage": 1
  }
}