{
  "t": "2025-09-20T23:22:53.687Z",
  "spot": 23.35,
  "sigma_d": 0.03735463789986428,
  "ERI": 3.7354637899864285,
  "percentiles": {
    "p10": 3.823539557638439,
    "p50": 5.1606375563320395,
    "p90": 5.346101127258909
  },
  "ema": {
    "fast": 0.7176664111910381,
    "slow": 0.7934092166649184,
    "fast_period": 20,
    "slow_period": 100
  },
  "etv": {
    "horizon_days": 1,
    "risk_budget_usd": 100,
    "expected_move_usd": 0.8722307949618311,
    "qty": 114.64855469173845,
    "notional_usd": 2677.043752052093,
    "leverage": 1
  }
}