{
  "t": "2025-10-16T23:21:50.203Z",
  "spot": 17.37,
  "sigma_d": 0.057367714334635334,
  "ERI": 5.736771433463534,
  "percentiles": {
    "p10": 3.089400716984221,
    "p50": 5.19920157044826,
    "p90": 5.718266407371888
  },
  "ema": {
    "fast": 1.0936743128378712,
    "slow": 1.051135583163668,
    "fast_period": 20,
    "slow_period": 100
  },
  "etv": {
    "horizon_days": 1,
    "risk_budget_usd": 100,
    "expected_move_usd": 0.9964771979926158,
    "qty": 100.35352560143683,
    "notional_usd": 1743.1407396969578,
    "leverage": 1
  }
}