{
  "t": "2026-01-17T13:36:22.002Z",
  "spot": 13.75,
  "sigma_d": 0.024204364368322587,
  "ERI": 2.420436436832259,
  "percentiles": {
    "p10": 2.463719476558804,
    "p50": 2.5229817080715016,
    "p90": 2.663794239127058
  },
  "ema": {
    "fast": 0.46779040770945757,
    "slow": 0.48330701806027326,
    "fast_period": 20,
    "slow_period": 100
  },
  "etv": {
    "horizon_days": 1,
    "risk_budget_usd": 100,
    "expected_move_usd": 0.33281001006443556,
    "qty": 300.4717315462925,
    "notional_usd": 4131.486308761522,
    "leverage": 1
  }
}