{
  "t": "2026-02-16T16:58:49.406Z",
  "spot": 8.77,
  "sigma_d": 0.04709749561465931,
  "ERI": 4.709749561465931,
  "percentiles": {
    "p10": 3.289923907155631,
    "p50": 4.667394635384585,
    "p90": 4.747609022425738
  },
  "ema": {
    "fast": 0.9003314800893758,
    "slow": 0.8866853394252538,
    "fast_period": 20,
    "slow_period": 100
  },
  "etv": {
    "horizon_days": 1,
    "risk_budget_usd": 100,
    "expected_move_usd": 0.4130450365405621,
    "qty": 242.1043497763463,
    "notional_usd": 2123.255147538557,
    "leverage": 1
  }
}