{
  "t": "2025-10-01T17:25:37.132Z",
  "spot": 22.43,
  "sigma_d": 0.031242321733070025,
  "ERI": 3.1242321733070026,
  "percentiles": {
    "p10": 2.9847085730369316,
    "p50": 3.1737556370354243,
    "p90": 3.6109320445655606
  },
  "ema": {
    "fast": 0.585068099306303,
    "slow": 0.5877056997381048,
    "fast_period": 20,
    "slow_period": 100
  },
  "etv": {
    "horizon_days": 1,
    "risk_budget_usd": 100,
    "expected_move_usd": 0.7007652764727607,
    "qty": 142.70113454157013,
    "notional_usd": 3200.786447767418,
    "leverage": 1
  }
}