{
  "t": "2025-12-31T14:32:05.394Z",
  "spot": 12.48,
  "sigma_d": 0.03532204846727935,
  "ERI": 3.532204846727935,
  "percentiles": {
    "p10": 3.7492043330831377,
    "p50": 3.7800137501808955,
    "p90": 3.873017756608743
  },
  "ema": {
    "fast": 0.687686264172364,
    "slow": 0.7114924689331834,
    "fast_period": 20,
    "slow_period": 100
  },
  "etv": {
    "horizon_days": 1,
    "risk_budget_usd": 100,
    "expected_move_usd": 0.4408191648716463,
    "qty": 226.8503912009295,
    "notional_usd": 2831.0928821876,
    "leverage": 1
  }
}