{
  "t": "2025-12-07T12:53:03.756Z",
  "spot": 13.9,
  "sigma_d": 0.04139009927782956,
  "ERI": 4.139009927782956,
  "percentiles": {
    "p10": 4.118119650565298,
    "p50": 4.283066400887476,
    "p90": 4.3534687305871165
  },
  "ema": {
    "fast": 0.8042129523725209,
    "slow": 0.8175865808315228,
    "fast_period": 20,
    "slow_period": 100
  },
  "etv": {
    "horizon_days": 1,
    "risk_budget_usd": 100,
    "expected_move_usd": 0.5753223799618309,
    "qty": 173.8155918889065,
    "notional_usd": 2416.0367272558005,
    "leverage": 1
  }
}