{
  "t": "2025-09-01T21:39:15.057Z",
  "spot": 22.2901,
  "sigma_d": 0.05484393670648378,
  "ERI": 5.484393670648378,
  "percentiles": {
    "p10": 3.764029236029993,
    "p50": 5.48439367064838,
    "p90": 6.214033098810873
  },
  "ema": {
    "fast": 1.0225576360919957,
    "slow": 0.7189460121497541,
    "fast_period": 20,
    "slow_period": 100
  },
  "etv": {
    "horizon_days": 1,
    "risk_budget_usd": 100,
    "expected_move_usd": 1.222476833581194,
    "qty": 81.80114113660072,
    "notional_usd": 1823.3556160489436,
    "leverage": 1
  }
}