{
  "t": "2025-12-12T20:33:36.874Z",
  "spot": 13.58,
  "sigma_d": 0.040823989842300776,
  "ERI": 4.082398984230077,
  "percentiles": {
    "p10": 4.08353723498639,
    "p50": 4.196122946034432,
    "p90": 4.355298909861288
  },
  "ema": {
    "fast": 0.7771892332397017,
    "slow": 0.7887579523742207,
    "fast_period": 20,
    "slow_period": 100
  },
  "etv": {
    "horizon_days": 1,
    "risk_budget_usd": 100,
    "expected_move_usd": 0.5543897820584446,
    "qty": 180.3785048647557,
    "notional_usd": 2449.5400960633824,
    "leverage": 1
  }
}