{
  "t": "2025-10-02T15:27:56.124Z",
  "spot": 22.24,
  "sigma_d": 0.03058825849080346,
  "ERI": 3.058825849080346,
  "percentiles": {
    "p10": 2.9847085730369316,
    "p50": 3.124750055828839,
    "p90": 3.576823530968981
  },
  "ema": {
    "fast": 0.5849220601181228,
    "slow": 0.587448304494618,
    "fast_period": 20,
    "slow_period": 100
  },
  "etv": {
    "horizon_days": 1,
    "risk_budget_usd": 100,
    "expected_move_usd": 0.680282868835469,
    "qty": 146.99767491011988,
    "notional_usd": 3269.228290001066,
    "leverage": 1
  }
}