{
  "t": "2026-01-31T22:35:28.326Z",
  "spot": 9.8,
  "sigma_d": 0.03479214505982385,
  "ERI": 3.479214505982385,
  "percentiles": {
    "p10": 2.592904778064292,
    "p50": 2.7628403295230184,
    "p90": 3.1618875349130406
  },
  "ema": {
    "fast": 0.6440484823698722,
    "slow": 0.5929175770930846,
    "fast_period": 20,
    "slow_period": 100
  },
  "etv": {
    "horizon_days": 1,
    "risk_budget_usd": 100,
    "expected_move_usd": 0.3409630215862738,
    "qty": 293.28693632161816,
    "notional_usd": 2874.211975951858,
    "leverage": 1
  }
}