{
  "t": "2026-05-23T06:43:28.230Z",
  "spot": 9.32,
  "sigma_d": 0.022076095842019455,
  "ERI": 2.2076095842019456,
  "percentiles": {
    "p10": 2.1046049427482103,
    "p50": 2.4755197383057768,
    "p90": 2.6953213972766603
  },
  "ema": {
    "fast": 0.40778192658879736,
    "slow": 0.42157963206323384,
    "fast_period": 20,
    "slow_period": 100
  },
  "etv": {
    "horizon_days": 1,
    "risk_budget_usd": 100,
    "expected_move_usd": 0.20574921324762133,
    "qty": 486.0285899594131,
    "notional_usd": 4529.7864584217305,
    "leverage": 1
  }
}