{
  "t": "2026-06-14T09:54:07.466Z",
  "spot": 7.94,
  "sigma_d": 0.030065602634210778,
  "ERI": 3.0065602634210777,
  "percentiles": {
    "p10": 2.1046049427482103,
    "p50": 2.251147852833342,
    "p90": 3.0340300098799418
  },
  "ema": {
    "fast": 0.5826602166287725,
    "slow": 0.5418041997602296,
    "fast_period": 20,
    "slow_period": 100
  },
  "etv": {
    "horizon_days": 1,
    "risk_budget_usd": 100,
    "expected_move_usd": 0.2387208849156336,
    "qty": 418.8992514640729,
    "notional_usd": 3326.060056624739,
    "leverage": 1
  }
}