{
  "t": "2025-11-08T04:31:42.814Z",
  "spot": 15.75,
  "sigma_d": 0.06275584189586558,
  "ERI": 6.275584189586558,
  "percentiles": {
    "p10": 5.768268262824236,
    "p50": 5.8261105474533394,
    "p90": 6.308191627099421
  },
  "ema": {
    "fast": 1.1933529050728588,
    "slow": 1.1762189738020217,
    "fast_period": 20,
    "slow_period": 100
  },
  "etv": {
    "horizon_days": 1,
    "risk_budget_usd": 100,
    "expected_move_usd": 0.9884045098598829,
    "qty": 101.17315228982119,
    "notional_usd": 1593.4771485646838,
    "leverage": 1
  }
}