{
  "t": "2026-01-01T10:34:59.108Z",
  "spot": 12.25,
  "sigma_d": 0.028832167022801093,
  "ERI": 2.883216702280109,
  "percentiles": {
    "p10": 3.538047000371508,
    "p50": 3.7769328759778062,
    "p90": 3.8597223143198005
  },
  "ema": {
    "fast": 0.6090662054018509,
    "slow": 0.6827133735614548,
    "fast_period": 20,
    "slow_period": 100
  },
  "etv": {
    "horizon_days": 1,
    "risk_budget_usd": 100,
    "expected_move_usd": 0.35319404602931337,
    "qty": 283.13048060753687,
    "notional_usd": 3468.348387442327,
    "leverage": 1
  }
}