{
  "t": "2025-10-07T15:30:05.428Z",
  "spot": 22.1,
  "sigma_d": 0.03259614843222419,
  "ERI": 3.259614843222419,
  "percentiles": {
    "p10": 2.898875610941117,
    "p50": 3.0445627556185504,
    "p90": 3.174342756464835
  },
  "ema": {
    "fast": 0.5944205010455564,
    "slow": 0.5764196595695588,
    "fast_period": 20,
    "slow_period": 100
  },
  "etv": {
    "horizon_days": 1,
    "risk_budget_usd": 100,
    "expected_move_usd": 0.7203748803521547,
    "qty": 138.81661163853337,
    "notional_usd": 3067.847117211588,
    "leverage": 1
  }
}