{
  "t": "2025-12-23T09:35:44.852Z",
  "spot": 12.3,
  "sigma_d": 0.03845383243063874,
  "ERI": 3.845383243063874,
  "percentiles": {
    "p10": 3.85569150057614,
    "p50": 3.975920797471546,
    "p90": 4.0490552828262665
  },
  "ema": {
    "fast": 0.7355500747805375,
    "slow": 0.7477392089444598,
    "fast_period": 20,
    "slow_period": 100
  },
  "etv": {
    "horizon_days": 1,
    "risk_budget_usd": 100,
    "expected_move_usd": 0.47298213889685653,
    "qty": 211.42447415293847,
    "notional_usd": 2600.5210320811434,
    "leverage": 1
  }
}