{
  "t": "2025-10-16T06:39:21.678Z",
  "spot": 18.15,
  "sigma_d": 0.05718342450898668,
  "ERI": 5.718342450898668,
  "percentiles": {
    "p10": 2.925004560000427,
    "p50": 3.439899095213468,
    "p90": 5.684635394583422
  },
  "ema": {
    "fast": 1.0891190736356502,
    "slow": 1.0336636314088248,
    "fast_period": 20,
    "slow_period": 100
  },
  "etv": {
    "horizon_days": 1,
    "risk_budget_usd": 100,
    "expected_move_usd": 1.037879154838108,
    "qty": 96.35033089724048,
    "notional_usd": 1748.7585057849146,
    "leverage": 1
  }
}