{
  "t": "2025-12-26T06:46:55.200Z",
  "spot": 12.42,
  "sigma_d": 0.037896361176278946,
  "ERI": 3.7896361176278948,
  "percentiles": {
    "p10": 3.7770060852378458,
    "p50": 3.9330221812791217,
    "p90": 4.028143172055565
  },
  "ema": {
    "fast": 0.7217587921350225,
    "slow": 0.7301662860552675,
    "fast_period": 20,
    "slow_period": 100
  },
  "etv": {
    "horizon_days": 1,
    "risk_budget_usd": 100,
    "expected_move_usd": 0.47067280580938453,
    "qty": 212.46181798847863,
    "notional_usd": 2638.7757794169047,
    "leverage": 1
  }
}