{
  "t": "2026-02-23T11:49:26.636Z",
  "spot": 8.46,
  "sigma_d": 0.047053239031158364,
  "ERI": 4.705323903115836,
  "percentiles": {
    "p10": 4.583125535968241,
    "p50": 4.706017494305973,
    "p90": 4.744251660258212
  },
  "ema": {
    "fast": 0.9001048236861972,
    "slow": 0.8961099664736566,
    "fast_period": 20,
    "slow_period": 100
  },
  "etv": {
    "horizon_days": 1,
    "risk_budget_usd": 100,
    "expected_move_usd": 0.3980704022035998,
    "qty": 251.21184455420357,
    "notional_usd": 2125.2522049285626,
    "leverage": 1
  }
}