{
  "t": "2025-11-17T17:29:15.533Z",
  "spot": 13.59,
  "sigma_d": 0.04397449226125795,
  "ERI": 4.397449226125795,
  "percentiles": {
    "p10": 4.40224720596557,
    "p50": 4.515124236002922,
    "p90": 6.273575830689181
  },
  "ema": {
    "fast": 0.8432028978705205,
    "slow": 0.8568012066944578,
    "fast_period": 20,
    "slow_period": 100
  },
  "etv": {
    "horizon_days": 1,
    "risk_budget_usd": 100,
    "expected_move_usd": 0.5976133498304955,
    "qty": 167.33227266151863,
    "notional_usd": 2274.045585470038,
    "leverage": 1
  }
}