{
  "t": "2025-11-21T02:05:59.788Z",
  "spot": 13.1,
  "sigma_d": 0.04141027356692647,
  "ERI": 4.141027356692647,
  "percentiles": {
    "p10": 4.174946518639165,
    "p50": 4.446515821067584,
    "p90": 4.804887018045225
  },
  "ema": {
    "fast": 0.7895725289006408,
    "slow": 0.8176218672793669,
    "fast_period": 20,
    "slow_period": 100
  },
  "etv": {
    "horizon_days": 1,
    "risk_budget_usd": 100,
    "expected_move_usd": 0.5424745837267367,
    "qty": 184.34043363471838,
    "notional_usd": 2414.8596806148107,
    "leverage": 1
  }
}