{
  "t": "2025-12-07T17:25:32.389Z",
  "spot": 13.83,
  "sigma_d": 0.04138772311937746,
  "ERI": 4.138772311937746,
  "percentiles": {
    "p10": 4.118119650565298,
    "p50": 4.283066400887476,
    "p90": 4.3534687305871165
  },
  "ema": {
    "fast": 0.8004421083885425,
    "slow": 0.8154098497231549,
    "fast_period": 20,
    "slow_period": 100
  },
  "etv": {
    "horizon_days": 1,
    "risk_budget_usd": 100,
    "expected_move_usd": 0.5723922107409903,
    "qty": 174.70538229467692,
    "notional_usd": 2416.175437135382,
    "leverage": 1
  }
}