{
  "t": "2026-02-10T15:15:03.931Z",
  "spot": 8.55,
  "sigma_d": 0.0474404875072638,
  "ERI": 4.74404875072638,
  "percentiles": {
    "p10": 2.9438077925717785,
    "p50": 3.3057155288212043,
    "p90": 4.74370821474526
  },
  "ema": {
    "fast": 0.9059307163712217,
    "slow": 0.8461688457559736,
    "fast_period": 20,
    "slow_period": 100
  },
  "etv": {
    "horizon_days": 1,
    "risk_budget_usd": 100,
    "expected_move_usd": 0.4056161681871055,
    "qty": 246.53849585668215,
    "notional_usd": 2107.9041395746326,
    "leverage": 1
  }
}