{
  "t": "2026-06-18T17:22:52.622Z",
  "spot": 7.83,
  "sigma_d": 0.030673616992699822,
  "ERI": 3.0673616992699824,
  "percentiles": {
    "p10": 2.12457552580447,
    "p50": 2.2806271497964685,
    "p90": 3.053945068786401
  },
  "ema": {
    "fast": 0.5801146612064936,
    "slow": 0.5570888510244856,
    "fast_period": 20,
    "slow_period": 100
  },
  "etv": {
    "horizon_days": 1,
    "risk_budget_usd": 100,
    "expected_move_usd": 0.24017442105283962,
    "qty": 416.36407225063937,
    "notional_usd": 3260.1306857225063,
    "leverage": 1
  }
}