{
  "t": "2026-04-11T16:51:56.738Z",
  "spot": 9.1,
  "sigma_d": 0.02911486747167342,
  "ERI": 2.9114867471673422,
  "percentiles": {
    "p10": 2.652230297274112,
    "p50": 2.9186550276001118,
    "p90": 3.0487383464156705
  },
  "ema": {
    "fast": 0.5562630922871229,
    "slow": 0.543245688265612,
    "fast_period": 20,
    "slow_period": 100
  },
  "etv": {
    "horizon_days": 1,
    "risk_budget_usd": 100,
    "expected_move_usd": 0.2649452939922281,
    "qty": 377.4364076945386,
    "notional_usd": 3434.6713100203015,
    "leverage": 1
  }
}