{
  "t": "2025-11-28T10:33:45.233Z",
  "spot": 13.42,
  "sigma_d": 0.042923797177665986,
  "ERI": 4.2923797177665985,
  "percentiles": {
    "p10": 4.147915623854,
    "p50": 4.247066775942117,
    "p90": 4.4086618485983955
  },
  "ema": {
    "fast": 0.8202535493306767,
    "slow": 0.8164244207097912,
    "fast_period": 20,
    "slow_period": 100
  },
  "etv": {
    "horizon_days": 1,
    "risk_budget_usd": 100,
    "expected_move_usd": 0.5760373581242775,
    "qty": 173.59985179715628,
    "notional_usd": 2329.7100111178374,
    "leverage": 1
  }
}