{
  "t": "2026-06-23T08:36:38.890Z",
  "spot": 7.53,
  "sigma_d": 0.029668054316530232,
  "ERI": 2.966805431653023,
  "percentiles": {
    "p10": 2.1913972895288802,
    "p50": 2.724180225392433,
    "p90": 3.053945068786401
  },
  "ema": {
    "fast": 0.5674198023263254,
    "slow": 0.5627103032578055,
    "fast_period": 20,
    "slow_period": 100
  },
  "etv": {
    "horizon_days": 1,
    "risk_budget_usd": 100,
    "expected_move_usd": 0.22340044900347264,
    "qty": 447.6266741901022,
    "notional_usd": 3370.62885665147,
    "leverage": 1
  }
}