{
  "t": "2026-06-06T12:13:45.933Z",
  "spot": 7.33,
  "sigma_d": 0.028691615242339125,
  "ERI": 2.8691615242339124,
  "percentiles": {
    "p10": 2.1046049427482103,
    "p50": 2.249324684121694,
    "p90": 2.5260364730972067
  },
  "ema": {
    "fast": 0.5233725344192921,
    "slow": 0.46612103743077715,
    "fast_period": 20,
    "slow_period": 100
  },
  "etv": {
    "horizon_days": 1,
    "risk_budget_usd": 100,
    "expected_move_usd": 0.21030953972634578,
    "qty": 475.4896051321292,
    "notional_usd": 3485.338805618507,
    "leverage": 1
  }
}