{
  "t": "2025-10-15T14:31:33.872Z",
  "spot": 18.62,
  "sigma_d": 0.05653675717370013,
  "ERI": 5.653675717370013,
  "percentiles": {
    "p10": 2.907996425423448,
    "p50": 3.3920106088815705,
    "p90": 5.6508950837767555
  },
  "ema": {
    "fast": 1.0801932558966563,
    "slow": 1.0149062450139066,
    "fast_period": 20,
    "slow_period": 100
  },
  "etv": {
    "horizon_days": 1,
    "risk_budget_usd": 100,
    "expected_move_usd": 1.0527144185742965,
    "qty": 94.99252431198879,
    "notional_usd": 1768.7608026892312,
    "leverage": 1
  }
}