{
  "t": "2026-05-28T17:01:41.445Z",
  "spot": 8.99,
  "sigma_d": 0.02256817769228821,
  "ERI": 2.256817769228821,
  "percentiles": {
    "p10": 2.1046049427482103,
    "p50": 2.2558194240527305,
    "p90": 2.6051013332299595
  },
  "ema": {
    "fast": 0.42853184236236475,
    "slow": 0.42453062929045815,
    "fast_period": 20,
    "slow_period": 100
  },
  "etv": {
    "horizon_days": 1,
    "risk_budget_usd": 100,
    "expected_move_usd": 0.20288791745367102,
    "qty": 492.88297329403446,
    "notional_usd": 4431.01792991337,
    "leverage": 1
  }
}