{
  "t": "2025-11-27T15:30:20.019Z",
  "spot": 13.4,
  "sigma_d": 0.04304490988389079,
  "ERI": 4.304490988389079,
  "percentiles": {
    "p10": 4.147915623854,
    "p50": 4.247066775942117,
    "p90": 4.417177176564305
  },
  "ema": {
    "fast": 0.8207715220073857,
    "slow": 0.8147169724875067,
    "fast_period": 20,
    "slow_period": 100
  },
  "etv": {
    "horizon_days": 1,
    "risk_budget_usd": 100,
    "expected_move_usd": 0.5768017924441367,
    "qty": 173.36978024333206,
    "notional_usd": 2323.1550552606495,
    "leverage": 1
  }
}