{
  "t": "2025-10-19T23:24:05.670Z",
  "spot": 17.37,
  "sigma_d": 0.05735080661921243,
  "ERI": 5.735080661921243,
  "percentiles": {
    "p10": 3.3895342390055343,
    "p50": 5.647218781115084,
    "p90": 5.7449359066771315
  },
  "ema": {
    "fast": 1.0945900228519216,
    "slow": 1.0825036578873772,
    "fast_period": 20,
    "slow_period": 100
  },
  "etv": {
    "horizon_days": 1,
    "risk_budget_usd": 100,
    "expected_move_usd": 0.9961835109757199,
    "qty": 100.38311104151303,
    "notional_usd": 1743.6546387910814,
    "leverage": 1
  }
}