{
  "t": "2025-12-05T22:30:00.905Z",
  "spot": 13.56,
  "sigma_d": 0.043766172602613965,
  "ERI": 4.376617260261397,
  "percentiles": {
    "p10": 4.118119650565298,
    "p50": 4.249951665280069,
    "p90": 4.330679038057367
  },
  "ema": {
    "fast": 0.8288766950643469,
    "slow": 0.8205466797213149,
    "fast_period": 20,
    "slow_period": 100
  },
  "etv": {
    "horizon_days": 1,
    "risk_budget_usd": 100,
    "expected_move_usd": 0.5934693004914454,
    "qty": 168.50071253423067,
    "notional_usd": 2284.869661964168,
    "leverage": 1
  }
}