{
  "t": "2026-01-12T10:38:43.667Z",
  "spot": 13.15,
  "sigma_d": 0.02463701656479536,
  "ERI": 2.463701656479536,
  "percentiles": {
    "p10": 2.4806019597380167,
    "p50": 2.5459799696505483,
    "p90": 2.883205052355481
  },
  "ema": {
    "fast": 0.472874956194796,
    "slow": 0.4824464283023894,
    "fast_period": 20,
    "slow_period": 100
  },
  "etv": {
    "horizon_days": 1,
    "risk_budget_usd": 100,
    "expected_move_usd": 0.32397676782705903,
    "qty": 308.66410783312915,
    "notional_usd": 4058.9330180056486,
    "leverage": 1
  }
}