{
  "t": "2026-03-03T17:02:25.715Z",
  "spot": 8.82,
  "sigma_d": 0.048631097165043755,
  "ERI": 4.8631097165043755,
  "percentiles": {
    "p10": 4.643143417202287,
    "p50": 4.736099302469206,
    "p90": 5.141629785830333
  },
  "ema": {
    "fast": 0.937864663390221,
    "slow": 0.9514233227368961,
    "fast_period": 20,
    "slow_period": 100
  },
  "etv": {
    "horizon_days": 1,
    "risk_budget_usd": 100,
    "expected_move_usd": 0.4289262769956859,
    "qty": 233.14029790953046,
    "notional_usd": 2056.2974275620586,
    "leverage": 1
  }
}