{
  "t": "2025-11-10T22:30:05.553Z",
  "spot": 16.11,
  "sigma_d": 0.04809337520399721,
  "ERI": 4.809337520399721,
  "percentiles": {
    "p10": 4.810055610393142,
    "p50": 6.001771773940257,
    "p90": 6.308191627099421
  },
  "ema": {
    "fast": 0.9243175477955745,
    "slow": 1.0311478577451036,
    "fast_period": 20,
    "slow_period": 100
  },
  "etv": {
    "horizon_days": 1,
    "risk_budget_usd": 100,
    "expected_move_usd": 0.774784274536395,
    "qty": 129.06818489551387,
    "notional_usd": 2079.2884586667283,
    "leverage": 1
  }
}