{
  "t": "2025-12-18T02:17:40.831Z",
  "spot": 12.22,
  "sigma_d": 0.03969176762747965,
  "ERI": 3.969176762747965,
  "percentiles": {
    "p10": 3.9335864817287565,
    "p50": 4.061893604907551,
    "p90": 4.199225307834886
  },
  "ema": {
    "fast": 0.7613185935891928,
    "slow": 0.762272158361228,
    "fast_period": 20,
    "slow_period": 100
  },
  "etv": {
    "horizon_days": 1,
    "risk_budget_usd": 100,
    "expected_move_usd": 0.4850334004078013,
    "qty": 206.17136864373268,
    "notional_usd": 2519.4141248264136,
    "leverage": 1
  }
}