{
  "t": "2025-12-06T18:37:29.007Z",
  "spot": 14.05,
  "sigma_d": 0.04375007410966816,
  "ERI": 4.375007410966816,
  "percentiles": {
    "p10": 4.118119650565298,
    "p50": 4.282766854193424,
    "p90": 4.343459554321945
  },
  "ema": {
    "fast": 0.829813926638518,
    "slow": 0.8232494908230669,
    "fast_period": 20,
    "slow_period": 100
  },
  "etv": {
    "horizon_days": 1,
    "risk_budget_usd": 100,
    "expected_move_usd": 0.6146885412408377,
    "qty": 162.68401522197817,
    "notional_usd": 2285.7104138687932,
    "leverage": 1
  }
}