{
  "t": "2025-09-29T06:41:35.472Z",
  "spot": 21.29,
  "sigma_d": 0.03035322679229889,
  "ERI": 3.035322679229889,
  "percentiles": {
    "p10": 3.024710339191112,
    "p50": 3.4349714016403876,
    "p90": 3.9127955529484213
  },
  "ema": {
    "fast": 0.5745327150796918,
    "slow": 0.6015615949994181,
    "fast_period": 20,
    "slow_period": 100
  },
  "etv": {
    "horizon_days": 1,
    "risk_budget_usd": 100,
    "expected_move_usd": 0.6462201984080433,
    "qty": 154.74601420127217,
    "notional_usd": 3294.5426423450845,
    "leverage": 1
  }
}