{
  "t": "2026-01-01T07:31:59.601Z",
  "spot": 12.2,
  "sigma_d": 0.02880158347904206,
  "ERI": 2.880158347904206,
  "percentiles": {
    "p10": 3.543658301812431,
    "p50": 3.7771297797252505,
    "p90": 3.8610645527807423
  },
  "ema": {
    "fast": 0.6294842133777477,
    "slow": 0.6908735337557049,
    "fast_period": 20,
    "slow_period": 100
  },
  "etv": {
    "horizon_days": 1,
    "risk_budget_usd": 100,
    "expected_move_usd": 0.35137931844431314,
    "qty": 284.59273141839185,
    "notional_usd": 3472.0313233043803,
    "leverage": 1
  }
}