{
  "t": "2025-09-16T22:24:55.919Z",
  "spot": 23.68,
  "sigma_d": 0.04630053075948871,
  "ERI": 4.6300530759488705,
  "percentiles": {
    "p10": 5.14956441082985,
    "p50": 5.331754775273997,
    "p90": 5.906978466368446
  },
  "ema": {
    "fast": 0.8960574721052564,
    "slow": 0.9613975245163631,
    "fast_period": 20,
    "slow_period": 100
  },
  "etv": {
    "horizon_days": 1,
    "risk_budget_usd": 100,
    "expected_move_usd": 1.0963965683846926,
    "qty": 91.20787394229878,
    "notional_usd": 2159.802454953635,
    "leverage": 1
  }
}