{
  "t": "2026-04-06T06:05:21.862Z",
  "spot": 8.94,
  "sigma_d": 0.02655314402782803,
  "ERI": 2.655314402782803,
  "percentiles": {
    "p10": 2.756587873530596,
    "p50": 3.03508503677776,
    "p90": 3.6335277987679855
  },
  "ema": {
    "fast": 0.5089800164594536,
    "slow": 0.5392314849034688,
    "fast_period": 20,
    "slow_period": 100
  },
  "etv": {
    "horizon_days": 1,
    "risk_budget_usd": 100,
    "expected_move_usd": 0.23738510760878256,
    "qty": 421.25641750367447,
    "notional_usd": 3766.0323724828495,
    "leverage": 1
  }
}