{
  "t": "2026-01-02T23:27:56.564Z",
  "spot": 13.31,
  "sigma_d": 0.027145556834259968,
  "ERI": 2.714555683425997,
  "percentiles": {
    "p10": 2.8817917433390767,
    "p50": 3.772192332430088,
    "p90": 3.836129704869962
  },
  "ema": {
    "fast": 0.5135784474223328,
    "slow": 0.6007400903666684,
    "fast_period": 20,
    "slow_period": 100
  },
  "etv": {
    "horizon_days": 1,
    "risk_budget_usd": 100,
    "expected_move_usd": 0.36130736146400017,
    "qty": 276.77266135626127,
    "notional_usd": 3683.8441226518376,
    "leverage": 1
  }
}