{
  "t": "2026-05-09T22:59:39.337Z",
  "spot": 10.4,
  "sigma_d": 0.024362432935097298,
  "ERI": 2.43624329350973,
  "percentiles": {
    "p10": 2.5145668966350407,
    "p50": 2.6952287872709304,
    "p90": 3.0558964135693647
  },
  "ema": {
    "fast": 0.46687235468802274,
    "slow": 0.48891733987816777,
    "fast_period": 20,
    "slow_period": 100
  },
  "etv": {
    "horizon_days": 1,
    "risk_budget_usd": 100,
    "expected_move_usd": 0.2533693025250119,
    "qty": 394.680803883605,
    "notional_usd": 4104.680360389492,
    "leverage": 1
  }
}