{
  "t": "2025-09-16T17:24:42.677Z",
  "spot": 23.7,
  "sigma_d": 0.046309152772272724,
  "ERI": 4.630915277227272,
  "percentiles": {
    "p10": 5.158386052530589,
    "p50": 5.337590987160258,
    "p90": 6.038174062548407
  },
  "ema": {
    "fast": 0.9036696635574961,
    "slow": 0.9695037125433374,
    "fast_period": 20,
    "slow_period": 100
  },
  "etv": {
    "horizon_days": 1,
    "risk_budget_usd": 100,
    "expected_move_usd": 1.0975269207028635,
    "qty": 91.11393817653178,
    "notional_usd": 2159.400334783803,
    "leverage": 1
  }
}