{
  "t": "2026-03-31T20:54:35.785Z",
  "spot": 8.78,
  "sigma_d": 0.029662819296285604,
  "ERI": 2.9662819296285603,
  "percentiles": {
    "p10": 2.962538047750662,
    "p50": 3.536461500757401,
    "p90": 3.6384711783368635
  },
  "ema": {
    "fast": 0.5676803701229555,
    "slow": 0.5968744637693623,
    "fast_period": 20,
    "slow_period": 100
  },
  "etv": {
    "horizon_days": 1,
    "risk_budget_usd": 100,
    "expected_move_usd": 0.2604395534213876,
    "qty": 383.96625507263633,
    "notional_usd": 3371.2237195377465,
    "leverage": 1
  }
}