{
  "t": "2026-01-30T07:03:32.304Z",
  "spot": 10.71,
  "sigma_d": 0.03175961378083309,
  "ERI": 3.175961378083309,
  "percentiles": {
    "p10": 2.4200088856565687,
    "p50": 2.697934156726518,
    "p90": 2.9433331530013187
  },
  "ema": {
    "fast": 0.5943493520696789,
    "slow": 0.5620292494147779,
    "fast_period": 20,
    "slow_period": 100
  },
  "etv": {
    "horizon_days": 1,
    "risk_budget_usd": 100,
    "expected_move_usd": 0.34014546359272246,
    "qty": 293.9918673139686,
    "notional_usd": 3148.652898932604,
    "leverage": 1
  }
}