{
  "t": "2025-12-03T14:33:54.084Z",
  "spot": 14.31,
  "sigma_d": 0.041817339687330785,
  "ERI": 4.181733968733078,
  "percentiles": {
    "p10": 4.118119650565298,
    "p50": 4.233229882612279,
    "p90": 4.307437740200326
  },
  "ema": {
    "fast": 0.8197714196696673,
    "slow": 0.814719714560024,
    "fast_period": 20,
    "slow_period": 100
  },
  "etv": {
    "horizon_days": 1,
    "risk_budget_usd": 100,
    "expected_move_usd": 0.5984061309257035,
    "qty": 167.11058732855085,
    "notional_usd": 2391.3525046715627,
    "leverage": 1
  }
}