{
  "t": "2025-12-12T05:33:39.842Z",
  "spot": 13.98,
  "sigma_d": 0.040397613197409976,
  "ERI": 4.039761319740998,
  "percentiles": {
    "p10": 4.100964439092426,
    "p50": 4.19944966038986,
    "p90": 4.355298909861288
  },
  "ema": {
    "fast": 0.7777565178905359,
    "slow": 0.7932942637658161,
    "fast_period": 20,
    "slow_period": 100
  },
  "etv": {
    "horizon_days": 1,
    "risk_budget_usd": 100,
    "expected_move_usd": 0.5647586324997915,
    "qty": 177.06679321991047,
    "notional_usd": 2475.3937692143486,
    "leverage": 1
  }
}