{
  "t": "2026-05-02T10:06:56.365Z",
  "spot": 9.09,
  "sigma_d": 0.0256440494700557,
  "ERI": 2.56440494700557,
  "percentiles": {
    "p10": 2.678627566135332,
    "p50": 2.9653769664955423,
    "p90": 3.1611484400272216
  },
  "ema": {
    "fast": 0.5030605193798057,
    "slow": 0.5228048321824057,
    "fast_period": 20,
    "slow_period": 100
  },
  "etv": {
    "horizon_days": 1,
    "risk_budget_usd": 100,
    "expected_move_usd": 0.23310440968280632,
    "qty": 428.9923135133893,
    "notional_usd": 3899.5401298367087,
    "leverage": 1
  }
}