{
  "t": "2026-01-26T22:35:18.377Z",
  "spot": 11.96,
  "sigma_d": 0.02925606214234744,
  "ERI": 2.925606214234744,
  "percentiles": {
    "p10": 2.419793577482409,
    "p50": 2.673957443232732,
    "p90": 2.766610493472861
  },
  "ema": {
    "fast": 0.5510373687151783,
    "slow": 0.5253059202248879,
    "fast_period": 20,
    "slow_period": 100
  },
  "etv": {
    "horizon_days": 1,
    "risk_budget_usd": 100,
    "expected_move_usd": 0.3499025032224754,
    "qty": 285.7938970971519,
    "notional_usd": 3418.095009281937,
    "leverage": 1
  }
}