{
  "t": "2026-03-21T14:39:05.960Z",
  "spot": 9.11,
  "sigma_d": 0.03594789274062735,
  "ERI": 3.594789274062735,
  "percentiles": {
    "p10": 3.427595152318238,
    "p50": 3.534662273957117,
    "p90": 3.628803685906855
  },
  "ema": {
    "fast": 0.6869628706939285,
    "slow": 0.6813628385401256,
    "fast_period": 20,
    "slow_period": 100
  },
  "etv": {
    "horizon_days": 1,
    "risk_budget_usd": 100,
    "expected_move_usd": 0.3274853028671152,
    "qty": 305.3572148872199,
    "notional_usd": 2781.8042276225733,
    "leverage": 1
  }
}