{
  "t": "2025-10-18T05:26:54.698Z",
  "spot": 16.67,
  "sigma_d": 0.05701951772358191,
  "ERI": 5.701951772358191,
  "percentiles": {
    "p10": 3.2911603743225175,
    "p50": 5.416703330995835,
    "p90": 5.734963675420762
  },
  "ema": {
    "fast": 1.0954838708617212,
    "slow": 1.0706370411045818,
    "fast_period": 20,
    "slow_period": 100
  },
  "etv": {
    "horizon_days": 1,
    "risk_budget_usd": 100,
    "expected_move_usd": 0.9505153604521105,
    "qty": 105.20608520459388,
    "notional_usd": 1753.7854403605802,
    "leverage": 1
  }
}