{
  "t": "2025-12-26T10:34:11.986Z",
  "spot": 12.43,
  "sigma_d": 0.037925013772894305,
  "ERI": 3.7925013772894305,
  "percentiles": {
    "p10": 3.7770060852378458,
    "p50": 3.929167405694522,
    "p90": 4.028143172055565
  },
  "ema": {
    "fast": 0.7223323993197783,
    "slow": 0.7296546109806046,
    "fast_period": 20,
    "slow_period": 100
  },
  "etv": {
    "horizon_days": 1,
    "risk_budget_usd": 100,
    "expected_move_usd": 0.4714079211970762,
    "qty": 212.1305041842819,
    "notional_usd": 2636.782167010624,
    "leverage": 1
  }
}