{
  "t": "2026-03-01T20:38:42.512Z",
  "spot": 8.59,
  "sigma_d": 0.050916727789767996,
  "ERI": 5.0916727789767995,
  "percentiles": {
    "p10": 4.643143417202287,
    "p50": 4.72029510014224,
    "p90": 5.141629785830333
  },
  "ema": {
    "fast": 0.9719462265527653,
    "slow": 0.9614649635704727,
    "fast_period": 20,
    "slow_period": 100
  },
  "etv": {
    "horizon_days": 1,
    "risk_budget_usd": 100,
    "expected_move_usd": 0.4373746917141071,
    "qty": 228.63691451394192,
    "notional_usd": 1963.991095674761,
    "leverage": 1
  }
}