{
  "t": "2025-09-06T23:22:26.149Z",
  "spot": 22.26,
  "sigma_d": 0.06039174752202448,
  "ERI": 6.039174752202448,
  "percentiles": {
    "p10": 5.4843936706483785,
    "p50": 6.16553756274769,
    "p90": 6.273642316550214
  },
  "ema": {
    "fast": 1.1586902341692809,
    "slow": 1.1239889229037716,
    "fast_period": 20,
    "slow_period": 100
  },
  "etv": {
    "horizon_days": 1,
    "risk_budget_usd": 100,
    "expected_move_usd": 1.344320299840265,
    "qty": 74.38703411075635,
    "notional_usd": 1655.8553793054364,
    "leverage": 1
  }
}