{
  "t": "2026-03-07T06:56:32.357Z",
  "spot": 8.77,
  "sigma_d": 0.04028037522715456,
  "ERI": 4.028037522715456,
  "percentiles": {
    "p10": 4.691270392986061,
    "p50": 4.895633799215073,
    "p90": 5.141629785830333
  },
  "ema": {
    "fast": 0.8855103810209878,
    "slow": 0.9288834902457442,
    "fast_period": 20,
    "slow_period": 100
  },
  "etv": {
    "horizon_days": 1,
    "risk_budget_usd": 100,
    "expected_move_usd": 0.35325889074214545,
    "qty": 283.07850876708176,
    "notional_usd": 2482.598521887307,
    "leverage": 1
  }
}