{
  "t": "2026-01-10T23:28:30.254Z",
  "spot": 13.13,
  "sigma_d": 0.02521231316148316,
  "ERI": 2.521231316148316,
  "percentiles": {
    "p10": 2.520284075031759,
    "p50": 2.579741364200023,
    "p90": 3.5371222569161422
  },
  "ema": {
    "fast": 0.48204263879854764,
    "slow": 0.4903628315394387,
    "fast_period": 20,
    "slow_period": 100
  },
  "etv": {
    "horizon_days": 1,
    "risk_budget_usd": 100,
    "expected_move_usd": 0.33103767181027394,
    "qty": 302.08042321332096,
    "notional_usd": 3966.3159567909042,
    "leverage": 1
  }
}