{
  "t": "2025-12-26T05:33:38.019Z",
  "spot": 12.38,
  "sigma_d": 0.03780447694036455,
  "ERI": 3.7804476940364546,
  "percentiles": {
    "p10": 3.7770060852378458,
    "p50": 3.934946283927408,
    "p90": 4.028143172055565
  },
  "ema": {
    "fast": 0.7215219319718044,
    "slow": 0.73029067640617,
    "fast_period": 20,
    "slow_period": 100
  },
  "etv": {
    "horizon_days": 1,
    "risk_budget_usd": 100,
    "expected_move_usd": 0.46801942452171313,
    "qty": 213.66634537058758,
    "notional_usd": 2645.1893556878745,
    "leverage": 1
  }
}