{
  "t": "2025-12-09T13:45:41.304Z",
  "spot": 13.72,
  "sigma_d": 0.04114946971225688,
  "ERI": 4.114946971225688,
  "percentiles": {
    "p10": 4.114651843975464,
    "p50": 4.207505060345352,
    "p90": 4.3534687305871165
  },
  "ema": {
    "fast": 0.7890669404108703,
    "slow": 0.802577093715934,
    "fast_period": 20,
    "slow_period": 100
  },
  "etv": {
    "horizon_days": 1,
    "risk_budget_usd": 100,
    "expected_move_usd": 0.5645707244521644,
    "qty": 177.1257269796194,
    "notional_usd": 2430.1649741603783,
    "leverage": 1
  }
}