{
  "t": "2026-02-28T16:38:34.576Z",
  "spot": 8.45,
  "sigma_d": 0.05086086999433995,
  "ERI": 5.086086999433995,
  "percentiles": {
    "p10": 4.643143417202287,
    "p50": 4.710565605852439,
    "p90": 5.141629785830333
  },
  "ema": {
    "fast": 0.9773209574784516,
    "slow": 0.9555818414742849,
    "fast_period": 20,
    "slow_period": 100
  },
  "etv": {
    "horizon_days": 1,
    "risk_budget_usd": 100,
    "expected_move_usd": 0.4297743514521725,
    "qty": 232.68024176433084,
    "notional_usd": 1966.1480429085955,
    "leverage": 1
  }
}