{
  "t": "2026-01-15T21:32:08.707Z",
  "spot": 13.65,
  "sigma_d": 0.027283248038559842,
  "ERI": 2.728324803855984,
  "percentiles": {
    "p10": 2.4676164759095607,
    "p50": 2.5295525998673005,
    "p90": 2.660176014345331
  },
  "ema": {
    "fast": 0.5118850398455654,
    "slow": 0.4954973763561079,
    "fast_period": 20,
    "slow_period": 100
  },
  "etv": {
    "horizon_days": 1,
    "risk_budget_usd": 100,
    "expected_move_usd": 0.37241633572634186,
    "qty": 268.5166852441236,
    "notional_usd": 3665.2527535822874,
    "leverage": 1
  }
}