{
  "t": "2026-02-03T09:56:20.936Z",
  "spot": 9.6,
  "sigma_d": 0.03373602723850487,
  "ERI": 3.373602723850487,
  "percentiles": {
    "p10": 2.675714202546714,
    "p50": 2.9243622214904583,
    "p90": 3.2817908090037533
  },
  "ema": {
    "fast": 0.6394767158441367,
    "slow": 0.6126474186788545,
    "fast_period": 20,
    "slow_period": 100
  },
  "etv": {
    "horizon_days": 1,
    "risk_budget_usd": 100,
    "expected_move_usd": 0.32386586148964674,
    "qty": 308.76980840166993,
    "notional_usd": 2964.1901606560314,
    "leverage": 1
  }
}