{
  "t": "2025-11-13T17:29:45.027Z",
  "spot": 14.91,
  "sigma_d": 0.04452833202307682,
  "ERI": 4.452833202307682,
  "percentiles": {
    "p10": 4.486721437671329,
    "p50": 6.001771773940257,
    "p90": 6.308191627099421
  },
  "ema": {
    "fast": 0.8611674077120642,
    "slow": 0.9118490675251806,
    "fast_period": 20,
    "slow_period": 100
  },
  "etv": {
    "horizon_days": 1,
    "risk_budget_usd": 100,
    "expected_move_usd": 0.6639174304640755,
    "qty": 150.62113963493988,
    "notional_usd": 2245.7611919569536,
    "leverage": 1
  }
}