{
  "t": "2026-03-04T22:46:35.644Z",
  "spot": 9.4,
  "sigma_d": 0.04951737616129034,
  "ERI": 4.951737616129034,
  "percentiles": {
    "p10": 4.643143417202287,
    "p50": 4.863986580468146,
    "p90": 5.141629785830333
  },
  "ema": {
    "fast": 0.942435231038884,
    "slow": 0.9457788995019363,
    "fast_period": 20,
    "slow_period": 100
  },
  "etv": {
    "horizon_days": 1,
    "risk_budget_usd": 100,
    "expected_move_usd": 0.4654633359161292,
    "qty": 214.83969258970544,
    "notional_usd": 2019.4931103432311,
    "leverage": 1
  }
}