{
  "t": "2026-04-28T06:40:06.683Z",
  "spot": 9.27,
  "sigma_d": 0.027060765595361535,
  "ERI": 2.7060765595361533,
  "percentiles": {
    "p10": 2.737918696845954,
    "p50": 2.9814098780416742,
    "p90": 3.1611484400272216
  },
  "ema": {
    "fast": 0.5187982705117965,
    "slow": 0.542265623624402,
    "fast_period": 20,
    "slow_period": 100
  },
  "etv": {
    "horizon_days": 1,
    "risk_budget_usd": 100,
    "expected_move_usd": 0.2508532970690014,
    "qty": 398.63936878012544,
    "notional_usd": 3695.3869485917626,
    "leverage": 1
  }
}