{
  "t": "2025-12-04T04:38:59.160Z",
  "spot": 14.57,
  "sigma_d": 0.042945352788473556,
  "ERI": 4.294535278847356,
  "percentiles": {
    "p10": 4.118119650565298,
    "p50": 4.2354866353321565,
    "p90": 4.307801939638348
  },
  "ema": {
    "fast": 0.816000699734332,
    "slow": 0.8142988774607358,
    "fast_period": 20,
    "slow_period": 100
  },
  "etv": {
    "horizon_days": 1,
    "risk_budget_usd": 100,
    "expected_move_usd": 0.6257137901280597,
    "qty": 159.81747817885525,
    "notional_usd": 2328.540657065921,
    "leverage": 1
  }
}