{
  "t": "2026-02-10T23:51:34.686Z",
  "spot": 8.56,
  "sigma_d": 0.04743060305211383,
  "ERI": 4.743060305211383,
  "percentiles": {
    "p10": 2.9521995962288097,
    "p50": 3.3186345801314303,
    "p90": 4.745025460288236
  },
  "ema": {
    "fast": 0.9063165264610407,
    "slow": 0.8530253415068243,
    "fast_period": 20,
    "slow_period": 100
  },
  "etv": {
    "horizon_days": 1,
    "risk_budget_usd": 100,
    "expected_move_usd": 0.4060059621260944,
    "qty": 246.3018017674891,
    "notional_usd": 2108.343423129707,
    "leverage": 1
  }
}