{
  "t": "2025-11-24T07:29:00.719Z",
  "spot": 12.57,
  "sigma_d": 0.04219281729614165,
  "ERI": 4.219281729614165,
  "percentiles": {
    "p10": 4.147915623854,
    "p50": 4.395415244809261,
    "p90": 4.485243983145643
  },
  "ema": {
    "fast": 0.8093126214340183,
    "slow": 0.8101639214372242,
    "fast_period": 20,
    "slow_period": 100
  },
  "etv": {
    "horizon_days": 1,
    "risk_budget_usd": 100,
    "expected_move_usd": 0.5303637134125005,
    "qty": 188.54985262203087,
    "notional_usd": 2370.071647458928,
    "leverage": 1
  }
}