{
  "t": "2026-03-23T19:10:00.271Z",
  "spot": 9.18,
  "sigma_d": 0.037068067984530675,
  "ERI": 3.7068067984530675,
  "percentiles": {
    "p10": 3.427595152318238,
    "p50": 3.559659320344913,
    "p90": 3.613600433381389
  },
  "ema": {
    "fast": 0.6917218886296983,
    "slow": 0.6839410463887945,
    "fast_period": 20,
    "slow_period": 100
  },
  "etv": {
    "horizon_days": 1,
    "risk_budget_usd": 100,
    "expected_move_usd": 0.3402848640979916,
    "qty": 293.8714311172038,
    "notional_usd": 2697.739737655931,
    "leverage": 1
  }
}