{
  "t": "2025-09-19T17:23:48.580Z",
  "spot": 23.49,
  "sigma_d": 0.039094405095978314,
  "ERI": 3.9094405095978315,
  "percentiles": {
    "p10": 4.353825782770483,
    "p50": 5.19443229050375,
    "p90": 5.671183755041788
  },
  "ema": {
    "fast": 0.7577920919498411,
    "slow": 0.8517762450444278,
    "fast_period": 20,
    "slow_period": 100
  },
  "etv": {
    "horizon_days": 1,
    "risk_budget_usd": 100,
    "expected_move_usd": 0.9183275757045305,
    "qty": 108.89360468488724,
    "notional_usd": 2557.910774048001,
    "leverage": 1
  }
}