{
  "t": "2025-12-07T11:23:10.109Z",
  "spot": 13.85,
  "sigma_d": 0.041386846682270176,
  "ERI": 4.138684668227017,
  "percentiles": {
    "p10": 4.118119650565298,
    "p50": 4.283066400887476,
    "p90": 4.3534687305871165
  },
  "ema": {
    "fast": 0.8056293961596708,
    "slow": 0.8181285978908547,
    "fast_period": 20,
    "slow_period": 100
  },
  "etv": {
    "horizon_days": 1,
    "risk_budget_usd": 100,
    "expected_move_usd": 0.5732078265494419,
    "qty": 174.4567944962882,
    "notional_usd": 2416.2266037735917,
    "leverage": 1
  }
}