{
  "t": "2026-03-21T08:48:10.443Z",
  "spot": 9.12,
  "sigma_d": 0.035947274222962615,
  "ERI": 3.5947274222962613,
  "percentiles": {
    "p10": 3.427595152318238,
    "p50": 3.534662273957117,
    "p90": 3.647704831012378
  },
  "ema": {
    "fast": 0.6870606135525672,
    "slow": 0.6807898433747965,
    "fast_period": 20,
    "slow_period": 100
  },
  "etv": {
    "horizon_days": 1,
    "risk_budget_usd": 100,
    "expected_move_usd": 0.32783914091341904,
    "qty": 305.02764167018603,
    "notional_usd": 2781.852092032096,
    "leverage": 1
  }
}