{
  "t": "2025-12-13T22:29:15.457Z",
  "spot": 13.69,
  "sigma_d": 0.04022253510246831,
  "ERI": 4.022253510246831,
  "percentiles": {
    "p10": 4.039933311254554,
    "p50": 4.190125081219779,
    "p90": 4.3522717344326916
  },
  "ema": {
    "fast": 0.7701430629161357,
    "slow": 0.7816586043206477,
    "fast_period": 20,
    "slow_period": 100
  },
  "etv": {
    "horizon_days": 1,
    "risk_budget_usd": 100,
    "expected_move_usd": 0.5506465055527912,
    "qty": 181.604711900624,
    "notional_usd": 2486.1685059195424,
    "leverage": 1
  }
}