{
  "t": "2026-02-17T20:51:49.736Z",
  "spot": 8.87,
  "sigma_d": 0.04737271050286893,
  "ERI": 4.7372710502868935,
  "percentiles": {
    "p10": 3.3168959338825816,
    "p50": 4.708672486553125,
    "p90": 4.747856910643382
  },
  "ema": {
    "fast": 0.9042242497091588,
    "slow": 0.89273173791445,
    "fast_period": 20,
    "slow_period": 100
  },
  "etv": {
    "horizon_days": 1,
    "risk_budget_usd": 100,
    "expected_move_usd": 0.42019594216044737,
    "qty": 237.9842115700776,
    "notional_usd": 2110.9199566265884,
    "leverage": 1
  }
}