{
  "t": "2025-09-03T03:00:36.587Z",
  "spot": 23.5487,
  "sigma_d": 0.05581754504453504,
  "ERI": 5.581754504453504,
  "percentiles": {
    "p10": 5.484393670648377,
    "p50": 5.609025959202523,
    "p90": 6.199223137734766
  },
  "ema": {
    "fast": 1.070178390201602,
    "slow": 0.850043858946693,
    "fast_period": 20,
    "slow_period": 100
  },
  "etv": {
    "horizon_days": 1,
    "risk_budget_usd": 100,
    "expected_move_usd": 1.3144306229902423,
    "qty": 76.07856835570877,
    "notional_usd": 1791.551382638079,
    "leverage": 1
  }
}