{
  "t": "2026-06-06T16:16:45.656Z",
  "spot": 7.38,
  "sigma_d": 0.028779293124054323,
  "ERI": 2.877929312405432,
  "percentiles": {
    "p10": 2.1046049427482103,
    "p50": 2.249324684121694,
    "p90": 2.530342182503854
  },
  "ema": {
    "fast": 0.5281340660005402,
    "slow": 0.46939486226753224,
    "fast_period": 20,
    "slow_period": 100
  },
  "etv": {
    "horizon_days": 1,
    "risk_budget_usd": 100,
    "expected_move_usd": 0.2123911832555209,
    "qty": 470.8293370148669,
    "notional_usd": 3474.7205071697176,
    "leverage": 1
  }
}