{
  "t": "2025-09-20T09:24:33.308Z",
  "spot": 23.32,
  "sigma_d": 0.037362263622868506,
  "ERI": 3.7362263622868506,
  "percentiles": {
    "p10": 3.9096236150147012,
    "p50": 5.180635113278838,
    "p90": 5.616797216689921
  },
  "ema": {
    "fast": 0.7294629437704908,
    "slow": 0.8190959876616443,
    "fast_period": 20,
    "slow_period": 100
  },
  "etv": {
    "horizon_days": 1,
    "risk_budget_usd": 100,
    "expected_move_usd": 0.8712879876852936,
    "qty": 114.77261412230061,
    "notional_usd": 2676.4973613320503,
    "leverage": 1
  }
}