{
  "t": "2025-09-25T14:30:18.080Z",
  "spot": 21.12,
  "sigma_d": 0.03026956147641552,
  "ERI": 3.0269561476415516,
  "percentiles": {
    "p10": 3.1257253686092974,
    "p50": 3.7826569526411054,
    "p90": 5.167268862363661
  },
  "ema": {
    "fast": 0.5868029434232183,
    "slow": 0.6480731831204092,
    "fast_period": 20,
    "slow_period": 100
  },
  "etv": {
    "horizon_days": 1,
    "risk_budget_usd": 100,
    "expected_move_usd": 0.6392931383818958,
    "qty": 156.42276445060605,
    "notional_usd": 3303.6487851968,
    "leverage": 1
  }
}