{
  "t": "2025-10-17T12:56:07.127Z",
  "spot": 16.57,
  "sigma_d": 0.057458813759631897,
  "ERI": 5.745881375963189,
  "percentiles": {
    "p10": 3.125074381260052,
    "p50": 5.239831510112429,
    "p90": 5.71951817830689
  },
  "ema": {
    "fast": 1.1003577218266158,
    "slow": 1.061180965412187,
    "fast_period": 20,
    "slow_period": 100
  },
  "etv": {
    "horizon_days": 1,
    "risk_budget_usd": 100,
    "expected_move_usd": 0.9520925439971005,
    "qty": 105.03180665629132,
    "notional_usd": 1740.3770362947473,
    "leverage": 1
  }
}