{
  "t": "2025-10-23T14:31:32.510Z",
  "spot": 17.23,
  "sigma_d": 0.05928796197997725,
  "ERI": 5.928796197997725,
  "percentiles": {
    "p10": 5.604324528342671,
    "p50": 5.719393316782115,
    "p90": 5.952822871411555
  },
  "ema": {
    "fast": 1.1338258352481692,
    "slow": 1.1234675629785706,
    "fast_period": 20,
    "slow_period": 100
  },
  "etv": {
    "horizon_days": 1,
    "risk_budget_usd": 100,
    "expected_move_usd": 1.0215315849150082,
    "qty": 97.89222523973162,
    "notional_usd": 1686.6830408805758,
    "leverage": 1
  }
}