{
  "t": "2025-10-27T02:18:58.456Z",
  "spot": 18.94,
  "sigma_d": 0.05815052870790012,
  "ERI": 5.815052870790012,
  "percentiles": {
    "p10": 5.710674692674528,
    "p50": 5.841904673878349,
    "p90": 5.958543863703687
  },
  "ema": {
    "fast": 1.10585157150194,
    "slow": 1.1170570335406123,
    "fast_period": 20,
    "slow_period": 100
  },
  "etv": {
    "horizon_days": 1,
    "risk_budget_usd": 100,
    "expected_move_usd": 1.1013710137276282,
    "qty": 90.79592503669272,
    "notional_usd": 1719.6748201949604,
    "leverage": 1
  }
}