{
  "t": "2026-01-26T13:08:55.164Z",
  "spot": 11.82,
  "sigma_d": 0.028786954080934287,
  "ERI": 2.878695408093429,
  "percentiles": {
    "p10": 2.419793577482409,
    "p50": 2.6651201753211478,
    "p90": 2.7195722579957486
  },
  "ema": {
    "fast": 0.5422295740868801,
    "slow": 0.5190514258759257,
    "fast_period": 20,
    "slow_period": 100
  },
  "etv": {
    "horizon_days": 1,
    "risk_budget_usd": 100,
    "expected_move_usd": 0.3402617972366433,
    "qty": 293.89135310554,
    "notional_usd": 3473.795793707483,
    "leverage": 1
  }
}