{
  "t": "2026-01-11T19:24:23.592Z",
  "spot": 13.31,
  "sigma_d": 0.02480803182607567,
  "ERI": 2.480803182607567,
  "percentiles": {
    "p10": 2.502638976223084,
    "p50": 2.5650730856693165,
    "p90": 2.9516264056179473
  },
  "ema": {
    "fast": 0.47437329561722685,
    "slow": 0.48519019475299624,
    "fast_period": 20,
    "slow_period": 100
  },
  "etv": {
    "horizon_days": 1,
    "risk_budget_usd": 100,
    "expected_move_usd": 0.3301949036050672,
    "qty": 302.8514338295359,
    "notional_usd": 4030.9525842711228,
    "leverage": 1
  }
}