{
  "t": "2025-11-13T22:29:46.811Z",
  "spot": 14.44,
  "sigma_d": 0.04503825049939331,
  "ERI": 4.503825049939332,
  "percentiles": {
    "p10": 4.486721437671329,
    "p50": 6.001771773940257,
    "p90": 6.308191627099421
  },
  "ema": {
    "fast": 0.8628678597515113,
    "slow": 0.9074278477685822,
    "fast_period": 20,
    "slow_period": 100
  },
  "etv": {
    "horizon_days": 1,
    "risk_budget_usd": 100,
    "expected_move_usd": 0.6503523372112394,
    "qty": 153.76280560289464,
    "notional_usd": 2220.334912905799,
    "leverage": 1
  }
}