{
  "t": "2026-04-04T07:54:22.566Z",
  "spot": 8.65,
  "sigma_d": 0.027565168119628954,
  "ERI": 2.7565168119628956,
  "percentiles": {
    "p10": 2.9303155651781614,
    "p50": 3.3133514709753045,
    "p90": 3.637374297236334
  },
  "ema": {
    "fast": 0.5338730267325098,
    "slow": 0.565659689914513,
    "fast_period": 20,
    "slow_period": 100
  },
  "etv": {
    "horizon_days": 1,
    "risk_budget_usd": 100,
    "expected_move_usd": 0.23843870423479047,
    "qty": 419.39499847948366,
    "notional_usd": 3627.7667368475336,
    "leverage": 1
  }
}