{
  "t": "2026-02-20T23:38:45.761Z",
  "spot": 8.96,
  "sigma_d": 0.047084594073669835,
  "ERI": 4.708459407366983,
  "percentiles": {
    "p10": 4.53147500619017,
    "p50": 4.718252732480785,
    "p90": 4.747856910643382
  },
  "ema": {
    "fast": 0.8907588197255021,
    "slow": 0.8914897209397147,
    "fast_period": 20,
    "slow_period": 100
  },
  "etv": {
    "horizon_days": 1,
    "risk_budget_usd": 100,
    "expected_move_usd": 0.4218779629000818,
    "qty": 237.03537229718765,
    "notional_usd": 2123.8369357828014,
    "leverage": 1
  }
}