{
  "t": "2025-09-24T08:36:04.553Z",
  "spot": 21.66,
  "sigma_d": 0.03123457389594048,
  "ERI": 3.123457389594048,
  "percentiles": {
    "p10": 3.436708631397448,
    "p50": 4.350769705139175,
    "p90": 5.190886646375157
  },
  "ema": {
    "fast": 0.6357764527536679,
    "slow": 0.6932937634218341,
    "fast_period": 20,
    "slow_period": 100
  },
  "etv": {
    "horizon_days": 1,
    "risk_budget_usd": 100,
    "expected_move_usd": 0.6765408705860708,
    "qty": 147.8107300647963,
    "notional_usd": 3201.5804132034878,
    "leverage": 1
  }
}