{
  "t": "2025-09-25T03:07:39.103Z",
  "spot": 21.43,
  "sigma_d": 0.030098494859517613,
  "ERI": 3.0098494859517615,
  "percentiles": {
    "p10": 3.434312134182934,
    "p50": 3.858687521370371,
    "p90": 5.178090712562719
  },
  "ema": {
    "fast": 0.600726559011813,
    "slow": 0.6649201882478616,
    "fast_period": 20,
    "slow_period": 100
  },
  "etv": {
    "horizon_days": 1,
    "risk_budget_usd": 100,
    "expected_move_usd": 0.6450107448394624,
    "qty": 155.03617699405788,
    "notional_usd": 3322.4252729826603,
    "leverage": 1
  }
}