{
  "t": "2025-09-30T06:40:06.448Z",
  "spot": 21.63,
  "sigma_d": 0.03022163746884909,
  "ERI": 3.022163746884909,
  "percentiles": {
    "p10": 3.0222256338336453,
    "p50": 3.254480820587787,
    "p90": 3.7392973257498285
  },
  "ema": {
    "fast": 0.5780955512956638,
    "slow": 0.5932623891310445,
    "fast_period": 20,
    "slow_period": 100
  },
  "etv": {
    "horizon_days": 1,
    "risk_budget_usd": 100,
    "expected_move_usd": 0.6536940184512058,
    "qty": 152.97677074807802,
    "notional_usd": 3308.8875512809277,
    "leverage": 1
  }
}