{
  "t": "2026-03-07T04:38:21.075Z",
  "spot": 8.79,
  "sigma_d": 0.040270523961825455,
  "ERI": 4.027052396182546,
  "percentiles": {
    "p10": 4.698896372054957,
    "p50": 4.895633799215073,
    "p90": 5.141629785830333
  },
  "ema": {
    "fast": 0.9112306079036974,
    "slow": 0.9353905880873109,
    "fast_period": 20,
    "slow_period": 100
  },
  "etv": {
    "horizon_days": 1,
    "risk_budget_usd": 100,
    "expected_move_usd": 0.3539779056244457,
    "qty": 282.503507736145,
    "notional_usd": 2483.2058330007144,
    "leverage": 1
  }
}