{
  "t": "2025-09-18T18:38:02.498Z",
  "spot": 24.54,
  "sigma_d": 0.04367794044377711,
  "ERI": 4.367794044377711,
  "percentiles": {
    "p10": 4.62832149815326,
    "p50": 5.2030186986502684,
    "p90": 5.67330618039564
  },
  "ema": {
    "fast": 0.8415057536466966,
    "slow": 0.902092727793086,
    "fast_period": 20,
    "slow_period": 100
  },
  "etv": {
    "horizon_days": 1,
    "risk_budget_usd": 100,
    "expected_move_usd": 1.0718566584902902,
    "qty": 93.29605708738141,
    "notional_usd": 2289.48524092434,
    "leverage": 1
  }
}