{
  "t": "2026-01-31T07:38:16.600Z",
  "spot": 10.61,
  "sigma_d": 0.030956916365244787,
  "ERI": 3.095691636524479,
  "percentiles": {
    "p10": 2.4917129577651242,
    "p50": 2.704000562852368,
    "p90": 3.135886733251487
  },
  "ema": {
    "fast": 0.5975070050930882,
    "slow": 0.5751255612807961,
    "fast_period": 20,
    "slow_period": 100
  },
  "etv": {
    "horizon_days": 1,
    "risk_budget_usd": 100,
    "expected_move_usd": 0.3284528826352472,
    "qty": 304.45767197315723,
    "notional_usd": 3230.295899635198,
    "leverage": 1
  }
}