{
  "t": "2026-01-01T16:38:39.990Z",
  "spot": 12.37,
  "sigma_d": 0.02896244470428188,
  "ERI": 2.896244470428188,
  "percentiles": {
    "p10": 3.53222340190125,
    "p50": 3.775388288503875,
    "p90": 3.856409690677364
  },
  "ema": {
    "fast": 0.5830653786059447,
    "slow": 0.6678604525673869,
    "fast_period": 20,
    "slow_period": 100
  },
  "etv": {
    "horizon_days": 1,
    "risk_budget_usd": 100,
    "expected_move_usd": 0.35826544099196683,
    "qty": 279.12265197312803,
    "notional_usd": 3452.7472049075936,
    "leverage": 1
  }
}