{
  "t": "2025-10-25T03:09:41.226Z",
  "spot": 17.85,
  "sigma_d": 0.058411661792036516,
  "ERI": 5.841166179203651,
  "percentiles": {
    "p10": 5.654745889373755,
    "p50": 5.749629212282736,
    "p90": 5.958543863703687
  },
  "ema": {
    "fast": 1.133869543141843,
    "slow": 1.1291069002699057,
    "fast_period": 20,
    "slow_period": 100
  },
  "etv": {
    "horizon_days": 1,
    "risk_budget_usd": 100,
    "expected_move_usd": 1.042648162987852,
    "qty": 95.9096304485266,
    "notional_usd": 1711.9869035062,
    "leverage": 1
  }
}