{
  "t": "2026-04-24T11:18:52.039Z",
  "spot": 9.35,
  "sigma_d": 0.02934129391913281,
  "ERI": 2.934129391913281,
  "percentiles": {
    "p10": 2.7421867066176735,
    "p50": 2.9814098780416742,
    "p90": 3.1611484400272216
  },
  "ema": {
    "fast": 0.5635477336788786,
    "slow": 0.5751493532549194,
    "fast_period": 20,
    "slow_period": 100
  },
  "etv": {
    "horizon_days": 1,
    "risk_budget_usd": 100,
    "expected_move_usd": 0.27434109814389174,
    "qty": 364.5097314130822,
    "notional_usd": 3408.1659887123183,
    "leverage": 1
  }
}