{
  "t": "2025-09-27T20:26:30.311Z",
  "spot": 20.85,
  "sigma_d": 0.03175178617765655,
  "ERI": 3.1751786177656554,
  "percentiles": {
    "p10": 3.1244667380943825,
    "p50": 3.575843707289457,
    "p90": 4.627478925945282
  },
  "ema": {
    "fast": 0.6095604291375307,
    "slow": 0.6263897741497492,
    "fast_period": 20,
    "slow_period": 100
  },
  "etv": {
    "horizon_days": 1,
    "risk_budget_usd": 100,
    "expected_move_usd": 0.6620247418041392,
    "qty": 151.05175635502928,
    "notional_usd": 3149.429120002361,
    "leverage": 1
  }
}