{
  "t": "2025-09-15T21:23:46.092Z",
  "spot": 23.64,
  "sigma_d": 0.05163992209830201,
  "ERI": 5.163992209830201,
  "percentiles": {
    "p10": 5.181108687902108,
    "p50": 5.617380652682598,
    "p90": 6.049432788984637
  },
  "ema": {
    "fast": 0.9903129084639111,
    "slow": 1.0046623596309119,
    "fast_period": 20,
    "slow_period": 100
  },
  "etv": {
    "horizon_days": 1,
    "risk_budget_usd": 100,
    "expected_move_usd": 1.2207677584038596,
    "qty": 81.91566275533759,
    "notional_usd": 1936.4862675361808,
    "leverage": 1
  }
}