{
  "t": "2025-10-06T16:33:19.615Z",
  "spot": 22.84,
  "sigma_d": 0.029729314442911055,
  "ERI": 2.9729314442911057,
  "percentiles": {
    "p10": 2.898875610941117,
    "p50": 3.041335812032445,
    "p90": 3.1775050936932128
  },
  "ema": {
    "fast": 0.558213140196236,
    "slow": 0.5654296250868411,
    "fast_period": 20,
    "slow_period": 100
  },
  "etv": {
    "horizon_days": 1,
    "risk_budget_usd": 100,
    "expected_move_usd": 0.6790175418760885,
    "qty": 147.27160026485538,
    "notional_usd": 3363.6833500492967,
    "leverage": 1
  }
}