{
  "t": "2025-09-02T01:46:26.422Z",
  "spot": 22.6741,
  "sigma_d": 0.05674226034487089,
  "ERI": 5.674226034487089,
  "percentiles": {
    "p10": 5.484393670648377,
    "p50": 5.674226034487089,
    "p90": 6.199223137734766
  },
  "ema": {
    "fast": 1.0699688751845966,
    "slow": 0.8168123500756848,
    "fast_period": 20,
    "slow_period": 100
  },
  "etv": {
    "horizon_days": 1,
    "risk_budget_usd": 100,
    "expected_move_usd": 1.286579685285637,
    "qty": 77.72546165906446,
    "notional_usd": 1762.3548902037935,
    "leverage": 1
  }
}