{
  "t": "2026-01-31T15:35:11.574Z",
  "spot": 10.11,
  "sigma_d": 0.03262096830503214,
  "ERI": 3.262096830503214,
  "percentiles": {
    "p10": 2.5050406077892386,
    "p50": 2.7091593339976106,
    "p90": 3.1423454344771597
  },
  "ema": {
    "fast": 0.6023718077886405,
    "slow": 0.579067522678068,
    "fast_period": 20,
    "slow_period": 100
  },
  "etv": {
    "horizon_days": 1,
    "risk_budget_usd": 100,
    "expected_move_usd": 0.3297979895638749,
    "qty": 303.215917514355,
    "notional_usd": 3065.5129260701287,
    "leverage": 1
  }
}