{
  "t": "2026-06-27T14:52:33.889Z",
  "spot": 7.4,
  "sigma_d": 0.03018860974950666,
  "ERI": 3.018860974950666,
  "percentiles": {
    "p10": 2.2405000926110556,
    "p50": 2.941203383935129,
    "p90": 3.0581366947690714
  },
  "ema": {
    "fast": 0.5746830996829613,
    "slow": 0.5686466537885326,
    "fast_period": 20,
    "slow_period": 100
  },
  "etv": {
    "horizon_days": 1,
    "risk_budget_usd": 100,
    "expected_move_usd": 0.2233957121463493,
    "qty": 447.6361656148922,
    "notional_usd": 3312.5076255502026,
    "leverage": 1
  }
}