{
  "t": "2026-05-04T20:24:48.095Z",
  "spot": 9.37,
  "sigma_d": 0.026040746731756,
  "ERI": 2.6040746731756,
  "percentiles": {
    "p10": 2.5710103204141146,
    "p50": 2.934375388542086,
    "p90": 3.106832824996116
  },
  "ema": {
    "fast": 0.49630900296231983,
    "slow": 0.5083428304281394,
    "fast_period": 20,
    "slow_period": 100
  },
  "etv": {
    "horizon_days": 1,
    "risk_budget_usd": 100,
    "expected_move_usd": 0.24400179687655368,
    "qty": 409.83304746150037,
    "notional_usd": 3840.135654714258,
    "leverage": 1
  }
}