{
  "t": "2025-09-15T18:37:39.827Z",
  "spot": 23.25,
  "sigma_d": 0.05195538221587221,
  "ERI": 5.1955382215872215,
  "percentiles": {
    "p10": 5.183729916734167,
    "p50": 5.620945466928198,
    "p90": 6.25674460849522
  },
  "ema": {
    "fast": 0.9908461003200068,
    "slow": 1.005636215695212,
    "fast_period": 20,
    "slow_period": 100
  },
  "etv": {
    "horizon_days": 1,
    "risk_budget_usd": 100,
    "expected_move_usd": 1.2079626365190288,
    "qty": 82.78401746611036,
    "notional_usd": 1924.7284060870659,
    "leverage": 1
  }
}