{
  "t": "2026-04-06T19:15:24.543Z",
  "spot": 8.97,
  "sigma_d": 0.026620124058632105,
  "ERI": 2.6620124058632104,
  "percentiles": {
    "p10": 2.6843603273078243,
    "p50": 3.0029122756720814,
    "p90": 3.6335277987679855
  },
  "ema": {
    "fast": 0.5103633463920668,
    "slow": 0.5346518851214028,
    "fast_period": 20,
    "slow_period": 100
  },
  "etv": {
    "horizon_days": 1,
    "risk_budget_usd": 100,
    "expected_move_usd": 0.23878251280593,
    "qty": 418.7911368588151,
    "notional_usd": 3756.5564976235714,
    "leverage": 1
  }
}