{
  "t": "2026-04-12T21:47:43.773Z",
  "spot": 8.83,
  "sigma_d": 0.02950722255629896,
  "ERI": 2.950722255629896,
  "percentiles": {
    "p10": 2.652230297274112,
    "p50": 2.916419680319275,
    "p90": 3.0362894966371643
  },
  "ema": {
    "fast": 0.5653753661450934,
    "slow": 0.5512220731879454,
    "fast_period": 20,
    "slow_period": 100
  },
  "etv": {
    "horizon_days": 1,
    "risk_budget_usd": 100,
    "expected_move_usd": 0.26054877517211983,
    "qty": 383.8052968544546,
    "notional_usd": 3389.000771224834,
    "leverage": 1
  }
}