{
  "t": "2025-11-27T14:31:15.251Z",
  "spot": 13.35,
  "sigma_d": 0.04303335867144425,
  "ERI": 4.303335867144424,
  "percentiles": {
    "p10": 4.147915623854,
    "p50": 4.247066775942117,
    "p90": 4.417177176564305
  },
  "ema": {
    "fast": 0.8206030665731794,
    "slow": 0.8145623285249848,
    "fast_period": 20,
    "slow_period": 100
  },
  "etv": {
    "horizon_days": 1,
    "risk_budget_usd": 100,
    "expected_move_usd": 0.5744953382637807,
    "qty": 174.0658162731423,
    "notional_usd": 2323.7786472464495,
    "leverage": 1
  }
}