{
  "t": "2025-09-05T18:34:41.735Z",
  "spot": 22.29,
  "sigma_d": 0.06276060868288211,
  "ERI": 6.27606086828821,
  "percentiles": {
    "p10": 5.484393670648378,
    "p50": 6.185994854857971,
    "p90": 6.2733906058035815
  },
  "ema": {
    "fast": 1.197199186233854,
    "slow": 1.0966233126031555,
    "fast_period": 20,
    "slow_period": 100
  },
  "etv": {
    "horizon_days": 1,
    "risk_budget_usd": 100,
    "expected_move_usd": 1.398933967541442,
    "qty": 71.48300228619446,
    "notional_usd": 1593.3561209592744,
    "leverage": 1
  }
}