{
  "t": "2025-10-12T08:31:09.018Z",
  "spot": 17.5,
  "sigma_d": 0.05202205615776117,
  "ERI": 5.2022056157761165,
  "percentiles": {
    "p10": 2.898875610941117,
    "p50": 3.104913627786855,
    "p90": 5.2248789419558275
  },
  "ema": {
    "fast": 0.9889540070121395,
    "slow": 0.8195794836209025,
    "fast_period": 20,
    "slow_period": 100
  },
  "etv": {
    "horizon_days": 1,
    "risk_budget_usd": 100,
    "expected_move_usd": 0.9103859827608205,
    "qty": 109.8435190057977,
    "notional_usd": 1922.2615826014598,
    "leverage": 1
  }
}