{
  "t": "2026-04-26T19:10:26.322Z",
  "spot": 9.49,
  "sigma_d": 0.026905923946996004,
  "ERI": 2.6905923946996,
  "percentiles": {
    "p10": 2.791885965185179,
    "p50": 2.9814098780416742,
    "p90": 3.1611484400272216
  },
  "ema": {
    "fast": 0.5209891603461613,
    "slow": 0.5516358057637202,
    "fast_period": 20,
    "slow_period": 100
  },
  "etv": {
    "horizon_days": 1,
    "risk_budget_usd": 100,
    "expected_move_usd": 0.25533721825699207,
    "qty": 391.63894978816563,
    "notional_usd": 3716.653633489692,
    "leverage": 1
  }
}