{
  "t": "2026-04-21T21:56:10.878Z",
  "spot": 9.35,
  "sigma_d": 0.03046922399099035,
  "ERI": 3.046922399099035,
  "percentiles": {
    "p10": 2.652230297274112,
    "p50": 2.97447537085621,
    "p90": 3.1611484400272216
  },
  "ema": {
    "fast": 0.58552255982204,
    "slow": 0.5844250975358598,
    "fast_period": 20,
    "slow_period": 100
  },
  "etv": {
    "horizon_days": 1,
    "risk_budget_usd": 100,
    "expected_move_usd": 0.28488724431575974,
    "qty": 351.0160668659607,
    "notional_usd": 3282.000225196732,
    "leverage": 1
  }
}