{
  "t": "2025-11-24T04:42:38.179Z",
  "spot": 12.57,
  "sigma_d": 0.04219159412061469,
  "ERI": 4.219159412061469,
  "percentiles": {
    "p10": 4.147915623854,
    "p50": 4.395635866023107,
    "p90": 4.48565240071264
  },
  "ema": {
    "fast": 0.8095659536331548,
    "slow": 0.8102500956409943,
    "fast_period": 20,
    "slow_period": 100
  },
  "etv": {
    "horizon_days": 1,
    "risk_budget_usd": 100,
    "expected_move_usd": 0.5303483380961267,
    "qty": 188.5553188664368,
    "notional_usd": 2370.140358151111,
    "leverage": 1
  }
}