{
  "t": "2026-04-19T08:12:43.277Z",
  "spot": 9.18,
  "sigma_d": 0.03065077746641964,
  "ERI": 3.065077746641964,
  "percentiles": {
    "p10": 2.652230297274112,
    "p50": 2.9167221084247683,
    "p90": 3.1611484400272216
  },
  "ema": {
    "fast": 0.5823217313677795,
    "slow": 0.5817997172840224,
    "fast_period": 20,
    "slow_period": 100
  },
  "etv": {
    "horizon_days": 1,
    "risk_budget_usd": 100,
    "expected_move_usd": 0.28137413714173226,
    "qty": 355.3986909238518,
    "notional_usd": 3262.5599826809594,
    "leverage": 1
  }
}