{
  "t": "2025-12-01T19:29:49.638Z",
  "spot": 11.83,
  "sigma_d": 0.04353588962013366,
  "ERI": 4.353588962013366,
  "percentiles": {
    "p10": 4.112594819514495,
    "p50": 4.2326714629112585,
    "p90": 4.304463124280909
  },
  "ema": {
    "fast": 0.8110393615969358,
    "slow": 0.8020293484273048,
    "fast_period": 20,
    "slow_period": 100
  },
  "etv": {
    "horizon_days": 1,
    "risk_budget_usd": 100,
    "expected_move_usd": 0.5150295742061812,
    "qty": 194.16360731154268,
    "notional_usd": 2296.95547449555,
    "leverage": 1
  }
}