{
  "t": "2025-10-12T06:35:34.968Z",
  "spot": 17.47,
  "sigma_d": 0.05200136514007852,
  "ERI": 5.200136514007852,
  "percentiles": {
    "p10": 2.898875610941117,
    "p50": 3.09869538225128,
    "p90": 5.224672031779001
  },
  "ema": {
    "fast": 0.9879415920424872,
    "slow": 0.8124811061048781,
    "fast_period": 20,
    "slow_period": 100
  },
  "etv": {
    "horizon_days": 1,
    "risk_budget_usd": 100,
    "expected_move_usd": 0.9084638489971717,
    "qty": 110.07592664296686,
    "notional_usd": 1923.026438452631,
    "leverage": 1
  }
}