{
  "t": "2026-01-26T18:52:12.582Z",
  "spot": 11.95,
  "sigma_d": 0.029237735624366747,
  "ERI": 2.9237735624366747,
  "percentiles": {
    "p10": 2.419793577482409,
    "p50": 2.672560207508454,
    "p90": 2.7331981622358152
  },
  "ema": {
    "fast": 0.5479461166496815,
    "slow": 0.5226420483041088,
    "fast_period": 20,
    "slow_period": 100
  },
  "etv": {
    "horizon_days": 1,
    "risk_budget_usd": 100,
    "expected_move_usd": 0.3493909407111826,
    "qty": 286.21234367568536,
    "notional_usd": 3420.23750692444,
    "leverage": 1
  }
}