{
  "t": "2026-01-17T11:25:23.346Z",
  "spot": 13.7,
  "sigma_d": 0.024225385694511745,
  "ERI": 2.4225385694511745,
  "percentiles": {
    "p10": 2.463727445876025,
    "p50": 2.5229817080715016,
    "p90": 2.663794239127058
  },
  "ema": {
    "fast": 0.4689354555420283,
    "slow": 0.4841508189985008,
    "fast_period": 20,
    "slow_period": 100
  },
  "etv": {
    "horizon_days": 1,
    "risk_budget_usd": 100,
    "expected_move_usd": 0.3318877840148109,
    "qty": 301.3066609150561,
    "notional_usd": 4127.901254536268,
    "leverage": 1
  }
}