{
  "t": "2026-04-11T17:45:19.924Z",
  "spot": 9.11,
  "sigma_d": 0.029115244323447805,
  "ERI": 2.9115244323447804,
  "percentiles": {
    "p10": 2.652230297274112,
    "p50": 2.917758991295406,
    "p90": 3.0413299052691958
  },
  "ema": {
    "fast": 0.556261460809276,
    "slow": 0.5435031194241094,
    "fast_period": 20,
    "slow_period": 100
  },
  "etv": {
    "horizon_days": 1,
    "risk_budget_usd": 100,
    "expected_move_usd": 0.2652398757866095,
    "qty": 377.0172177295539,
    "notional_usd": 3434.6268535162358,
    "leverage": 1
  }
}