{
  "t": "2026-02-26T11:51:32.191Z",
  "spot": 9.21,
  "sigma_d": 0.051356650722189756,
  "ERI": 5.135665072218975,
  "percentiles": {
    "p10": 4.60344697153558,
    "p50": 4.7018166604035745,
    "p90": 4.737784211902632
  },
  "ema": {
    "fast": 0.9724551186151459,
    "slow": 0.923235088342405,
    "fast_period": 20,
    "slow_period": 100
  },
  "etv": {
    "horizon_days": 1,
    "risk_budget_usd": 100,
    "expected_move_usd": 0.4729947531513677,
    "qty": 211.41883569266153,
    "notional_usd": 1947.1674767294128,
    "leverage": 1
  }
}