{
  "t": "2026-01-07T15:36:58.285Z",
  "spot": 13.38,
  "sigma_d": 0.027113158021875024,
  "ERI": 2.7113158021875026,
  "percentiles": {
    "p10": 2.528583558212081,
    "p50": 2.8831901287623225,
    "p90": 3.776238704747005
  },
  "ema": {
    "fast": 0.49886961865394214,
    "slow": 0.5083568729550832,
    "fast_period": 20,
    "slow_period": 100
  },
  "etv": {
    "horizon_days": 1,
    "risk_budget_usd": 100,
    "expected_move_usd": 0.36277405433268783,
    "qty": 275.6536714951874,
    "notional_usd": 3688.2461246056073,
    "leverage": 1
  }
}