{
  "t": "2026-01-08T14:37:11.136Z",
  "spot": 13.11,
  "sigma_d": 0.02560210007812604,
  "ERI": 2.560210007812604,
  "percentiles": {
    "p10": 2.528583558212081,
    "p50": 2.6909066110913855,
    "p90": 3.776238704747005
  },
  "ema": {
    "fast": 0.49400319833552403,
    "slow": 0.5050517152450991,
    "fast_period": 20,
    "slow_period": 100
  },
  "etv": {
    "horizon_days": 1,
    "risk_budget_usd": 100,
    "expected_move_usd": 0.33564353202423236,
    "qty": 297.9351319446261,
    "notional_usd": 3905.929579794048,
    "leverage": 1
  }
}