{
  "t": "2026-02-14T19:33:25.432Z",
  "spot": 9.15,
  "sigma_d": 0.04723957173911692,
  "ERI": 4.723957173911693,
  "percentiles": {
    "p10": 3.24684278591098,
    "p50": 4.49786024327862,
    "p90": 4.747609022425738
  },
  "ema": {
    "fast": 0.889661926783827,
    "slow": 0.8737916126797832,
    "fast_period": 20,
    "slow_period": 100
  },
  "etv": {
    "horizon_days": 1,
    "risk_budget_usd": 100,
    "expected_move_usd": 0.43224208141291987,
    "qty": 231.35183800965976,
    "notional_usd": 2116.869317788387,
    "leverage": 1
  }
}