{
  "t": "2026-04-06T11:08:35.606Z",
  "spot": 9.05,
  "sigma_d": 0.0268425662657248,
  "ERI": 2.68425662657248,
  "percentiles": {
    "p10": 2.756483500017214,
    "p50": 3.0255495697270445,
    "p90": 3.6335277987679855
  },
  "ema": {
    "fast": 0.5096752177829573,
    "slow": 0.5376182748246116,
    "fast_period": 20,
    "slow_period": 100
  },
  "etv": {
    "horizon_days": 1,
    "risk_budget_usd": 100,
    "expected_move_usd": 0.24292522470480948,
    "qty": 411.64930534288885,
    "notional_usd": 3725.4262133531442,
    "leverage": 1
  }
}