{
  "t": "2025-10-27T23:24:49.185Z",
  "spot": 18.14,
  "sigma_d": 0.05807474043307669,
  "ERI": 5.8074740433076695,
  "percentiles": {
    "p10": 5.7116959644045275,
    "p50": 5.841904673878349,
    "p90": 5.958543863703687
  },
  "ema": {
    "fast": 1.1082134311336622,
    "slow": 1.1142209453714023,
    "fast_period": 20,
    "slow_period": 100
  },
  "etv": {
    "horizon_days": 1,
    "risk_budget_usd": 100,
    "expected_move_usd": 1.0534757914560113,
    "qty": 94.92387087679515,
    "notional_usd": 1721.919017705064,
    "leverage": 1
  }
}