{
  "t": "2026-02-22T22:38:09.088Z",
  "spot": 8.68,
  "sigma_d": 0.047027023406085056,
  "ERI": 4.702702340608505,
  "percentiles": {
    "p10": 4.583125535968241,
    "p50": 4.707396153763323,
    "p90": 4.745410265613319
  },
  "ema": {
    "fast": 0.8984849593286206,
    "slow": 0.8952305670189797,
    "fast_period": 20,
    "slow_period": 100
  },
  "etv": {
    "horizon_days": 1,
    "risk_budget_usd": 100,
    "expected_move_usd": 0.4081945631648183,
    "qty": 244.98121490075462,
    "notional_usd": 2126.4369453385502,
    "leverage": 1
  }
}