{
  "t": "2025-10-17T09:29:29.054Z",
  "spot": 15.91,
  "sigma_d": 0.05873532851030053,
  "ERI": 5.873532851030053,
  "percentiles": {
    "p10": 3.106808417141213,
    "p50": 5.23288698179608,
    "p90": 5.718745589369828
  },
  "ema": {
    "fast": 1.097906294501443,
    "slow": 1.0582803821388385,
    "fast_period": 20,
    "slow_period": 100
  },
  "etv": {
    "horizon_days": 1,
    "risk_budget_usd": 100,
    "expected_move_usd": 0.9344790765988814,
    "qty": 107.01149175427102,
    "notional_usd": 1702.552833810452,
    "leverage": 1
  }
}