{
  "t": "2025-10-14T06:39:03.373Z",
  "spot": 18.81,
  "sigma_d": 0.05685226116331347,
  "ERI": 5.6852261163313464,
  "percentiles": {
    "p10": 2.898875610941117,
    "p50": 3.3044729860066386,
    "p90": 5.592887803410497
  },
  "ema": {
    "fast": 1.073863519366689,
    "slow": 0.9587369859533263,
    "fast_period": 20,
    "slow_period": 100
  },
  "etv": {
    "horizon_days": 1,
    "risk_budget_usd": 100,
    "expected_move_usd": 1.0693910324819262,
    "qty": 93.5111637956344,
    "notional_usd": 1758.944990995883,
    "leverage": 1
  }
}