{
  "t": "2025-11-19T04:34:09.201Z",
  "spot": 13.47,
  "sigma_d": 0.04177945485483283,
  "ERI": 4.177945485483283,
  "percentiles": {
    "p10": 4.397759143298969,
    "p50": 4.480975650462074,
    "p90": 6.273575830689181
  },
  "ema": {
    "fast": 0.83507394104738,
    "slow": 0.8492357231507189,
    "fast_period": 20,
    "slow_period": 100
  },
  "etv": {
    "horizon_days": 1,
    "risk_budget_usd": 100,
    "expected_move_usd": 0.5627692568945982,
    "qty": 177.69272001780496,
    "notional_usd": 2393.520938639833,
    "leverage": 1
  }
}