{
  "t": "2026-01-20T06:52:47.793Z",
  "spot": 12.65,
  "sigma_d": 0.024656448505434726,
  "ERI": 2.4656448505434727,
  "percentiles": {
    "p10": 2.4055990817203687,
    "p50": 2.485855073400751,
    "p90": 2.653462855241299
  },
  "ema": {
    "fast": 0.466646853277218,
    "slow": 0.46693941320111887,
    "fast_period": 20,
    "slow_period": 100
  },
  "etv": {
    "horizon_days": 1,
    "risk_budget_usd": 100,
    "expected_move_usd": 0.3119040735937493,
    "qty": 320.6113945476987,
    "notional_usd": 4055.7341410283884,
    "leverage": 1
  }
}