{
  "t": "2025-11-06T06:42:11.174Z",
  "spot": 14.92,
  "sigma_d": 0.06139905987927257,
  "ERI": 6.139905987927257,
  "percentiles": {
    "p10": 5.766426315714119,
    "p50": 5.804579385042821,
    "p90": 6.288527079423044
  },
  "ema": {
    "fast": 1.1819525824110133,
    "slow": 1.1675729554070857,
    "fast_period": 20,
    "slow_period": 100
  },
  "etv": {
    "horizon_days": 1,
    "risk_budget_usd": 100,
    "expected_move_usd": 0.9160739733987467,
    "qty": 109.16149012397737,
    "notional_usd": 1628.6894326497425,
    "leverage": 1
  }
}