{
  "t": "2026-04-21T06:10:43.287Z",
  "spot": 9.34,
  "sigma_d": 0.030463835577363374,
  "ERI": 3.0463835577363376,
  "percentiles": {
    "p10": 2.652230297274112,
    "p50": 2.9596358389981656,
    "p90": 3.1611484400272216
  },
  "ema": {
    "fast": 0.5889006275543481,
    "slow": 0.584693944144712,
    "fast_period": 20,
    "slow_period": 100
  },
  "etv": {
    "horizon_days": 1,
    "risk_budget_usd": 100,
    "expected_move_usd": 0.2845322242925739,
    "qty": 351.454040921473,
    "notional_usd": 3282.5807422065577,
    "leverage": 1
  }
}