{
  "t": "2026-03-15T18:56:18.432Z",
  "spot": 9.16,
  "sigma_d": 0.03399122387146385,
  "ERI": 3.3991223871463854,
  "percentiles": {
    "p10": 3.4848106375089203,
    "p50": 3.5940750433148354,
    "p90": 4.9466983329804615
  },
  "ema": {
    "fast": 0.6542848300986974,
    "slow": 0.6794777312930437,
    "fast_period": 20,
    "slow_period": 100
  },
  "etv": {
    "horizon_days": 1,
    "risk_budget_usd": 100,
    "expected_move_usd": 0.3113596106626089,
    "qty": 321.1720357280398,
    "notional_usd": 2941.9358472688446,
    "leverage": 1
  }
}