{
  "t": "2026-02-09T23:50:15.483Z",
  "spot": 8.86,
  "sigma_d": 0.0474258285650675,
  "ERI": 4.7425828565067505,
  "percentiles": {
    "p10": 2.934750309156318,
    "p50": 3.2901341995788846,
    "p90": 4.742365496199656
  },
  "ema": {
    "fast": 0.9059722836370875,
    "slow": 0.8372118977905698,
    "fast_period": 20,
    "slow_period": 100
  },
  "etv": {
    "horizon_days": 1,
    "risk_budget_usd": 100,
    "expected_move_usd": 0.42019284108649807,
    "qty": 237.98596792232038,
    "notional_usd": 2108.5556757917584,
    "leverage": 1
  }
}