{
  "t": "2026-06-26T20:04:39.570Z",
  "spot": 7.35,
  "sigma_d": 0.03014050576068034,
  "ERI": 3.014050576068034,
  "percentiles": {
    "p10": 2.2326805919318513,
    "p50": 2.9400717243635945,
    "p90": 3.0581366947690714
  },
  "ema": {
    "fast": 0.5738926150691767,
    "slow": 0.5676345578618324,
    "fast_period": 20,
    "slow_period": 100
  },
  "etv": {
    "horizon_days": 1,
    "risk_budget_usd": 100,
    "expected_move_usd": 0.2215327173410005,
    "qty": 451.4005931054968,
    "notional_usd": 3317.7943593254013,
    "leverage": 1
  }
}