{
  "t": "2025-10-19T05:27:51.096Z",
  "spot": 16.87,
  "sigma_d": 0.05686057739874845,
  "ERI": 5.686057739874846,
  "percentiles": {
    "p10": 3.351982402771105,
    "p50": 5.620749028373408,
    "p90": 5.734963675420762
  },
  "ema": {
    "fast": 1.0900292584032985,
    "slow": 1.0775631671610628,
    "fast_period": 20,
    "slow_period": 100
  },
  "etv": {
    "horizon_days": 1,
    "risk_budget_usd": 100,
    "expected_move_usd": 0.9592379407168865,
    "qty": 104.24942108239067,
    "notional_usd": 1758.6877336599307,
    "leverage": 1
  }
}