{
  "t": "2026-02-04T15:56:18.637Z",
  "spot": 9.2,
  "sigma_d": 0.03274352942348988,
  "ERI": 3.274352942348988,
  "percentiles": {
    "p10": 2.675721824784282,
    "p50": 2.9370342553735376,
    "p90": 3.367179020145849
  },
  "ema": {
    "fast": 0.6356864258704059,
    "slow": 0.6219974867181247,
    "fast_period": 20,
    "slow_period": 100
  },
  "etv": {
    "horizon_days": 1,
    "risk_budget_usd": 100,
    "expected_move_usd": 0.3012404706961069,
    "qty": 331.96070823060353,
    "notional_usd": 3054.0385157215524,
    "leverage": 1
  }
}