{
  "t": "2026-02-27T19:41:29.695Z",
  "spot": 8.67,
  "sigma_d": 0.051784150372775124,
  "ERI": 5.178415037277513,
  "percentiles": {
    "p10": 4.636636746908169,
    "p50": 4.7062346779596105,
    "p90": 5.1368317068202725
  },
  "ema": {
    "fast": 0.9833424674001159,
    "slow": 0.9460968049125246,
    "fast_period": 20,
    "slow_period": 100
  },
  "etv": {
    "horizon_days": 1,
    "risk_budget_usd": 100,
    "expected_move_usd": 0.4489685837319603,
    "qty": 222.7327336999179,
    "notional_usd": 1931.0928011782883,
    "leverage": 1
  }
}