{
  "t": "2025-12-18T13:01:55.870Z",
  "spot": 12.32,
  "sigma_d": 0.03972961244118209,
  "ERI": 3.972961244118209,
  "percentiles": {
    "p10": 3.9335864817287565,
    "p50": 4.041759677467411,
    "p90": 4.194743794882019
  },
  "ema": {
    "fast": 0.7595501643666471,
    "slow": 0.7615867783050697,
    "fast_period": 20,
    "slow_period": 100
  },
  "etv": {
    "horizon_days": 1,
    "risk_budget_usd": 100,
    "expected_move_usd": 0.48946882527536334,
    "qty": 204.30310335646487,
    "notional_usd": 2517.0142333516474,
    "leverage": 1
  }
}