{
  "t": "2025-09-10T08:35:15.446Z",
  "spot": 23.43,
  "sigma_d": 0.05616299118400391,
  "ERI": 5.616299118400391,
  "percentiles": {
    "p10": 5.581754504453504,
    "p50": 5.906212859417941,
    "p90": 6.272131049278629
  },
  "ema": {
    "fast": 1.0783374073728969,
    "slow": 1.0970709517055712,
    "fast_period": 20,
    "slow_period": 100
  },
  "etv": {
    "horizon_days": 1,
    "risk_budget_usd": 100,
    "expected_move_usd": 1.3158988834412115,
    "qty": 75.99368101786793,
    "notional_usd": 1780.5319462486455,
    "leverage": 1
  }
}