{
  "t": "2026-04-25T13:36:08.808Z",
  "spot": 9.41,
  "sigma_d": 0.0278880344002214,
  "ERI": 2.78880344002214,
  "percentiles": {
    "p10": 2.8192149251811256,
    "p50": 2.9814098780416742,
    "p90": 3.1611484400272216
  },
  "ema": {
    "fast": 0.5473133524514667,
    "slow": 0.5677720936826606,
    "fast_period": 20,
    "slow_period": 100
  },
  "etv": {
    "horizon_days": 1,
    "risk_budget_usd": 100,
    "expected_move_usd": 0.2624264037060834,
    "qty": 381.05921731869495,
    "notional_usd": 3585.7672349689196,
    "leverage": 1
  }
}