{
  "t": "2025-10-18T22:25:21.422Z",
  "spot": 16.88,
  "sigma_d": 0.0571808696536317,
  "ERI": 5.71808696536317,
  "percentiles": {
    "p10": 3.3262522729078516,
    "p50": 5.604325673676277,
    "p90": 5.734963675420762
  },
  "ema": {
    "fast": 1.0921167158495093,
    "slow": 1.0765756813845333,
    "fast_period": 20,
    "slow_period": 100
  },
  "etv": {
    "horizon_days": 1,
    "risk_budget_usd": 100,
    "expected_move_usd": 0.9652130797533031,
    "qty": 103.60406639491335,
    "notional_usd": 1748.8366407461372,
    "leverage": 1
  }
}