{
  "t": "2025-10-13T09:32:53.097Z",
  "spot": 19.52,
  "sigma_d": 0.05593008001917814,
  "ERI": 5.593008001917814,
  "percentiles": {
    "p10": 2.898875610941117,
    "p50": 3.2630295763627544,
    "p90": 5.278226128762135
  },
  "ema": {
    "fast": 1.0526470490643776,
    "slow": 0.9044980715711606,
    "fast_period": 20,
    "slow_period": 100
  },
  "etv": {
    "horizon_days": 1,
    "risk_budget_usd": 100,
    "expected_move_usd": 1.0917551619743573,
    "qty": 91.59562829009894,
    "notional_usd": 1787.9466642227314,
    "leverage": 1
  }
}