{
  "t": "2026-01-07T22:32:52.059Z",
  "spot": 13.37,
  "sigma_d": 0.027139853489399905,
  "ERI": 2.7139853489399903,
  "percentiles": {
    "p10": 2.528583558212081,
    "p50": 2.880079722250979,
    "p90": 3.776238704747005
  },
  "ema": {
    "fast": 0.5087048456752891,
    "slow": 0.5096376954724081,
    "fast_period": 20,
    "slow_period": 100
  },
  "etv": {
    "horizon_days": 1,
    "risk_budget_usd": 100,
    "expected_move_usd": 0.3628598411532767,
    "qty": 275.58850183632944,
    "notional_usd": 3684.6182695517246,
    "leverage": 1
  }
}