{
  "t": "2025-09-03T06:17:16.114Z",
  "spot": 23.3611,
  "sigma_d": 0.05632282675829243,
  "ERI": 5.632282675829243,
  "percentiles": {
    "p10": 5.484393670648377,
    "p50": 5.599106057635523,
    "p90": 6.199223137734766
  },
  "ema": {
    "fast": 1.0801177566102453,
    "slow": 0.8811755871006968,
    "fast_period": 20,
    "slow_period": 100
  },
  "etv": {
    "horizon_days": 1,
    "risk_budget_usd": 100,
    "expected_move_usd": 1.3157631881831453,
    "qty": 76.00151828087219,
    "notional_usd": 1775.4790687112834,
    "leverage": 1
  }
}