{
  "t": "2026-05-27T12:29:51.161Z",
  "spot": 9.42,
  "sigma_d": 0.021920499361558946,
  "ERI": 2.1920499361558945,
  "percentiles": {
    "p10": 2.1046049427482103,
    "p50": 2.317381186023212,
    "p90": 2.630000057285805
  },
  "ema": {
    "fast": 0.42334527298150837,
    "slow": 0.4233085528964677,
    "fast_period": 20,
    "slow_period": 100
  },
  "etv": {
    "horizon_days": 1,
    "risk_budget_usd": 100,
    "expected_move_usd": 0.20649110398588527,
    "qty": 484.28236408109626,
    "notional_usd": 4561.939869643927,
    "leverage": 1
  }
}