{
  "t": "2026-06-05T22:22:14.128Z",
  "spot": 7.45,
  "sigma_d": 0.02751124745242038,
  "ERI": 2.751124745242038,
  "percentiles": {
    "p10": 2.1046049427482103,
    "p50": 2.249324684121694,
    "p90": 2.5211942561286076
  },
  "ema": {
    "fast": 0.5062244531765995,
    "slow": 0.45731136269488404,
    "fast_period": 20,
    "slow_period": 100
  },
  "etv": {
    "horizon_days": 1,
    "risk_budget_usd": 100,
    "expected_move_usd": 0.20495879352053184,
    "qty": 487.90295006289864,
    "notional_usd": 3634.876977968595,
    "leverage": 1
  }
}