{
  "t": "2025-09-04T11:22:31.972Z",
  "spot": 23.42,
  "sigma_d": 0.06159888322428288,
  "ERI": 6.159888322428288,
  "percentiles": {
    "p10": 5.484393670648377,
    "p50": 5.963222922702464,
    "p90": 6.2236858126320636
  },
  "ema": {
    "fast": 1.1753474859472224,
    "slow": 1.0143881414267697,
    "fast_period": 20,
    "slow_period": 100
  },
  "etv": {
    "horizon_days": 1,
    "risk_budget_usd": 100,
    "expected_move_usd": 1.442645845112705,
    "qty": 69.31708176249425,
    "notional_usd": 1623.4060548776156,
    "leverage": 1
  }
}