{
  "t": "2025-12-21T06:43:38.793Z",
  "spot": 12.52,
  "sigma_d": 0.03849017829075267,
  "ERI": 3.849017829075267,
  "percentiles": {
    "p10": 3.9288274478051464,
    "p50": 4.022726053378559,
    "p90": 4.191971926410008
  },
  "ema": {
    "fast": 0.7561177866176785,
    "slow": 0.7645782624704506,
    "fast_period": 20,
    "slow_period": 100
  },
  "etv": {
    "horizon_days": 1,
    "risk_budget_usd": 100,
    "expected_move_usd": 0.48189703220022345,
    "qty": 207.51320991421045,
    "notional_usd": 2598.0653881259145,
    "leverage": 1
  }
}