{
  "t": "2026-01-29T07:02:23.691Z",
  "spot": 11.61,
  "sigma_d": 0.029434351964399044,
  "ERI": 2.9434351964399044,
  "percentiles": {
    "p10": 2.419793577482409,
    "p50": 2.689925821412903,
    "p90": 2.925509727573157
  },
  "ema": {
    "fast": 0.5609826909631528,
    "slow": 0.5459341561179915,
    "fast_period": 20,
    "slow_period": 100
  },
  "etv": {
    "horizon_days": 1,
    "risk_budget_usd": 100,
    "expected_move_usd": 0.3417328263066729,
    "qty": 292.62626327345987,
    "notional_usd": 3397.390916604869,
    "leverage": 1
  }
}