{
  "t": "2026-02-02T08:58:57.660Z",
  "spot": 9.46,
  "sigma_d": 0.03274485579539239,
  "ERI": 3.2744855795392387,
  "percentiles": {
    "p10": 2.6755803289496245,
    "p50": 2.9203742164794537,
    "p90": 3.2072885468117165
  },
  "ema": {
    "fast": 0.6209569034225054,
    "slow": 0.6016809483613175,
    "fast_period": 20,
    "slow_period": 100
  },
  "etv": {
    "horizon_days": 1,
    "risk_budget_usd": 100,
    "expected_move_usd": 0.309766335824412,
    "qty": 322.82397547770984,
    "notional_usd": 3053.9148080191353,
    "leverage": 1
  }
}