{
  "t": "2026-01-05T05:45:35.509Z",
  "spot": 13.59,
  "sigma_d": 0.02506888902577942,
  "ERI": 2.506888902577942,
  "percentiles": {
    "p10": 2.541433655549302,
    "p50": 3.7498406198334804,
    "p90": 3.7835491341336844
  },
  "ema": {
    "fast": 0.4848151919933331,
    "slow": 0.5348402392660654,
    "fast_period": 20,
    "slow_period": 100
  },
  "etv": {
    "horizon_days": 1,
    "risk_budget_usd": 100,
    "expected_move_usd": 0.3406862018603423,
    "qty": 293.52524244874775,
    "notional_usd": 3989.008044878482,
    "leverage": 1
  }
}