{
  "t": "2025-10-12T12:49:26.363Z",
  "spot": 17.54,
  "sigma_d": 0.05206490910755998,
  "ERI": 5.206490910755998,
  "percentiles": {
    "p10": 2.898875610941117,
    "p50": 3.112126696896369,
    "p90": 5.2253074714538155
  },
  "ema": {
    "fast": 0.9901220395855566,
    "slow": 0.8328643615832211,
    "fast_period": 20,
    "slow_period": 100
  },
  "etv": {
    "horizon_days": 1,
    "risk_budget_usd": 100,
    "expected_move_usd": 0.913218505746602,
    "qty": 109.5028181872475,
    "notional_usd": 1920.679431004321,
    "leverage": 1
  }
}