{
  "t": "2025-11-15T07:24:14.364Z",
  "spot": 14.14,
  "sigma_d": 0.044575463640753134,
  "ERI": 4.457546364075314,
  "percentiles": {
    "p10": 4.452176958466479,
    "p50": 4.820126311108094,
    "p90": 6.308191627099421
  },
  "ema": {
    "fast": 0.8490992190441113,
    "slow": 0.880277172423523,
    "fast_period": 20,
    "slow_period": 100
  },
  "etv": {
    "horizon_days": 1,
    "risk_budget_usd": 100,
    "expected_move_usd": 0.6302970558802493,
    "qty": 158.65534999262172,
    "notional_usd": 2243.3866488956714,
    "leverage": 1
  }
}