{
  "t": "2025-09-24T23:24:19.607Z",
  "spot": 21.65,
  "sigma_d": 0.03123058501733987,
  "ERI": 3.123058501733987,
  "percentiles": {
    "p10": 3.4343626548775164,
    "p50": 3.871400088686409,
    "p90": 5.178090712562719
  },
  "ema": {
    "fast": 0.6063362545090567,
    "slow": 0.6685725217395538,
    "fast_period": 20,
    "slow_period": 100
  },
  "etv": {
    "horizon_days": 1,
    "risk_budget_usd": 100,
    "expected_move_usd": 0.6761421656254082,
    "qty": 147.8978905383063,
    "notional_usd": 3201.9893301543316,
    "leverage": 1
  }
}