{
  "t": "2025-12-23T07:32:53.596Z",
  "spot": 12.34,
  "sigma_d": 0.038406882035983726,
  "ERI": 3.8406882035983725,
  "percentiles": {
    "p10": 3.856812490619316,
    "p50": 3.97664652194545,
    "p90": 4.052315456898509
  },
  "ema": {
    "fast": 0.7358735404897686,
    "slow": 0.7482972226624633,
    "fast_period": 20,
    "slow_period": 100
  },
  "etv": {
    "horizon_days": 1,
    "risk_budget_usd": 100,
    "expected_move_usd": 0.47394092432403917,
    "qty": 210.9967611314122,
    "notional_usd": 2603.7000323616267,
    "leverage": 1
  }
}