{
  "t": "2026-01-31T16:42:32.166Z",
  "spot": 10.04,
  "sigma_d": 0.03302860441161482,
  "ERI": 3.3028604411614824,
  "percentiles": {
    "p10": 2.5053032853521735,
    "p50": 2.710472823180834,
    "p90": 3.1459496429251206
  },
  "ema": {
    "fast": 0.6050993119303402,
    "slow": 0.5800960984918981,
    "fast_period": 20,
    "slow_period": 100
  },
  "etv": {
    "horizon_days": 1,
    "risk_budget_usd": 100,
    "expected_move_usd": 0.33160718829261276,
    "qty": 301.56161727036874,
    "notional_usd": 3027.678637394502,
    "leverage": 1
  }
}