{
  "t": "2025-11-24T17:29:28.721Z",
  "spot": 12.89,
  "sigma_d": 0.042737493761257565,
  "ERI": 4.273749376125757,
  "percentiles": {
    "p10": 4.147915623854,
    "p50": 4.37087607196977,
    "p90": 4.469231936023815
  },
  "ema": {
    "fast": 0.8077921928481154,
    "slow": 0.8094621638654833,
    "fast_period": 20,
    "slow_period": 100
  },
  "etv": {
    "horizon_days": 1,
    "risk_budget_usd": 100,
    "expected_move_usd": 0.5508862945826101,
    "qty": 181.52566325101077,
    "notional_usd": 2339.865799305529,
    "leverage": 1
  }
}