{
  "t": "2025-10-29T18:40:16.662Z",
  "spot": 18.19,
  "sigma_d": 0.057777576631741066,
  "ERI": 5.777757663174107,
  "percentiles": {
    "p10": 5.7194920069330415,
    "p50": 5.841771542761859,
    "p90": 5.958543863703687
  },
  "ema": {
    "fast": 1.102578709498376,
    "slow": 1.1076177760661803,
    "fast_period": 20,
    "slow_period": 100
  },
  "etv": {
    "horizon_days": 1,
    "risk_budget_usd": 100,
    "expected_move_usd": 1.0509741189313702,
    "qty": 95.14982167370586,
    "notional_usd": 1730.7752562447097,
    "leverage": 1
  }
}