{
  "t": "2026-01-08T05:36:30.772Z",
  "spot": 13.43,
  "sigma_d": 0.025354006076061676,
  "ERI": 2.5354006076061677,
  "percentiles": {
    "p10": 2.528583558212081,
    "p50": 2.723012537545237,
    "p90": 3.776238704747005
  },
  "ema": {
    "fast": 0.5027889508831211,
    "slow": 0.508252030757723,
    "fast_period": 20,
    "slow_period": 100
  },
  "etv": {
    "horizon_days": 1,
    "risk_budget_usd": 100,
    "expected_move_usd": 0.3405043016015083,
    "qty": 293.6820460994641,
    "notional_usd": 3944.149879115803,
    "leverage": 1
  }
}