{
  "t": "2025-10-22T21:21:01.412Z",
  "spot": 17.01,
  "sigma_d": 0.05939805889864661,
  "ERI": 5.939805889864661,
  "percentiles": {
    "p10": 5.531253581133904,
    "p50": 5.7146753310457346,
    "p90": 5.950520430444294
  },
  "ema": {
    "fast": 1.132243165743621,
    "slow": 1.1196461526456094,
    "fast_period": 20,
    "slow_period": 100
  },
  "etv": {
    "horizon_days": 1,
    "risk_budget_usd": 100,
    "expected_move_usd": 1.010360981865979,
    "qty": 98.97452672342476,
    "notional_usd": 1683.5566995654553,
    "leverage": 1
  }
}