{
  "t": "2025-11-15T19:20:12.070Z",
  "spot": 14.23,
  "sigma_d": 0.04470472801524937,
  "ERI": 4.470472801524937,
  "percentiles": {
    "p10": 4.4494176615462555,
    "p50": 4.805607840374485,
    "p90": 6.280734873915614
  },
  "ema": {
    "fast": 0.851085899142208,
    "slow": 0.8741209786134204,
    "fast_period": 20,
    "slow_period": 100
  },
  "etv": {
    "horizon_days": 1,
    "risk_budget_usd": 100,
    "expected_move_usd": 0.6361482796569986,
    "qty": 157.1960550674105,
    "notional_usd": 2236.8998636092515,
    "leverage": 1
  }
}