{
  "t": "2025-11-09T11:21:08.283Z",
  "spot": 15.42,
  "sigma_d": 0.04776962037302014,
  "ERI": 4.776962037302014,
  "percentiles": {
    "p10": 5.771299663025037,
    "p50": 6.001771773940257,
    "p90": 6.308191627099421
  },
  "ema": {
    "fast": 1.0186068543537146,
    "slow": 1.1347130130970013,
    "fast_period": 20,
    "slow_period": 100
  },
  "etv": {
    "horizon_days": 1,
    "risk_budget_usd": 100,
    "expected_move_usd": 0.7366075461519705,
    "qty": 135.75750142989827,
    "notional_usd": 2093.380672049031,
    "leverage": 1
  }
}