{
  "t": "2026-04-10T21:51:42.576Z",
  "spot": 9.12,
  "sigma_d": 0.029210208328951843,
  "ERI": 2.9210208328951843,
  "percentiles": {
    "p10": 2.652230297274112,
    "p50": 2.933535626436522,
    "p90": 3.532065214183251
  },
  "ema": {
    "fast": 0.554242614305908,
    "slow": 0.5391644879948856,
    "fast_period": 20,
    "slow_period": 100
  },
  "etv": {
    "horizon_days": 1,
    "risk_budget_usd": 100,
    "expected_move_usd": 0.2663970999600408,
    "qty": 375.3794617696659,
    "notional_usd": 3423.4606913393527,
    "leverage": 1
  }
}