{
  "t": "2025-10-07T01:57:23.232Z",
  "spot": 23.55,
  "sigma_d": 0.03090779904618974,
  "ERI": 3.090779904618974,
  "percentiles": {
    "p10": 2.898875610941117,
    "p50": 3.0445627556185504,
    "p90": 3.176934938316715
  },
  "ema": {
    "fast": 0.5775736584649643,
    "slow": 0.569529105055683,
    "fast_period": 20,
    "slow_period": 100
  },
  "etv": {
    "horizon_days": 1,
    "risk_budget_usd": 100,
    "expected_move_usd": 0.7278786675377684,
    "qty": 137.38553478737742,
    "notional_usd": 3235.4293442427384,
    "leverage": 1
  }
}