{
  "t": "2026-04-04T08:55:18.225Z",
  "spot": 8.66,
  "sigma_d": 0.027566103241930782,
  "ERI": 2.7566103241930784,
  "percentiles": {
    "p10": 2.9285895064460035,
    "p50": 3.0898883392354244,
    "p90": 3.637374297236334
  },
  "ema": {
    "fast": 0.5331850873259627,
    "slow": 0.5648872141333101,
    "fast_period": 20,
    "slow_period": 100
  },
  "etv": {
    "horizon_days": 1,
    "risk_budget_usd": 100,
    "expected_move_usd": 0.23872245407512058,
    "qty": 418.89649797472447,
    "notional_usd": 3627.643672461114,
    "leverage": 1
  }
}