{
  "t": "2025-11-03T17:27:28.591Z",
  "spot": 15.67,
  "sigma_d": 0.06137229932338495,
  "ERI": 6.137229932338495,
  "percentiles": {
    "p10": 5.766426315714119,
    "p50": 5.804579385042821,
    "p90": 5.950485190118414
  },
  "ema": {
    "fast": 1.1456917883228628,
    "slow": 1.120798302317106,
    "fast_period": 20,
    "slow_period": 100
  },
  "etv": {
    "horizon_days": 1,
    "risk_budget_usd": 100,
    "expected_move_usd": 0.9617039303974422,
    "qty": 103.98210596755399,
    "notional_usd": 1629.399600511571,
    "leverage": 1
  }
}