{
  "t": "2025-10-07T07:26:19.926Z",
  "spot": 23.02,
  "sigma_d": 0.031042833055971567,
  "ERI": 3.1042833055971566,
  "percentiles": {
    "p10": 2.898875610941117,
    "p50": 3.0445627556185504,
    "p90": 3.1751315965215086
  },
  "ema": {
    "fast": 0.5836281517144194,
    "slow": 0.5719422416170675,
    "fast_period": 20,
    "slow_period": 100
  },
  "etv": {
    "horizon_days": 1,
    "risk_budget_usd": 100,
    "expected_move_usd": 0.7146060169484655,
    "qty": 139.93724881722008,
    "notional_usd": 3221.355467772406,
    "leverage": 1
  }
}