{
  "t": "2025-12-09T06:46:42.057Z",
  "spot": 13.65,
  "sigma_d": 0.04114635912342473,
  "ERI": 4.1146359123424725,
  "percentiles": {
    "p10": 4.114796913489829,
    "p50": 4.222761317398541,
    "p90": 4.3534687305871165
  },
  "ema": {
    "fast": 0.7917665087703754,
    "slow": 0.8050054027326619,
    "fast_period": 20,
    "slow_period": 100
  },
  "etv": {
    "horizon_days": 1,
    "risk_budget_usd": 100,
    "expected_move_usd": 0.5616478020347476,
    "qty": 178.04752308781096,
    "notional_usd": 2430.3486901486194,
    "leverage": 1
  }
}