{
  "t": "2025-12-07T13:32:10.712Z",
  "spot": 13.82,
  "sigma_d": 0.04138984551487325,
  "ERI": 4.138984551487325,
  "percentiles": {
    "p10": 4.118119650565298,
    "p50": 4.283066400887476,
    "p90": 4.3534687305871165
  },
  "ema": {
    "fast": 0.8029309462665783,
    "slow": 0.817055200780604,
    "fast_period": 20,
    "slow_period": 100
  },
  "etv": {
    "horizon_days": 1,
    "risk_budget_usd": 100,
    "expected_move_usd": 0.5720076650155483,
    "qty": 174.82283213334526,
    "notional_usd": 2416.0515400828317,
    "leverage": 1
  }
}