{
  "t": "2026-01-24T08:38:07.191Z",
  "spot": 12.2,
  "sigma_d": 0.02675424618061381,
  "ERI": 2.675424618061381,
  "percentiles": {
    "p10": 2.4055990817203687,
    "p50": 2.505136615288494,
    "p90": 2.7011119827270647
  },
  "ema": {
    "fast": 0.5134320992713012,
    "slow": 0.5037778991015066,
    "fast_period": 20,
    "slow_period": 100
  },
  "etv": {
    "horizon_days": 1,
    "risk_budget_usd": 100,
    "expected_move_usd": 0.32640180340348846,
    "qty": 306.3708562798071,
    "notional_usd": 3737.7244466136463,
    "leverage": 1
  }
}