{
  "t": "2025-11-20T22:26:54.780Z",
  "spot": 13.28,
  "sigma_d": 0.040905782495540145,
  "ERI": 4.090578249554015,
  "percentiles": {
    "p10": 4.176486829792505,
    "p50": 4.448724460547085,
    "p90": 4.804887018045225
  },
  "ema": {
    "fast": 0.7900116644001941,
    "slow": 0.8188535972266633,
    "fast_period": 20,
    "slow_period": 100
  },
  "etv": {
    "horizon_days": 1,
    "risk_budget_usd": 100,
    "expected_move_usd": 0.5432287915407731,
    "qty": 184.08449912304457,
    "notional_usd": 2444.6421483540316,
    "leverage": 1
  }
}