{
  "t": "2026-02-16T22:42:58.442Z",
  "spot": 8.91,
  "sigma_d": 0.047337131685947276,
  "ERI": 4.733713168594727,
  "percentiles": {
    "p10": 3.307474830162626,
    "p50": 4.699672265382313,
    "p90": 4.747609022425738
  },
  "ema": {
    "fast": 0.9010075253968691,
    "slow": 0.888374667926314,
    "fast_period": 20,
    "slow_period": 100
  },
  "etv": {
    "horizon_days": 1,
    "risk_budget_usd": 100,
    "expected_move_usd": 0.42177384332179024,
    "qty": 237.09388712307012,
    "notional_usd": 2112.506534266555,
    "leverage": 1
  }
}