{
  "t": "2026-06-12T10:38:31.277Z",
  "spot": 7.88,
  "sigma_d": 0.030976846725512305,
  "ERI": 3.0976846725512304,
  "percentiles": {
    "p10": 2.1046049427482103,
    "p50": 2.249324684121694,
    "p90": 2.938321364502683
  },
  "ema": {
    "fast": 0.5788871776612882,
    "slow": 0.5254688907089138,
    "fast_period": 20,
    "slow_period": 100
  },
  "etv": {
    "horizon_days": 1,
    "risk_budget_usd": 100,
    "expected_move_usd": 0.24409755219703697,
    "qty": 409.67227692344665,
    "notional_usd": 3228.2175421567595,
    "leverage": 1
  }
}