{
  "t": "2025-11-12T13:40:18.175Z",
  "spot": 16.12,
  "sigma_d": 0.04621937878058157,
  "ERI": 4.621937878058157,
  "percentiles": {
    "p10": 4.517285992292631,
    "p50": 6.001771773940257,
    "p90": 6.308191627099421
  },
  "ema": {
    "fast": 0.8687353858994464,
    "slow": 0.9460838577182387,
    "fast_period": 20,
    "slow_period": 100
  },
  "etv": {
    "horizon_days": 1,
    "risk_budget_usd": 100,
    "expected_move_usd": 0.745056385942975,
    "qty": 134.21802951656574,
    "notional_usd": 2163.5946358070396,
    "leverage": 1
  }
}