{
  "t": "2026-03-14T04:50:57.935Z",
  "spot": 9.13,
  "sigma_d": 0.0348183128549173,
  "ERI": 3.48183128549173,
  "percentiles": {
    "p10": 3.4934521549446798,
    "p50": 4.030436122466272,
    "p90": 5.074899871650883
  },
  "ema": {
    "fast": 0.6685174686755141,
    "slow": 0.6978205892052476,
    "fast_period": 20,
    "slow_period": 100
  },
  "etv": {
    "horizon_days": 1,
    "risk_budget_usd": 100,
    "expected_move_usd": 0.317891196365395,
    "qty": 314.573039905945,
    "notional_usd": 2872.051854341278,
    "leverage": 1
  }
}