{
  "t": "2026-04-03T22:49:17.321Z",
  "spot": 8.66,
  "sigma_d": 0.027695564119630065,
  "ERI": 2.7695564119630065,
  "percentiles": {
    "p10": 2.9439214211704505,
    "p50": 3.533742592238551,
    "p90": 3.637374297236334
  },
  "ema": {
    "fast": 0.5383338882924579,
    "slow": 0.5697180781328188,
    "fast_period": 20,
    "slow_period": 100
  },
  "etv": {
    "horizon_days": 1,
    "risk_budget_usd": 100,
    "expected_move_usd": 0.23984358527599636,
    "qty": 416.938397101288,
    "notional_usd": 3610.686518897154,
    "leverage": 1
  }
}