{
  "t": "2026-02-23T03:15:27.859Z",
  "spot": 8.25,
  "sigma_d": 0.04744966837890295,
  "ERI": 4.744966837890295,
  "percentiles": {
    "p10": 4.583125535968241,
    "p50": 4.706774244661627,
    "p90": 4.7453959184158245
  },
  "ema": {
    "fast": 0.8992835746936928,
    "slow": 0.8955247973652086,
    "fast_period": 20,
    "slow_period": 100
  },
  "etv": {
    "horizon_days": 1,
    "risk_budget_usd": 100,
    "expected_move_usd": 0.39145976412594935,
    "qty": 255.45409557807255,
    "notional_usd": 2107.4962885190985,
    "leverage": 1
  }
}