{
  "t": "2026-05-28T08:51:28.968Z",
  "spot": 8.86,
  "sigma_d": 0.02302243373719699,
  "ERI": 2.302243373719699,
  "percentiles": {
    "p10": 2.1046049427482103,
    "p50": 2.2596387439191674,
    "p90": 2.6051013332299595
  },
  "ema": {
    "fast": 0.42674331064159077,
    "slow": 0.4240286014272425,
    "fast_period": 20,
    "slow_period": 100
  },
  "etv": {
    "horizon_days": 1,
    "risk_budget_usd": 100,
    "expected_move_usd": 0.2039787629115653,
    "qty": 490.2471148104514,
    "notional_usd": 4343.589437220599,
    "leverage": 1
  }
}