{
  "t": "2025-11-01T14:25:21.716Z",
  "spot": 17.17,
  "sigma_d": 0.05800742867652961,
  "ERI": 5.800742867652961,
  "percentiles": {
    "p10": 5.766426315714119,
    "p50": 5.812140633243798,
    "p90": 5.949244603030718
  },
  "ema": {
    "fast": 1.1092792388668404,
    "slow": 1.1097191609699422,
    "fast_period": 20,
    "slow_period": 100
  },
  "etv": {
    "horizon_days": 1,
    "risk_budget_usd": 100,
    "expected_move_usd": 0.9959875503760135,
    "qty": 100.40286142356615,
    "notional_usd": 1723.917130642631,
    "leverage": 1
  }
}