{
  "t": "2025-09-10T18:37:11.291Z",
  "spot": 23.49,
  "sigma_d": 0.05618870950568142,
  "ERI": 5.618870950568142,
  "percentiles": {
    "p10": 5.5856489378057095,
    "p50": 5.906015444166655,
    "p90": 6.271892224776458
  },
  "ema": {
    "fast": 1.0758094537427492,
    "slow": 1.0929396828521618,
    "fast_period": 20,
    "slow_period": 100
  },
  "etv": {
    "horizon_days": 1,
    "risk_budget_usd": 100,
    "expected_move_usd": 1.3198727862884565,
    "qty": 75.76487752369275,
    "notional_usd": 1779.7169730315425,
    "leverage": 1
  }
}