{
  "t": "2026-04-16T18:15:04.522Z",
  "spot": 9.41,
  "sigma_d": 0.03171790997323376,
  "ERI": 3.171790997323376,
  "percentiles": {
    "p10": 2.652230297274112,
    "p50": 2.916419680319275,
    "p90": 3.1550226252690927
  },
  "ema": {
    "fast": 0.6035378831370385,
    "slow": 0.5811152825232859,
    "fast_period": 20,
    "slow_period": 100
  },
  "etv": {
    "horizon_days": 1,
    "risk_budget_usd": 100,
    "expected_move_usd": 0.2984655328481297,
    "qty": 335.04706237180056,
    "notional_usd": 3152.7928569186433,
    "leverage": 1
  }
}