{
  "t": "2026-03-28T18:57:02.679Z",
  "spot": 8.6,
  "sigma_d": 0.030377655426911874,
  "ERI": 3.0377655426911874,
  "percentiles": {
    "p10": 3.0533265188080527,
    "p50": 3.5370229224783962,
    "p90": 3.6384711783368635
  },
  "ema": {
    "fast": 0.5863729695834858,
    "slow": 0.6393893358967535,
    "fast_period": 20,
    "slow_period": 100
  },
  "etv": {
    "horizon_days": 1,
    "risk_budget_usd": 100,
    "expected_move_usd": 0.2612478366714421,
    "qty": 382.77828928307963,
    "notional_usd": 3291.893287834485,
    "leverage": 1
  }
}