{
  "t": "2026-03-07T22:35:51.796Z",
  "spot": 8.67,
  "sigma_d": 0.04039850256847486,
  "ERI": 4.039850256847486,
  "percentiles": {
    "p10": 4.664522788848636,
    "p50": 4.895633799215073,
    "p90": 5.141629785830333
  },
  "ema": {
    "fast": 0.7959473044465339,
    "slow": 0.8877104571256353,
    "fast_period": 20,
    "slow_period": 100
  },
  "etv": {
    "horizon_days": 1,
    "risk_budget_usd": 100,
    "expected_move_usd": 0.350255017268677,
    "qty": 285.5062599240114,
    "notional_usd": 2475.3392735411785,
    "leverage": 1
  }
}