{
  "t": "2026-01-04T23:29:08.143Z",
  "spot": 13.44,
  "sigma_d": 0.02532312734936537,
  "ERI": 2.532312734936537,
  "percentiles": {
    "p10": 2.550023868608475,
    "p50": 3.750317461069029,
    "p90": 3.783664225253631
  },
  "ema": {
    "fast": 0.48649285348581045,
    "slow": 0.5382246062154807,
    "fast_period": 20,
    "slow_period": 100
  },
  "etv": {
    "horizon_days": 1,
    "risk_budget_usd": 100,
    "expected_move_usd": 0.3403428315754706,
    "qty": 293.8213786877575,
    "notional_usd": 3948.9593295634604,
    "leverage": 1
  }
}