{
  "t": "2025-12-06T06:39:56.320Z",
  "spot": 13.62,
  "sigma_d": 0.04331999788905044,
  "ERI": 4.331999788905044,
  "percentiles": {
    "p10": 4.118119650565298,
    "p50": 4.25781797680496,
    "p90": 4.333211908817383
  },
  "ema": {
    "fast": 0.8289025347671641,
    "slow": 0.8215254776345153,
    "fast_period": 20,
    "slow_period": 100
  },
  "etv": {
    "horizon_days": 1,
    "risk_budget_usd": 100,
    "expected_move_usd": 0.590018371248867,
    "qty": 169.48624801009876,
    "notional_usd": 2308.402697897545,
    "leverage": 1
  }
}