{
  "t": "2026-04-24T19:09:21.742Z",
  "spot": 9.41,
  "sigma_d": 0.029361827505722634,
  "ERI": 2.9361827505722635,
  "percentiles": {
    "p10": 2.7555553279009017,
    "p50": 2.9814098780416742,
    "p90": 3.1611484400272216
  },
  "ema": {
    "fast": 0.5626188481028578,
    "slow": 0.574040176005583,
    "fast_period": 20,
    "slow_period": 100
  },
  "etv": {
    "horizon_days": 1,
    "risk_budget_usd": 100,
    "expected_move_usd": 0.27629479682885,
    "qty": 361.9322591222907,
    "notional_usd": 3405.7825583407557,
    "leverage": 1
  }
}