{
  "t": "2025-11-22T16:32:37.640Z",
  "spot": 12.01,
  "sigma_d": 0.04211988503047207,
  "ERI": 4.211988503047207,
  "percentiles": {
    "p10": 4.147915623854,
    "p50": 4.409808610046875,
    "p90": 4.503759196848058
  },
  "ema": {
    "fast": 0.8062601260428002,
    "slow": 0.8121929390915421,
    "fast_period": 20,
    "slow_period": 100
  },
  "etv": {
    "horizon_days": 1,
    "risk_budget_usd": 100,
    "expected_move_usd": 0.5058598192159696,
    "qty": 197.68322408960978,
    "notional_usd": 2374.1755213162132,
    "leverage": 1
  }
}