{
  "t": "2026-01-21T10:44:06.287Z",
  "spot": 12.29,
  "sigma_d": 0.026905853242454255,
  "ERI": 2.6905853242454256,
  "percentiles": {
    "p10": 2.4055990817203687,
    "p50": 2.483110998768935,
    "p90": 2.6618467603658953
  },
  "ema": {
    "fast": 0.5022107357882186,
    "slow": 0.47881467032502634,
    "fast_period": 20,
    "slow_period": 100
  },
  "etv": {
    "horizon_days": 1,
    "risk_budget_usd": 100,
    "expected_move_usd": 0.33067293634976275,
    "qty": 302.413620854133,
    "notional_usd": 3716.663400297294,
    "leverage": 1
  }
}