{
  "t": "2026-05-31T16:20:41.388Z",
  "spot": 9.07,
  "sigma_d": 0.022748780119808354,
  "ERI": 2.274878011980835,
  "percentiles": {
    "p10": 2.1046049427482103,
    "p50": 2.249324684121694,
    "p90": 2.6051013332299595
  },
  "ema": {
    "fast": 0.4337083081584868,
    "slow": 0.427989436118993,
    "fast_period": 20,
    "slow_period": 100
  },
  "etv": {
    "horizon_days": 1,
    "risk_budget_usd": 100,
    "expected_move_usd": 0.20633143568666176,
    "qty": 484.6571229788834,
    "notional_usd": 4395.840105418472,
    "leverage": 1
  }
}