{
  "t": "2026-02-15T10:40:36.005Z",
  "spot": 9.06,
  "sigma_d": 0.04700886185121478,
  "ERI": 4.700886185121478,
  "percentiles": {
    "p10": 3.2645810766826875,
    "p50": 4.544277682018539,
    "p90": 4.747609022425738
  },
  "ema": {
    "fast": 0.8964145411095089,
    "slow": 0.878952532291436,
    "fast_period": 20,
    "slow_period": 100
  },
  "etv": {
    "horizon_days": 1,
    "risk_budget_usd": 100,
    "expected_move_usd": 0.42590028837200594,
    "qty": 234.79674170272978,
    "notional_usd": 2127.2584798267317,
    "leverage": 1
  }
}