{
  "t": "2025-09-25T15:29:06.994Z",
  "spot": 20.82,
  "sigma_d": 0.030632840825287326,
  "ERI": 3.0632840825287326,
  "percentiles": {
    "p10": 3.125082435839712,
    "p50": 3.7416999047971045,
    "p90": 5.165407159443006
  },
  "ema": {
    "fast": 0.5866540537854978,
    "slow": 0.6468289537957902,
    "fast_period": 20,
    "slow_period": 100
  },
  "etv": {
    "horizon_days": 1,
    "risk_budget_usd": 100,
    "expected_move_usd": 0.6377757459824821,
    "qty": 156.79492459524593,
    "notional_usd": 3264.4703300730202,
    "leverage": 1
  }
}