{
  "t": "2026-05-06T12:00:56.638Z",
  "spot": 10.18,
  "sigma_d": 0.027805453283764294,
  "ERI": 2.780545328376429,
  "percentiles": {
    "p10": 2.5710103204141146,
    "p50": 2.788829560383393,
    "p90": 3.0650652704356025
  },
  "ema": {
    "fast": 0.5104549481655911,
    "slow": 0.5089738264020094,
    "fast_period": 20,
    "slow_period": 100
  },
  "etv": {
    "horizon_days": 1,
    "risk_budget_usd": 100,
    "expected_move_usd": 0.2830595144287205,
    "qty": 353.28259571780546,
    "notional_usd": 3596.4168244072594,
    "leverage": 1
  }
}