{
  "t": "2025-11-01T04:30:04.858Z",
  "spot": 17.24,
  "sigma_d": 0.058026517909891634,
  "ERI": 5.802651790989163,
  "percentiles": {
    "p10": 5.766426315714119,
    "p50": 5.841466119547746,
    "p90": 5.954034919852592
  },
  "ema": {
    "fast": 1.1095076750207082,
    "slow": 1.1098499329075597,
    "fast_period": 20,
    "slow_period": 100
  },
  "etv": {
    "horizon_days": 1,
    "risk_budget_usd": 100,
    "expected_move_usd": 1.0003771687665317,
    "qty": 99.96229734361124,
    "notional_usd": 1723.3500062038577,
    "leverage": 1
  }
}