{
  "t": "2025-10-30T12:57:48.131Z",
  "spot": 17.38,
  "sigma_d": 0.057982620601586043,
  "ERI": 5.798262060158605,
  "percentiles": {
    "p10": 5.757885444571551,
    "p50": 5.841771542761859,
    "p90": 5.958543863703687
  },
  "ema": {
    "fast": 1.1038171579044362,
    "slow": 1.1067639216155871,
    "fast_period": 20,
    "slow_period": 100
  },
  "etv": {
    "horizon_days": 1,
    "risk_budget_usd": 100,
    "expected_move_usd": 1.0077379460555653,
    "qty": 99.23214699953964,
    "notional_usd": 1724.6547148519987,
    "leverage": 1
  }
}