{
  "t": "2026-02-12T05:39:11.587Z",
  "spot": 8.42,
  "sigma_d": 0.04504512521211664,
  "ERI": 4.504512521211664,
  "percentiles": {
    "p10": 3.1318937168898695,
    "p50": 3.375488783756455,
    "p90": 4.747609022425738
  },
  "ema": {
    "fast": 0.8988387868231994,
    "slow": 0.8661710412467651,
    "fast_period": 20,
    "slow_period": 100
  },
  "etv": {
    "horizon_days": 1,
    "risk_budget_usd": 100,
    "expected_move_usd": 0.3792799542860221,
    "qty": 263.65748801105406,
    "notional_usd": 2219.9960490530752,
    "leverage": 1
  }
}