{
  "t": "2025-11-18T12:58:44.206Z",
  "spot": 13.51,
  "sigma_d": 0.044031410565186425,
  "ERI": 4.403141056518643,
  "percentiles": {
    "p10": 4.39853366721243,
    "p50": 4.486798177723572,
    "p90": 6.273575830689181
  },
  "ema": {
    "fast": 0.841574935804017,
    "slow": 0.8525416039658976,
    "fast_period": 20,
    "slow_period": 100
  },
  "etv": {
    "horizon_days": 1,
    "risk_budget_usd": 100,
    "expected_move_usd": 0.5948643567356686,
    "qty": 168.10555022787418,
    "notional_usd": 2271.10598357858,
    "leverage": 1
  }
}