{
  "t": "2026-03-10T08:57:56.929Z",
  "spot": 9.09,
  "sigma_d": 0.03601906933832206,
  "ERI": 3.601906933832206,
  "percentiles": {
    "p10": 3.5411879104231208,
    "p50": 4.895633799215073,
    "p90": 5.141629785830333
  },
  "ema": {
    "fast": 0.686125865822424,
    "slow": 0.7643116544020079,
    "fast_period": 20,
    "slow_period": 100
  },
  "etv": {
    "horizon_days": 1,
    "risk_budget_usd": 100,
    "expected_move_usd": 0.3274133402853475,
    "qty": 305.4243297259908,
    "notional_usd": 2776.3071572092563,
    "leverage": 1
  }
}