{
  "t": "2025-11-01T22:26:01.002Z",
  "spot": 17.07,
  "sigma_d": 0.057998708087667265,
  "ERI": 5.799870808766727,
  "percentiles": {
    "p10": 5.766426315714119,
    "p50": 5.807653043756791,
    "p90": 5.947836807708113
  },
  "ema": {
    "fast": 1.1087802032358043,
    "slow": 1.1095212985784355,
    "fast_period": 20,
    "slow_period": 100
  },
  "etv": {
    "horizon_days": 1,
    "risk_budget_usd": 100,
    "expected_move_usd": 0.9900379470564802,
    "qty": 101.0062294049575,
    "notional_usd": 1724.1763359426245,
    "leverage": 1
  }
}