{
  "t": "2025-09-03T20:28:23.189Z",
  "spot": 23.76,
  "sigma_d": 0.06222630949807141,
  "ERI": 6.222630949807141,
  "percentiles": {
    "p10": 5.484393670648377,
    "p50": 5.684946279736703,
    "p90": 6.224913940135021
  },
  "ema": {
    "fast": 1.164871233213389,
    "slow": 0.961048201818784,
    "fast_period": 20,
    "slow_period": 100
  },
  "etv": {
    "horizon_days": 1,
    "risk_budget_usd": 100,
    "expected_move_usd": 1.478497113674177,
    "qty": 67.63624972624562,
    "notional_usd": 1607.037293495596,
    "leverage": 1
  }
}