{
  "t": "2026-04-11T03:15:36.039Z",
  "spot": 9.11,
  "sigma_d": 0.029116025354474575,
  "ERI": 2.9116025354474573,
  "percentiles": {
    "p10": 2.652230297274112,
    "p50": 2.928015513823426,
    "p90": 3.0837954950806368
  },
  "ema": {
    "fast": 0.5548449133677856,
    "slow": 0.5401785908846467,
    "fast_period": 20,
    "slow_period": 100
  },
  "etv": {
    "horizon_days": 1,
    "risk_budget_usd": 100,
    "expected_move_usd": 0.26524699097926335,
    "qty": 377.00710432495674,
    "notional_usd": 3434.5347204003556,
    "leverage": 1
  }
}