{
  "t": "2026-04-07T13:56:33.362Z",
  "spot": 8.64,
  "sigma_d": 0.026360358897925706,
  "ERI": 2.636035889792571,
  "percentiles": {
    "p10": 2.656286871464469,
    "p50": 2.9741461068956236,
    "p90": 3.6335277987679855
  },
  "ema": {
    "fast": 0.5054576516116844,
    "slow": 0.5289358787790146,
    "fast_period": 20,
    "slow_period": 100
  },
  "etv": {
    "horizon_days": 1,
    "risk_budget_usd": 100,
    "expected_move_usd": 0.2277535008780781,
    "qty": 439.07118711440745,
    "notional_usd": 3793.5750566684806,
    "leverage": 1
  }
}