{
  "t": "2025-10-31T06:40:43.531Z",
  "spot": 17.18,
  "sigma_d": 0.058016287389583976,
  "ERI": 5.801628738958398,
  "percentiles": {
    "p10": 5.764334973432661,
    "p50": 5.844234023590496,
    "p90": 5.9604874050700545
  },
  "ema": {
    "fast": 1.1152161534414338,
    "slow": 1.1104595445386127,
    "fast_period": 20,
    "slow_period": 100
  },
  "etv": {
    "horizon_days": 1,
    "risk_budget_usd": 100,
    "expected_move_usd": 0.9967198173530527,
    "qty": 100.32909776547419,
    "notional_usd": 1723.6538996108466,
    "leverage": 1
  }
}