{
  "t": "2026-02-06T21:41:20.738Z",
  "spot": 8.86,
  "sigma_d": 0.047106145425738814,
  "ERI": 4.7106145425738815,
  "percentiles": {
    "p10": 2.864036219067573,
    "p50": 3.1643426489946385,
    "p90": 3.639873961119366
  },
  "ema": {
    "fast": 0.8311573450501567,
    "slow": 0.6989174312012109,
    "fast_period": 20,
    "slow_period": 100
  },
  "etv": {
    "horizon_days": 1,
    "risk_budget_usd": 100,
    "expected_move_usd": 0.41736044847204584,
    "qty": 239.6010459690165,
    "notional_usd": 2122.865267285486,
    "leverage": 1
  }
}