{
  "t": "2026-02-17T02:54:14.502Z",
  "spot": 8.98,
  "sigma_d": 0.047478819763379865,
  "ERI": 4.747881976337986,
  "percentiles": {
    "p10": 3.3104505814304646,
    "p50": 4.701707639462113,
    "p90": 4.747856910643382
  },
  "ema": {
    "fast": 0.9018887449897928,
    "slow": 0.8890584976136533,
    "fast_period": 20,
    "slow_period": 100
  },
  "etv": {
    "horizon_days": 1,
    "risk_budget_usd": 100,
    "expected_move_usd": 0.4263598014751512,
    "qty": 234.54368740676912,
    "notional_usd": 2106.202312912787,
    "leverage": 1
  }
}