{
  "t": "2025-10-12T09:24:39.032Z",
  "spot": 17.31,
  "sigma_d": 0.051865572931772456,
  "ERI": 5.186557293177246,
  "percentiles": {
    "p10": 2.898875610941117,
    "p50": 3.1057973643908015,
    "p90": 5.2248789419558275
  },
  "ema": {
    "fast": 0.9891384234437268,
    "slow": 0.8229717785896729,
    "fast_period": 20,
    "slow_period": 100
  },
  "etv": {
    "horizon_days": 1,
    "risk_budget_usd": 100,
    "expected_move_usd": 0.8977930674489811,
    "qty": 111.38424167625097,
    "notional_usd": 1928.0612234159041,
    "leverage": 1
  }
}