{
  "t": "2025-09-23T13:35:06.613Z",
  "spot": 21.78,
  "sigma_d": 0.035759232791365544,
  "ERI": 3.5759232791365543,
  "percentiles": {
    "p10": 3.4952529629998814,
    "p50": 4.627214331314511,
    "p90": 5.198872483238942
  },
  "ema": {
    "fast": 0.684884250845511,
    "slow": 0.7160017209373142,
    "fast_period": 20,
    "slow_period": 100
  },
  "etv": {
    "horizon_days": 1,
    "risk_budget_usd": 100,
    "expected_move_usd": 0.7788360901959416,
    "qty": 128.39672077194285,
    "notional_usd": 2796.4805784129153,
    "leverage": 1
  }
}