{
  "t": "2026-01-22T18:50:16.735Z",
  "spot": 12.27,
  "sigma_d": 0.026992685116404055,
  "ERI": 2.6992685116404056,
  "percentiles": {
    "p10": 2.4055990817203687,
    "p50": 2.483110998768935,
    "p90": 2.697052212573341
  },
  "ema": {
    "fast": 0.5152392477523986,
    "slow": 0.49411170169602464,
    "fast_period": 20,
    "slow_period": 100
  },
  "etv": {
    "horizon_days": 1,
    "risk_budget_usd": 100,
    "expected_move_usd": 0.3312002463782778,
    "qty": 301.93214254371594,
    "notional_usd": 3704.7073890113943,
    "leverage": 1
  }
}