{
  "t": "2025-10-21T03:12:36.231Z",
  "spot": 18.39,
  "sigma_d": 0.059310112165450415,
  "ERI": 5.931011216545041,
  "percentiles": {
    "p10": 5.177232280361049,
    "p50": 5.6862538819994946,
    "p90": 5.775184255370927
  },
  "ema": {
    "fast": 1.1337913403497473,
    "slow": 1.1025805098431103,
    "fast_period": 20,
    "slow_period": 100
  },
  "etv": {
    "horizon_days": 1,
    "risk_budget_usd": 100,
    "expected_move_usd": 1.090712962722633,
    "qty": 91.68314984574899,
    "notional_usd": 1686.053125663324,
    "leverage": 1
  }
}