{
  "t": "2026-02-03T19:09:28.088Z",
  "spot": 9.14,
  "sigma_d": 0.035341148581687,
  "ERI": 3.5341148581687,
  "percentiles": {
    "p10": 2.675721824784282,
    "p50": 2.925547264146893,
    "p90": 3.3130988278811873
  },
  "ema": {
    "fast": 0.6451012952447392,
    "slow": 0.6174540352135702,
    "fast_period": 20,
    "slow_period": 100
  },
  "etv": {
    "horizon_days": 1,
    "risk_budget_usd": 100,
    "expected_move_usd": 0.3230180980366192,
    "qty": 309.5801771102727,
    "notional_usd": 2829.562818787893,
    "leverage": 1
  }
}