{
  "t": "2025-10-16T18:38:39.803Z",
  "spot": 17.62,
  "sigma_d": 0.057187592534373104,
  "ERI": 5.718759253437311,
  "percentiles": {
    "p10": 2.9734378024406247,
    "p50": 5.190530104531275,
    "p90": 5.714535498272433
  },
  "ema": {
    "fast": 1.091977823216412,
    "slow": 1.0463930177336567,
    "fast_period": 20,
    "slow_period": 100
  },
  "etv": {
    "horizon_days": 1,
    "risk_budget_usd": 100,
    "expected_move_usd": 1.0076453804556542,
    "qty": 99.24126278907794,
    "notional_usd": 1748.6310503435534,
    "leverage": 1
  }
}