{
  "t": "2026-01-14T22:34:58.339Z",
  "spot": 14.15,
  "sigma_d": 0.026490291736375036,
  "ERI": 2.6490291736375036,
  "percentiles": {
    "p10": 2.4676164759095607,
    "p50": 2.5295525998673005,
    "p90": 2.65192360596204
  },
  "ema": {
    "fast": 0.5034075654670411,
    "slow": 0.48764187375525403,
    "fast_period": 20,
    "slow_period": 100
  },
  "etv": {
    "horizon_days": 1,
    "risk_budget_usd": 100,
    "expected_move_usd": 0.3748376280697068,
    "qty": 266.7821811672639,
    "notional_usd": 3774.9678635167843,
    "leverage": 1
  }
}