{
  "t": "2026-06-19T07:22:36.471Z",
  "spot": 7.86,
  "sigma_d": 0.03007610673748198,
  "ERI": 3.007610673748198,
  "percentiles": {
    "p10": 2.12457552580447,
    "p50": 2.2853927029165115,
    "p90": 3.053945068786401
  },
  "ema": {
    "fast": 0.5789956588036483,
    "slow": 0.558614182672887,
    "fast_period": 20,
    "slow_period": 100
  },
  "etv": {
    "horizon_days": 1,
    "risk_budget_usd": 100,
    "expected_move_usd": 0.23639819895660838,
    "qty": 423.0150671255973,
    "notional_usd": 3324.8984276071947,
    "leverage": 1
  }
}