{
  "t": "2026-01-25T13:40:20.118Z",
  "spot": 12.06,
  "sigma_d": 0.026763570434336578,
  "ERI": 2.676357043433658,
  "percentiles": {
    "p10": 2.412091363342817,
    "p50": 2.6483066899856746,
    "p90": 2.7011119827270647
  },
  "ema": {
    "fast": 0.5112162819431437,
    "slow": 0.5067337807514275,
    "fast_period": 20,
    "slow_period": 100
  },
  "etv": {
    "horizon_days": 1,
    "risk_budget_usd": 100,
    "expected_move_usd": 0.3227686594380991,
    "qty": 309.81942352794664,
    "notional_usd": 3736.4222477470366,
    "leverage": 1
  }
}