{
  "t": "2025-12-13T11:23:57.182Z",
  "spot": 13.88,
  "sigma_d": 0.04034938708423285,
  "ERI": 4.034938708423285,
  "percentiles": {
    "p10": 4.048754850149793,
    "p50": 4.19151143937174,
    "p90": 4.3522717344326916
  },
  "ema": {
    "fast": 0.7728227804220765,
    "slow": 0.7848117308937614,
    "fast_period": 20,
    "slow_period": 100
  },
  "etv": {
    "horizon_days": 1,
    "risk_budget_usd": 100,
    "expected_move_usd": 0.5600494927291519,
    "qty": 178.5556478458618,
    "notional_usd": 2478.352392100562,
    "leverage": 1
  }
}