{
  "t": "2025-09-15T14:28:15.163Z",
  "spot": 23.36,
  "sigma_d": 0.05184139106301418,
  "ERI": 5.1841391063014175,
  "percentiles": {
    "p10": 5.183729916734167,
    "p50": 5.624014904548078,
    "p90": 6.2631249283782875
  },
  "ema": {
    "fast": 0.9890517411105024,
    "slow": 1.0065619106925727,
    "fast_period": 20,
    "slow_period": 100
  },
  "etv": {
    "horizon_days": 1,
    "risk_budget_usd": 100,
    "expected_move_usd": 1.2110148952320112,
    "qty": 82.57536748203381,
    "notional_usd": 1928.96058438031,
    "leverage": 1
  }
}