{
  "t": "2025-09-30T12:57:25.978Z",
  "spot": 21.33,
  "sigma_d": 0.030367278619828214,
  "ERI": 3.0367278619828215,
  "percentiles": {
    "p10": 3.0222256338336453,
    "p50": 3.2338105479472197,
    "p90": 3.7353708588775953
  },
  "ema": {
    "fast": 0.5786843843557509,
    "slow": 0.5916863305243575,
    "fast_period": 20,
    "slow_period": 100
  },
  "etv": {
    "horizon_days": 1,
    "risk_budget_usd": 100,
    "expected_move_usd": 0.6477340529609358,
    "qty": 154.38434885872968,
    "notional_usd": 3293.0181611567036,
    "leverage": 1
  }
}