{
  "t": "2026-06-29T23:11:36.007Z",
  "spot": 7.4,
  "sigma_d": 0.030051067753038407,
  "ERI": 3.0051067753038407,
  "percentiles": {
    "p10": 2.268541454115573,
    "p50": 2.9798346337293524,
    "p90": 3.0581366947690714
  },
  "ema": {
    "fast": 0.5734151687445931,
    "slow": 0.5702205193740194,
    "fast_period": 20,
    "slow_period": 100
  },
  "etv": {
    "horizon_days": 1,
    "risk_budget_usd": 100,
    "expected_move_usd": 0.22237790137248423,
    "qty": 449.6849704166397,
    "notional_usd": 3327.668781083134,
    "leverage": 1
  }
}