{
  "t": "2026-03-14T07:47:08.121Z",
  "spot": 8.98,
  "sigma_d": 0.03491728613056127,
  "ERI": 3.491728613056127,
  "percentiles": {
    "p10": 3.4909896147812174,
    "p50": 4.028146191419592,
    "p90": 5.043993007642425
  },
  "ema": {
    "fast": 0.6679587676081734,
    "slow": 0.6959861188074732,
    "fast_period": 20,
    "slow_period": 100
  },
  "etv": {
    "horizon_days": 1,
    "risk_budget_usd": 100,
    "expected_move_usd": 0.3135572294524402,
    "qty": 318.9210472825913,
    "notional_usd": 2863.91100459767,
    "leverage": 1
  }
}