{
  "t": "2026-01-14T08:44:06.145Z",
  "spot": 14.07,
  "sigma_d": 0.026471194435470594,
  "ERI": 2.6471194435470595,
  "percentiles": {
    "p10": 2.4676164759095607,
    "p50": 2.5295525998673005,
    "p90": 2.649281675537229
  },
  "ema": {
    "fast": 0.49343682472688255,
    "slow": 0.4818722932327939,
    "fast_period": 20,
    "slow_period": 100
  },
  "etv": {
    "horizon_days": 1,
    "risk_budget_usd": 100,
    "expected_move_usd": 0.37244970570707125,
    "qty": 268.4926272398486,
    "notional_usd": 3777.69126526467,
    "leverage": 1
  }
}