{
  "t": "2026-01-23T02:26:58.555Z",
  "spot": 12.31,
  "sigma_d": 0.026995605978023553,
  "ERI": 2.699560597802355,
  "percentiles": {
    "p10": 2.4055990817203687,
    "p50": 2.483110998768935,
    "p90": 2.6995313891861605
  },
  "ema": {
    "fast": 0.5156992732677608,
    "slow": 0.4966188619943507,
    "fast_period": 20,
    "slow_period": 100
  },
  "etv": {
    "horizon_days": 1,
    "risk_budget_usd": 100,
    "expected_move_usd": 0.33231590958946994,
    "qty": 300.91848483431346,
    "notional_usd": 3704.3065483103987,
    "leverage": 1
  }
}