{
  "t": "2026-06-04T05:00:24.753Z",
  "spot": 8.21,
  "sigma_d": 0.024878891413860512,
  "ERI": 2.4878891413860513,
  "percentiles": {
    "p10": 2.1046049427482103,
    "p50": 2.249324684121694,
    "p90": 2.524956408121132
  },
  "ema": {
    "fast": 0.472926169676897,
    "slow": 0.4411032891731227,
    "fast_period": 20,
    "slow_period": 100
  },
  "etv": {
    "horizon_days": 1,
    "risk_budget_usd": 100,
    "expected_move_usd": 0.20425569850779482,
    "qty": 489.5824240427926,
    "notional_usd": 4019.4717013913273,
    "leverage": 1
  }
}