{
  "t": "2025-11-20T03:17:34.010Z",
  "spot": 13.63,
  "sigma_d": 0.041020104141489794,
  "ERI": 4.102010414148979,
  "percentiles": {
    "p10": 4.383838868308809,
    "p50": 4.457414944437658,
    "p90": 4.8126090045965
  },
  "ema": {
    "fast": 0.8064075872183878,
    "slow": 0.8335299341757224,
    "fast_period": 20,
    "slow_period": 100
  },
  "etv": {
    "horizon_days": 1,
    "risk_budget_usd": 100,
    "expected_move_usd": 0.559104019448506,
    "qty": 178.85759451101586,
    "notional_usd": 2437.8290131851463,
    "leverage": 1
  }
}