{
  "t": "2026-03-12T17:58:35.536Z",
  "spot": 9.02,
  "sigma_d": 0.03530005207512004,
  "ERI": 3.530005207512004,
  "percentiles": {
    "p10": 3.530249931867488,
    "p50": 4.87733861004997,
    "p90": 5.091605921262031
  },
  "ema": {
    "fast": 0.6782068287851525,
    "slow": 0.7173802219924418,
    "fast_period": 20,
    "slow_period": 100
  },
  "etv": {
    "horizon_days": 1,
    "risk_budget_usd": 100,
    "expected_move_usd": 0.31840646971758274,
    "qty": 314.0639701470171,
    "notional_usd": 2832.857010726094,
    "leverage": 1
  }
}