{
  "t": "2025-09-21T21:22:47.215Z",
  "spot": 23.09,
  "sigma_d": 0.034358353525721794,
  "ERI": 3.4358353525721794,
  "percentiles": {
    "p10": 3.7336565306243714,
    "p50": 4.634827132524466,
    "p90": 5.329781425796219
  },
  "ema": {
    "fast": 0.6646459289616071,
    "slow": 0.7482194925171708,
    "fast_period": 20,
    "slow_period": 100
  },
  "etv": {
    "horizon_days": 1,
    "risk_budget_usd": 100,
    "expected_move_usd": 0.7933343829089162,
    "qty": 126.0502534042838,
    "notional_usd": 2910.5003511049126,
    "leverage": 1
  }
}