{
  "t": "2025-11-16T09:26:53.686Z",
  "spot": 14.26,
  "sigma_d": 0.04404473150346406,
  "ERI": 4.404473150346406,
  "percentiles": {
    "p10": 4.422880716044925,
    "p50": 4.7832199202401995,
    "p90": 6.273866709239739
  },
  "ema": {
    "fast": 0.8455699963281551,
    "slow": 0.8677075028616733,
    "fast_period": 20,
    "slow_period": 100
  },
  "etv": {
    "horizon_days": 1,
    "risk_budget_usd": 100,
    "expected_move_usd": 0.6280778712393975,
    "qty": 159.2159262077936,
    "notional_usd": 2270.4191077231367,
    "leverage": 1
  }
}