{
  "t": "2026-01-06T13:47:53.926Z",
  "spot": 13.88,
  "sigma_d": 0.025711324443422095,
  "ERI": 2.5711324443422097,
  "percentiles": {
    "p10": 2.528583558212081,
    "p50": 3.531916059376173,
    "p90": 3.780024098073111
  },
  "ema": {
    "fast": 0.49054126668490194,
    "slow": 0.5148742625883612,
    "fast_period": 20,
    "slow_period": 100
  },
  "etv": {
    "horizon_days": 1,
    "risk_budget_usd": 100,
    "expected_move_usd": 0.3568731832746987,
    "qty": 280.21158407698636,
    "notional_usd": 3889.336786988571,
    "leverage": 1
  }
}