{
  "t": "2025-12-01T21:25:07.442Z",
  "spot": 11.99,
  "sigma_d": 0.04275888544783612,
  "ERI": 4.275888544783612,
  "percentiles": {
    "p10": 4.112594819514495,
    "p50": 4.232744954022688,
    "p90": 4.3045492386149515
  },
  "ema": {
    "fast": 0.8128359817034283,
    "slow": 0.8027776598828598,
    "fast_period": 20,
    "slow_period": 100
  },
  "etv": {
    "horizon_days": 1,
    "risk_budget_usd": 100,
    "expected_move_usd": 0.512679036519555,
    "qty": 195.0538112088102,
    "notional_usd": 2338.6951963936344,
    "leverage": 1
  }
}