{
  "t": "2026-03-17T21:55:29.323Z",
  "spot": 9.89,
  "sigma_d": 0.03426752678280729,
  "ERI": 3.426752678280729,
  "percentiles": {
    "p10": 3.4294860618319394,
    "p50": 3.561346964542854,
    "p90": 4.891184737295637
  },
  "ema": {
    "fast": 0.657409386827768,
    "slow": 0.6693346813128231,
    "fast_period": 20,
    "slow_period": 100
  },
  "etv": {
    "horizon_days": 1,
    "risk_budget_usd": 100,
    "expected_move_usd": 0.3389058398819641,
    "qty": 295.0672081508791,
    "notional_usd": 2918.214688612194,
    "leverage": 1
  }
}