{
  "t": "2025-11-05T02:07:53.023Z",
  "spot": 14.59,
  "sigma_d": 0.0616683450579563,
  "ERI": 6.16683450579563,
  "percentiles": {
    "p10": 5.766426315714119,
    "p50": 5.804579385042821,
    "p90": 6.286589651002098
  },
  "ema": {
    "fast": 1.203045871690068,
    "slow": 1.158165980381028,
    "fast_period": 20,
    "slow_period": 100
  },
  "etv": {
    "horizon_days": 1,
    "risk_budget_usd": 100,
    "expected_move_usd": 0.8997411543955824,
    "qty": 111.14307655202992,
    "notional_usd": 1621.5774868941166,
    "leverage": 1
  }
}