{
  "t": "2025-11-16T06:38:58.147Z",
  "spot": 14.23,
  "sigma_d": 0.044018730656115695,
  "ERI": 4.40187306561157,
  "percentiles": {
    "p10": 4.436338998105078,
    "p50": 4.789494217927308,
    "p90": 6.275296314091296
  },
  "ema": {
    "fast": 0.8469216371209495,
    "slow": 0.8693161873021163,
    "fast_period": 20,
    "slow_period": 100
  },
  "etv": {
    "horizon_days": 1,
    "risk_budget_usd": 100,
    "expected_move_usd": 0.6263865372365264,
    "qty": 159.6458321744542,
    "notional_usd": 2271.7601918424834,
    "leverage": 1
  }
}