{
  "t": "2026-05-13T14:55:36.739Z",
  "spot": 10.2,
  "sigma_d": 0.02167216627497034,
  "ERI": 2.167216627497034,
  "percentiles": {
    "p10": 2.436414310708137,
    "p50": 2.672445571249357,
    "p90": 2.9417397857639065
  },
  "ema": {
    "fast": 0.4501973202333381,
    "slow": 0.47535028815865354,
    "fast_period": 20,
    "slow_period": 100
  },
  "etv": {
    "horizon_days": 1,
    "risk_budget_usd": 100,
    "expected_move_usd": 0.22105609600469747,
    "qty": 452.3738625958317,
    "notional_usd": 4614.213398477484,
    "leverage": 1
  }
}