{
  "t": "2025-11-03T10:34:43.182Z",
  "spot": 15.99,
  "sigma_d": 0.060337263410890504,
  "ERI": 6.03372634108905,
  "percentiles": {
    "p10": 5.766426315714119,
    "p50": 5.804579385042821,
    "p90": 5.948476150386657
  },
  "ema": {
    "fast": 1.129200862223415,
    "slow": 1.1148895557629537,
    "fast_period": 20,
    "slow_period": 100
  },
  "etv": {
    "horizon_days": 1,
    "risk_budget_usd": 100,
    "expected_move_usd": 0.9647928419401391,
    "qty": 103.64919353973039,
    "notional_usd": 1657.350604700289,
    "leverage": 1
  }
}