{
  "t": "2025-10-13T12:56:32.337Z",
  "spot": 19.37,
  "sigma_d": 0.055780342920527665,
  "ERI": 5.578034292052767,
  "percentiles": {
    "p10": 2.898875610941117,
    "p50": 3.2907411125143198,
    "p90": 5.307433540252049
  },
  "ema": {
    "fast": 1.0566230560412113,
    "slow": 0.9140259820710136,
    "fast_period": 20,
    "slow_period": 100
  },
  "etv": {
    "horizon_days": 1,
    "risk_budget_usd": 100,
    "expected_move_usd": 1.080465242370621,
    "qty": 92.55272273321128,
    "notional_usd": 1792.7462393423027,
    "leverage": 1
  }
}