{
  "t": "2025-12-24T11:27:09.626Z",
  "spot": 12.23,
  "sigma_d": 0.03779472574739836,
  "ERI": 3.779472574739836,
  "percentiles": {
    "p10": 3.8455208188447827,
    "p50": 3.9671465543295783,
    "p90": 4.040129390540556
  },
  "ema": {
    "fast": 0.7267411304382942,
    "slow": 0.7403693381805025,
    "fast_period": 20,
    "slow_period": 100
  },
  "etv": {
    "horizon_days": 1,
    "risk_budget_usd": 100,
    "expected_move_usd": 0.46222949589068196,
    "qty": 216.34274941132307,
    "notional_usd": 2645.8718253004813,
    "leverage": 1
  }
}