{
  "t": "2026-03-01T19:31:53.928Z",
  "spot": 8.73,
  "sigma_d": 0.05076266472426313,
  "ERI": 5.076266472426313,
  "percentiles": {
    "p10": 4.643143417202287,
    "p50": 4.719842461816033,
    "p90": 5.141629785830333
  },
  "ema": {
    "fast": 0.9718602800257916,
    "slow": 0.9612367260959567,
    "fast_period": 20,
    "slow_period": 100
  },
  "etv": {
    "horizon_days": 1,
    "risk_budget_usd": 100,
    "expected_move_usd": 0.44315806304281713,
    "qty": 225.6531209505223,
    "notional_usd": 1969.9517458980597,
    "leverage": 1
  }
}