{
  "t": "2026-01-08T11:30:19.731Z",
  "spot": 13.2,
  "sigma_d": 0.025464147306579067,
  "ERI": 2.5464147306579066,
  "percentiles": {
    "p10": 2.528583558212081,
    "p50": 2.698905016385451,
    "p90": 3.776238704747005
  },
  "ema": {
    "fast": 0.4951684254132221,
    "slow": 0.5057178800018678,
    "fast_period": 20,
    "slow_period": 100
  },
  "etv": {
    "horizon_days": 1,
    "risk_budget_usd": 100,
    "expected_move_usd": 0.33612674444684365,
    "qty": 297.506823399512,
    "notional_usd": 3927.090068873558,
    "leverage": 1
  }
}