{
  "t": "2025-12-06T22:28:35.661Z",
  "spot": 13.97,
  "sigma_d": 0.043628042946607416,
  "ERI": 4.362804294660742,
  "percentiles": {
    "p10": 4.118119650565298,
    "p50": 4.282953914526745,
    "p90": 4.3522717344326916
  },
  "ema": {
    "fast": 0.8308465049351984,
    "slow": 0.8239888500666733,
    "fast_period": 20,
    "slow_period": 100
  },
  "etv": {
    "horizon_days": 1,
    "risk_budget_usd": 100,
    "expected_move_usd": 0.6094837599641056,
    "qty": 164.07328064965884,
    "notional_usd": 2292.103730675734,
    "leverage": 1
  }
}