{
  "t": "2025-11-13T12:59:45.601Z",
  "spot": 15.72,
  "sigma_d": 0.04528272504584824,
  "ERI": 4.528272504584824,
  "percentiles": {
    "p10": 4.489549229404501,
    "p50": 6.001771773940257,
    "p90": 6.308191627099421
  },
  "ema": {
    "fast": 0.8656456975891019,
    "slow": 0.9178682763757566,
    "fast_period": 20,
    "slow_period": 100
  },
  "etv": {
    "horizon_days": 1,
    "risk_budget_usd": 100,
    "expected_move_usd": 0.7118444377207344,
    "qty": 140.4801311929774,
    "notional_usd": 2208.347662353605,
    "leverage": 1
  }
}