{
  "t": "2026-05-21T23:14:19.147Z",
  "spot": 9.73,
  "sigma_d": 0.021047026943219433,
  "ERI": 2.104702694321943,
  "percentiles": {
    "p10": 2.1133115114096532,
    "p50": 2.511385761814748,
    "p90": 2.7061107385324057
  },
  "ema": {
    "fast": 0.40398555943261505,
    "slow": 0.42450532965722665,
    "fast_period": 20,
    "slow_period": 100
  },
  "etv": {
    "horizon_days": 1,
    "risk_budget_usd": 100,
    "expected_move_usd": 0.2047875721575251,
    "qty": 488.3108820836002,
    "notional_usd": 4751.26488267343,
    "leverage": 1
  }
}