{
  "t": "2025-12-18T22:31:10.083Z",
  "spot": 11.97,
  "sigma_d": 0.039813873839341964,
  "ERI": 3.9813873839341962,
  "percentiles": {
    "p10": 3.9335864817287565,
    "p50": 4.039690707253291,
    "p90": 4.193703998677853
  },
  "ema": {
    "fast": 0.7617084009418901,
    "slow": 0.7619442307025922,
    "fast_period": 20,
    "slow_period": 100
  },
  "etv": {
    "horizon_days": 1,
    "risk_budget_usd": 100,
    "expected_move_usd": 0.47657206985692335,
    "qty": 209.83185193799133,
    "notional_usd": 2511.6872676977564,
    "leverage": 1
  }
}