{
  "t": "2026-04-30T14:21:12.319Z",
  "spot": 9.1,
  "sigma_d": 0.026778460932603693,
  "ERI": 2.6778460932603694,
  "percentiles": {
    "p10": 2.6910050118713373,
    "p50": 2.9814098780416742,
    "p90": 3.1611484400272216
  },
  "ema": {
    "fast": 0.5148018517568709,
    "slow": 0.5323212568767186,
    "fast_period": 20,
    "slow_period": 100
  },
  "etv": {
    "horizon_days": 1,
    "risk_budget_usd": 100,
    "expected_move_usd": 0.2436839944866936,
    "qty": 410.3675344400205,
    "notional_usd": 3734.3445634041864,
    "leverage": 1
  }
}