{
  "t": "2025-10-17T23:23:47.011Z",
  "spot": 16.61,
  "sigma_d": 0.05740043910967221,
  "ERI": 5.740043910967222,
  "percentiles": {
    "p10": 3.2741048676074316,
    "p50": 5.289618028325757,
    "p90": 5.734963675420762
  },
  "ema": {
    "fast": 1.0989315546288148,
    "slow": 1.0685748748236135,
    "fast_period": 20,
    "slow_period": 100
  },
  "etv": {
    "horizon_days": 1,
    "risk_budget_usd": 100,
    "expected_move_usd": 0.9534212936116554,
    "qty": 104.88542753349884,
    "notional_usd": 1742.1469513314157,
    "leverage": 1
  }
}