{
  "t": "2026-03-19T09:58:16.895Z",
  "spot": 9.15,
  "sigma_d": 0.03610867706777072,
  "ERI": 3.610867706777072,
  "percentiles": {
    "p10": 3.427595152318238,
    "p50": 3.534662273957117,
    "p90": 4.888519060746057
  },
  "ema": {
    "fast": 0.681186656241031,
    "slow": 0.672593093982871,
    "fast_period": 20,
    "slow_period": 100
  },
  "etv": {
    "horizon_days": 1,
    "risk_budget_usd": 100,
    "expected_move_usd": 0.3303943951701021,
    "qty": 302.66857265697695,
    "notional_usd": 2769.417439811339,
    "leverage": 1
  }
}