{
  "t": "2025-12-31T08:41:08.755Z",
  "spot": 12.4,
  "sigma_d": 0.03531494679801052,
  "ERI": 3.531494679801052,
  "percentiles": {
    "p10": 3.750277872798867,
    "p50": 3.7825748949377926,
    "p90": 4.020670192595982
  },
  "ema": {
    "fast": 0.6983675577556249,
    "slow": 0.716182991786566,
    "fast_period": 20,
    "slow_period": 100
  },
  "etv": {
    "horizon_days": 1,
    "risk_budget_usd": 100,
    "expected_move_usd": 0.43790534029533046,
    "qty": 228.35985496901768,
    "notional_usd": 2831.6622016158194,
    "leverage": 1
  }
}