{
  "t": "2025-11-22T11:21:26.978Z",
  "spot": 11.93,
  "sigma_d": 0.042130608398943566,
  "ERI": 4.213060839894356,
  "percentiles": {
    "p10": 4.147915623854,
    "p50": 4.414397973342143,
    "p90": 4.512768392361689
  },
  "ema": {
    "fast": 0.8068813103072904,
    "slow": 0.8129097125295619,
    "fast_period": 20,
    "slow_period": 100
  },
  "etv": {
    "horizon_days": 1,
    "risk_budget_usd": 100,
    "expected_move_usd": 0.5026181581993967,
    "qty": 198.9581919567824,
    "notional_usd": 2373.571230044414,
    "leverage": 1
  }
}