{
  "t": "2026-04-15T14:02:17.511Z",
  "spot": 9.14,
  "sigma_d": 0.03130217542531443,
  "ERI": 3.130217542531443,
  "percentiles": {
    "p10": 2.652230297274112,
    "p50": 2.916419680319275,
    "p90": 3.0558319469334685
  },
  "ema": {
    "fast": 0.6012981891232174,
    "slow": 0.5730176818969263,
    "fast_period": 20,
    "slow_period": 100
  },
  "etv": {
    "horizon_days": 1,
    "risk_budget_usd": 100,
    "expected_move_usd": 0.2861018833873739,
    "qty": 349.5258360973556,
    "notional_usd": 3194.6661419298302,
    "leverage": 1
  }
}