{
  "t": "2026-01-23T13:07:33.556Z",
  "spot": 12.24,
  "sigma_d": 0.02697312451890583,
  "ERI": 2.697312451890583,
  "percentiles": {
    "p10": 2.4055990817203687,
    "p50": 2.4884777490326497,
    "p90": 2.7000965401266357
  },
  "ema": {
    "fast": 0.5155776448593979,
    "slow": 0.499734563631895,
    "fast_period": 20,
    "slow_period": 100
  },
  "etv": {
    "horizon_days": 1,
    "risk_budget_usd": 100,
    "expected_move_usd": 0.33015104411140733,
    "qty": 302.89166665865713,
    "notional_usd": 3707.3939999019635,
    "leverage": 1
  }
}