{
  "t": "2025-09-04T03:35:00.354Z",
  "spot": 23.59,
  "sigma_d": 0.061522020716239766,
  "ERI": 6.152202071623977,
  "percentiles": {
    "p10": 5.484393670648377,
    "p50": 5.73108531030641,
    "p90": 6.224355034174327
  },
  "ema": {
    "fast": 1.1720938569435078,
    "slow": 0.9859977779094082,
    "fast_period": 20,
    "slow_period": 100
  },
  "etv": {
    "horizon_days": 1,
    "risk_budget_usd": 100,
    "expected_move_usd": 1.451304468696096,
    "qty": 68.9035293123872,
    "notional_usd": 1625.4342564792141,
    "leverage": 1
  }
}