{
  "t": "2025-09-26T11:22:39.652Z",
  "spot": 20.01,
  "sigma_d": 0.032251231345710424,
  "ERI": 3.2251231345710423,
  "percentiles": {
    "p10": 3.1244667380943825,
    "p50": 3.733290192869255,
    "p90": 4.633414346938624
  },
  "ema": {
    "fast": 0.6111674076391976,
    "slow": 0.6367335204399175,
    "fast_period": 20,
    "slow_period": 100
  },
  "etv": {
    "horizon_days": 1,
    "risk_budget_usd": 100,
    "expected_move_usd": 0.6453471392276656,
    "qty": 154.9553626590448,
    "notional_usd": 3100.6568068074866,
    "leverage": 1
  }
}