{
  "t": "2025-09-08T05:28:24.832Z",
  "spot": 22.46,
  "sigma_d": 0.05657626225613587,
  "ERI": 5.657626225613587,
  "percentiles": {
    "p10": 5.48439367064838,
    "p50": 6.041857554147631,
    "p90": 6.272997653257268
  },
  "ema": {
    "fast": 1.115031888441938,
    "slow": 1.1221394774901503,
    "fast_period": 20,
    "slow_period": 100
  },
  "etv": {
    "horizon_days": 1,
    "risk_budget_usd": 100,
    "expected_move_usd": 1.2707028502728117,
    "qty": 78.69660477941845,
    "notional_usd": 1767.5257433457384,
    "leverage": 1
  }
}