{
  "t": "2025-11-10T19:23:44.991Z",
  "spot": 16.15,
  "sigma_d": 0.048112314420196096,
  "ERI": 4.81123144201961,
  "percentiles": {
    "p10": 4.8122157146544415,
    "p50": 6.001771773940257,
    "p90": 6.308191627099421
  },
  "ema": {
    "fast": 0.9262814103874647,
    "slow": 1.0380999145249095,
    "fast_period": 20,
    "slow_period": 100
  },
  "etv": {
    "horizon_days": 1,
    "risk_budget_usd": 100,
    "expected_move_usd": 0.7770138778861669,
    "qty": 128.697830046544,
    "notional_usd": 2078.4699552516854,
    "leverage": 1
  }
}