{
  "t": "2026-02-27T06:01:59.669Z",
  "spot": 9.19,
  "sigma_d": 0.051431081798479564,
  "ERI": 5.143108179847957,
  "percentiles": {
    "p10": 4.622920154304456,
    "p50": 4.703886557805415,
    "p90": 5.133730260861733
  },
  "ema": {
    "fast": 0.9788677696348381,
    "slow": 0.9356812805152858,
    "fast_period": 20,
    "slow_period": 100
  },
  "etv": {
    "horizon_days": 1,
    "risk_budget_usd": 100,
    "expected_move_usd": 0.47265164172802715,
    "qty": 211.57231070730506,
    "notional_usd": 1944.3495354001334,
    "leverage": 1
  }
}