{
  "t": "2025-09-23T23:23:20.129Z",
  "spot": 21.64,
  "sigma_d": 0.03570550766593454,
  "ERI": 3.570550766593454,
  "percentiles": {
    "p10": 3.4952529629998814,
    "p50": 4.358854972214425,
    "p90": 5.1970494818229955
  },
  "ema": {
    "fast": 0.6836902666699044,
    "slow": 0.7100544296707699,
    "fast_period": 20,
    "slow_period": 100
  },
  "etv": {
    "horizon_days": 1,
    "risk_budget_usd": 100,
    "expected_move_usd": 0.7726671858908235,
    "qty": 129.42182847419357,
    "notional_usd": 2800.688368181549,
    "leverage": 1
  }
}