{
  "t": "2025-10-11T13:27:24.712Z",
  "spot": 17.75,
  "sigma_d": 0.052500749805573683,
  "ERI": 5.250074980557368,
  "percentiles": {
    "p10": 2.898875610941117,
    "p50": 3.0659004413519315,
    "p90": 3.427929292395046
  },
  "ema": {
    "fast": 0.957337100491872,
    "slow": 0.7473676043482342,
    "fast_period": 20,
    "slow_period": 100
  },
  "etv": {
    "horizon_days": 1,
    "risk_budget_usd": 100,
    "expected_move_usd": 0.9318883090489328,
    "qty": 107.30899725746968,
    "notional_usd": 1904.734701320087,
    "leverage": 1
  }
}