{
  "t": "2026-03-18T09:02:46.306Z",
  "spot": 9.85,
  "sigma_d": 0.03427663054276957,
  "ERI": 3.4276630542769566,
  "percentiles": {
    "p10": 3.427595152318238,
    "p50": 3.5388324523343906,
    "p90": 4.891184737295637
  },
  "ema": {
    "fast": 0.6564304833167338,
    "slow": 0.6677488832103237,
    "fast_period": 20,
    "slow_period": 100
  },
  "etv": {
    "horizon_days": 1,
    "risk_budget_usd": 100,
    "expected_move_usd": 0.3376248108462802,
    "qty": 296.1867634944926,
    "notional_usd": 2917.439620420752,
    "leverage": 1
  }
}