{
  "t": "2025-10-11T12:48:44.538Z",
  "spot": 17.87,
  "sigma_d": 0.05260469547049455,
  "ERI": 5.260469547049455,
  "percentiles": {
    "p10": 2.898875610941117,
    "p50": 3.065486094038204,
    "p90": 3.4249542589303346
  },
  "ema": {
    "fast": 0.9525278040511356,
    "slow": 0.7422028000587264,
    "fast_period": 20,
    "slow_period": 100
  },
  "etv": {
    "horizon_days": 1,
    "risk_budget_usd": 100,
    "expected_move_usd": 0.9400459080577377,
    "qty": 106.37778340699718,
    "notional_usd": 1900.9709894830398,
    "leverage": 1
  }
}