{
  "t": "2025-11-30T05:30:41.729Z",
  "spot": 13,
  "sigma_d": 0.04070848951093668,
  "ERI": 4.0708489510936685,
  "percentiles": {
    "p10": 4.118605339009189,
    "p50": 4.232934085716799,
    "p90": 4.305068385101941
  },
  "ema": {
    "fast": 0.7865511720460564,
    "slow": 0.8041684562139901,
    "fast_period": 20,
    "slow_period": 100
  },
  "etv": {
    "horizon_days": 1,
    "risk_budget_usd": 100,
    "expected_move_usd": 0.5292103636421769,
    "qty": 188.96077414616644,
    "notional_usd": 2456.490063900164,
    "leverage": 1
  }
}