{
  "t": "2026-03-13T23:38:41.532Z",
  "spot": 9.1,
  "sigma_d": 0.034836565497111116,
  "ERI": 3.4836565497111116,
  "percentiles": {
    "p10": 3.494402955666471,
    "p50": 4.0347908070157175,
    "p90": 5.076260411475055
  },
  "ema": {
    "fast": 0.6692395012963129,
    "slow": 0.6991493891046612,
    "fast_period": 20,
    "slow_period": 100
  },
  "etv": {
    "horizon_days": 1,
    "risk_budget_usd": 100,
    "expected_move_usd": 0.31701274602371116,
    "qty": 315.4447297602363,
    "notional_usd": 2870.5470408181504,
    "leverage": 1
  }
}