{
  "t": "2026-01-31T18:48:12.521Z",
  "spot": 9.41,
  "sigma_d": 0.0386104059549916,
  "ERI": 3.8610405954991602,
  "percentiles": {
    "p10": 2.5065558056689827,
    "p50": 2.730907867760201,
    "p90": 3.1563302283741317
  },
  "ema": {
    "fast": 0.6255313329415114,
    "slow": 0.5854601214249826,
    "fast_period": 20,
    "slow_period": 100
  },
  "etv": {
    "horizon_days": 1,
    "risk_budget_usd": 100,
    "expected_move_usd": 0.36332392003647096,
    "qty": 275.2364886681886,
    "notional_usd": 2589.9753583676547,
    "leverage": 1
  }
}