{
  "t": "2026-06-18T09:23:29.413Z",
  "spot": 8.04,
  "sigma_d": 0.03030729541085284,
  "ERI": 3.030729541085284,
  "percentiles": {
    "p10": 2.119956758481247,
    "p50": 2.274713644925839,
    "p90": 3.053002637188319
  },
  "ema": {
    "fast": 0.5795292086211702,
    "slow": 0.5560469037614435,
    "fast_period": 20,
    "slow_period": 100
  },
  "etv": {
    "horizon_days": 1,
    "risk_budget_usd": 100,
    "expected_move_usd": 0.2436706551032568,
    "qty": 410.38999939333866,
    "notional_usd": 3299.5355951224424,
    "leverage": 1
  }
}