{
  "t": "2025-11-14T18:39:50.506Z",
  "spot": 14.18,
  "sigma_d": 0.044105748772502736,
  "ERI": 4.410574877250274,
  "percentiles": {
    "p10": 4.454684281306459,
    "p50": 4.870050137280774,
    "p90": 6.308191627099421
  },
  "ema": {
    "fast": 0.845522152628932,
    "slow": 0.8876948777909662,
    "fast_period": 20,
    "slow_period": 100
  },
  "etv": {
    "horizon_days": 1,
    "risk_budget_usd": 100,
    "expected_move_usd": 0.6254195175940888,
    "qty": 159.89267553511536,
    "notional_usd": 2267.278139087936,
    "leverage": 1
  }
}