{
  "t": "2025-12-20T04:36:02.218Z",
  "spot": 12.5,
  "sigma_d": 0.040206645776054546,
  "ERI": 4.020664577605455,
  "percentiles": {
    "p10": 3.9335864817287565,
    "p50": 4.029082445521196,
    "p90": 4.193054556615247
  },
  "ema": {
    "fast": 0.7752108932919392,
    "slow": 0.7672200633936185,
    "fast_period": 20,
    "slow_period": 100
  },
  "etv": {
    "horizon_days": 1,
    "risk_budget_usd": 100,
    "expected_move_usd": 0.5025830722006819,
    "qty": 198.97208149515612,
    "notional_usd": 2487.1510186894516,
    "leverage": 1
  }
}