{
  "t": "2026-01-02T20:32:31.231Z",
  "spot": 13.27,
  "sigma_d": 0.02693194974545976,
  "ERI": 2.693194974545976,
  "percentiles": {
    "p10": 2.8831752051691635,
    "p50": 3.772304384620039,
    "p90": 3.839101169589198
  },
  "ema": {
    "fast": 0.5118891558916634,
    "slow": 0.6058410732748463,
    "fast_period": 20,
    "slow_period": 100
  },
  "etv": {
    "horizon_days": 1,
    "risk_budget_usd": 100,
    "expected_move_usd": 0.357386973122251,
    "qty": 279.8087438004997,
    "notional_usd": 3713.062030232631,
    "leverage": 1
  }
}