{
  "t": "2025-09-10T01:56:06.965Z",
  "spot": 23.04,
  "sigma_d": 0.05612396805308167,
  "ERI": 5.612396805308166,
  "percentiles": {
    "p10": 5.581576001265316,
    "p50": 5.906653670171741,
    "p90": 6.2722409997967805
  },
  "ema": {
    "fast": 1.0838031905366685,
    "slow": 1.1007039477777245,
    "fast_period": 20,
    "slow_period": 100
  },
  "etv": {
    "horizon_days": 1,
    "risk_budget_usd": 100,
    "expected_move_usd": 1.2930962239430015,
    "qty": 77.33376538296032,
    "notional_usd": 1781.7699544234058,
    "leverage": 1
  }
}