{
  "t": "2025-10-26T20:29:00.914Z",
  "spot": 18.09,
  "sigma_d": 0.05767748654073962,
  "ERI": 5.767748654073962,
  "percentiles": {
    "p10": 5.709212620264719,
    "p50": 5.841904673878349,
    "p90": 5.958543863703687
  },
  "ema": {
    "fast": 1.1050748916753468,
    "slow": 1.1178836024324408,
    "fast_period": 20,
    "slow_period": 100
  },
  "etv": {
    "horizon_days": 1,
    "risk_budget_usd": 100,
    "expected_move_usd": 1.0433857315219797,
    "qty": 95.8418320079293,
    "notional_usd": 1733.778741023441,
    "leverage": 1
  }
}