{
  "t": "2025-10-28T14:31:34.061Z",
  "spot": 18.63,
  "sigma_d": 0.05778489177920566,
  "ERI": 5.778489177920567,
  "percentiles": {
    "p10": 5.7119848055228815,
    "p50": 5.841904673878349,
    "p90": 5.958543863703687
  },
  "ema": {
    "fast": 1.1038686498073231,
    "slow": 1.1113753198611618,
    "fast_period": 20,
    "slow_period": 100
  },
  "etv": {
    "horizon_days": 1,
    "risk_budget_usd": 100,
    "expected_move_usd": 1.0765325338466014,
    "qty": 92.89082945100229,
    "notional_usd": 1730.5561526721726,
    "leverage": 1
  }
}