{
  "t": "2026-02-23T19:19:33.827Z",
  "spot": 8.26,
  "sigma_d": 0.047439523543919525,
  "ERI": 4.743952354391952,
  "percentiles": {
    "p10": 4.583125535968241,
    "p50": 4.705541686195698,
    "p90": 4.744039111092937
  },
  "ema": {
    "fast": 0.9005544091072055,
    "slow": 0.896570144765788,
    "fast_period": 20,
    "slow_period": 100
  },
  "etv": {
    "horizon_days": 1,
    "risk_budget_usd": 100,
    "expected_move_usd": 0.3918504644727753,
    "qty": 255.1993912640819,
    "notional_usd": 2107.9469718413166,
    "leverage": 1
  }
}