{
  "t": "2025-12-25T17:28:35.767Z",
  "spot": 12.29,
  "sigma_d": 0.03772318878347085,
  "ERI": 3.7723188783470847,
  "percentiles": {
    "p10": 3.7818516753795732,
    "p50": 3.934946283927408,
    "p90": 4.028143172055565
  },
  "ema": {
    "fast": 0.721425822599289,
    "slow": 0.7322454000579592,
    "fast_period": 20,
    "slow_period": 100
  },
  "etv": {
    "horizon_days": 1,
    "risk_budget_usd": 100,
    "expected_move_usd": 0.4636179901488567,
    "qty": 215.69482229948062,
    "notional_usd": 2650.889366060617,
    "leverage": 1
  }
}