{
  "t": "2026-03-30T13:58:27.376Z",
  "spot": 8.85,
  "sigma_d": 0.030850578881287973,
  "ERI": 3.085057888128797,
  "percentiles": {
    "p10": 3.0146359431996865,
    "p50": 3.536461500757401,
    "p90": 3.6384711783368635
  },
  "ema": {
    "fast": 0.5722156393336475,
    "slow": 0.6086307819179857,
    "fast_period": 20,
    "slow_period": 100
  },
  "etv": {
    "horizon_days": 1,
    "risk_budget_usd": 100,
    "expected_move_usd": 0.27302762309939854,
    "qty": 366.2633064918635,
    "notional_usd": 3241.430262452992,
    "leverage": 1
  }
}