{
  "t": "2026-03-20T09:55:53.288Z",
  "spot": 9.09,
  "sigma_d": 0.035946598160603783,
  "ERI": 3.5946598160603784,
  "percentiles": {
    "p10": 3.427595152318238,
    "p50": 3.534662273957117,
    "p90": 4.030911032153301
  },
  "ema": {
    "fast": 0.6885294112494778,
    "slow": 0.6780121357635073,
    "fast_period": 20,
    "slow_period": 100
  },
  "etv": {
    "horizon_days": 1,
    "risk_budget_usd": 100,
    "expected_move_usd": 0.3267545772798884,
    "qty": 306.04008926963843,
    "notional_usd": 2781.9044114610133,
    "leverage": 1
  }
}