{
  "t": "2025-12-14T11:24:33.017Z",
  "spot": 13.58,
  "sigma_d": 0.03927584030569275,
  "ERI": 3.9275840305692746,
  "percentiles": {
    "p10": 4.025069969633258,
    "p50": 4.173772793337414,
    "p90": 4.334807203120736
  },
  "ema": {
    "fast": 0.7571233659249538,
    "slow": 0.7756343363725471,
    "fast_period": 20,
    "slow_period": 100
  },
  "etv": {
    "horizon_days": 1,
    "risk_budget_usd": 100,
    "expected_move_usd": 0.5333659113513075,
    "qty": 187.48854749011858,
    "notional_usd": 2546.09447491581,
    "leverage": 1
  }
}