{
  "t": "2026-01-25T11:26:48.864Z",
  "spot": 12.1,
  "sigma_d": 0.026724992309765792,
  "ERI": 2.6724992309765794,
  "percentiles": {
    "p10": 2.4080869772432,
    "p50": 2.6480892122508615,
    "p90": 2.7011119827270647
  },
  "ema": {
    "fast": 0.5112078030576757,
    "slow": 0.5065493865075446,
    "fast_period": 20,
    "slow_period": 100
  },
  "etv": {
    "horizon_days": 1,
    "risk_budget_usd": 100,
    "expected_move_usd": 0.3233724069481661,
    "qty": 309.24097990843467,
    "notional_usd": 3741.8158568920594,
    "leverage": 1
  }
}