{
  "t": "2026-06-13T16:41:29.397Z",
  "spot": 7.96,
  "sigma_d": 0.03058563969122711,
  "ERI": 3.0585639691227113,
  "percentiles": {
    "p10": 2.1046049427482103,
    "p50": 2.249324684121694,
    "p90": 3.0130068517567876
  },
  "ema": {
    "fast": 0.583912662659038,
    "slow": 0.5367074630839735,
    "fast_period": 20,
    "slow_period": 100
  },
  "etv": {
    "horizon_days": 1,
    "risk_budget_usd": 100,
    "expected_move_usd": 0.2434616919421678,
    "qty": 410.74223711447024,
    "notional_usd": 3269.508207431183,
    "leverage": 1
  }
}