{
  "t": "2026-05-23T17:14:34.547Z",
  "spot": 9.29,
  "sigma_d": 0.02211677818074258,
  "ERI": 2.211677818074258,
  "percentiles": {
    "p10": 2.1046049427482103,
    "p50": 2.4466188234980626,
    "p90": 2.682960643453671
  },
  "ema": {
    "fast": 0.41438355666883,
    "slow": 0.42189236077125525,
    "fast_period": 20,
    "slow_period": 100
  },
  "etv": {
    "horizon_days": 1,
    "risk_budget_usd": 100,
    "expected_move_usd": 0.20546486929909855,
    "qty": 486.7012075647267,
    "notional_usd": 4521.454218276311,
    "leverage": 1
  }
}