{
  "t": "2026-01-28T08:48:18.361Z",
  "spot": 11.92,
  "sigma_d": 0.02923637124255252,
  "ERI": 2.923637124255252,
  "percentiles": {
    "p10": 2.419793577482409,
    "p50": 2.6756806813699043,
    "p90": 2.9231810854854543
  },
  "ema": {
    "fast": 0.5582317512329393,
    "slow": 0.5393058557536593,
    "fast_period": 20,
    "slow_period": 100
  },
  "etv": {
    "horizon_days": 1,
    "risk_budget_usd": 100,
    "expected_move_usd": 0.34849754521122606,
    "qty": 286.94606712190614,
    "notional_usd": 3420.397120093121,
    "leverage": 1
  }
}