{
  "t": "2025-10-08T11:22:50.623Z",
  "spot": 22.13,
  "sigma_d": 0.03299225299731218,
  "ERI": 3.2992252997312175,
  "percentiles": {
    "p10": 2.898875610941117,
    "p50": 3.0445627556185504,
    "p90": 3.1747020368584087
  },
  "ema": {
    "fast": 0.6236273245320259,
    "slow": 0.5928888805741066,
    "fast_period": 20,
    "slow_period": 100
  },
  "etv": {
    "horizon_days": 1,
    "risk_budget_usd": 100,
    "expected_move_usd": 0.7301185588305185,
    "qty": 136.96405712543034,
    "notional_usd": 3031.0145841857734,
    "leverage": 1
  }
}