{
  "t": "2025-10-28T04:33:10.446Z",
  "spot": 18.2,
  "sigma_d": 0.057578680208952515,
  "ERI": 5.757868020895252,
  "percentiles": {
    "p10": 5.7116959644045275,
    "p50": 5.841904673878349,
    "p90": 5.958543863703687
  },
  "ema": {
    "fast": 1.1061504227645953,
    "slow": 1.113409072776208,
    "fast_period": 20,
    "slow_period": 100
  },
  "etv": {
    "horizon_days": 1,
    "risk_budget_usd": 100,
    "expected_move_usd": 1.0479319798029358,
    "qty": 95.42604093331043,
    "notional_usd": 1736.7539449862497,
    "leverage": 1
  }
}