{
  "t": "2026-02-08T21:38:22.625Z",
  "spot": 8.84,
  "sigma_d": 0.047414858200156305,
  "ERI": 4.7414858200156305,
  "percentiles": {
    "p10": 2.925016455484083,
    "p50": 3.2655383652031347,
    "p90": 4.741047624798154
  },
  "ema": {
    "fast": 0.9048843529037747,
    "slow": 0.8112311949773457,
    "fast_period": 20,
    "slow_period": 100
  },
  "etv": {
    "horizon_days": 1,
    "risk_budget_usd": 100,
    "expected_move_usd": 0.41914734648938173,
    "qty": 238.57958504941485,
    "notional_usd": 2109.0435318368272,
    "leverage": 1
  }
}