{
  "t": "2025-10-13T19:20:48.405Z",
  "spot": 19.96,
  "sigma_d": 0.05652407116210192,
  "ERI": 5.652407116210192,
  "percentiles": {
    "p10": 2.898875610941117,
    "p50": 3.293614233683314,
    "p90": 5.556870756587522
  },
  "ema": {
    "fast": 1.0652301747857922,
    "slow": 0.9348251925413733,
    "fast_period": 20,
    "slow_period": 100
  },
  "etv": {
    "horizon_days": 1,
    "risk_budget_usd": 100,
    "expected_move_usd": 1.1282204603955543,
    "qty": 88.63515909376433,
    "notional_usd": 1769.157775511536,
    "leverage": 1
  }
}