{
  "t": "2026-05-04T14:25:56.907Z",
  "spot": 9.44,
  "sigma_d": 0.0262945479186999,
  "ERI": 2.62945479186999,
  "percentiles": {
    "p10": 2.5710103204141146,
    "p50": 2.9358099359917444,
    "p90": 3.1151181867837416
  },
  "ema": {
    "fast": 0.49510431267010674,
    "slow": 0.5088707527050538,
    "fast_period": 20,
    "slow_period": 100
  },
  "etv": {
    "horizon_days": 1,
    "risk_budget_usd": 100,
    "expected_move_usd": 0.24822053235252703,
    "qty": 402.86755915090174,
    "notional_usd": 3803.069758384512,
    "leverage": 1
  }
}