{
  "t": "2025-10-21T12:59:04.791Z",
  "spot": 18.25,
  "sigma_d": 0.059355956778225825,
  "ERI": 5.935595677822582,
  "percentiles": {
    "p10": 5.198453615600585,
    "p50": 5.702160502627947,
    "p90": 5.943825724455742
  },
  "ema": {
    "fast": 1.1362434804759869,
    "slow": 1.10845120639363,
    "fast_period": 20,
    "slow_period": 100
  },
  "etv": {
    "horizon_days": 1,
    "risk_budget_usd": 100,
    "expected_move_usd": 1.0832462112026213,
    "qty": 92.31511632889061,
    "notional_usd": 1684.7508730022537,
    "leverage": 1
  }
}