{
  "t": "2026-04-01T06:02:28.014Z",
  "spot": 8.92,
  "sigma_d": 0.029217649500077294,
  "ERI": 2.9217649500077294,
  "percentiles": {
    "p10": 2.957346087962711,
    "p50": 3.536461500757401,
    "p90": 3.6384711783368635
  },
  "ema": {
    "fast": 0.5652293155768213,
    "slow": 0.5935419161291915,
    "fast_period": 20,
    "slow_period": 100
  },
  "etv": {
    "horizon_days": 1,
    "risk_budget_usd": 100,
    "expected_move_usd": 0.26062143354068945,
    "qty": 383.6982961893943,
    "notional_usd": 3422.588802009397,
    "leverage": 1
  }
}