{
  "t": "2026-05-01T04:11:38.623Z",
  "spot": 9.17,
  "sigma_d": 0.02657909272627774,
  "ERI": 2.657909272627774,
  "percentiles": {
    "p10": 2.687640115429609,
    "p50": 2.9814098780416742,
    "p90": 3.1611484400272216
  },
  "ema": {
    "fast": 0.5129906958347457,
    "slow": 0.5299008308575848,
    "fast_period": 20,
    "slow_period": 100
  },
  "etv": {
    "horizon_days": 1,
    "risk_budget_usd": 100,
    "expected_move_usd": 0.24373028029996688,
    "qty": 410.2896032324203,
    "notional_usd": 3762.355661641294,
    "leverage": 1
  }
}