{
  "t": "2025-11-15T12:51:53.751Z",
  "spot": 14.12,
  "sigma_d": 0.04453089548621264,
  "ERI": 4.453089548621264,
  "percentiles": {
    "p10": 4.449472193470016,
    "p50": 4.8115839033248315,
    "p90": 6.306589449301653
  },
  "ema": {
    "fast": 0.8490370635597503,
    "slow": 0.8772819790483253,
    "fast_period": 20,
    "slow_period": 100
  },
  "etv": {
    "horizon_days": 1,
    "risk_budget_usd": 100,
    "expected_move_usd": 0.6287762442653224,
    "qty": 159.0390872938313,
    "notional_usd": 2245.6319125888976,
    "leverage": 1
  }
}