{
  "t": "2026-06-28T16:21:54.198Z",
  "spot": 7.29,
  "sigma_d": 0.030035286559382226,
  "ERI": 3.0035286559382226,
  "percentiles": {
    "p10": 2.251143358126301,
    "p50": 2.968556121397509,
    "p90": 3.0581366947690714
  },
  "ema": {
    "fast": 0.5744734494562551,
    "slow": 0.5697242633548298,
    "fast_period": 20,
    "slow_period": 100
  },
  "etv": {
    "horizon_days": 1,
    "risk_budget_usd": 100,
    "expected_move_usd": 0.21895723901789643,
    "qty": 456.7101797982871,
    "notional_usd": 3329.4172107295126,
    "leverage": 1
  }
}