{
  "t": "2026-04-12T13:21:56.431Z",
  "spot": 8.78,
  "sigma_d": 0.02969702335767338,
  "ERI": 2.969702335767338,
  "percentiles": {
    "p10": 2.652230297274112,
    "p50": 2.916419680319275,
    "p90": 3.036441583369655
  },
  "ema": {
    "fast": 0.561966356351112,
    "slow": 0.5481870590706759,
    "fast_period": 20,
    "slow_period": 100
  },
  "etv": {
    "horizon_days": 1,
    "risk_budget_usd": 100,
    "expected_move_usd": 0.2607398650803723,
    "qty": 383.5240152831072,
    "notional_usd": 3367.3408541856807,
    "leverage": 1
  }
}