{
  "t": "2026-01-20T20:47:19.924Z",
  "spot": 12.28,
  "sigma_d": 0.025912910938890508,
  "ERI": 2.5912910938890508,
  "percentiles": {
    "p10": 2.4055990817203687,
    "p50": 2.483110998768935,
    "p90": 2.653462855241299
  },
  "ema": {
    "fast": 0.480497493705703,
    "slow": 0.4705990018323856,
    "fast_period": 20,
    "slow_period": 100
  },
  "etv": {
    "horizon_days": 1,
    "risk_budget_usd": 100,
    "expected_move_usd": 0.3182105463295754,
    "qty": 314.2573404730229,
    "notional_usd": 3859.080141008721,
    "leverage": 1
  }
}