{
  "t": "2026-01-13T06:49:37.231Z",
  "spot": 13.2,
  "sigma_d": 0.024050621216869263,
  "ERI": 2.4050621216869263,
  "percentiles": {
    "p10": 2.469418643528904,
    "p50": 2.537964598476931,
    "p90": 2.710493759048815
  },
  "ema": {
    "fast": 0.4674338820803593,
    "slow": 0.4783887358595165,
    "fast_period": 20,
    "slow_period": 100
  },
  "etv": {
    "horizon_days": 1,
    "risk_budget_usd": 100,
    "expected_move_usd": 0.31746820006267423,
    "qty": 314.99217868201634,
    "notional_usd": 4157.896758602616,
    "leverage": 1
  }
}