{
  "t": "2026-05-29T12:25:21.483Z",
  "spot": 8.92,
  "sigma_d": 0.02251660586500665,
  "ERI": 2.251660586500665,
  "percentiles": {
    "p10": 2.1046049427482103,
    "p50": 2.251147852833342,
    "p90": 2.6051013332299595
  },
  "ema": {
    "fast": 0.4292460663902507,
    "slow": 0.4251643234870684,
    "fast_period": 20,
    "slow_period": 100
  },
  "etv": {
    "horizon_days": 1,
    "risk_budget_usd": 100,
    "expected_move_usd": 0.20084812431585933,
    "qty": 497.88864267777393,
    "notional_usd": 4441.166692685743,
    "leverage": 1
  }
}