{
  "t": "2026-05-05T06:26:50.223Z",
  "spot": 9.51,
  "sigma_d": 0.026048920009043543,
  "ERI": 2.6048920009043544,
  "percentiles": {
    "p10": 2.5710103204141146,
    "p50": 2.863703409760876,
    "p90": 3.088385081301372
  },
  "ema": {
    "fast": 0.49691969259458285,
    "slow": 0.50756552276697,
    "fast_period": 20,
    "slow_period": 100
  },
  "etv": {
    "horizon_days": 1,
    "risk_budget_usd": 100,
    "expected_move_usd": 0.2477252292860041,
    "qty": 403.6730545702628,
    "notional_usd": 3838.930748963199,
    "leverage": 1
  }
}