{
  "t": "2026-02-05T20:48:09.016Z",
  "spot": 8.04,
  "sigma_d": 0.03989778824720457,
  "ERI": 3.989778824720457,
  "percentiles": {
    "p10": 2.675721824784282,
    "p50": 3.1128717623245414,
    "p90": 3.373105299013617
  },
  "ema": {
    "fast": 0.659918541758582,
    "slow": 0.6309366489741164,
    "fast_period": 20,
    "slow_period": 100
  },
  "etv": {
    "horizon_days": 1,
    "risk_budget_usd": 100,
    "expected_move_usd": 0.3207782175075247,
    "qty": 311.74186569465,
    "notional_usd": 2506.404600184986,
    "leverage": 1
  }
}