{
  "t": "2025-11-07T23:24:59.583Z",
  "spot": 15.93,
  "sigma_d": 0.06320426196312406,
  "ERI": 6.320426196312407,
  "percentiles": {
    "p10": 5.768268262824236,
    "p50": 5.818339157128204,
    "p90": 6.308191627099421
  },
  "ema": {
    "fast": 1.1912095851618838,
    "slow": 1.1747804787925267,
    "fast_period": 20,
    "slow_period": 100
  },
  "etv": {
    "horizon_days": 1,
    "risk_budget_usd": 100,
    "expected_move_usd": 1.0068438930725663,
    "qty": 99.32026274185556,
    "notional_usd": 1582.171785477759,
    "leverage": 1
  }
}