{
  "t": "2025-12-06T15:26:56.868Z",
  "spot": 13.83,
  "sigma_d": 0.043441208363602136,
  "ERI": 4.344120836360213,
  "percentiles": {
    "p10": 4.118119650565298,
    "p50": 4.273522567128559,
    "p90": 4.335916557834282
  },
  "ema": {
    "fast": 0.8285758901210276,
    "slow": 0.822630911850904,
    "fast_period": 20,
    "slow_period": 100
  },
  "etv": {
    "horizon_days": 1,
    "risk_budget_usd": 100,
    "expected_move_usd": 0.6007919116686176,
    "qty": 166.4469811556944,
    "notional_usd": 2301.9617493832534,
    "leverage": 1
  }
}