{
  "t": "2026-06-29T06:02:17.725Z",
  "spot": 7.29,
  "sigma_d": 0.02976867308204089,
  "ERI": 2.976867308204089,
  "percentiles": {
    "p10": 2.2570011658896005,
    "p50": 2.9738321929913365,
    "p90": 3.0581366947690714
  },
  "ema": {
    "fast": 0.5730859452812848,
    "slow": 0.5698637829553778,
    "fast_period": 20,
    "slow_period": 100
  },
  "etv": {
    "horizon_days": 1,
    "risk_budget_usd": 100,
    "expected_move_usd": 0.2170136267680781,
    "qty": 460.8005565791947,
    "notional_usd": 3359.2360574623294,
    "leverage": 1
  }
}