{
  "t": "2026-01-09T16:41:17.563Z",
  "spot": 13.31,
  "sigma_d": 0.025257700389167775,
  "ERI": 2.5257700389167774,
  "percentiles": {
    "p10": 2.522154094708883,
    "p50": 2.6431028339564144,
    "p90": 3.776238704747005
  },
  "ema": {
    "fast": 0.48373818866121676,
    "slow": 0.4970371668979552,
    "fast_period": 20,
    "slow_period": 100
  },
  "etv": {
    "horizon_days": 1,
    "risk_budget_usd": 100,
    "expected_move_usd": 0.3361799921798231,
    "qty": 297.45970113090453,
    "notional_usd": 3959.1886220523397,
    "leverage": 1
  }
}