{
  "t": "2026-05-08T12:16:46.040Z",
  "spot": 9.94,
  "sigma_d": 0.02318183907824308,
  "ERI": 2.318183907824308,
  "percentiles": {
    "p10": 2.5664440070870818,
    "p50": 2.711026217180088,
    "p90": 3.058803830140325
  },
  "ema": {
    "fast": 0.47406893221502755,
    "slow": 0.49928206009806203,
    "fast_period": 20,
    "slow_period": 100
  },
  "etv": {
    "horizon_days": 1,
    "risk_budget_usd": 100,
    "expected_move_usd": 0.23042748043773623,
    "qty": 433.9760162721607,
    "notional_usd": 4313.7216017452765,
    "leverage": 1
  }
}