{
  "t": "2026-01-21T02:29:36.674Z",
  "spot": 12.31,
  "sigma_d": 0.026933890176269445,
  "ERI": 2.6933890176269446,
  "percentiles": {
    "p10": 2.4055990817203687,
    "p50": 2.483110998768935,
    "p90": 2.6543847708477446
  },
  "ema": {
    "fast": 0.4893076238946994,
    "slow": 0.47336988648198586,
    "fast_period": 20,
    "slow_period": 100
  },
  "etv": {
    "horizon_days": 1,
    "risk_budget_usd": 100,
    "expected_move_usd": 0.3315561880698769,
    "qty": 301.60800370561793,
    "notional_usd": 3712.794525616157,
    "leverage": 1
  }
}