{
  "t": "2026-04-30T09:22:52.767Z",
  "spot": 9.11,
  "sigma_d": 0.026776976983966055,
  "ERI": 2.6776976983966057,
  "percentiles": {
    "p10": 2.696631911875831,
    "p50": 2.9814098780416742,
    "p90": 3.1611484400272216
  },
  "ema": {
    "fast": 0.5155160411177226,
    "slow": 0.5331678292930857,
    "fast_period": 20,
    "slow_period": 100
  },
  "etv": {
    "horizon_days": 1,
    "risk_budget_usd": 100,
    "expected_move_usd": 0.24393826032393076,
    "qty": 409.9397932378787,
    "notional_usd": 3734.5515163970745,
    "leverage": 1
  }
}