{
  "t": "2026-03-13T19:41:13.483Z",
  "spot": 9.12,
  "sigma_d": 0.03484123467354557,
  "ERI": 3.484123467354557,
  "percentiles": {
    "p10": 3.49964724791282,
    "p50": 4.419807116138222,
    "p90": 5.079679730396266
  },
  "ema": {
    "fast": 0.6709333289434811,
    "slow": 0.7019259214018498,
    "fast_period": 20,
    "slow_period": 100
  },
  "etv": {
    "horizon_days": 1,
    "risk_budget_usd": 100,
    "expected_move_usd": 0.3177520602227356,
    "qty": 314.7107840304881,
    "notional_usd": 2870.1623503580513,
    "leverage": 1
  }
}