{
  "t": "2025-12-30T05:35:00.676Z",
  "spot": 12.31,
  "sigma_d": 0.03774961154543857,
  "ERI": 3.774961154543857,
  "percentiles": {
    "p10": 3.7540600216572577,
    "p50": 3.7934619633427613,
    "p90": 4.022310698658717
  },
  "ema": {
    "fast": 0.7212917136631354,
    "slow": 0.7223095035050026,
    "fast_period": 20,
    "slow_period": 100
  },
  "etv": {
    "horizon_days": 1,
    "risk_budget_usd": 100,
    "expected_move_usd": 0.46469771812434885,
    "qty": 215.19365406748332,
    "notional_usd": 2649.0338815707196,
    "leverage": 1
  }
}