{
  "t": "2025-09-06T03:33:05.317Z",
  "spot": 22.44,
  "sigma_d": 0.06037604364080022,
  "ERI": 6.037604364080022,
  "percentiles": {
    "p10": 5.484393670648378,
    "p50": 6.18807149906467,
    "p90": 6.274004096201324
  },
  "ema": {
    "fast": 1.1863129618205517,
    "slow": 1.1090869481147514,
    "fast_period": 20,
    "slow_period": 100
  },
  "etv": {
    "horizon_days": 1,
    "risk_budget_usd": 100,
    "expected_move_usd": 1.354838419299557,
    "qty": 73.8095396288654,
    "notional_usd": 1656.2860692717395,
    "leverage": 1
  }
}