{
  "t": "2025-10-14T22:27:14.313Z",
  "spot": 19.1,
  "sigma_d": 0.0565195654620882,
  "ERI": 5.651956546208821,
  "percentiles": {
    "p10": 2.898875610941117,
    "p50": 3.360787893560853,
    "p90": 5.637713893503834
  },
  "ema": {
    "fast": 1.0838316709058338,
    "slow": 0.9942501626750706,
    "fast_period": 20,
    "slow_period": 100
  },
  "etv": {
    "horizon_days": 1,
    "risk_budget_usd": 100,
    "expected_move_usd": 1.0795237003258846,
    "qty": 92.63344562959774,
    "notional_usd": 1769.298811525317,
    "leverage": 1
  }
}