{
  "t": "2025-11-02T23:24:07.974Z",
  "spot": 17.36,
  "sigma_d": 0.058165423226297995,
  "ERI": 5.816542322629799,
  "percentiles": {
    "p10": 5.766426315714119,
    "p50": 5.804579385042821,
    "p90": 5.944066491865708
  },
  "ema": {
    "fast": 1.1098607883993925,
    "slow": 1.1098017024577125,
    "fast_period": 20,
    "slow_period": 100
  },
  "etv": {
    "horizon_days": 1,
    "risk_budget_usd": 100,
    "expected_move_usd": 1.0097517472085331,
    "qty": 99.03424309633611,
    "notional_usd": 1719.2344601523948,
    "leverage": 1
  }
}