{
  "t": "2025-12-10T13:47:15.773Z",
  "spot": 14.13,
  "sigma_d": 0.04200599246988724,
  "ERI": 4.200599246988724,
  "percentiles": {
    "p10": 4.114604769567366,
    "p50": 4.1970094850166575,
    "p90": 4.355298909861288
  },
  "ema": {
    "fast": 0.8027955698232996,
    "slow": 0.8040110454496483,
    "fast_period": 20,
    "slow_period": 100
  },
  "etv": {
    "horizon_days": 1,
    "risk_budget_usd": 100,
    "expected_move_usd": 0.5935446735995067,
    "qty": 168.47931494955145,
    "notional_usd": 2380.612720237162,
    "leverage": 1
  }
}