{
  "t": "2026-04-20T18:06:41.398Z",
  "spot": 9.31,
  "sigma_d": 0.031074776002206917,
  "ERI": 3.1074776002206916,
  "percentiles": {
    "p10": 2.652230297274112,
    "p50": 2.923787595087803,
    "p90": 3.1611484400272216
  },
  "ema": {
    "fast": 0.5878699557264215,
    "slow": 0.5837855465351243,
    "fast_period": 20,
    "slow_period": 100
  },
  "etv": {
    "horizon_days": 1,
    "risk_budget_usd": 100,
    "expected_move_usd": 0.2893061645805464,
    "qty": 345.6545772019274,
    "notional_usd": 3218.0441137499442,
    "leverage": 1
  }
}