{
  "t": "2025-12-05T20:33:32.963Z",
  "spot": 13.6,
  "sigma_d": 0.04366269379227397,
  "ERI": 4.366269379227397,
  "percentiles": {
    "p10": 4.118119650565298,
    "p50": 4.248934629375093,
    "p90": 4.327968846530851
  },
  "ema": {
    "fast": 0.8274494972781657,
    "slow": 0.8199453083060466,
    "fast_period": 20,
    "slow_period": 100
  },
  "etv": {
    "horizon_days": 1,
    "risk_budget_usd": 100,
    "expected_move_usd": 0.593812635574926,
    "qty": 168.40328751708114,
    "notional_usd": 2290.2847102323035,
    "leverage": 1
  }
}