{
  "t": "2025-10-03T04:29:58.553Z",
  "spot": 22.68,
  "sigma_d": 0.030477391827536667,
  "ERI": 3.047739182753667,
  "percentiles": {
    "p10": 2.9847085730369316,
    "p50": 3.1177155700102577,
    "p90": 3.576823530968981
  },
  "ema": {
    "fast": 0.5838436524833857,
    "slow": 0.5866319050673178,
    "fast_period": 20,
    "slow_period": 100
  },
  "etv": {
    "horizon_days": 1,
    "risk_budget_usd": 100,
    "expected_move_usd": 0.6912272466485316,
    "qty": 144.67022312106138,
    "notional_usd": 3281.120660385672,
    "leverage": 1
  }
}