{
  "t": "2026-03-06T17:55:09.874Z",
  "spot": 8.7,
  "sigma_d": 0.04984435500832803,
  "ERI": 4.984435500832803,
  "percentiles": {
    "p10": 4.698896372054957,
    "p50": 4.891395564104597,
    "p90": 5.141629785830333
  },
  "ema": {
    "fast": 0.9390849842070903,
    "slow": 0.9415418628078978,
    "fast_period": 20,
    "slow_period": 100
  },
  "etv": {
    "horizon_days": 1,
    "risk_budget_usd": 100,
    "expected_move_usd": 0.43364588857245384,
    "qty": 230.602901204013,
    "notional_usd": 2006.2452404749129,
    "leverage": 1
  }
}