{
  "t": "2026-02-10T17:15:23.736Z",
  "spot": 8.57,
  "sigma_d": 0.04741583046219216,
  "ERI": 4.7415830462192154,
  "percentiles": {
    "p10": 2.9445981363762117,
    "p50": 3.3075004277109565,
    "p90": 4.74370821474526
  },
  "ema": {
    "fast": 0.9059257118624244,
    "slow": 0.8473512085930603,
    "fast_period": 20,
    "slow_period": 100
  },
  "etv": {
    "horizon_days": 1,
    "risk_budget_usd": 100,
    "expected_move_usd": 0.4063536670609868,
    "qty": 246.09104852741908,
    "notional_usd": 2109.0002858799817,
    "leverage": 1
  }
}