{
  "t": "2025-10-07T22:25:56.669Z",
  "spot": 22.09,
  "sigma_d": 0.03261053549621283,
  "ERI": 3.261053549621283,
  "percentiles": {
    "p10": 2.898875610941117,
    "p50": 3.0445627556185504,
    "p90": 3.174342756464835
  },
  "ema": {
    "fast": 0.6106028098651439,
    "slow": 0.5830323128652479,
    "fast_period": 20,
    "slow_period": 100
  },
  "etv": {
    "horizon_days": 1,
    "risk_budget_usd": 100,
    "expected_move_usd": 0.7203667291113415,
    "qty": 138.8181824046232,
    "notional_usd": 3066.4936493181267,
    "leverage": 1
  }
}