{
  "t": "2026-02-27T07:09:33.409Z",
  "spot": 9.18,
  "sigma_d": 0.05141951453086244,
  "ERI": 5.141951453086244,
  "percentiles": {
    "p10": 4.623634227133404,
    "p50": 4.7040291440105175,
    "p90": 5.133848075633794
  },
  "ema": {
    "fast": 0.9792011673610574,
    "slow": 0.936605778836966,
    "fast_period": 20,
    "slow_period": 100
  },
  "etv": {
    "horizon_days": 1,
    "risk_budget_usd": 100,
    "expected_move_usd": 0.47203114339331714,
    "qty": 211.8504285143652,
    "notional_usd": 1944.7869337618724,
    "leverage": 1
  }
}