{
  "t": "2025-10-10T16:33:33.907Z",
  "spot": 21.45,
  "sigma_d": 0.033840076234546615,
  "ERI": 3.3840076234546617,
  "percentiles": {
    "p10": 2.898875610941117,
    "p50": 3.0538413643010602,
    "p90": 3.3806543671270286
  },
  "ema": {
    "fast": 0.6472110284890714,
    "slow": 0.6264401471949331,
    "fast_period": 20,
    "slow_period": 100
  },
  "etv": {
    "horizon_days": 1,
    "risk_budget_usd": 100,
    "expected_move_usd": 0.7258696352310249,
    "qty": 137.76578485497976,
    "notional_usd": 2955.0760851393156,
    "leverage": 1
  }
}