{
  "t": "2026-03-31T13:57:50.058Z",
  "spot": 8.74,
  "sigma_d": 0.029569011504107637,
  "ERI": 2.9569011504107636,
  "percentiles": {
    "p10": 2.9625406589428445,
    "p50": 3.536461500757401,
    "p90": 3.6384711783368635
  },
  "ema": {
    "fast": 0.568412571740411,
    "slow": 0.5994373736579574,
    "fast_period": 20,
    "slow_period": 100
  },
  "etv": {
    "horizon_days": 1,
    "risk_budget_usd": 100,
    "expected_move_usd": 0.25843316054590076,
    "qty": 386.94724697389915,
    "notional_usd": 3381.918938551879,
    "leverage": 1
  }
}