{
  "t": "2026-03-04T09:54:19.957Z",
  "spot": 9.25,
  "sigma_d": 0.048873105064118946,
  "ERI": 4.887310506411895,
  "percentiles": {
    "p10": 4.643143417202287,
    "p50": 4.799888326054086,
    "p90": 5.141629785830333
  },
  "ema": {
    "fast": 0.9280635140748582,
    "slow": 0.9456263950661936,
    "fast_period": 20,
    "slow_period": 100
  },
  "etv": {
    "horizon_days": 1,
    "risk_budget_usd": 100,
    "expected_move_usd": 0.45207622184310026,
    "qty": 221.20163629111747,
    "notional_usd": 2046.1151356928365,
    "leverage": 1
  }
}