{
  "t": "2025-12-13T02:08:09.110Z",
  "spot": 13.66,
  "sigma_d": 0.04021615040320115,
  "ERI": 4.021615040320115,
  "percentiles": {
    "p10": 4.0795963355909795,
    "p50": 4.1951818714081135,
    "p90": 4.355298909861288
  },
  "ema": {
    "fast": 0.7763770965043103,
    "slow": 0.7877037102996954,
    "fast_period": 20,
    "slow_period": 100
  },
  "etv": {
    "horizon_days": 1,
    "risk_budget_usd": 100,
    "expected_move_usd": 0.5493526145077278,
    "qty": 182.03244575364317,
    "notional_usd": 2486.563208994766,
    "leverage": 1
  }
}