{
  "t": "2026-01-03T16:36:20.824Z",
  "spot": 13.14,
  "sigma_d": 0.026453119299758115,
  "ERI": 2.6453119299758114,
  "percentiles": {
    "p10": 2.6516120687382236,
    "p50": 3.7710055591796054,
    "p90": 3.796275771703655
  },
  "ema": {
    "fast": 0.5076130302800828,
    "slow": 0.576150258245667,
    "fast_period": 20,
    "slow_period": 100
  },
  "etv": {
    "horizon_days": 1,
    "risk_budget_usd": 100,
    "expected_move_usd": 0.34759398759882165,
    "qty": 287.6919727259949,
    "notional_usd": 3780.272521619573,
    "leverage": 1
  }
}