{
  "t": "2025-12-02T13:02:33.451Z",
  "spot": 12.23,
  "sigma_d": 0.04199579472325096,
  "ERI": 4.199579472325096,
  "percentiles": {
    "p10": 4.118296207031541,
    "p50": 4.232934085716799,
    "p90": 4.3045492386149515
  },
  "ema": {
    "fast": 0.8038361431473955,
    "slow": 0.8023227252386232,
    "fast_period": 20,
    "slow_period": 100
  },
  "etv": {
    "horizon_days": 1,
    "risk_budget_usd": 100,
    "expected_move_usd": 0.5136085694653593,
    "qty": 194.7008012426564,
    "notional_usd": 2381.190799197688,
    "leverage": 1
  }
}