{
  "t": "2025-11-15T15:26:19.387Z",
  "spot": 14.17,
  "sigma_d": 0.044619597332264636,
  "ERI": 4.461959733226464,
  "percentiles": {
    "p10": 4.449472193470016,
    "p50": 4.809089434453165,
    "p90": 6.283890367575699
  },
  "ema": {
    "fast": 0.8501642352246407,
    "slow": 0.8758942163793909,
    "fast_period": 20,
    "slow_period": 100
  },
  "etv": {
    "horizon_days": 1,
    "risk_budget_usd": 100,
    "expected_move_usd": 0.63225969419819,
    "qty": 158.16285763212625,
    "notional_usd": 2241.1676926472287,
    "leverage": 1
  }
}