{
  "t": "2025-11-03T23:26:08.645Z",
  "spot": 15.19,
  "sigma_d": 0.06329790399297348,
  "ERI": 6.329790399297348,
  "percentiles": {
    "p10": 5.766426315714119,
    "p50": 5.804579385042821,
    "p90": 5.961431267575364
  },
  "ema": {
    "fast": 1.1700388130090706,
    "slow": 1.1295632075112965,
    "fast_period": 20,
    "slow_period": 100
  },
  "etv": {
    "horizon_days": 1,
    "risk_budget_usd": 100,
    "expected_move_usd": 0.9614951616532672,
    "qty": 104.00468352649062,
    "notional_usd": 1579.8311427673925,
    "leverage": 1
  }
}