{
  "t": "2026-05-19T12:18:59.445Z",
  "spot": 9.55,
  "sigma_d": 0.021075814441011708,
  "ERI": 2.1075814441011707,
  "percentiles": {
    "p10": 2.166985188188187,
    "p50": 2.564524922854834,
    "p90": 2.706382715452805
  },
  "ema": {
    "fast": 0.41385348968016356,
    "slow": 0.4342159302184059,
    "fast_period": 20,
    "slow_period": 100
  },
  "etv": {
    "horizon_days": 1,
    "risk_budget_usd": 100,
    "expected_move_usd": 0.20127402791166182,
    "qty": 496.83509113202376,
    "notional_usd": 4744.775120310827,
    "leverage": 1
  }
}