{
  "t": "2025-12-26T20:31:52.749Z",
  "spot": 12.2,
  "sigma_d": 0.037496126002116256,
  "ERI": 3.7496126002116257,
  "percentiles": {
    "p10": 3.7745197618508857,
    "p50": 3.8771648687904983,
    "p90": 4.028143172055565
  },
  "ema": {
    "fast": 0.7199195671738593,
    "slow": 0.7277746611886035,
    "fast_period": 20,
    "slow_period": 100
  },
  "etv": {
    "horizon_days": 1,
    "risk_budget_usd": 100,
    "expected_move_usd": 0.4574527372258183,
    "qty": 218.6018179854845,
    "notional_usd": 2666.9421794229106,
    "leverage": 1
  }
}