{
  "t": "2025-10-09T11:23:40.359Z",
  "spot": 21.73,
  "sigma_d": 0.03425200002577875,
  "ERI": 3.425200002577875,
  "percentiles": {
    "p10": 2.898875610941117,
    "p50": 3.048301363783269,
    "p90": 3.2971164746968338
  },
  "ema": {
    "fast": 0.6430554603215423,
    "slow": 0.6101996068342118,
    "fast_period": 20,
    "slow_period": 100
  },
  "etv": {
    "horizon_days": 1,
    "risk_budget_usd": 100,
    "expected_move_usd": 0.7442959605601723,
    "qty": 134.35515614613567,
    "notional_usd": 2919.537543055528,
    "leverage": 1
  }
}