{
  "t": "2025-11-21T06:43:43.836Z",
  "spot": 12.7,
  "sigma_d": 0.041258029095254736,
  "ERI": 4.125802909525474,
  "percentiles": {
    "p10": 4.149017913227455,
    "p50": 4.441384088524198,
    "p90": 4.804887018045225
  },
  "ema": {
    "fast": 0.7890741310416879,
    "slow": 0.8153497772728195,
    "fast_period": 20,
    "slow_period": 100
  },
  "etv": {
    "horizon_days": 1,
    "risk_budget_usd": 100,
    "expected_move_usd": 0.5239769695097352,
    "qty": 190.84808268112644,
    "notional_usd": 2423.770650050306,
    "leverage": 1
  }
}