{
  "t": "2025-10-07T20:29:05.301Z",
  "spot": 22.04,
  "sigma_d": 0.03272257044954097,
  "ERI": 3.2722570449540975,
  "percentiles": {
    "p10": 2.898875610941117,
    "p50": 3.0445627556185504,
    "p90": 3.174342756464835
  },
  "ema": {
    "fast": 0.6081691284584777,
    "slow": 0.5814613747425383,
    "fast_period": 20,
    "slow_period": 100
  },
  "etv": {
    "horizon_days": 1,
    "risk_budget_usd": 100,
    "expected_move_usd": 0.721205452707883,
    "qty": 138.6567442391537,
    "notional_usd": 3055.994643030948,
    "leverage": 1
  }
}