{
  "t": "2026-05-26T21:55:58.477Z",
  "spot": 9.39,
  "sigma_d": 0.022217108457834665,
  "ERI": 2.2217108457834667,
  "percentiles": {
    "p10": 2.1046049427482103,
    "p50": 2.3303143709270326,
    "p90": 2.6551477584599663
  },
  "ema": {
    "fast": 0.4249257420685371,
    "slow": 0.42355762047675516,
    "fast_period": 20,
    "slow_period": 100
  },
  "etv": {
    "horizon_days": 1,
    "risk_budget_usd": 100,
    "expected_move_usd": 0.20861864841906752,
    "qty": 479.34353308206033,
    "notional_usd": 4501.0357756405465,
    "leverage": 1
  }
}