{
  "t": "2025-09-10T23:23:52.820Z",
  "spot": 23.59,
  "sigma_d": 0.05623214654349591,
  "ERI": 5.623214654349591,
  "percentiles": {
    "p10": 5.588591398560708,
    "p50": 5.906005574460917,
    "p90": 6.271755346166304
  },
  "ema": {
    "fast": 1.0749108356413422,
    "slow": 1.0910860208751896,
    "fast_period": 20,
    "slow_period": 100
  },
  "etv": {
    "horizon_days": 1,
    "risk_budget_usd": 100,
    "expected_move_usd": 1.3265163369610686,
    "qty": 75.3854266349189,
    "notional_usd": 1778.3422143177368,
    "leverage": 1
  }
}