{
  "t": "2025-09-03T03:28:22.461Z",
  "spot": 23.3551,
  "sigma_d": 0.055917069452424716,
  "ERI": 5.591706945242471,
  "percentiles": {
    "p10": 5.484393670648377,
    "p50": 5.5954065014389975,
    "p90": 6.199223137734766
  },
  "ema": {
    "fast": 1.0697795830355585,
    "slow": 0.8585890164623929,
    "fast_period": 20,
    "slow_period": 100
  },
  "etv": {
    "horizon_days": 1,
    "risk_budget_usd": 100,
    "expected_move_usd": 1.3059487487683246,
    "qty": 76.57268334175647,
    "notional_usd": 1788.3626767150565,
    "leverage": 1
  }
}