{
  "t": "2026-01-07T14:36:45.817Z",
  "spot": 13.5,
  "sigma_d": 0.026639918256169244,
  "ERI": 2.6639918256169244,
  "percentiles": {
    "p10": 2.528583558212081,
    "p50": 2.88321274276694,
    "p90": 3.776238704747005
  },
  "ema": {
    "fast": 0.49685629886119265,
    "slow": 0.5081621399504372,
    "fast_period": 20,
    "slow_period": 100
  },
  "etv": {
    "horizon_days": 1,
    "risk_budget_usd": 100,
    "expected_move_usd": 0.3596388964582848,
    "qty": 278.0566868177986,
    "notional_usd": 3753.765272040281,
    "leverage": 1
  }
}