{
  "t": "2026-03-16T20:53:14.605Z",
  "spot": 9.93,
  "sigma_d": 0.034928565031548696,
  "ERI": 3.4928565031548695,
  "percentiles": {
    "p10": 3.4489815235451773,
    "p50": 3.5834643225237386,
    "p90": 4.8921716729595035
  },
  "ema": {
    "fast": 0.6562307827084204,
    "slow": 0.6731846357059473,
    "fast_period": 20,
    "slow_period": 100
  },
  "etv": {
    "horizon_days": 1,
    "risk_budget_usd": 100,
    "expected_move_usd": 0.3468406507632785,
    "qty": 288.3168388132531,
    "notional_usd": 2862.9862094156033,
    "leverage": 1
  }
}