{
  "t": "2025-10-21T09:30:19.289Z",
  "spot": 18,
  "sigma_d": 0.059508002049693344,
  "ERI": 5.950800204969334,
  "percentiles": {
    "p10": 5.195097477084237,
    "p50": 5.701844495741245,
    "p90": 5.932087717738384
  },
  "ema": {
    "fast": 1.1360566315169323,
    "slow": 1.1066907170963338,
    "fast_period": 20,
    "slow_period": 100
  },
  "etv": {
    "horizon_days": 1,
    "risk_budget_usd": 100,
    "expected_move_usd": 1.0711440368944802,
    "qty": 93.35812603683581,
    "notional_usd": 1680.4462686630445,
    "leverage": 1
  }
}