{
  "t": "2025-12-14T13:34:23.023Z",
  "spot": 13.58,
  "sigma_d": 0.03927742965368583,
  "ERI": 3.927742965368583,
  "percentiles": {
    "p10": 4.024728985633605,
    "p50": 4.170564100716567,
    "p90": 4.3332772583232355
  },
  "ema": {
    "fast": 0.7558383176289369,
    "slow": 0.7746301315287024,
    "fast_period": 20,
    "slow_period": 100
  },
  "etv": {
    "horizon_days": 1,
    "risk_budget_usd": 100,
    "expected_move_usd": 0.5333874946970536,
    "qty": 187.4809608290436,
    "notional_usd": 2545.991448058412,
    "leverage": 1
  }
}