{
  "t": "2026-03-23T15:10:15.927Z",
  "spot": 9.26,
  "sigma_d": 0.03756944859001858,
  "ERI": 3.756944859001858,
  "percentiles": {
    "p10": 3.427595152318238,
    "p50": 3.553929112786429,
    "p90": 3.6116633237011593
  },
  "ema": {
    "fast": 0.6876983591121597,
    "slow": 0.6827666247283114,
    "fast_period": 20,
    "slow_period": 100
  },
  "etv": {
    "horizon_days": 1,
    "risk_budget_usd": 100,
    "expected_move_usd": 0.34789309394357204,
    "qty": 287.44462520494847,
    "notional_usd": 2661.737229397823,
    "leverage": 1
  }
}