{
  "t": "2025-10-28T18:41:48.873Z",
  "spot": 18.41,
  "sigma_d": 0.05764271971143393,
  "ERI": 5.764271971143393,
  "percentiles": {
    "p10": 5.712428192360244,
    "p50": 5.841778365797253,
    "p90": 5.958543863703687
  },
  "ema": {
    "fast": 1.1032860728796736,
    "slow": 1.1106615769229027,
    "fast_period": 20,
    "slow_period": 100
  },
  "etv": {
    "horizon_days": 1,
    "risk_budget_usd": 100,
    "expected_move_usd": 1.0612024698874987,
    "qty": 94.23272451542759,
    "notional_usd": 1734.824458329022,
    "leverage": 1
  }
}