{
  "t": "2026-01-15T05:37:24.619Z",
  "spot": 13.85,
  "sigma_d": 0.02677554296729759,
  "ERI": 2.6775542967297588,
  "percentiles": {
    "p10": 2.4676164759095607,
    "p50": 2.5295525998673005,
    "p90": 2.65144532578372
  },
  "ema": {
    "fast": 0.5055840465677011,
    "slow": 0.4893443041379976,
    "fast_period": 20,
    "slow_period": 100
  },
  "etv": {
    "horizon_days": 1,
    "risk_budget_usd": 100,
    "expected_move_usd": 0.3708412700970716,
    "qty": 269.6571500087462,
    "notional_usd": 3734.7515276211348,
    "leverage": 1
  }
}