{
  "t": "2025-09-07T20:26:13.462Z",
  "spot": 22.19,
  "sigma_d": 0.05906489465397404,
  "ERI": 5.906489465397404,
  "percentiles": {
    "p10": 5.48439367064838,
    "p50": 6.0439561966970246,
    "p90": 6.273515620225023
  },
  "ema": {
    "fast": 1.1329217900015585,
    "slow": 1.1253816422390093,
    "fast_period": 20,
    "slow_period": 100
  },
  "etv": {
    "horizon_days": 1,
    "risk_budget_usd": 100,
    "expected_move_usd": 1.310650012371684,
    "qty": 76.29801934617558,
    "notional_usd": 1693.0530492916362,
    "leverage": 1
  }
}