{
  "t": "2025-11-30T13:33:16.181Z",
  "spot": 13.26,
  "sigma_d": 0.04101210325617069,
  "ERI": 4.101210325617069,
  "percentiles": {
    "p10": 4.1180845976639855,
    "p50": 4.232417248286998,
    "p90": 4.303829586085728
  },
  "ema": {
    "fast": 0.7826707351124573,
    "slow": 0.800488697694214,
    "fast_period": 20,
    "slow_period": 100
  },
  "etv": {
    "horizon_days": 1,
    "risk_budget_usd": 100,
    "expected_move_usd": 0.5438204891768234,
    "qty": 183.88420809846497,
    "notional_usd": 2438.3045993856454,
    "leverage": 1
  }
}