{
  "t": "2026-01-19T20:34:48.024Z",
  "spot": 12.98,
  "sigma_d": 0.02411501839667035,
  "ERI": 2.411501839667035,
  "percentiles": {
    "p10": 2.4055990817203687,
    "p50": 2.497491851814373,
    "p90": 2.6578217236028636
  },
  "ema": {
    "fast": 0.46532515928699814,
    "slow": 0.4668142659017371,
    "fast_period": 20,
    "slow_period": 100
  },
  "etv": {
    "horizon_days": 1,
    "risk_budget_usd": 100,
    "expected_move_usd": 0.31301293878878117,
    "qty": 319.475611413876,
    "notional_usd": 4146.79343615211,
    "leverage": 1
  }
}