{
  "t": "2026-03-25T09:04:03.378Z",
  "spot": 9.36,
  "sigma_d": 0.03535044357549886,
  "ERI": 3.5350443575498858,
  "percentiles": {
    "p10": 3.427595152318238,
    "p50": 3.5642715324724485,
    "p90": 3.6333360614295604
  },
  "ema": {
    "fast": 0.6885350202020324,
    "slow": 0.6869383790323255,
    "fast_period": 20,
    "slow_period": 100
  },
  "etv": {
    "horizon_days": 1,
    "risk_budget_usd": 100,
    "expected_move_usd": 0.3308801518666693,
    "qty": 302.2242326590075,
    "notional_usd": 2828.81881768831,
    "leverage": 1
  }
}