{
  "t": "2025-10-29T23:26:21.956Z",
  "spot": 18.26,
  "sigma_d": 0.05785034099038449,
  "ERI": 5.785034099038449,
  "percentiles": {
    "p10": 5.735775996867766,
    "p50": 5.841771542761859,
    "p90": 5.958543863703687
  },
  "ema": {
    "fast": 1.1045838927138727,
    "slow": 1.1076290725140105,
    "fast_period": 20,
    "slow_period": 100
  },
  "etv": {
    "horizon_days": 1,
    "risk_budget_usd": 100,
    "expected_move_usd": 1.056347226484421,
    "qty": 94.66584234125861,
    "notional_usd": 1728.5982811513825,
    "leverage": 1
  }
}