{
  "t": "2026-04-04T21:42:40.174Z",
  "spot": 8.7,
  "sigma_d": 0.027586881149350338,
  "ERI": 2.7586881149350337,
  "percentiles": {
    "p10": 2.772613902760882,
    "p50": 3.041276697293637,
    "p90": 3.6335277987679855
  },
  "ema": {
    "fast": 0.5288621686848753,
    "slow": 0.5567900362808734,
    "fast_period": 20,
    "slow_period": 100
  },
  "etv": {
    "horizon_days": 1,
    "risk_budget_usd": 100,
    "expected_move_usd": 0.24000586599934792,
    "qty": 416.6564828889294,
    "notional_usd": 3624.9114011336856,
    "leverage": 1
  }
}