{
  "t": "2026-03-19T20:52:50.511Z",
  "spot": 9.06,
  "sigma_d": 0.0362428155267226,
  "ERI": 3.6242815526722603,
  "percentiles": {
    "p10": 3.427595152318238,
    "p50": 3.534662273957117,
    "p90": 4.886110538382626
  },
  "ema": {
    "fast": 0.6888059458789372,
    "slow": 0.675896140777413,
    "fast_period": 20,
    "slow_period": 100
  },
  "etv": {
    "horizon_days": 1,
    "risk_budget_usd": 100,
    "expected_move_usd": 0.3283599086721068,
    "qty": 304.5438781013241,
    "notional_usd": 2759.1675355979964,
    "leverage": 1
  }
}