{
  "t": "2026-01-13T14:37:53.402Z",
  "spot": 13.45,
  "sigma_d": 0.024575578987776407,
  "ERI": 2.4575578987776407,
  "percentiles": {
    "p10": 2.4676563115699848,
    "p50": 2.535043308377335,
    "p90": 2.682473034378634
  },
  "ema": {
    "fast": 0.46471609715343803,
    "slow": 0.4761997721798701,
    "fast_period": 20,
    "slow_period": 100
  },
  "etv": {
    "horizon_days": 1,
    "risk_budget_usd": 100,
    "expected_move_usd": 0.33054153738559267,
    "qty": 302.5338382308822,
    "notional_usd": 4069.080124205366,
    "leverage": 1
  }
}