{
  "t": "2026-05-08T03:50:31.909Z",
  "spot": 9.86,
  "sigma_d": 0.023175180374709385,
  "ERI": 2.3175180374709385,
  "percentiles": {
    "p10": 2.5676599271373903,
    "p50": 2.7171130713363896,
    "p90": 3.058803830140325
  },
  "ema": {
    "fast": 0.48941531971938806,
    "slow": 0.5039771727593656,
    "fast_period": 20,
    "slow_period": 100
  },
  "etv": {
    "horizon_days": 1,
    "risk_budget_usd": 100,
    "expected_move_usd": 0.22850727849463454,
    "qty": 437.6228217270902,
    "notional_usd": 4314.961022229109,
    "leverage": 1
  }
}