{
  "t": "2026-03-15T22:41:44.126Z",
  "spot": 9.35,
  "sigma_d": 0.03418093029427827,
  "ERI": 3.4180930294278267,
  "percentiles": {
    "p10": 3.484076508350406,
    "p50": 3.587044963524068,
    "p90": 4.9466983329804615
  },
  "ema": {
    "fast": 0.6531968348761634,
    "slow": 0.6772784620941401,
    "fast_period": 20,
    "slow_period": 100
  },
  "etv": {
    "horizon_days": 1,
    "risk_budget_usd": 100,
    "expected_move_usd": 0.3195916982515018,
    "qty": 312.8992415857601,
    "notional_usd": 2925.6079088268566,
    "leverage": 1
  }
}