{
  "t": "2026-02-19T19:04:23.702Z",
  "spot": 8.52,
  "sigma_d": 0.046367590296882095,
  "ERI": 4.63675902968821,
  "percentiles": {
    "p10": 4.277013597974256,
    "p50": 4.718075113040271,
    "p90": 4.747856910643382
  },
  "ema": {
    "fast": 0.8913052417689873,
    "slow": 0.8938192506110914,
    "fast_period": 20,
    "slow_period": 100
  },
  "etv": {
    "horizon_days": 1,
    "risk_budget_usd": 100,
    "expected_move_usd": 0.3950518693294354,
    "qty": 253.13131708436387,
    "notional_usd": 2156.67882155878,
    "leverage": 1
  }
}