{
  "t": "2025-10-16T04:31:22.004Z",
  "spot": 18.17,
  "sigma_d": 0.05719306876759122,
  "ERI": 5.719306876759122,
  "percentiles": {
    "p10": 2.9239325358926984,
    "p50": 3.4318448015901986,
    "p90": 5.677187814247999
  },
  "ema": {
    "fast": 1.0884506658130026,
    "slow": 1.0312778834537095,
    "fast_period": 20,
    "slow_period": 100
  },
  "etv": {
    "horizon_days": 1,
    "risk_budget_usd": 100,
    "expected_move_usd": 1.0391980595071326,
    "qty": 96.22804727659678,
    "notional_usd": 1748.4636190157637,
    "leverage": 1
  }
}