{
  "t": "2026-03-13T08:55:04.521Z",
  "spot": 9.23,
  "sigma_d": 0.03494197566677765,
  "ERI": 3.494197566677765,
  "percentiles": {
    "p10": 3.510257689796621,
    "p50": 4.861755631337644,
    "p90": 5.08670200467425
  },
  "ema": {
    "fast": 0.6731772149558872,
    "slow": 0.7089595306328836,
    "fast_period": 20,
    "slow_period": 100
  },
  "etv": {
    "horizon_days": 1,
    "risk_budget_usd": 100,
    "expected_move_usd": 0.3225144354043577,
    "qty": 310.063640638669,
    "notional_usd": 2861.887403094915,
    "leverage": 1
  }
}