{
  "t": "2026-04-14T14:56:14.895Z",
  "spot": 9.18,
  "sigma_d": 0.03199999061472413,
  "ERI": 3.199999061472413,
  "percentiles": {
    "p10": 2.652230297274112,
    "p50": 2.916419680319275,
    "p90": 3.0223317260116698
  },
  "ema": {
    "fast": 0.5933091922118903,
    "slow": 0.563764889556688,
    "fast_period": 20,
    "slow_period": 100
  },
  "etv": {
    "horizon_days": 1,
    "risk_budget_usd": 100,
    "expected_move_usd": 0.2937599138431675,
    "qty": 340.4140431951106,
    "notional_usd": 3125.0009165311153,
    "leverage": 1
  }
}