{
  "t": "2025-11-04T23:26:02.893Z",
  "spot": 14.74,
  "sigma_d": 0.06316909965420871,
  "ERI": 6.316909965420871,
  "percentiles": {
    "p10": 5.766426315714119,
    "p50": 5.804579385042821,
    "p90": 6.286589651002098
  },
  "ema": {
    "fast": 1.2056641657573695,
    "slow": 1.1577618167917416,
    "fast_period": 20,
    "slow_period": 100
  },
  "etv": {
    "horizon_days": 1,
    "risk_budget_usd": 100,
    "expected_move_usd": 0.9311125289030363,
    "qty": 107.39840448480717,
    "notional_usd": 1583.0524821060578,
    "leverage": 1
  }
}