{
  "t": "2026-05-23T09:09:11.497Z",
  "spot": 9.16,
  "sigma_d": 0.022497875794183962,
  "ERI": 2.2497875794183964,
  "percentiles": {
    "p10": 2.1046049427482103,
    "p50": 2.4712468887609513,
    "p90": 2.6943978462179428
  },
  "ema": {
    "fast": 0.409880915821491,
    "slow": 0.42174283367647836,
    "fast_period": 20,
    "slow_period": 100
  },
  "etv": {
    "horizon_days": 1,
    "risk_budget_usd": 100,
    "expected_move_usd": 0.2060805422747251,
    "qty": 485.2471703354236,
    "notional_usd": 4444.86408027248,
    "leverage": 1
  }
}