{
  "t": "2025-09-21T08:29:52.158Z",
  "spot": 23.29,
  "sigma_d": 0.034344939533451496,
  "ERI": 3.4344939533451497,
  "percentiles": {
    "p10": 3.7388000898094402,
    "p50": 5.151258709335433,
    "p90": 5.332237046746798
  },
  "ema": {
    "fast": 0.6867801997913364,
    "slow": 0.7755031748158591,
    "fast_period": 20,
    "slow_period": 100
  },
  "etv": {
    "horizon_days": 1,
    "risk_budget_usd": 100,
    "expected_move_usd": 0.7998936417340853,
    "qty": 125.01662068873371,
    "notional_usd": 2911.637095840608,
    "leverage": 1
  }
}