{
  "t": "2025-11-27T07:29:48.096Z",
  "spot": 13.38,
  "sigma_d": 0.04303724704814922,
  "ERI": 4.303724704814922,
  "percentiles": {
    "p10": 4.147915623854,
    "p50": 4.247066775942117,
    "p90": 4.4269271088742395
  },
  "ema": {
    "fast": 0.8190016436510411,
    "slow": 0.8134172799496681,
    "fast_period": 20,
    "slow_period": 100
  },
  "etv": {
    "horizon_days": 1,
    "risk_budget_usd": 100,
    "expected_move_usd": 0.5758383655042366,
    "qty": 173.65984274499382,
    "notional_usd": 2323.5686959280174,
    "leverage": 1
  }
}