{
  "t": "2026-06-12T00:24:57.206Z",
  "spot": 7.89,
  "sigma_d": 0.03151214994842636,
  "ERI": 3.1512149948426362,
  "percentiles": {
    "p10": 2.1046049427482103,
    "p50": 2.249324684121694,
    "p90": 2.936238936486203
  },
  "ema": {
    "fast": 0.5760920280270085,
    "slow": 0.5227745418710517,
    "fast_period": 20,
    "slow_period": 100
  },
  "etv": {
    "horizon_days": 1,
    "risk_budget_usd": 100,
    "expected_move_usd": 0.248630863093084,
    "qty": 402.20268214473987,
    "notional_usd": 3173.3791621219975,
    "leverage": 1
  }
}