{
  "t": "2026-04-09T18:06:21.186Z",
  "spot": 8.97,
  "sigma_d": 0.02902793007211303,
  "ERI": 2.902793007211303,
  "percentiles": {
    "p10": 2.652230297274112,
    "p50": 2.949236382297461,
    "p90": 3.616135580973341
  },
  "ema": {
    "fast": 0.5433483597329496,
    "slow": 0.5322416846493375,
    "fast_period": 20,
    "slow_period": 100
  },
  "etv": {
    "horizon_days": 1,
    "risk_budget_usd": 100,
    "expected_move_usd": 0.2603805327468539,
    "qty": 384.0532890268782,
    "notional_usd": 3444.9580025710975,
    "leverage": 1
  }
}