{
  "t": "2025-10-17T08:35:49.426Z",
  "spot": 16.01,
  "sigma_d": 0.05848038441351043,
  "ERI": 5.848038441351043,
  "percentiles": {
    "p10": 3.104557902673291,
    "p50": 5.229746027792043,
    "p90": 5.718594596576103
  },
  "ema": {
    "fast": 1.0953557070187265,
    "slow": 1.0569903519681636,
    "fast_period": 20,
    "slow_period": 100
  },
  "etv": {
    "horizon_days": 1,
    "risk_budget_usd": 100,
    "expected_move_usd": 0.9362709544603021,
    "qty": 106.80668830279302,
    "notional_usd": 1709.9750797277163,
    "leverage": 1
  }
}