{
  "t": "2025-12-19T16:38:07.034Z",
  "spot": 12.63,
  "sigma_d": 0.04124575734670519,
  "ERI": 4.124575734670519,
  "percentiles": {
    "p10": 3.9335864817287565,
    "p50": 4.034325058102757,
    "p90": 4.193703998677853
  },
  "ema": {
    "fast": 0.7718131367710386,
    "slow": 0.7647198737049589,
    "fast_period": 20,
    "slow_period": 100
  },
  "etv": {
    "horizon_days": 1,
    "risk_budget_usd": 100,
    "expected_move_usd": 0.5209339152888867,
    "qty": 191.9629286270303,
    "notional_usd": 2424.4917885593927,
    "leverage": 1
  }
}