{
  "t": "2026-02-28T19:29:31.313Z",
  "spot": 8.57,
  "sigma_d": 0.05073376899998822,
  "ERI": 5.073376899998823,
  "percentiles": {
    "p10": 4.643143417202287,
    "p50": 4.714028263993498,
    "p90": 5.141629785830333
  },
  "ema": {
    "fast": 0.9754017631567244,
    "slow": 0.9564203051477986,
    "fast_period": 20,
    "slow_period": 100
  },
  "etv": {
    "horizon_days": 1,
    "risk_budget_usd": 100,
    "expected_move_usd": 0.43478840032989907,
    "qty": 229.99693626629465,
    "notional_usd": 1971.0737438021451,
    "leverage": 1
  }
}