{
  "t": "2025-11-08T07:24:22.564Z",
  "spot": 15.64,
  "sigma_d": 0.06273393696234256,
  "ERI": 6.273393696234256,
  "percentiles": {
    "p10": 5.768268262824236,
    "p50": 5.841048007999511,
    "p90": 6.308191627099421
  },
  "ema": {
    "fast": 1.1947553935147661,
    "slow": 1.1775327337747814,
    "fast_period": 20,
    "slow_period": 100
  },
  "etv": {
    "horizon_days": 1,
    "risk_budget_usd": 100,
    "expected_move_usd": 0.9811587740910376,
    "qty": 101.9203034622421,
    "notional_usd": 1594.0335461494665,
    "leverage": 1
  }
}