{
  "t": "2025-09-13T11:19:11.932Z",
  "spot": 25.2,
  "sigma_d": 0.05197048467083582,
  "ERI": 5.197048467083582,
  "percentiles": {
    "p10": 5.3105988227871235,
    "p50": 5.6826398517686485,
    "p90": 6.2631249283782875
  },
  "ema": {
    "fast": 1.0021980494601865,
    "slow": 1.036864411222494,
    "fast_period": 20,
    "slow_period": 100
  },
  "etv": {
    "horizon_days": 1,
    "risk_budget_usd": 100,
    "expected_move_usd": 1.3096562137050627,
    "qty": 76.35591612022864,
    "notional_usd": 1924.1690862297617,
    "leverage": 1
  }
}