{
  "t": "2025-10-03T06:37:38.340Z",
  "spot": 22.52,
  "sigma_d": 0.030517139096487348,
  "ERI": 3.051713909648735,
  "percentiles": {
    "p10": 2.9847085730369316,
    "p50": 3.1141931304189434,
    "p90": 3.576823530968981
  },
  "ema": {
    "fast": 0.5836576718406781,
    "slow": 0.5864820239961127,
    "fast_period": 20,
    "slow_period": 100
  },
  "etv": {
    "horizon_days": 1,
    "risk_budget_usd": 100,
    "expected_move_usd": 0.6872459724528951,
    "qty": 145.50830999137526,
    "notional_usd": 3276.8471410057705,
    "leverage": 1
  }
}