{
  "t": "2025-11-24T18:42:39.441Z",
  "spot": 13.09,
  "sigma_d": 0.043347647384491206,
  "ERI": 4.33476473844912,
  "percentiles": {
    "p10": 4.147915623854,
    "p50": 4.347982981831975,
    "p90": 4.464843715714885
  },
  "ema": {
    "fast": 0.8097315688111754,
    "slow": 0.8098323317188449,
    "fast_period": 20,
    "slow_period": 100
  },
  "etv": {
    "horizon_days": 1,
    "risk_budget_usd": 100,
    "expected_move_usd": 0.5674207042629899,
    "qty": 176.23607888945077,
    "notional_usd": 2306.9302726629103,
    "leverage": 1
  }
}