{
  "t": "2026-05-29T19:39:02.224Z",
  "spot": 8.97,
  "sigma_d": 0.02248637421997065,
  "ERI": 2.248637421997065,
  "percentiles": {
    "p10": 2.1046049427482103,
    "p50": 2.2505470967268524,
    "p90": 2.6051013332299595
  },
  "ema": {
    "fast": 0.4294754169683973,
    "slow": 0.4253754519099551,
    "fast_period": 20,
    "slow_period": 100
  },
  "etv": {
    "horizon_days": 1,
    "risk_budget_usd": 100,
    "expected_move_usd": 0.20170277675313675,
    "qty": 495.7789952608814,
    "notional_usd": 4447.137587490107,
    "leverage": 1
  }
}