{
  "t": "2025-10-16T22:24:03.955Z",
  "spot": 17.35,
  "sigma_d": 0.057396635685685565,
  "ERI": 5.739663568568557,
  "percentiles": {
    "p10": 3.089176971781645,
    "p50": 5.197345981922805,
    "p90": 5.717870100243925
  },
  "ema": {
    "fast": 1.0934285938262742,
    "slow": 1.0502290566932766,
    "fast_period": 20,
    "slow_period": 100
  },
  "etv": {
    "horizon_days": 1,
    "risk_budget_usd": 100,
    "expected_move_usd": 0.9958316291466447,
    "qty": 100.41858188988508,
    "notional_usd": 1742.2623957895062,
    "leverage": 1
  }
}