{
  "t": "2025-12-16T19:28:02.701Z",
  "spot": 12.86,
  "sigma_d": 0.0396479889289803,
  "ERI": 3.96479889289803,
  "percentiles": {
    "p10": 3.964897680325845,
    "p50": 4.114559781824278,
    "p90": 4.333049864877892
  },
  "ema": {
    "fast": 0.758744246902491,
    "slow": 0.7653413579131072,
    "fast_period": 20,
    "slow_period": 100
  },
  "etv": {
    "horizon_days": 1,
    "risk_budget_usd": 100,
    "expected_move_usd": 0.5098731376266866,
    "qty": 196.12721796929986,
    "notional_usd": 2522.196023085196,
    "leverage": 1
  }
}