{
  "t": "2026-06-07T00:15:04.017Z",
  "spot": 7.38,
  "sigma_d": 0.026972357055428275,
  "ERI": 2.6972357055428278,
  "percentiles": {
    "p10": 2.1046049427482103,
    "p50": 2.249324684121694,
    "p90": 2.5532427611643516
  },
  "ema": {
    "fast": 0.5315768789736738,
    "slow": 0.47479129690860206,
    "fast_period": 20,
    "slow_period": 100
  },
  "etv": {
    "horizon_days": 1,
    "risk_budget_usd": 100,
    "expected_move_usd": 0.19905599506906066,
    "qty": 502.3712044709124,
    "notional_usd": 3707.4994889953336,
    "leverage": 1
  }
}