{
  "t": "2025-09-07T07:22:40.835Z",
  "spot": 22.28,
  "sigma_d": 0.05905929052209782,
  "ERI": 5.905929052209782,
  "percentiles": {
    "p10": 5.4843936706483785,
    "p50": 6.154241097496925,
    "p90": 6.27357131088523
  },
  "ema": {
    "fast": 1.1450113506110537,
    "slow": 1.1244869607784316,
    "fast_period": 20,
    "slow_period": 100
  },
  "etv": {
    "horizon_days": 1,
    "risk_budget_usd": 100,
    "expected_move_usd": 1.3158409928323394,
    "qty": 75.99702437051351,
    "notional_usd": 1693.213702975041,
    "leverage": 1
  }
}