{
  "t": "2026-03-14T20:41:12.245Z",
  "spot": 9.02,
  "sigma_d": 0.03485886895031897,
  "ERI": 3.485886895031897,
  "percentiles": {
    "p10": 3.4878554665915082,
    "p50": 3.639456482286919,
    "p90": 4.971715904064642
  },
  "ema": {
    "fast": 0.666893286620622,
    "slow": 0.6897129782724173,
    "fast_period": 20,
    "slow_period": 100
  },
  "etv": {
    "horizon_days": 1,
    "risk_budget_usd": 100,
    "expected_move_usd": 0.3144269979318771,
    "qty": 318.03884735644016,
    "notional_usd": 2868.7104031550903,
    "leverage": 1
  }
}