{
  "t": "2026-02-05T08:58:32.921Z",
  "spot": 9.13,
  "sigma_d": 0.03245700070045755,
  "ERI": 3.2457000700457552,
  "percentiles": {
    "p10": 2.675721824784282,
    "p50": 2.955306045932759,
    "p90": 3.367179020145849
  },
  "ema": {
    "fast": 0.6260497512533575,
    "slow": 0.6222437318901294,
    "fast_period": 20,
    "slow_period": 100
  },
  "etv": {
    "horizon_days": 1,
    "risk_budget_usd": 100,
    "expected_move_usd": 0.2963324163951775,
    "qty": 337.45886196481405,
    "notional_usd": 3080.9994097387525,
    "leverage": 1
  }
}