{
  "t": "2026-06-20T19:51:02.944Z",
  "spot": 7.9,
  "sigma_d": 0.029801000248843655,
  "ERI": 2.9801000248843654,
  "percentiles": {
    "p10": 2.12457552580447,
    "p50": 2.492449121163444,
    "p90": 3.053945068786401
  },
  "ema": {
    "fast": 0.5737332824689916,
    "slow": 0.5614843699337576,
    "fast_period": 20,
    "slow_period": 100
  },
  "etv": {
    "horizon_days": 1,
    "risk_budget_usd": 100,
    "expected_move_usd": 0.23542790196586488,
    "qty": 424.7584893930677,
    "notional_usd": 3355.592066205235,
    "leverage": 1
  }
}