{
  "t": "2025-11-19T09:32:15.397Z",
  "spot": 13.39,
  "sigma_d": 0.04185765874426391,
  "ERI": 4.185765874426392,
  "percentiles": {
    "p10": 4.397245266763794,
    "p50": 4.4709043902206975,
    "p90": 6.133228761844523
  },
  "ema": {
    "fast": 0.8211663980383612,
    "slow": 0.8445353515885937,
    "fast_period": 20,
    "slow_period": 100
  },
  "etv": {
    "horizon_days": 1,
    "risk_budget_usd": 100,
    "expected_move_usd": 0.5604740505856938,
    "qty": 178.42039233663056,
    "notional_usd": 2389.049053387483,
    "leverage": 1
  }
}