{
  "t": "2026-03-25T22:51:39.799Z",
  "spot": 9.38,
  "sigma_d": 0.0353675157603946,
  "ERI": 3.5367515760394594,
  "percentiles": {
    "p10": 3.427595152318238,
    "p50": 3.5465862469679283,
    "p90": 3.6333360614295604
  },
  "ema": {
    "fast": 0.6809200054659192,
    "slow": 0.6851047475683726,
    "fast_period": 20,
    "slow_period": 100
  },
  "etv": {
    "horizon_days": 1,
    "risk_budget_usd": 100,
    "expected_move_usd": 0.33174729783250134,
    "qty": 301.43425629495204,
    "notional_usd": 2827.4533240466503,
    "leverage": 1
  }
}