{
  "t": "2026-01-24T20:31:59.553Z",
  "spot": 12.2,
  "sigma_d": 0.026754886052480338,
  "ERI": 2.675488605248034,
  "percentiles": {
    "p10": 2.4055990817203687,
    "p50": 2.5993595147652555,
    "p90": 2.7011119827270647
  },
  "ema": {
    "fast": 0.5118828555834184,
    "slow": 0.5053644155650373,
    "fast_period": 20,
    "slow_period": 100
  },
  "etv": {
    "horizon_days": 1,
    "risk_budget_usd": 100,
    "expected_move_usd": 0.32640960984026013,
    "qty": 306.36352909137224,
    "notional_usd": 3737.635054914741,
    "leverage": 1
  }
}