{
  "t": "2025-11-27T20:29:06.832Z",
  "spot": 13.48,
  "sigma_d": 0.04308460545273151,
  "ERI": 4.308460545273151,
  "percentiles": {
    "p10": 4.147915623854,
    "p50": 4.247066775942117,
    "p90": 4.417177176564305
  },
  "ema": {
    "fast": 0.8216475120913167,
    "slow": 0.8155049502435571,
    "fast_period": 20,
    "slow_period": 100
  },
  "etv": {
    "horizon_days": 1,
    "risk_budget_usd": 100,
    "expected_move_usd": 0.5807804815028208,
    "qty": 172.18209493067187,
    "notional_usd": 2321.014639665457,
    "leverage": 1
  }
}