{
  "t": "2025-12-06T16:33:40.733Z",
  "spot": 13.92,
  "sigma_d": 0.04356565664401549,
  "ERI": 4.356565664401549,
  "percentiles": {
    "p10": 4.118119650565298,
    "p50": 4.279286802467761,
    "p90": 4.3369881679982365
  },
  "ema": {
    "fast": 0.8289325388252401,
    "slow": 0.8228227888739604,
    "fast_period": 20,
    "slow_period": 100
  },
  "etv": {
    "horizon_days": 1,
    "risk_budget_usd": 100,
    "expected_move_usd": 0.6064339404846956,
    "qty": 164.89842227510297,
    "notional_usd": 2295.386038069433,
    "leverage": 1
  }
}