{
  "t": "2025-09-23T03:37:24.996Z",
  "spot": 21.67,
  "sigma_d": 0.035710460178469274,
  "ERI": 3.5710460178469274,
  "percentiles": {
    "p10": 3.495255920283468,
    "p50": 4.628351915400164,
    "p90": 5.20514298306229
  },
  "ema": {
    "fast": 0.6879738693327069,
    "slow": 0.7233041647820786,
    "fast_period": 20,
    "slow_period": 100
  },
  "etv": {
    "horizon_days": 1,
    "risk_budget_usd": 100,
    "expected_move_usd": 0.7738456720674293,
    "qty": 129.22473253980604,
    "notional_usd": 2800.299954137597,
    "leverage": 1
  }
}