{
  "t": "2026-06-11T16:17:56.094Z",
  "spot": 7.76,
  "sigma_d": 0.03023782599336997,
  "ERI": 3.023782599336997,
  "percentiles": {
    "p10": 2.1046049427482103,
    "p50": 2.249324684121694,
    "p90": 2.933808228787342
  },
  "ema": {
    "fast": 0.5677749847346286,
    "slow": 0.5180120789329592,
    "fast_period": 20,
    "slow_period": 100
  },
  "etv": {
    "horizon_days": 1,
    "risk_budget_usd": 100,
    "expected_move_usd": 0.23464552970855096,
    "qty": 426.1747501612676,
    "notional_usd": 3307.1160612514363,
    "leverage": 1
  }
}