{
  "t": "2025-12-16T05:34:12.178Z",
  "spot": 12.7,
  "sigma_d": 0.03969489393697273,
  "ERI": 3.9694893936972733,
  "percentiles": {
    "p10": 3.9698813270876454,
    "p50": 4.133726457967756,
    "p90": 4.3332772583232355
  },
  "ema": {
    "fast": 0.7621886953127759,
    "slow": 0.7678375617164335,
    "fast_period": 20,
    "slow_period": 100
  },
  "etv": {
    "horizon_days": 1,
    "risk_budget_usd": 100,
    "expected_move_usd": 0.5041251529995536,
    "qty": 198.36344091342838,
    "notional_usd": 2519.21569960054,
    "leverage": 1
  }
}