{
  "t": "2025-10-30T03:47:25.689Z",
  "spot": 18.16,
  "sigma_d": 0.05769054873159034,
  "ERI": 5.769054873159034,
  "percentiles": {
    "p10": 5.745302349808407,
    "p50": 5.841771542761859,
    "p90": 5.958543863703687
  },
  "ema": {
    "fast": 1.1041277174483755,
    "slow": 1.1074108837903545,
    "fast_period": 20,
    "slow_period": 100
  },
  "etv": {
    "horizon_days": 1,
    "risk_budget_usd": 100,
    "expected_move_usd": 1.0476603649656806,
    "qty": 95.45078094395201,
    "notional_usd": 1733.3861819421686,
    "leverage": 1
  }
}