{
  "t": "2025-09-06T20:25:29.606Z",
  "spot": 21.96,
  "sigma_d": 0.06049835691037332,
  "ERI": 6.049835691037332,
  "percentiles": {
    "p10": 5.4843936706483785,
    "p50": 6.16760161395428,
    "p90": 6.273713238378495
  },
  "ema": {
    "fast": 1.1602596427607967,
    "slow": 1.122118115810646,
    "fast_period": 20,
    "slow_period": 100
  },
  "etv": {
    "horizon_days": 1,
    "risk_budget_usd": 100,
    "expected_move_usd": 1.3285439177517981,
    "qty": 75.2703758331324,
    "notional_usd": 1652.9374532955876,
    "leverage": 1
  }
}