{
  "t": "2026-02-27T20:39:59.913Z",
  "spot": 8.69,
  "sigma_d": 0.05174419217305943,
  "ERI": 5.174419217305943,
  "percentiles": {
    "p10": 4.636649876175504,
    "p50": 4.706774244661627,
    "p90": 5.1370001794637234
  },
  "ema": {
    "fast": 0.9838404613053132,
    "slow": 0.9469378860707852,
    "fast_period": 20,
    "slow_period": 100
  },
  "etv": {
    "horizon_days": 1,
    "risk_budget_usd": 100,
    "expected_move_usd": 0.4496570299838864,
    "qty": 222.39171931457076,
    "notional_usd": 1932.5840408436197,
    "leverage": 1
  }
}