{
  "t": "2025-10-18T11:20:50.614Z",
  "spot": 16.9,
  "sigma_d": 0.057196022580844434,
  "ERI": 5.719602258084444,
  "percentiles": {
    "p10": 3.295441689006999,
    "p50": 5.566076399517442,
    "p90": 5.734963675420762
  },
  "ema": {
    "fast": 1.0936349129304512,
    "slow": 1.072970551287059,
    "fast_period": 20,
    "slow_period": 100
  },
  "etv": {
    "horizon_days": 1,
    "risk_budget_usd": 100,
    "expected_move_usd": 0.9666127816162708,
    "qty": 103.4540427168677,
    "notional_usd": 1748.373321915064,
    "leverage": 1
  }
}