{
  "t": "2026-04-23T03:40:46.234Z",
  "spot": 9.16,
  "sigma_d": 0.029538901472875592,
  "ERI": 2.9538901472875594,
  "percentiles": {
    "p10": 2.655556880000869,
    "p50": 2.9814098780416742,
    "p90": 3.1611484400272216
  },
  "ema": {
    "fast": 0.5699773484990062,
    "slow": 0.5797856029650121,
    "fast_period": 20,
    "slow_period": 100
  },
  "etv": {
    "horizon_days": 1,
    "risk_budget_usd": 100,
    "expected_move_usd": 0.2705763374915404,
    "qty": 369.581467940176,
    "notional_usd": 3385.3662463320125,
    "leverage": 1
  }
}