{
  "t": "2025-12-08T14:34:38.020Z",
  "spot": 13.98,
  "sigma_d": 0.04180411010933313,
  "ERI": 4.180411010933313,
  "percentiles": {
    "p10": 4.118119650565298,
    "p50": 4.273522567128559,
    "p90": 4.3534687305871165
  },
  "ema": {
    "fast": 0.7985660433120833,
    "slow": 0.8096955511566348,
    "fast_period": 20,
    "slow_period": 100
  },
  "etv": {
    "horizon_days": 1,
    "risk_budget_usd": 100,
    "expected_move_usd": 0.5844214593284772,
    "qty": 171.10939101193145,
    "notional_usd": 2392.1092863468016,
    "leverage": 1
  }
}