{
  "t": "2026-04-29T18:22:08.299Z",
  "spot": 8.96,
  "sigma_d": 0.027455352469467384,
  "ERI": 2.7455352469467385,
  "percentiles": {
    "p10": 2.7018257266007937,
    "p50": 2.9814098780416742,
    "p90": 3.1611484400272216
  },
  "ema": {
    "fast": 0.5169634169769504,
    "slow": 0.5355980182311597,
    "fast_period": 20,
    "slow_period": 100
  },
  "etv": {
    "horizon_days": 1,
    "risk_budget_usd": 100,
    "expected_move_usd": 0.24599995812642778,
    "qty": 406.50413423487896,
    "notional_usd": 3642.2770427445157,
    "leverage": 1
  }
}