{
  "t": "2026-03-07T17:33:11.715Z",
  "spot": 8.8,
  "sigma_d": 0.04026768390814635,
  "ERI": 4.026768390814635,
  "percentiles": {
    "p10": 4.665367776419701,
    "p50": 4.895633799215073,
    "p90": 5.141629785830333
  },
  "ema": {
    "fast": 0.8121456938469435,
    "slow": 0.8999906856176927,
    "fast_period": 20,
    "slow_period": 100
  },
  "etv": {
    "horizon_days": 1,
    "risk_budget_usd": 100,
    "expected_move_usd": 0.3543556183916879,
    "qty": 282.20238317052656,
    "notional_usd": 2483.380971900634,
    "leverage": 1
  }
}