{
  "t": "2025-10-16T08:37:36.338Z",
  "spot": 18,
  "sigma_d": 0.05713572156916196,
  "ERI": 5.713572156916196,
  "percentiles": {
    "p10": 2.926274423812913,
    "p50": 3.4518781341462956,
    "p90": 5.695607502742983
  },
  "ema": {
    "fast": 1.0895808531670719,
    "slow": 1.0359381031588895,
    "fast_period": 20,
    "slow_period": 100
  },
  "etv": {
    "horizon_days": 1,
    "risk_budget_usd": 100,
    "expected_move_usd": 1.0284429882449153,
    "qty": 97.23436412421319,
    "notional_usd": 1750.2185542358375,
    "leverage": 1
  }
}