{
  "t": "2026-01-20T07:38:12.256Z",
  "spot": 12.66,
  "sigma_d": 0.024634457795372967,
  "ERI": 2.4634457795372966,
  "percentiles": {
    "p10": 2.4055990817203687,
    "p50": 2.483110998768935,
    "p90": 2.653462855241299
  },
  "ema": {
    "fast": 0.4670272153793884,
    "slow": 0.4670127051248592,
    "fast_period": 20,
    "slow_period": 100
  },
  "etv": {
    "horizon_days": 1,
    "risk_budget_usd": 100,
    "expected_move_usd": 0.3118722356894218,
    "qty": 320.64412460102756,
    "notional_usd": 4059.354617449009,
    "leverage": 1
  }
}