{
  "t": "2026-01-10T16:36:15.201Z",
  "spot": 13.13,
  "sigma_d": 0.02521414506698353,
  "ERI": 2.521414506698353,
  "percentiles": {
    "p10": 2.520284075031759,
    "p50": 2.5834185295914267,
    "p90": 3.771961092322145
  },
  "ema": {
    "fast": 0.48207428430150057,
    "slow": 0.4916123287499984,
    "fast_period": 20,
    "slow_period": 100
  },
  "etv": {
    "horizon_days": 1,
    "risk_budget_usd": 100,
    "expected_move_usd": 0.33106172472949374,
    "qty": 302.0584758981387,
    "notional_usd": 3966.027788542561,
    "leverage": 1
  }
}