{
  "t": "2025-09-05T21:23:23.635Z",
  "spot": 22.41,
  "sigma_d": 0.06273515620225023,
  "ERI": 6.273515620225023,
  "percentiles": {
    "p10": 5.484393670648378,
    "p50": 6.19014814327137,
    "p90": 6.273973814190379
  },
  "ema": {
    "fast": 1.1975649546626053,
    "slow": 1.102562862028207,
    "fast_period": 20,
    "slow_period": 100
  },
  "etv": {
    "horizon_days": 1,
    "risk_budget_usd": 100,
    "expected_move_usd": 1.4058948504924276,
    "qty": 71.12907481308014,
    "notional_usd": 1594.0025665611258,
    "leverage": 1
  }
}