{
  "t": "2026-03-03T07:07:03.113Z",
  "spot": 8.8,
  "sigma_d": 0.0486445539899495,
  "ERI": 4.8644553989949495,
  "percentiles": {
    "p10": 4.643143417202287,
    "p50": 4.73597853646648,
    "p90": 5.141629785830333
  },
  "ema": {
    "fast": 0.9435144588423003,
    "slow": 0.95452586654973,
    "fast_period": 20,
    "slow_period": 100
  },
  "etv": {
    "horizon_days": 1,
    "risk_budget_usd": 100,
    "expected_move_usd": 0.4280720751115556,
    "qty": 233.60552069167323,
    "notional_usd": 2055.7285820867246,
    "leverage": 1
  }
}