{
  "t": "2025-10-10T20:29:11.562Z",
  "spot": 20.64,
  "sigma_d": 0.03536344074068287,
  "ERI": 3.536344074068287,
  "percentiles": {
    "p10": 2.898875610941117,
    "p50": 3.0555508030515233,
    "p90": 3.383988788301197
  },
  "ema": {
    "fast": 0.6525040211074924,
    "slow": 0.6292011160284382,
    "fast_period": 20,
    "slow_period": 100
  },
  "etv": {
    "horizon_days": 1,
    "risk_budget_usd": 100,
    "expected_move_usd": 0.7299014168876945,
    "qty": 137.0048032327445,
    "notional_usd": 2827.7791387238467,
    "leverage": 1
  }
}