{
  "t": "2025-10-21T19:23:45.932Z",
  "spot": 18.26,
  "sigma_d": 0.05935331573459364,
  "ERI": 5.935331573459364,
  "percentiles": {
    "p10": 5.22970867774486,
    "p50": 5.709260800839321,
    "p90": 5.948745839461171
  },
  "ema": {
    "fast": 1.135407413957407,
    "slow": 1.1118728865467755,
    "fast_period": 20,
    "slow_period": 100
  },
  "etv": {
    "horizon_days": 1,
    "risk_budget_usd": 100,
    "expected_move_usd": 1.08379154531368,
    "qty": 92.26866590019132,
    "notional_usd": 1684.8258393374938,
    "leverage": 1
  }
}