{
  "t": "2025-12-02T10:35:33.174Z",
  "spot": 12.08,
  "sigma_d": 0.04181806189178836,
  "ERI": 4.181806189178836,
  "percentiles": {
    "p10": 4.118119650565298,
    "p50": 4.232934085716799,
    "p90": 4.3045492386149515
  },
  "ema": {
    "fast": 0.8043181105701176,
    "slow": 0.802350867490106,
    "fast_period": 20,
    "slow_period": 100
  },
  "etv": {
    "horizon_days": 1,
    "risk_budget_usd": 100,
    "expected_move_usd": 0.5051621876528034,
    "qty": 197.9562256324888,
    "notional_usd": 2391.311205640465,
    "leverage": 1
  }
}