{
  "t": "2025-09-16T23:20:07.291Z",
  "spot": 23.58,
  "sigma_d": 0.04628630920650251,
  "ERI": 4.6286309206502505,
  "percentiles": {
    "p10": 5.149379242930699,
    "p50": 5.331276843125689,
    "p90": 5.906809616440879
  },
  "ema": {
    "fast": 0.8949375886417866,
    "slow": 0.9598708150356198,
    "fast_period": 20,
    "slow_period": 100
  },
  "etv": {
    "horizon_days": 1,
    "risk_budget_usd": 100,
    "expected_move_usd": 1.091431171089329,
    "qty": 91.62281841391116,
    "notional_usd": 2160.466058200025,
    "leverage": 1
  }
}