{
  "t": "2025-11-20T11:25:25.866Z",
  "spot": 13.65,
  "sigma_d": 0.04103589601956849,
  "ERI": 4.103589601956849,
  "percentiles": {
    "p10": 4.211630179673893,
    "p50": 4.4535860610588065,
    "p90": 4.805759924602886
  },
  "ema": {
    "fast": 0.7957868848868966,
    "slow": 0.8266496737773077,
    "fast_period": 20,
    "slow_period": 100
  },
  "etv": {
    "horizon_days": 1,
    "risk_budget_usd": 100,
    "expected_move_usd": 0.5601399806671099,
    "qty": 178.5268030339541,
    "notional_usd": 2436.890861413474,
    "leverage": 1
  }
}