{
  "t": "2026-01-06T06:50:14.781Z",
  "spot": 13.95,
  "sigma_d": 0.025691455345335238,
  "ERI": 2.569145534533524,
  "percentiles": {
    "p10": 2.528583558212081,
    "p50": 3.537651664278849,
    "p90": 3.780024098073111
  },
  "ema": {
    "fast": 0.4891170648439146,
    "slow": 0.518298373796064,
    "fast_period": 20,
    "slow_period": 100
  },
  "etv": {
    "horizon_days": 1,
    "risk_budget_usd": 100,
    "expected_move_usd": 0.35839580206742655,
    "qty": 279.021125312139,
    "notional_usd": 3892.344698104339,
    "leverage": 1
  }
}