{
  "t": "2026-02-02T23:39:26.352Z",
  "spot": 9.81,
  "sigma_d": 0.03393182737332098,
  "ERI": 3.3931827373320984,
  "percentiles": {
    "p10": 2.675714202546714,
    "p50": 2.923705343345963,
    "p90": 3.260221641977049
  },
  "ema": {
    "fast": 0.6359324672805877,
    "slow": 0.6086786428547851,
    "fast_period": 20,
    "slow_period": 100
  },
  "etv": {
    "horizon_days": 1,
    "risk_budget_usd": 100,
    "expected_move_usd": 0.33287122653227885,
    "qty": 300.41647348664094,
    "notional_usd": 2947.0856049039476,
    "leverage": 1
  }
}