{
  "t": "2026-02-24T20:50:36.138Z",
  "spot": 8.25,
  "sigma_d": 0.04667192060026451,
  "ERI": 4.667192060026451,
  "percentiles": {
    "p10": 4.583125535968241,
    "p50": 4.703143936608322,
    "p90": 4.742589973907389
  },
  "ema": {
    "fast": 0.8939665112633776,
    "slow": 0.8957438448078456,
    "fast_period": 20,
    "slow_period": 100
  },
  "etv": {
    "horizon_days": 1,
    "risk_budget_usd": 100,
    "expected_move_usd": 0.38504334495218223,
    "qty": 259.7110203590684,
    "notional_usd": 2142.6159179623146,
    "leverage": 1
  }
}