{
  "t": "2025-11-03T08:38:40.307Z",
  "spot": 16.11,
  "sigma_d": 0.06001528803513934,
  "ERI": 6.001528803513934,
  "percentiles": {
    "p10": 5.766426315714119,
    "p50": 5.804579385042821,
    "p90": 5.947596900981525
  },
  "ema": {
    "fast": 1.1245229688009044,
    "slow": 1.1134481557855445,
    "fast_period": 20,
    "slow_period": 100
  },
  "etv": {
    "horizon_days": 1,
    "risk_budget_usd": 100,
    "expected_move_usd": 0.9668462902460948,
    "qty": 103.42905693370002,
    "notional_usd": 1666.2421072019074,
    "leverage": 1
  }
}