{
  "t": "2026-06-07T20:22:12.324Z",
  "spot": 7.64,
  "sigma_d": 0.02807121542406551,
  "ERI": 2.8071215424065508,
  "percentiles": {
    "p10": 2.1046049427482103,
    "p50": 2.249324684121694,
    "p90": 2.6581500727890823
  },
  "ema": {
    "fast": 0.5397806793198238,
    "slow": 0.48436712272202265,
    "fast_period": 20,
    "slow_period": 100
  },
  "etv": {
    "horizon_days": 1,
    "risk_budget_usd": 100,
    "expected_move_usd": 0.21446408583986049,
    "qty": 466.2785361399373,
    "notional_usd": 3562.3680161091206,
    "leverage": 1
  }
}