{
  "t": "2025-12-08T18:44:52.251Z",
  "spot": 13.71,
  "sigma_d": 0.04148185026553838,
  "ERI": 4.148185026553838,
  "percentiles": {
    "p10": 4.118119650565298,
    "p50": 4.249507970500831,
    "p90": 4.3534687305871165
  },
  "ema": {
    "fast": 0.796807033027938,
    "slow": 0.8084337081297308,
    "fast_period": 20,
    "slow_period": 100
  },
  "etv": {
    "horizon_days": 1,
    "risk_budget_usd": 100,
    "expected_move_usd": 0.5687161671405312,
    "qty": 175.83463558420303,
    "notional_usd": 2410.692853859424,
    "leverage": 1
  }
}