{
  "t": "2026-05-10T09:46:11.704Z",
  "spot": 10.53,
  "sigma_d": 0.024339414621461844,
  "ERI": 2.4339414621461843,
  "percentiles": {
    "p10": 2.47266750875839,
    "p50": 2.689797640405544,
    "p90": 3.052155864355102
  },
  "ema": {
    "fast": 0.46609306719720556,
    "slow": 0.48704171269551005,
    "fast_period": 20,
    "slow_period": 100
  },
  "etv": {
    "horizon_days": 1,
    "risk_budget_usd": 100,
    "expected_move_usd": 0.2562940359639932,
    "qty": 390.1768514584125,
    "notional_usd": 4108.562245857083,
    "leverage": 1
  }
}