{
  "t": "2025-09-19T06:38:19.790Z",
  "spot": 24.45,
  "sigma_d": 0.03824003274408854,
  "ERI": 3.824003274408854,
  "percentiles": {
    "p10": 4.369071697362041,
    "p50": 5.198123705421704,
    "p90": 5.672116660743414
  },
  "ema": {
    "fast": 0.7962242785550604,
    "slow": 0.8799692164560474,
    "fast_period": 20,
    "slow_period": 100
  },
  "etv": {
    "horizon_days": 1,
    "risk_budget_usd": 100,
    "expected_move_usd": 0.9349688005929648,
    "qty": 106.95544058430525,
    "notional_usd": 2615.060522286263,
    "leverage": 1
  }
}