{
  "t": "2025-12-20T16:34:24.609Z",
  "spot": 12.6,
  "sigma_d": 0.040223481863590746,
  "ERI": 4.022348186359075,
  "percentiles": {
    "p10": 3.9335864817287565,
    "p50": 4.024462819032204,
    "p90": 4.193054556615247
  },
  "ema": {
    "fast": 0.7705723184606411,
    "slow": 0.7675113855792978,
    "fast_period": 20,
    "slow_period": 100
  },
  "etv": {
    "horizon_days": 1,
    "risk_budget_usd": 100,
    "expected_move_usd": 0.5068158714812434,
    "qty": 197.3103164818722,
    "notional_usd": 2486.10998767159,
    "leverage": 1
  }
}