{
  "t": "2026-03-15T09:47:03.841Z",
  "spot": 9.28,
  "sigma_d": 0.03405075169863226,
  "ERI": 3.4050751698632262,
  "percentiles": {
    "p10": 3.48589118086921,
    "p50": 3.6054092798651314,
    "p90": 4.951915308661314
  },
  "ema": {
    "fast": 0.659986924286872,
    "slow": 0.6846439373327768,
    "fast_period": 20,
    "slow_period": 100
  },
  "etv": {
    "horizon_days": 1,
    "risk_budget_usd": 100,
    "expected_move_usd": 0.31599097576330737,
    "qty": 316.46473371095533,
    "notional_usd": 2936.7927288376654,
    "leverage": 1
  }
}