{
  "t": "2025-10-23T07:27:42.746Z",
  "spot": 17.55,
  "sigma_d": 0.059478605996537495,
  "ERI": 5.947860599653749,
  "percentiles": {
    "p10": 5.581744351720107,
    "p50": 5.717995370121049,
    "p90": 5.950776226957708
  },
  "ema": {
    "fast": 1.1335283549707216,
    "slow": 1.1218283382974281,
    "fast_period": 20,
    "slow_period": 100
  },
  "etv": {
    "horizon_days": 1,
    "risk_budget_usd": 100,
    "expected_move_usd": 1.0438495352392332,
    "qty": 95.79924751998058,
    "notional_usd": 1681.2767939756593,
    "leverage": 1
  }
}