{
  "t": "2026-03-04T05:56:09.184Z",
  "spot": 8.76,
  "sigma_d": 0.04799852852376225,
  "ERI": 4.799852852376225,
  "percentiles": {
    "p10": 4.643143417202287,
    "p50": 4.744459596141123,
    "p90": 5.141629785830333
  },
  "ema": {
    "fast": 0.9301217998273253,
    "slow": 0.9474856226120666,
    "fast_period": 20,
    "slow_period": 100
  },
  "etv": {
    "horizon_days": 1,
    "risk_budget_usd": 100,
    "expected_move_usd": 0.4204671098681573,
    "qty": 237.8307307588369,
    "notional_usd": 2083.397201447411,
    "leverage": 1
  }
}