{
  "t": "2025-11-13T20:31:58.193Z",
  "spot": 14.21,
  "sigma_d": 0.04559151642752442,
  "ERI": 4.5591516427524414,
  "percentiles": {
    "p10": 4.486721437671329,
    "p50": 6.001771773940257,
    "p90": 6.308191627099421
  },
  "ema": {
    "fast": 0.8622745206285695,
    "slow": 0.9091284170366624,
    "fast_period": 20,
    "slow_period": 100
  },
  "etv": {
    "horizon_days": 1,
    "risk_budget_usd": 100,
    "expected_move_usd": 0.647855448435122,
    "qty": 154.35542024312275,
    "notional_usd": 2193.3905216547746,
    "leverage": 1
  }
}