{
  "t": "2026-02-13T17:01:39.688Z",
  "spot": 8.85,
  "sigma_d": 0.04656587803618712,
  "ERI": 4.656587803618712,
  "percentiles": {
    "p10": 3.1660744693375706,
    "p50": 4.087914317036944,
    "p90": 4.747609022425738
  },
  "ema": {
    "fast": 0.8670235008152514,
    "slow": 0.8646244864113478,
    "fast_period": 20,
    "slow_period": 100
  },
  "etv": {
    "horizon_days": 1,
    "risk_budget_usd": 100,
    "expected_move_usd": 0.412108020620256,
    "qty": 242.65482591067237,
    "notional_usd": 2147.4952093094503,
    "leverage": 1
  }
}