{
  "t": "2026-06-21T19:57:58.231Z",
  "spot": 7.94,
  "sigma_d": 0.029401640680965815,
  "ERI": 2.9401640680965815,
  "percentiles": {
    "p10": 2.12457552580447,
    "p50": 2.6143617984102545,
    "p90": 3.053945068786401
  },
  "ema": {
    "fast": 0.568041105660074,
    "slow": 0.5618393739146345,
    "fast_period": 20,
    "slow_period": 100
  },
  "etv": {
    "horizon_days": 1,
    "risk_budget_usd": 100,
    "expected_move_usd": 0.2334490270068686,
    "qty": 428.35903529834707,
    "notional_usd": 3401.1707402688758,
    "leverage": 1
  }
}