{
  "t": "2025-11-08T15:25:03.682Z",
  "spot": 15.34,
  "sigma_d": 0.0628074000702568,
  "ERI": 6.28074000702568,
  "percentiles": {
    "p10": 5.769242051153722,
    "p50": 5.930165174490641,
    "p90": 6.308191627099421
  },
  "ema": {
    "fast": 1.1972251886452199,
    "slow": 1.1807322381392678,
    "fast_period": 20,
    "slow_period": 100
  },
  "etv": {
    "horizon_days": 1,
    "risk_budget_usd": 100,
    "expected_move_usd": 0.9634655170777393,
    "qty": 103.79198656046066,
    "notional_usd": 1592.1690738374664,
    "leverage": 1
  }
}