{
  "t": "2026-01-03T05:33:28.786Z",
  "spot": 13.19,
  "sigma_d": 0.02643197764458596,
  "ERI": 2.6431977644585958,
  "percentiles": {
    "p10": 2.880016821728397,
    "p50": 3.772000988763151,
    "p90": 3.8343695095658084
  },
  "ema": {
    "fast": 0.5107646636123078,
    "slow": 0.5933829903734135,
    "fast_period": 20,
    "slow_period": 100
  },
  "etv": {
    "horizon_days": 1,
    "risk_budget_usd": 100,
    "expected_move_usd": 0.3486377851320888,
    "qty": 286.8306427604021,
    "notional_usd": 3783.2961780097035,
    "leverage": 1
  }
}