{
  "t": "2026-02-16T05:41:31.917Z",
  "spot": 8.68,
  "sigma_d": 0.047034031426740536,
  "ERI": 4.703403142674054,
  "percentiles": {
    "p10": 3.271337647399153,
    "p50": 4.643537773639325,
    "p90": 4.747609022425738
  },
  "ema": {
    "fast": 0.8995662142416025,
    "slow": 0.8841989479560742,
    "fast_period": 20,
    "slow_period": 100
  },
  "etv": {
    "horizon_days": 1,
    "risk_budget_usd": 100,
    "expected_move_usd": 0.40825539278410783,
    "qty": 244.94471296030534,
    "notional_usd": 2126.12010849545,
    "leverage": 1
  }
}