{
  "t": "2026-01-11T13:37:54.982Z",
  "spot": 13.2,
  "sigma_d": 0.024701854753831888,
  "ERI": 2.4701854753831887,
  "percentiles": {
    "p10": 2.5188219857788847,
    "p50": 2.570824250042315,
    "p90": 3.531510806611088
  },
  "ema": {
    "fast": 0.4753251703164167,
    "slow": 0.4867271002010718,
    "fast_period": 20,
    "slow_period": 100
  },
  "etv": {
    "horizon_days": 1,
    "risk_budget_usd": 100,
    "expected_move_usd": 0.3260644827505809,
    "qty": 306.6878034566365,
    "notional_usd": 4048.2790056276017,
    "leverage": 1
  }
}