{
  "t": "2025-12-30T08:41:15.451Z",
  "spot": 12.46,
  "sigma_d": 0.0378551718748141,
  "ERI": 3.7855171874814104,
  "percentiles": {
    "p10": 3.7540600216572577,
    "p50": 3.790333878534282,
    "p90": 4.022310698658717
  },
  "ema": {
    "fast": 0.7215062994713888,
    "slow": 0.7222957875676117,
    "fast_period": 20,
    "slow_period": 100
  },
  "etv": {
    "horizon_days": 1,
    "risk_budget_usd": 100,
    "expected_move_usd": 0.47167544156018376,
    "qty": 212.01019003496376,
    "notional_usd": 2641.6469678356484,
    "leverage": 1
  }
}