{
  "t": "2025-10-30T21:25:17.860Z",
  "spot": 16.65,
  "sigma_d": 0.05929699335798946,
  "ERI": 5.929699335798945,
  "percentiles": {
    "p10": 5.762090969495253,
    "p50": 5.843977385745307,
    "p90": 5.9604874050700545
  },
  "ema": {
    "fast": 1.1186625192719275,
    "slow": 1.1101035544617832,
    "fast_period": 20,
    "slow_period": 100
  },
  "etv": {
    "horizon_days": 1,
    "risk_budget_usd": 100,
    "expected_move_usd": 0.9872949394105244,
    "qty": 101.28685563779567,
    "notional_usd": 1686.4261463692978,
    "leverage": 1
  }
}