{
  "t": "2025-12-24T02:20:15.988Z",
  "spot": 12.32,
  "sigma_d": 0.03774374770627197,
  "ERI": 3.774374770627197,
  "percentiles": {
    "p10": 3.849050100270322,
    "p50": 3.9691694787999436,
    "p90": 4.046239546299053
  },
  "ema": {
    "fast": 0.7327732090825579,
    "slow": 0.7438790292950849,
    "fast_period": 20,
    "slow_period": 100
  },
  "etv": {
    "horizon_days": 1,
    "risk_budget_usd": 100,
    "expected_move_usd": 0.4650029717412707,
    "qty": 215.05238907513984,
    "notional_usd": 2649.4454334057227,
    "leverage": 1
  }
}