{
  "t": "2025-11-10T10:34:42.164Z",
  "spot": 16.51,
  "sigma_d": 0.04851175837330624,
  "ERI": 4.851175837330624,
  "percentiles": {
    "p10": 4.821828408473958,
    "p50": 6.001771773940257,
    "p90": 6.308191627099421
  },
  "ema": {
    "fast": 0.9328229362438665,
    "slow": 1.060873352425047,
    "fast_period": 20,
    "slow_period": 100
  },
  "etv": {
    "horizon_days": 1,
    "risk_budget_usd": 100,
    "expected_move_usd": 0.8009291307432861,
    "qty": 124.8549917359068,
    "notional_usd": 2061.355913559821,
    "leverage": 1
  }
}