{
  "t": "2025-10-23T05:28:57.082Z",
  "spot": 17.33,
  "sigma_d": 0.05933069376404152,
  "ERI": 5.933069376404152,
  "percentiles": {
    "p10": 5.576742474607186,
    "p50": 5.717698295497758,
    "p90": 5.950520430444294
  },
  "ema": {
    "fast": 1.1328015890339664,
    "slow": 1.1212161816803592,
    "fast_period": 20,
    "slow_period": 100
  },
  "etv": {
    "horizon_days": 1,
    "risk_budget_usd": 100,
    "expected_move_usd": 1.0282009229308395,
    "qty": 97.25725562952675,
    "notional_usd": 1685.4682400596985,
    "leverage": 1
  }
}