{
  "t": "2026-03-16T23:42:36.017Z",
  "spot": 9.94,
  "sigma_d": 0.034956536383017614,
  "ERI": 3.4956536383017616,
  "percentiles": {
    "p10": 3.4489815235451773,
    "p50": 3.583138899138694,
    "p90": 4.892060955583414
  },
  "ema": {
    "fast": 0.660258389444963,
    "slow": 0.6731124628530698,
    "fast_period": 20,
    "slow_period": 100
  },
  "etv": {
    "horizon_days": 1,
    "risk_budget_usd": 100,
    "expected_move_usd": 0.34746797164719506,
    "qty": 287.79630976041716,
    "notional_usd": 2860.6953190185463,
    "leverage": 1
  }
}