{
  "t": "2025-12-02T22:27:31.186Z",
  "spot": 13.47,
  "sigma_d": 0.047048273871046244,
  "ERI": 4.704827387104625,
  "percentiles": {
    "p10": 4.118296207031541,
    "p50": 4.2354866353321565,
    "p90": 4.307307378249802
  },
  "ema": {
    "fast": 0.8505935042572168,
    "slow": 0.8150092721431537,
    "fast_period": 20,
    "slow_period": 100
  },
  "etv": {
    "horizon_days": 1,
    "risk_budget_usd": 100,
    "expected_move_usd": 0.633740249042993,
    "qty": 157.79335485004992,
    "notional_usd": 2125.4764898301723,
    "leverage": 1
  }
}