{
  "t": "2025-10-13T15:28:40.608Z",
  "spot": 19.76,
  "sigma_d": 0.056206591352611183,
  "ERI": 5.620659135261119,
  "percentiles": {
    "p10": 2.898875610941117,
    "p50": 3.2910152540399937,
    "p90": 5.406163518795611
  },
  "ema": {
    "fast": 1.060442756793198,
    "slow": 0.9231806481785192,
    "fast_period": 20,
    "slow_period": 100
  },
  "etv": {
    "horizon_days": 1,
    "risk_budget_usd": 100,
    "expected_move_usd": 1.110642245127597,
    "qty": 90.03799417742427,
    "notional_usd": 1779.1507649459036,
    "leverage": 1
  }
}