{
  "t": "2025-12-23T05:35:41.343Z",
  "spot": 12.37,
  "sigma_d": 0.03836194886981268,
  "ERI": 3.836194886981268,
  "percentiles": {
    "p10": 3.858565872095159,
    "p50": 3.9782978632374077,
    "p90": 4.060245246209272
  },
  "ema": {
    "fast": 0.7361991755723131,
    "slow": 0.7488631279035812,
    "fast_period": 20,
    "slow_period": 100
  },
  "etv": {
    "horizon_days": 1,
    "risk_budget_usd": 100,
    "expected_move_usd": 0.47453730751958284,
    "qty": 210.73158720165173,
    "notional_usd": 2606.7497336844317,
    "leverage": 1
  }
}