{
  "t": "2025-12-10T02:19:43.614Z",
  "spot": 14.25,
  "sigma_d": 0.04192087048169575,
  "ERI": 4.192087048169575,
  "percentiles": {
    "p10": 4.114604769567366,
    "p50": 4.204603441686267,
    "p90": 4.355298909861288
  },
  "ema": {
    "fast": 0.8045397214509946,
    "slow": 0.8045452881396787,
    "fast_period": 20,
    "slow_period": 100
  },
  "etv": {
    "horizon_days": 1,
    "risk_budget_usd": 100,
    "expected_move_usd": 0.5973724043641645,
    "qty": 167.39976481913106,
    "notional_usd": 2385.446648672618,
    "leverage": 1
  }
}