{
  "t": "2025-10-06T12:56:08.130Z",
  "spot": 22.34,
  "sigma_d": 0.029096815594075925,
  "ERI": 2.9096815594075927,
  "percentiles": {
    "p10": 2.898875610941117,
    "p50": 3.0431263409193625,
    "p90": 3.1775050936932128
  },
  "ema": {
    "fast": 0.5550307100609823,
    "slow": 0.5655235072467231,
    "fast_period": 20,
    "slow_period": 100
  },
  "etv": {
    "horizon_days": 1,
    "risk_budget_usd": 100,
    "expected_move_usd": 0.6500228603716561,
    "qty": 153.84074329758826,
    "notional_usd": 3436.8022052681217,
    "leverage": 1
  }
}