{
  "t": "2025-12-05T09:32:05.302Z",
  "spot": 14.11,
  "sigma_d": 0.04293810341523878,
  "ERI": 4.293810341523878,
  "percentiles": {
    "p10": 4.118119650565298,
    "p50": 4.247066775942117,
    "p90": 4.320340546622555
  },
  "ema": {
    "fast": 0.8216927510641041,
    "slow": 0.8177768009658165,
    "fast_period": 20,
    "slow_period": 100
  },
  "etv": {
    "horizon_days": 1,
    "risk_budget_usd": 100,
    "expected_move_usd": 0.6058566391890191,
    "qty": 165.0555486754373,
    "notional_usd": 2328.93379181042,
    "leverage": 1
  }
}