{
  "t": "2026-04-04T06:07:43.333Z",
  "spot": 8.64,
  "sigma_d": 0.027564708576265133,
  "ERI": 2.756470857626513,
  "percentiles": {
    "p10": 2.9322806202744562,
    "p50": 3.532029186372276,
    "p90": 3.637374297236334
  },
  "ema": {
    "fast": 0.5346352613909557,
    "slow": 0.5664481321859725,
    "fast_period": 20,
    "slow_period": 100
  },
  "etv": {
    "horizon_days": 1,
    "risk_budget_usd": 100,
    "expected_move_usd": 0.23815908209893077,
    "qty": 419.88740936808034,
    "notional_usd": 3627.8272169402144,
    "leverage": 1
  }
}