{
  "t": "2025-12-01T23:28:07.579Z",
  "spot": 12.13,
  "sigma_d": 0.04216988836629185,
  "ERI": 4.216988836629184,
  "percentiles": {
    "p10": 4.114133604092683,
    "p50": 4.232934085716799,
    "p90": 4.3045492386149515
  },
  "ema": {
    "fast": 0.8120359389960147,
    "slow": 0.8030037070087596,
    "fast_period": 20,
    "slow_period": 100
  },
  "etv": {
    "horizon_days": 1,
    "risk_budget_usd": 100,
    "expected_move_usd": 0.5115207458831201,
    "qty": 195.49549222554796,
    "notional_usd": 2371.360320695897,
    "leverage": 1
  }
}