{
  "t": "2025-11-10T16:38:17.483Z",
  "spot": 16.04,
  "sigma_d": 0.04804926686692159,
  "ERI": 4.804926686692159,
  "percentiles": {
    "p10": 4.819423071112379,
    "p50": 6.001771773940257,
    "p90": 6.308191627099421
  },
  "ema": {
    "fast": 0.9289050440793752,
    "slow": 1.0454796025202964,
    "fast_period": 20,
    "slow_period": 100
  },
  "etv": {
    "horizon_days": 1,
    "risk_budget_usd": 100,
    "expected_move_usd": 0.7707102405454223,
    "qty": 129.75044931183373,
    "notional_usd": 2081.1972069618128,
    "leverage": 1
  }
}