{
  "t": "2025-09-25T21:22:12.803Z",
  "spot": 20.38,
  "sigma_d": 0.03159022399625733,
  "ERI": 3.1590223996257327,
  "percentiles": {
    "p10": 3.1244667380943825,
    "p50": 3.7359492553564064,
    "p90": 5.1493701598435235
  },
  "ema": {
    "fast": 0.5936663197441806,
    "slow": 0.6417587278151352,
    "fast_period": 20,
    "slow_period": 100
  },
  "etv": {
    "horizon_days": 1,
    "risk_budget_usd": 100,
    "expected_move_usd": 0.6438087650437243,
    "qty": 155.32562684698536,
    "notional_usd": 3165.5362751415614,
    "leverage": 1
  }
}