{
  "t": "2026-05-14T21:19:54.492Z",
  "spot": 10.56,
  "sigma_d": 0.021025220676798368,
  "ERI": 2.102522067679837,
  "percentiles": {
    "p10": 2.4023846766533907,
    "p50": 2.6559087245224875,
    "p90": 2.9343181340437274
  },
  "ema": {
    "fast": 0.41518692895860354,
    "slow": 0.4594006068144893,
    "fast_period": 20,
    "slow_period": 100
  },
  "etv": {
    "horizon_days": 1,
    "risk_budget_usd": 100,
    "expected_move_usd": 0.22202633034699076,
    "qty": 450.39703103553705,
    "notional_usd": 4756.192647735272,
    "leverage": 1
  }
}