{
  "t": "2025-12-28T19:24:41.247Z",
  "spot": 12.37,
  "sigma_d": 0.03772948184567383,
  "ERI": 3.772948184567383,
  "percentiles": {
    "p10": 3.7540600216572577,
    "p50": 3.848735162252983,
    "p90": 4.024022547779961
  },
  "ema": {
    "fast": 0.7200602108163747,
    "slow": 0.7226703860460062,
    "fast_period": 20,
    "slow_period": 100
  },
  "etv": {
    "horizon_days": 1,
    "risk_budget_usd": 100,
    "expected_move_usd": 0.46671369043098526,
    "qty": 214.2641239164322,
    "notional_usd": 2650.447212846266,
    "leverage": 1
  }
}