{
  "t": "2026-04-26T13:37:54.721Z",
  "spot": 9.45,
  "sigma_d": 0.026847857203269834,
  "ERI": 2.6847857203269836,
  "percentiles": {
    "p10": 2.811472414156498,
    "p50": 2.9814098780416742,
    "p90": 3.1611484400272216
  },
  "ema": {
    "fast": 0.5257647167541682,
    "slow": 0.5556315594526055,
    "fast_period": 20,
    "slow_period": 100
  },
  "etv": {
    "horizon_days": 1,
    "risk_budget_usd": 100,
    "expected_move_usd": 0.2537122505708999,
    "qty": 394.1473057567435,
    "notional_usd": 3724.692039401226,
    "leverage": 1
  }
}