{
  "t": "2025-10-21T08:38:18.433Z",
  "spot": 17.94,
  "sigma_d": 0.05957411146299672,
  "ERI": 5.957411146299672,
  "percentiles": {
    "p10": 5.19264773683815,
    "p50": 5.700963897042254,
    "p90": 5.930554994249475
  },
  "ema": {
    "fast": 1.1359679840102905,
    "slow": 1.1060804531421178,
    "fast_period": 20,
    "slow_period": 100
  },
  "etv": {
    "horizon_days": 1,
    "risk_budget_usd": 100,
    "expected_move_usd": 1.0687595596461612,
    "qty": 93.56641453865211,
    "notional_usd": 1678.581476823419,
    "leverage": 1
  }
}