{
  "t": "2025-09-25T05:28:10.307Z",
  "spot": 21.24,
  "sigma_d": 0.03016783906393703,
  "ERI": 3.016783906393703,
  "percentiles": {
    "p10": 3.1363987577884007,
    "p50": 3.8341816041383225,
    "p90": 5.178090712562719
  },
  "ema": {
    "fast": 0.5964321233092154,
    "slow": 0.6614759248186516,
    "fast_period": 20,
    "slow_period": 100
  },
  "etv": {
    "horizon_days": 1,
    "risk_budget_usd": 100,
    "expected_move_usd": 0.6407649017180225,
    "qty": 156.06347933833365,
    "notional_usd": 3314.7883011462063,
    "leverage": 1
  }
}