{
  "t": "2025-11-14T06:42:17.623Z",
  "spot": 14.21,
  "sigma_d": 0.04405581600485691,
  "ERI": 4.405581600485691,
  "percentiles": {
    "p10": 4.483089350458555,
    "p50": 6.001771773940257,
    "p90": 6.308191627099421
  },
  "ema": {
    "fast": 0.8535631972731551,
    "slow": 0.9001028132067711,
    "fast_period": 20,
    "slow_period": 100
  },
  "etv": {
    "horizon_days": 1,
    "risk_budget_usd": 100,
    "expected_move_usd": 0.6260331454290168,
    "qty": 159.73595125138397,
    "notional_usd": 2269.847867282166,
    "leverage": 1
  }
}