{
  "t": "2026-04-18T05:47:37.606Z",
  "spot": 9.59,
  "sigma_d": 0.029896348547253076,
  "ERI": 2.9896348547253075,
  "percentiles": {
    "p10": 2.652230297274112,
    "p50": 2.916419680319275,
    "p90": 3.1611484400272216
  },
  "ema": {
    "fast": 0.5825907318957049,
    "slow": 0.582256504359703,
    "fast_period": 20,
    "slow_period": 100
  },
  "etv": {
    "horizon_days": 1,
    "risk_budget_usd": 100,
    "expected_move_usd": 0.286705982568157,
    "qty": 348.789373365195,
    "notional_usd": 3344.89009057222,
    "leverage": 1
  }
}