{
  "t": "2025-11-11T20:30:41.336Z",
  "spot": 15.58,
  "sigma_d": 0.045154841564179225,
  "ERI": 4.515484156417923,
  "percentiles": {
    "p10": 4.782106476328069,
    "p50": 6.001771773940257,
    "p90": 6.308191627099421
  },
  "ema": {
    "fast": 0.8651911272690365,
    "slow": 0.9735193177723805,
    "fast_period": 20,
    "slow_period": 100
  },
  "etv": {
    "horizon_days": 1,
    "risk_budget_usd": 100,
    "expected_move_usd": 0.7035124315699124,
    "qty": 142.14389897396202,
    "notional_usd": 2214.6019460143284,
    "leverage": 1
  }
}