{
  "t": "2025-09-25T12:56:38.377Z",
  "spot": 20.97,
  "sigma_d": 0.030453138253245644,
  "ERI": 3.0453138253245644,
  "percentiles": {
    "p10": 3.1286293218478294,
    "p50": 3.82350545806922,
    "p90": 5.176864053707861
  },
  "ema": {
    "fast": 0.5884183139671968,
    "slow": 0.6508691617202209,
    "fast_period": 20,
    "slow_period": 100
  },
  "etv": {
    "horizon_days": 1,
    "risk_budget_usd": 100,
    "expected_move_usd": 0.6386023091705612,
    "qty": 156.59197995992758,
    "notional_usd": 3283.7338197596814,
    "leverage": 1
  }
}