{
  "t": "2026-01-09T05:37:12.210Z",
  "spot": 13.19,
  "sigma_d": 0.025195929152363468,
  "ERI": 2.519592915236347,
  "percentiles": {
    "p10": 2.5261923848762877,
    "p50": 2.6498906493339667,
    "p90": 3.776238704747005
  },
  "ema": {
    "fast": 0.48741076228767133,
    "slow": 0.5007785611450759,
    "fast_period": 20,
    "slow_period": 100
  },
  "etv": {
    "horizon_days": 1,
    "risk_budget_usd": 100,
    "expected_move_usd": 0.33233430551967413,
    "qty": 300.90182788571616,
    "notional_usd": 3968.895109812596,
    "leverage": 1
  }
}