{
  "t": "2025-10-01T14:30:00.411Z",
  "spot": 22.35,
  "sigma_d": 0.031061266661295373,
  "ERI": 3.1061266661295375,
  "percentiles": {
    "p10": 2.9847085730369316,
    "p50": 3.1737895980545083,
    "p90": 3.6601460605821945
  },
  "ema": {
    "fast": 0.5809852931305076,
    "slow": 0.587150595108012,
    "fast_period": 20,
    "slow_period": 100
  },
  "etv": {
    "horizon_days": 1,
    "risk_budget_usd": 100,
    "expected_move_usd": 0.6942193098799516,
    "qty": 144.04669904283213,
    "notional_usd": 3219.443723607298,
    "leverage": 1
  }
}