{
  "t": "2026-02-06T02:50:54.177Z",
  "spot": 8.09,
  "sigma_d": 0.04162798018662963,
  "ERI": 4.162798018662963,
  "percentiles": {
    "p10": 2.675721824784282,
    "p50": 3.1319335207896426,
    "p90": 3.375577379958039
  },
  "ema": {
    "fast": 0.6966091702997342,
    "slow": 0.6416515485210691,
    "fast_period": 20,
    "slow_period": 100
  },
  "etv": {
    "horizon_days": 1,
    "risk_budget_usd": 100,
    "expected_move_usd": 0.3367703597098337,
    "qty": 296.9382462463783,
    "notional_usd": 2402.2304121332004,
    "leverage": 1
  }
}