{
  "t": "2025-12-30T16:39:57.307Z",
  "spot": 12.5,
  "sigma_d": 0.03789682744008359,
  "ERI": 3.789682744008359,
  "percentiles": {
    "p10": 3.7540600216572577,
    "p50": 3.785621611413924,
    "p90": 4.022310698658717
  },
  "ema": {
    "fast": 0.7224905998964515,
    "slow": 0.7224415611169879,
    "fast_period": 20,
    "slow_period": 100
  },
  "etv": {
    "horizon_days": 1,
    "risk_budget_usd": 100,
    "expected_move_usd": 0.47371034300104486,
    "qty": 211.09946505807966,
    "notional_usd": 2638.7433132259957,
    "leverage": 1
  }
}