{
  "t": "2025-09-29T23:24:10.384Z",
  "spot": 21.78,
  "sigma_d": 0.030268368422234085,
  "ERI": 3.0268368422234087,
  "percentiles": {
    "p10": 3.0237455398408715,
    "p50": 3.280302750795113,
    "p90": 3.8235065849642402
  },
  "ema": {
    "fast": 0.5783595643733063,
    "slow": 0.595234165766682,
    "fast_period": 20,
    "slow_period": 100
  },
  "etv": {
    "horizon_days": 1,
    "risk_budget_usd": 100,
    "expected_move_usd": 0.6592450642362584,
    "qty": 151.68865938473266,
    "notional_usd": 3303.7790013994777,
    "leverage": 1
  }
}