{
  "t": "2026-03-04T15:55:00.059Z",
  "spot": 9.43,
  "sigma_d": 0.04966785554511132,
  "ERI": 4.966785554511132,
  "percentiles": {
    "p10": 4.643143417202287,
    "p50": 4.854557255270466,
    "p90": 5.141629785830333
  },
  "ema": {
    "fast": 0.9303495356059146,
    "slow": 0.9444409168159213,
    "fast_period": 20,
    "slow_period": 100
  },
  "etv": {
    "horizon_days": 1,
    "risk_budget_usd": 100,
    "expected_move_usd": 0.46836787779039973,
    "qty": 213.50738328120616,
    "notional_usd": 2013.374624341774,
    "leverage": 1
  }
}