{
  "t": "2026-01-02T13:00:06.168Z",
  "spot": 13.02,
  "sigma_d": 0.02580478449444289,
  "ERI": 2.580478449444289,
  "percentiles": {
    "p10": 2.906960164281592,
    "p50": 3.773222176979955,
    "p90": 3.8531580676516057
  },
  "ema": {
    "fast": 0.5182921989955148,
    "slow": 0.6233419951914931,
    "fast_period": 20,
    "slow_period": 100
  },
  "etv": {
    "horizon_days": 1,
    "risk_budget_usd": 100,
    "expected_move_usd": 0.3359782941176464,
    "qty": 297.6382753017489,
    "notional_usd": 3875.2503444287704,
    "leverage": 1
  }
}