{
  "t": "2025-12-08T06:49:05.346Z",
  "spot": 14.06,
  "sigma_d": 0.041924837766119334,
  "ERI": 4.192483776611933,
  "percentiles": {
    "p10": 4.118119650565298,
    "p50": 4.283066400887476,
    "p90": 4.3534687305871165
  },
  "ema": {
    "fast": 0.7974199125237376,
    "slow": 0.8114209395724058,
    "fast_period": 20,
    "slow_period": 100
  },
  "etv": {
    "horizon_days": 1,
    "risk_budget_usd": 100,
    "expected_move_usd": 0.5894632189916379,
    "qty": 169.6458689501687,
    "notional_usd": 2385.220917439372,
    "leverage": 1
  }
}