{
  "t": "2026-04-28T11:58:31.088Z",
  "spot": 9.2,
  "sigma_d": 0.027160197620484196,
  "ERI": 2.7160197620484197,
  "percentiles": {
    "p10": 2.7207750153076478,
    "p50": 2.9814098780416742,
    "p90": 3.1611484400272216
  },
  "ema": {
    "fast": 0.5186762949877382,
    "slow": 0.541317790246238,
    "fast_period": 20,
    "slow_period": 100
  },
  "etv": {
    "horizon_days": 1,
    "risk_budget_usd": 100,
    "expected_move_usd": 0.24987381810845458,
    "qty": 400.2019929778968,
    "notional_usd": 3681.85833539665,
    "leverage": 1
  }
}