{
  "t": "2026-03-01T22:36:45.368Z",
  "spot": 8.65,
  "sigma_d": 0.05082363163208134,
  "ERI": 5.082363163208134,
  "percentiles": {
    "p10": 4.643143417202287,
    "p50": 4.721005697940693,
    "p90": 5.141629785830333
  },
  "ema": {
    "fast": 0.9718796551037766,
    "slow": 0.9618625460066761,
    "fast_period": 20,
    "slow_period": 100
  },
  "etv": {
    "horizon_days": 1,
    "risk_budget_usd": 100,
    "expected_move_usd": 0.4396244136175036,
    "qty": 227.46689424533477,
    "notional_usd": 1967.5886352221457,
    "leverage": 1
  }
}