{
  "t": "2025-10-05T06:35:18.054Z",
  "spot": 22.6,
  "sigma_d": 0.029342927215899324,
  "ERI": 2.9342927215899324,
  "percentiles": {
    "p10": 2.925727978988412,
    "p50": 3.049915682838421,
    "p90": 3.1775050936932128
  },
  "ema": {
    "fast": 0.5573543828496755,
    "slow": 0.572376309587755,
    "fast_period": 20,
    "slow_period": 100
  },
  "etv": {
    "horizon_days": 1,
    "risk_budget_usd": 100,
    "expected_move_usd": 0.6631501550793247,
    "qty": 150.79541071363874,
    "notional_usd": 3407.9762821282357,
    "leverage": 1
  }
}