{
  "t": "2026-01-20T21:31:55.069Z",
  "spot": 12.24,
  "sigma_d": 0.02613727270324051,
  "ERI": 2.613727270324051,
  "percentiles": {
    "p10": 2.4055990817203687,
    "p50": 2.483110998768935,
    "p90": 2.653462855241299
  },
  "ema": {
    "fast": 0.4822931508624093,
    "slow": 0.4711683660307764,
    "fast_period": 20,
    "slow_period": 100
  },
  "etv": {
    "horizon_days": 1,
    "risk_budget_usd": 100,
    "expected_move_usd": 0.31992021788766384,
    "qty": 312.57793164892695,
    "notional_usd": 3825.953883382866,
    "leverage": 1
  }
}