{
  "t": "2025-12-18T11:27:49.313Z",
  "spot": 12.23,
  "sigma_d": 0.03969162194851922,
  "ERI": 3.969162194851922,
  "percentiles": {
    "p10": 3.9335864817287565,
    "p50": 4.041764493781239,
    "p90": 4.195442198541707
  },
  "ema": {
    "fast": 0.7596045837816873,
    "slow": 0.7616383661511567,
    "fast_period": 20,
    "slow_period": 100
  },
  "etv": {
    "horizon_days": 1,
    "risk_budget_usd": 100,
    "expected_move_usd": 0.4854285364303901,
    "qty": 206.00354634144978,
    "notional_usd": 2519.423371755931,
    "leverage": 1
  }
}