{
  "t": "2026-03-11T15:58:46.040Z",
  "spot": 8.98,
  "sigma_d": 0.035814096034200445,
  "ERI": 3.5814096034200444,
  "percentiles": {
    "p10": 3.5411879104231208,
    "p50": 4.889868782872583,
    "p90": 5.1347992735376815
  },
  "ema": {
    "fast": 0.6850680606121208,
    "slow": 0.7342704637592335,
    "fast_period": 20,
    "slow_period": 100
  },
  "etv": {
    "horizon_days": 1,
    "risk_budget_usd": 100,
    "expected_move_usd": 0.32161058238712,
    "qty": 310.9350421797714,
    "notional_usd": 2792.196678774347,
    "leverage": 1
  }
}