{
  "t": "2025-10-27T21:24:35.765Z",
  "spot": 18.36,
  "sigma_d": 0.05799760919407703,
  "ERI": 5.799760919407703,
  "percentiles": {
    "p10": 5.7116959644045275,
    "p50": 5.841904673878349,
    "p90": 5.958543863703687
  },
  "ema": {
    "fast": 1.1080957873684985,
    "slow": 1.1144457858780663,
    "fast_period": 20,
    "slow_period": 100
  },
  "etv": {
    "horizon_days": 1,
    "risk_budget_usd": 100,
    "expected_move_usd": 1.0648361048032542,
    "qty": 93.91116581126504,
    "notional_usd": 1724.209004294826,
    "leverage": 1
  }
}