{
  "t": "2025-12-18T16:43:05.671Z",
  "spot": 12.59,
  "sigma_d": 0.04013271591962428,
  "ERI": 4.013271591962428,
  "percentiles": {
    "p10": 3.9335864817287565,
    "p50": 4.040222543611809,
    "p90": 4.193703998677853
  },
  "ema": {
    "fast": 0.7623955225261161,
    "slow": 0.7620970167641242,
    "fast_period": 20,
    "slow_period": 100
  },
  "etv": {
    "horizon_days": 1,
    "risk_budget_usd": 100,
    "expected_move_usd": 0.5052708934280696,
    "qty": 197.91363662675732,
    "notional_usd": 2491.732685130875,
    "leverage": 1
  }
}