{
  "t": "2025-10-06T13:35:26.710Z",
  "spot": 22.43,
  "sigma_d": 0.0291715306198496,
  "ERI": 2.91715306198496,
  "percentiles": {
    "p10": 2.898875610941117,
    "p50": 3.0431263409193625,
    "p90": 3.1775050936932128
  },
  "ema": {
    "fast": 0.5552488624316108,
    "slow": 0.5653610874983243,
    "fast_period": 20,
    "slow_period": 100
  },
  "etv": {
    "horizon_days": 1,
    "risk_budget_usd": 100,
    "expected_move_usd": 0.6543174318032265,
    "qty": 152.83101922626614,
    "notional_usd": 3427.9997612451493,
    "leverage": 1
  }
}