{
  "t": "2026-02-10T13:48:03.795Z",
  "spot": 8.56,
  "sigma_d": 0.047437109971534906,
  "ERI": 4.7437109971534905,
  "percentiles": {
    "p10": 2.9434651470664885,
    "p50": 3.303544941959474,
    "p90": 4.743621003042316
  },
  "ema": {
    "fast": 0.9058866611246653,
    "slow": 0.844953080191175,
    "fast_period": 20,
    "slow_period": 100
  },
  "etv": {
    "horizon_days": 1,
    "risk_budget_usd": 100,
    "expected_move_usd": 0.4060616613563388,
    "qty": 246.26801669967347,
    "notional_usd": 2108.054222949205,
    "leverage": 1
  }
}