{
  "t": "2026-05-27T16:44:01.304Z",
  "spot": 9.33,
  "sigma_d": 0.021913970501034656,
  "ERI": 2.1913970501034656,
  "percentiles": {
    "p10": 2.1046049427482103,
    "p50": 2.3171143284332425,
    "p90": 2.629106575234097
  },
  "ema": {
    "fast": 0.4228996106566018,
    "slow": 0.4232166175632701,
    "fast_period": 20,
    "slow_period": 100
  },
  "etv": {
    "horizon_days": 1,
    "risk_budget_usd": 100,
    "expected_move_usd": 0.20445734477465335,
    "qty": 489.09957287285005,
    "notional_usd": 4563.299014903691,
    "leverage": 1
  }
}