{
  "t": "2025-10-07T03:03:42.951Z",
  "spot": 23.43,
  "sigma_d": 0.03089153692550789,
  "ERI": 3.0891536925507888,
  "percentiles": {
    "p10": 2.898875610941117,
    "p50": 3.0445627556185504,
    "p90": 3.176934938316715
  },
  "ema": {
    "fast": 0.5787744513999418,
    "slow": 0.5699380729611591,
    "fast_period": 20,
    "slow_period": 100
  },
  "etv": {
    "horizon_days": 1,
    "risk_budget_usd": 100,
    "expected_move_usd": 0.7237887101646499,
    "qty": 138.1618676771729,
    "notional_usd": 3237.132559676161,
    "leverage": 1
  }
}