{
  "t": "2025-10-04T20:26:29.324Z",
  "spot": 22.09,
  "sigma_d": 0.028920061877818665,
  "ERI": 2.8920061877818664,
  "percentiles": {
    "p10": 2.9469623595727774,
    "p50": 3.0528179385739054,
    "p90": 3.2430550605534734
  },
  "ema": {
    "fast": 0.5584712268507278,
    "slow": 0.5752254915722947,
    "fast_period": 20,
    "slow_period": 100
  },
  "etv": {
    "horizon_days": 1,
    "risk_budget_usd": 100,
    "expected_move_usd": 0.6388441668810143,
    "qty": 156.53269636666363,
    "notional_usd": 3457.8072627395995,
    "leverage": 1
  }
}