{
  "t": "2026-01-29T21:38:19.043Z",
  "spot": 11.06,
  "sigma_d": 0.03156448444129566,
  "ERI": 3.1564484441295657,
  "percentiles": {
    "p10": 2.419793577482409,
    "p50": 2.6974003790584176,
    "p90": 2.9353736460468483
  },
  "ema": {
    "fast": 0.5888926363387016,
    "slow": 0.5570942531309964,
    "fast_period": 20,
    "slow_period": 100
  },
  "etv": {
    "horizon_days": 1,
    "risk_budget_usd": 100,
    "expected_move_usd": 0.34910319792072997,
    "qty": 286.4482496740312,
    "notional_usd": 3168.1176413947856,
    "leverage": 1
  }
}