{
  "t": "2026-01-31T02:43:45.846Z",
  "spot": 10.79,
  "sigma_d": 0.030932688253344585,
  "ERI": 3.0932688253344587,
  "percentiles": {
    "p10": 2.474339236169877,
    "p50": 2.7022777298005654,
    "p90": 3.135886733251487
  },
  "ema": {
    "fast": 0.6007864072541619,
    "slow": 0.57381860823913,
    "fast_period": 20,
    "slow_period": 100
  },
  "etv": {
    "horizon_days": 1,
    "risk_budget_usd": 100,
    "expected_move_usd": 0.33376370625358803,
    "qty": 299.613163823216,
    "notional_usd": 3232.8260376525004,
    "leverage": 1
  }
}