{
  "t": "2026-04-06T08:00:46.841Z",
  "spot": 8.96,
  "sigma_d": 0.02658072025447072,
  "ERI": 2.658072025447072,
  "percentiles": {
    "p10": 2.7565236686678602,
    "p50": 3.033984583080154,
    "p90": 3.6335277987679855
  },
  "ema": {
    "fast": 0.5088699146463331,
    "slow": 0.5386095534681861,
    "fast_period": 20,
    "slow_period": 100
  },
  "etv": {
    "horizon_days": 1,
    "risk_budget_usd": 100,
    "expected_move_usd": 0.23816325348005768,
    "qty": 419.88005512518487,
    "notional_usd": 3762.125293921657,
    "leverage": 1
  }
}