{
  "t": "2025-10-15T15:27:09.470Z",
  "spot": 18.32,
  "sigma_d": 0.056793188988521,
  "ERI": 5.679318898852101,
  "percentiles": {
    "p10": 2.908471351873243,
    "p50": 3.393581746233929,
    "p90": 5.651867363541563
  },
  "ema": {
    "fast": 1.080654122203873,
    "slow": 1.016294880798234,
    "fast_period": 20,
    "slow_period": 100
  },
  "etv": {
    "horizon_days": 1,
    "risk_budget_usd": 100,
    "expected_move_usd": 1.0404512222697049,
    "qty": 96.11214621080822,
    "notional_usd": 1760.7745185820065,
    "leverage": 1
  }
}