{
  "t": "2025-10-19T09:24:45.622Z",
  "spot": 16.63,
  "sigma_d": 0.056797327878965936,
  "ERI": 5.679732787896594,
  "percentiles": {
    "p10": 3.3596369047137884,
    "p50": 5.630369659457304,
    "p90": 5.734963675420762
  },
  "ema": {
    "fast": 1.0885178095118833,
    "slow": 1.0781695751421754,
    "fast_period": 20,
    "slow_period": 100
  },
  "etv": {
    "horizon_days": 1,
    "risk_budget_usd": 100,
    "expected_move_usd": 0.9445395626272035,
    "qty": 105.87169024646624,
    "notional_usd": 1760.6462087987336,
    "leverage": 1
  }
}