{
  "t": "2026-05-17T19:23:29.327Z",
  "spot": 9.72,
  "sigma_d": 0.022119754187233737,
  "ERI": 2.2119754187233736,
  "percentiles": {
    "p10": 2.193722027590419,
    "p50": 2.568096108034581,
    "p90": 2.7191382370676114
  },
  "ema": {
    "fast": 0.42127077536510027,
    "slow": 0.4405464954349365,
    "fast_period": 20,
    "slow_period": 100
  },
  "etv": {
    "horizon_days": 1,
    "risk_budget_usd": 100,
    "expected_move_usd": 0.21500401069991193,
    "qty": 465.1076027580399,
    "notional_usd": 4520.845898808148,
    "leverage": 1
  }
}