{
  "t": "2026-04-14T16:19:36.288Z",
  "spot": 9.15,
  "sigma_d": 0.03208880268026015,
  "ERI": 3.2088802680260153,
  "percentiles": {
    "p10": 2.652230297274112,
    "p50": 2.916419680319275,
    "p90": 3.0223317260116698
  },
  "ema": {
    "fast": 0.5951898133735738,
    "slow": 0.5647409454943688,
    "fast_period": 20,
    "slow_period": 100
  },
  "etv": {
    "horizon_days": 1,
    "risk_budget_usd": 100,
    "expected_move_usd": 0.2936125445243804,
    "qty": 340.5849030121954,
    "notional_usd": 3116.351862561588,
    "leverage": 1
  }
}