{
  "t": "2026-02-24T11:05:14.297Z",
  "spot": 8.18,
  "sigma_d": 0.046645487223400936,
  "ERI": 4.664548722340093,
  "percentiles": {
    "p10": 4.583125535968241,
    "p50": 4.704245932937182,
    "p90": 4.743681040678696
  },
  "ema": {
    "fast": 0.8964474161909838,
    "slow": 0.8963821439139715,
    "fast_period": 20,
    "slow_period": 100
  },
  "etv": {
    "horizon_days": 1,
    "risk_budget_usd": 100,
    "expected_move_usd": 0.38156008548741965,
    "qty": 262.0819205244074,
    "notional_usd": 2143.8301098896522,
    "leverage": 1
  }
}