{
  "t": "2025-11-23T02:27:39.181Z",
  "spot": 12.33,
  "sigma_d": 0.04187287799768577,
  "ERI": 4.187287799768577,
  "percentiles": {
    "p10": 4.147915623854,
    "p50": 4.403141056518643,
    "p90": 4.503759196848058
  },
  "ema": {
    "fast": 0.8051042381352009,
    "slow": 0.8110286186035411,
    "fast_period": 20,
    "slow_period": 100
  },
  "etv": {
    "horizon_days": 1,
    "risk_budget_usd": 100,
    "expected_move_usd": 0.5162925857114655,
    "qty": 193.68862301634107,
    "notional_usd": 2388.180721791485,
    "leverage": 1
  }
}