{
  "t": "2025-10-28T13:37:43.236Z",
  "spot": 18.75,
  "sigma_d": 0.05789670007045944,
  "ERI": 5.7896700070459435,
  "percentiles": {
    "p10": 5.7116959644045275,
    "p50": 5.841904673878349,
    "p90": 5.958543863703687
  },
  "ema": {
    "fast": 1.1038570542780326,
    "slow": 1.111524744356628,
    "fast_period": 20,
    "slow_period": 100
  },
  "etv": {
    "horizon_days": 1,
    "risk_budget_usd": 100,
    "expected_move_usd": 1.0855631263211145,
    "qty": 92.11808836846909,
    "notional_usd": 1727.2141569087953,
    "leverage": 1
  }
}