{
  "t": "2026-06-05T08:51:17.909Z",
  "spot": 7.53,
  "sigma_d": 0.026204597828458333,
  "ERI": 2.6204597828458334,
  "percentiles": {
    "p10": 2.1046049427482103,
    "p50": 2.249324684121694,
    "p90": 2.5211942561286076
  },
  "ema": {
    "fast": 0.4821578939076664,
    "slow": 0.4482292449633025,
    "fast_period": 20,
    "slow_period": 100
  },
  "etv": {
    "horizon_days": 1,
    "risk_budget_usd": 100,
    "expected_move_usd": 0.19732062164829126,
    "qty": 506.78940277333135,
    "notional_usd": 3816.1242028831853,
    "leverage": 1
  }
}