{
  "t": "2025-10-17T15:28:16.729Z",
  "spot": 16.35,
  "sigma_d": 0.05775008494701578,
  "ERI": 5.775008494701578,
  "percentiles": {
    "p10": 3.137926595620783,
    "p50": 5.249686908308932,
    "p90": 5.72173150508173
  },
  "ema": {
    "fast": 1.1006368358089926,
    "slow": 1.063517673497012,
    "fast_period": 20,
    "slow_period": 100
  },
  "etv": {
    "horizon_days": 1,
    "risk_budget_usd": 100,
    "expected_move_usd": 0.944213888883708,
    "qty": 105.90820700405548,
    "notional_usd": 1731.5991845163073,
    "leverage": 1
  }
}