{
  "t": "2026-01-27T04:13:50.646Z",
  "spot": 12,
  "sigma_d": 0.029255801931223294,
  "ERI": 2.9255801931223293,
  "percentiles": {
    "p10": 2.419793577482409,
    "p50": 2.675411288223102,
    "p90": 2.854935029447184
  },
  "ema": {
    "fast": 0.5531166195743449,
    "slow": 0.5272719739717986,
    "fast_period": 20,
    "slow_period": 100
  },
  "etv": {
    "horizon_days": 1,
    "risk_budget_usd": 100,
    "expected_move_usd": 0.35106962317467955,
    "qty": 284.8437842491534,
    "notional_usd": 3418.1254109898405,
    "leverage": 1
  }
}