{
  "t": "2025-12-03T07:30:52.970Z",
  "spot": 14.31,
  "sigma_d": 0.04183724670791185,
  "ERI": 4.183724670791185,
  "percentiles": {
    "p10": 4.118119650565298,
    "p50": 4.233946923920094,
    "p90": 4.307437740200326
  },
  "ema": {
    "fast": 0.8339961433327161,
    "slow": 0.8160847934969098,
    "fast_period": 20,
    "slow_period": 100
  },
  "etv": {
    "horizon_days": 1,
    "risk_budget_usd": 100,
    "expected_move_usd": 0.5986910003902186,
    "qty": 167.03107268160264,
    "notional_usd": 2390.214650073734,
    "leverage": 1
  }
}