{
  "t": "2026-05-19T19:13:10.295Z",
  "spot": 9.5,
  "sigma_d": 0.021132991052943487,
  "ERI": 2.113299105294349,
  "percentiles": {
    "p10": 2.1616670910765805,
    "p50": 2.564328109957323,
    "p90": 2.7061107385324057
  },
  "ema": {
    "fast": 0.41203814550008194,
    "slow": 0.4330252522371772,
    "fast_period": 20,
    "slow_period": 100
  },
  "etv": {
    "horizon_days": 1,
    "risk_budget_usd": 100,
    "expected_move_usd": 0.20076341500296313,
    "qty": 498.0987198216571,
    "notional_usd": 4731.937838305742,
    "leverage": 1
  }
}