{
  "t": "2025-12-15T18:47:00.077Z",
  "spot": 12.58,
  "sigma_d": 0.04060826206512829,
  "ERI": 4.060826206512829,
  "percentiles": {
    "p10": 3.9756400217126258,
    "p50": 4.139549570906116,
    "p90": 4.3332772583232355
  },
  "ema": {
    "fast": 0.7619637306545055,
    "slow": 0.7687586761806245,
    "fast_period": 20,
    "slow_period": 100
  },
  "etv": {
    "horizon_days": 1,
    "risk_budget_usd": 100,
    "expected_move_usd": 0.510851936779314,
    "qty": 195.75143559297027,
    "notional_usd": 2462.553059759566,
    "leverage": 1
  }
}