{
  "t": "2026-02-14T10:40:29.148Z",
  "spot": 8.93,
  "sigma_d": 0.04649442830486984,
  "ERI": 4.649442830486985,
  "percentiles": {
    "p10": 3.2084635296038706,
    "p50": 4.47903695293247,
    "p90": 4.747609022425738
  },
  "ema": {
    "fast": 0.8818211433200491,
    "slow": 0.8700612063277321,
    "fast_period": 20,
    "slow_period": 100
  },
  "etv": {
    "horizon_days": 1,
    "risk_budget_usd": 100,
    "expected_move_usd": 0.4151952447624877,
    "qty": 240.85054263375528,
    "notional_usd": 2150.7953457194344,
    "leverage": 1
  }
}