{
  "t": "2025-10-04T03:31:06.804Z",
  "spot": 22.23,
  "sigma_d": 0.028799717322864363,
  "ERI": 2.879971732286436,
  "percentiles": {
    "p10": 2.979782573507473,
    "p50": 3.0611435201723776,
    "p90": 3.369632695447898
  },
  "ema": {
    "fast": 0.5747104590137962,
    "slow": 0.5836229892768802,
    "fast_period": 20,
    "slow_period": 100
  },
  "etv": {
    "horizon_days": 1,
    "risk_budget_usd": 100,
    "expected_move_usd": 0.6402177160872748,
    "qty": 156.1968647340086,
    "notional_usd": 3472.2563030370115,
    "leverage": 1
  }
}