{
  "t": "2026-04-05T19:43:38.205Z",
  "spot": 8.61,
  "sigma_d": 0.02641813105880579,
  "ERI": 2.641813105880579,
  "percentiles": {
    "p10": 2.7578770890294986,
    "p50": 3.0361110854691917,
    "p90": 3.6335277987679855
  },
  "ema": {
    "fast": 0.5113775048962685,
    "slow": 0.5434823828063146,
    "fast_period": 20,
    "slow_period": 100
  },
  "etv": {
    "horizon_days": 1,
    "risk_budget_usd": 100,
    "expected_move_usd": 0.22746010841631784,
    "qty": 439.6375289550599,
    "notional_usd": 3785.2791243030656,
    "leverage": 1
  }
}