{
  "t": "2025-11-05T20:32:26.669Z",
  "spot": 15.25,
  "sigma_d": 0.06225163653999846,
  "ERI": 6.2251636539998465,
  "percentiles": {
    "p10": 5.766426315714119,
    "p50": 5.804579385042821,
    "p90": 6.288527079423044
  },
  "ema": {
    "fast": 1.187809310855555,
    "slow": 1.165733875080578,
    "fast_period": 20,
    "slow_period": 100
  },
  "etv": {
    "horizon_days": 1,
    "risk_budget_usd": 100,
    "expected_move_usd": 0.9493374572349765,
    "qty": 105.33662106966497,
    "notional_usd": 1606.3834713123908,
    "leverage": 1
  }
}