{
  "t": "2026-04-25T20:53:41.092Z",
  "spot": 9.32,
  "sigma_d": 0.027917486379118443,
  "ERI": 2.7917486379118444,
  "percentiles": {
    "p10": 2.8192149251811256,
    "p50": 2.9814098780416742,
    "p90": 3.1611484400272216
  },
  "ema": {
    "fast": 0.5409834722548966,
    "slow": 0.5638689096788105,
    "fast_period": 20,
    "slow_period": 100
  },
  "etv": {
    "horizon_days": 1,
    "risk_budget_usd": 100,
    "expected_move_usd": 0.2601909730533839,
    "qty": 384.33308744912836,
    "notional_usd": 3581.9843750258765,
    "leverage": 1
  }
}