{
  "t": "2026-05-08T15:01:01.440Z",
  "spot": 10.02,
  "sigma_d": 0.023283891389869457,
  "ERI": 2.3283891389869456,
  "percentiles": {
    "p10": 2.5662232406508174,
    "p50": 2.7104894910635586,
    "p90": 3.058803830140325
  },
  "ema": {
    "fast": 0.47128504537573196,
    "slow": 0.4982039622823068,
    "fast_period": 20,
    "slow_period": 100
  },
  "etv": {
    "horizon_days": 1,
    "risk_budget_usd": 100,
    "expected_move_usd": 0.23330459172649196,
    "qty": 428.6242257813433,
    "notional_usd": 4294.814742329059,
    "leverage": 1
  }
}