{
  "t": "2025-09-18T17:24:40.659Z",
  "spot": 24.56,
  "sigma_d": 0.04368143670745142,
  "ERI": 4.368143670745142,
  "percentiles": {
    "p10": 4.6283255483863375,
    "p50": 5.20349202859267,
    "p90": 5.673825584063729
  },
  "ema": {
    "fast": 0.8422467929255446,
    "slow": 0.9034589267283476,
    "fast_period": 20,
    "slow_period": 100
  },
  "etv": {
    "horizon_days": 1,
    "risk_budget_usd": 100,
    "expected_move_usd": 1.0728160855350068,
    "qty": 93.21262176091497,
    "notional_usd": 2289.3019904480716,
    "leverage": 1
  }
}