{
  "t": "2025-10-11T05:26:11.973Z",
  "spot": 17.59,
  "sigma_d": 0.052365946518684765,
  "ERI": 5.236594651868477,
  "percentiles": {
    "p10": 2.898875610941117,
    "p50": 3.0611435201723776,
    "p90": 3.3990802175861297
  },
  "ema": {
    "fast": 0.8947108182001329,
    "slow": 0.7020404849626374,
    "fast_period": 20,
    "slow_period": 100
  },
  "etv": {
    "horizon_days": 1,
    "risk_budget_usd": 100,
    "expected_move_usd": 0.921116999263665,
    "qty": 108.56384159660429,
    "notional_usd": 1909.6379736842696,
    "leverage": 1
  }
}