{
  "t": "2025-10-05T22:25:13.849Z",
  "spot": 22,
  "sigma_d": 0.028974868939671477,
  "ERI": 2.8974868939671476,
  "percentiles": {
    "p10": 2.9137306411060977,
    "p50": 3.0478352465247847,
    "p90": 3.1775050936932128
  },
  "ema": {
    "fast": 0.5573817693262232,
    "slow": 0.5686693410880425,
    "fast_period": 20,
    "slow_period": 100
  },
  "etv": {
    "horizon_days": 1,
    "risk_budget_usd": 100,
    "expected_move_usd": 0.6374471166727725,
    "qty": 156.8757586071788,
    "notional_usd": 3451.2666893579335,
    "leverage": 1
  }
}