{
  "t": "2025-10-14T01:59:05.602Z",
  "spot": 19.85,
  "sigma_d": 0.05620838921485696,
  "ERI": 5.620838921485697,
  "percentiles": {
    "p10": 2.898875610941117,
    "p50": 3.2980087098171946,
    "p90": 5.577890756781035
  },
  "ema": {
    "fast": 1.0714853819745187,
    "slow": 0.9487769905218644,
    "fast_period": 20,
    "slow_period": 100
  },
  "etv": {
    "horizon_days": 1,
    "risk_budget_usd": 100,
    "expected_move_usd": 1.1157365259149108,
    "qty": 89.62689459144433,
    "notional_usd": 1779.09385764017,
    "leverage": 1
  }
}