{
  "t": "2025-11-14T02:07:45.452Z",
  "spot": 14.48,
  "sigma_d": 0.04392949425116238,
  "ERI": 4.392949425116238,
  "percentiles": {
    "p10": 4.486099992365851,
    "p50": 6.001771773940257,
    "p90": 6.308191627099421
  },
  "ema": {
    "fast": 0.8600082146855195,
    "slow": 0.9050753724348838,
    "fast_period": 20,
    "slow_period": 100
  },
  "etv": {
    "horizon_days": 1,
    "risk_budget_usd": 100,
    "expected_move_usd": 0.6360990767568313,
    "qty": 157.20821433958488,
    "notional_usd": 2276.374943637189,
    "leverage": 1
  }
}