{
  "t": "2025-11-21T23:26:32.489Z",
  "spot": 12.01,
  "sigma_d": 0.0428298438343522,
  "ERI": 4.2829843834352195,
  "percentiles": {
    "p10": 4.147915623854,
    "p50": 4.424185556526373,
    "p90": 4.538621907711311
  },
  "ema": {
    "fast": 0.809160196680183,
    "slow": 0.8145372990789852,
    "fast_period": 20,
    "slow_period": 100
  },
  "etv": {
    "horizon_days": 1,
    "risk_budget_usd": 100,
    "expected_move_usd": 0.5143864244505699,
    "qty": 194.4063747537908,
    "notional_usd": 2334.8205607930277,
    "leverage": 1
  }
}