{
  "t": "2026-04-25T16:58:19.280Z",
  "spot": 9.33,
  "sigma_d": 0.027910504800812194,
  "ERI": 2.7910504800812195,
  "percentiles": {
    "p10": 2.8192149251811256,
    "p50": 2.9814098780416742,
    "p90": 3.1611484400272216
  },
  "ema": {
    "fast": 0.5435909285268814,
    "slow": 0.5657440573353726,
    "fast_period": 20,
    "slow_period": 100
  },
  "etv": {
    "horizon_days": 1,
    "risk_budget_usd": 100,
    "expected_move_usd": 0.26040500979157777,
    "qty": 384.01718953117575,
    "notional_usd": 3582.8803783258695,
    "leverage": 1
  }
}