{
  "t": "2026-04-09T23:50:05.322Z",
  "spot": 8.95,
  "sigma_d": 0.028997433740766323,
  "ERI": 2.8997433740766323,
  "percentiles": {
    "p10": 2.652230297274112,
    "p50": 2.9476864894498567,
    "p90": 3.549176089907733
  },
  "ema": {
    "fast": 0.5476751951691149,
    "slow": 0.5341090556928646,
    "fast_period": 20,
    "slow_period": 100
  },
  "etv": {
    "horizon_days": 1,
    "risk_budget_usd": 100,
    "expected_move_usd": 0.25952703197985855,
    "qty": 385.31631652058826,
    "notional_usd": 3448.5810328592647,
    "leverage": 1
  }
}