{
  "t": "2025-09-03T23:23:32.824Z",
  "spot": 23.7,
  "sigma_d": 0.062226647253623035,
  "ERI": 6.2226647253623035,
  "percentiles": {
    "p10": 5.484393670648377,
    "p50": 5.707550512424766,
    "p90": 6.22467017840115
  },
  "ema": {
    "fast": 1.1710888500976766,
    "slow": 0.9743144019148551,
    "fast_period": 20,
    "slow_period": 100
  },
  "etv": {
    "horizon_days": 1,
    "risk_budget_usd": 100,
    "expected_move_usd": 1.4747715399108658,
    "qty": 67.80711269085376,
    "notional_usd": 1607.028570773234,
    "leverage": 1
  }
}