{
  "t": "2025-12-27T08:37:32.662Z",
  "spot": 12.27,
  "sigma_d": 0.037510612406027134,
  "ERI": 3.7510612406027133,
  "percentiles": {
    "p10": 3.7726097724879084,
    "p50": 3.864243063564843,
    "p90": 4.025241616812047
  },
  "ema": {
    "fast": 0.7175695950167745,
    "slow": 0.7256733803793854,
    "fast_period": 20,
    "slow_period": 100
  },
  "etv": {
    "horizon_days": 1,
    "risk_budget_usd": 100,
    "expected_move_usd": 0.4602552142219529,
    "qty": 217.2707595916037,
    "notional_usd": 2665.9122201889772,
    "leverage": 1
  }
}