{
  "t": "2025-10-20T15:28:50.293Z",
  "spot": 18.95,
  "sigma_d": 0.06013040123723919,
  "ERI": 6.013040123723918,
  "percentiles": {
    "p10": 3.4289549977733813,
    "p50": 5.675472779112239,
    "p90": 5.753043943139944
  },
  "ema": {
    "fast": 1.127521253718354,
    "slow": 1.0947736008137767,
    "fast_period": 20,
    "slow_period": 100
  },
  "etv": {
    "horizon_days": 1,
    "risk_budget_usd": 100,
    "expected_move_usd": 1.1394711034456826,
    "qty": 87.76001400790845,
    "notional_usd": 1663.0522654498652,
    "leverage": 1
  }
}