{
  "t": "2026-03-06T19:00:42.976Z",
  "spot": 8.77,
  "sigma_d": 0.04959606528050707,
  "ERI": 4.959606528050707,
  "percentiles": {
    "p10": 4.6989359805216795,
    "p50": 4.891810745734836,
    "p90": 5.141629785830333
  },
  "ema": {
    "fast": 0.9398894139727924,
    "slow": 0.9416604694205525,
    "fast_period": 20,
    "slow_period": 100
  },
  "etv": {
    "horizon_days": 1,
    "risk_budget_usd": 100,
    "expected_move_usd": 0.434957492510047,
    "qty": 229.90752365920014,
    "notional_usd": 2016.2889824911852,
    "leverage": 1
  }
}