{
  "t": "2025-12-30T09:35:27.029Z",
  "spot": 12.45,
  "sigma_d": 0.037846411279703646,
  "ERI": 3.7846411279703647,
  "percentiles": {
    "p10": 3.7540600216572577,
    "p50": 3.7886473234891693,
    "p90": 4.022310698658717
  },
  "ema": {
    "fast": 0.7216537635456806,
    "slow": 0.7223108149870936,
    "fast_period": 20,
    "slow_period": 100
  },
  "etv": {
    "horizon_days": 1,
    "risk_budget_usd": 100,
    "expected_move_usd": 0.47118782043231033,
    "qty": 212.22959436483515,
    "notional_usd": 2642.2584498421975,
    "leverage": 1
  }
}