{
  "t": "2025-11-03T09:34:20.187Z",
  "spot": 16.08,
  "sigma_d": 0.06006927668792165,
  "ERI": 6.006927668792165,
  "percentiles": {
    "p10": 5.766426315714119,
    "p50": 5.804579385042821,
    "p90": 5.947836807708113
  },
  "ema": {
    "fast": 1.12672286889005,
    "slow": 1.1141248639826016,
    "fast_period": 20,
    "slow_period": 100
  },
  "etv": {
    "horizon_days": 1,
    "risk_budget_usd": 100,
    "expected_move_usd": 0.96591396914178,
    "qty": 103.52888890182484,
    "notional_usd": 1664.7445335413433,
    "leverage": 1
  }
}