{
  "t": "2025-12-15T14:38:45.000Z",
  "spot": 13.56,
  "sigma_d": 0.0396970843447541,
  "ERI": 3.96970843447541,
  "percentiles": {
    "p10": 3.9756400217126258,
    "p50": 4.143465486976952,
    "p90": 4.3332772583232355
  },
  "ema": {
    "fast": 0.758324435963385,
    "slow": 0.7687466049602726,
    "fast_period": 20,
    "slow_period": 100
  },
  "etv": {
    "horizon_days": 1,
    "risk_budget_usd": 100,
    "expected_move_usd": 0.5382924637148656,
    "qty": 185.77261756532815,
    "notional_usd": 2519.0766941858496,
    "leverage": 1
  }
}