{
  "t": "2026-06-05T16:08:05.101Z",
  "spot": 7.24,
  "sigma_d": 0.0299729863343718,
  "ERI": 2.9972986334371803,
  "percentiles": {
    "p10": 2.1046049427482103,
    "p50": 2.249324684121694,
    "p90": 2.5211942561286076
  },
  "ema": {
    "fast": 0.49310168991077813,
    "slow": 0.4518754347370923,
    "fast_period": 20,
    "slow_period": 100
  },
  "etv": {
    "horizon_days": 1,
    "risk_budget_usd": 100,
    "expected_move_usd": 0.21700442106085185,
    "qty": 460.8201045450509,
    "notional_usd": 3336.3375569061686,
    "leverage": 1
  }
}