{
  "t": "2026-04-02T21:49:56.290Z",
  "spot": 8.62,
  "sigma_d": 0.02991041004691909,
  "ERI": 2.9910410046919087,
  "percentiles": {
    "p10": 2.9506304372337735,
    "p50": 3.536461500757401,
    "p90": 3.6384711783368635
  },
  "ema": {
    "fast": 0.5728005036642033,
    "slow": 0.5853544910413886,
    "fast_period": 20,
    "slow_period": 100
  },
  "etv": {
    "horizon_days": 1,
    "risk_budget_usd": 100,
    "expected_move_usd": 0.2578277346044425,
    "qty": 387.85586877772977,
    "notional_usd": 3343.3175888640303,
    "leverage": 1
  }
}