{
  "t": "2025-11-26T03:52:37.560Z",
  "spot": 12.97,
  "sigma_d": 0.04247005076808907,
  "ERI": 4.2470050768089065,
  "percentiles": {
    "p10": 4.147915623854,
    "p50": 4.252898678665376,
    "p90": 4.447886703651812
  },
  "ema": {
    "fast": 0.8109649407102812,
    "slow": 0.8108520095164953,
    "fast_period": 20,
    "slow_period": 100
  },
  "etv": {
    "horizon_days": 1,
    "risk_budget_usd": 100,
    "expected_move_usd": 0.5508365584621152,
    "qty": 181.54205356156962,
    "notional_usd": 2354.600434693558,
    "leverage": 1
  }
}