{
  "t": "2025-09-13T14:21:49.764Z",
  "spot": 25.01,
  "sigma_d": 0.05199074368521124,
  "ERI": 5.199074368521124,
  "percentiles": {
    "p10": 5.310097641109254,
    "p50": 5.677516416708617,
    "p90": 6.2631249283782875
  },
  "ema": {
    "fast": 0.999836361519736,
    "slow": 1.0343146944668025,
    "fast_period": 20,
    "slow_period": 100
  },
  "etv": {
    "horizon_days": 1,
    "risk_budget_usd": 100,
    "expected_move_usd": 1.3002884995671333,
    "qty": 76.90600973037141,
    "notional_usd": 1923.4193033565891,
    "leverage": 1
  }
}