{
  "t": "2026-02-07T21:37:19.787Z",
  "spot": 8.99,
  "sigma_d": 0.047555752110541194,
  "ERI": 4.755575211054119,
  "percentiles": {
    "p10": 2.9208725169142626,
    "p50": 3.2083810270639437,
    "p90": 4.638426134025449
  },
  "ema": {
    "fast": 0.8960236116749152,
    "slow": 0.767217226684958,
    "fast_period": 20,
    "slow_period": 100
  },
  "etv": {
    "horizon_days": 1,
    "risk_budget_usd": 100,
    "expected_move_usd": 0.42752621147376535,
    "qty": 233.9037872210939,
    "notional_usd": 2102.795047117634,
    "leverage": 1
  }
}