{
  "t": "2026-06-23T04:16:40.589Z",
  "spot": 7.88,
  "sigma_d": 0.02952458169640375,
  "ERI": 2.9524581696403747,
  "percentiles": {
    "p10": 2.1663814419868492,
    "p50": 2.6957780188749543,
    "p90": 3.053945068786401
  },
  "ema": {
    "fast": 0.5674842676387608,
    "slow": 0.5626275339931512,
    "fast_period": 20,
    "slow_period": 100
  },
  "etv": {
    "horizon_days": 1,
    "risk_budget_usd": 100,
    "expected_move_usd": 0.23265370376766153,
    "qty": 429.8233743137161,
    "notional_usd": 3387.008189592083,
    "leverage": 1
  }
}