{
  "t": "2026-04-15T22:56:37.226Z",
  "spot": 9.3,
  "sigma_d": 0.03173151658673745,
  "ERI": 3.173151658673745,
  "percentiles": {
    "p10": 2.652230297274112,
    "p50": 2.916419680319275,
    "p90": 3.1155196515442722
  },
  "ema": {
    "fast": 0.6032027008084933,
    "slow": 0.5766715499424253,
    "fast_period": 20,
    "slow_period": 100
  },
  "etv": {
    "horizon_days": 1,
    "risk_budget_usd": 100,
    "expected_move_usd": 0.2951031042566583,
    "qty": 338.864615646427,
    "notional_usd": 3151.4409255117716,
    "leverage": 1
  }
}