{
  "t": "2025-09-12T12:51:49.843Z",
  "spot": 24.32,
  "sigma_d": 0.05330883626260981,
  "ERI": 5.330883626260981,
  "percentiles": {
    "p10": 5.330530520842719,
    "p50": 5.68801510157096,
    "p90": 6.2631249283782875
  },
  "ema": {
    "fast": 1.0196786204570896,
    "slow": 1.054352919987165,
    "fast_period": 20,
    "slow_period": 100
  },
  "etv": {
    "horizon_days": 1,
    "risk_budget_usd": 100,
    "expected_move_usd": 1.2964708979066706,
    "qty": 77.13246796473693,
    "notional_usd": 1875.8616209024021,
    "leverage": 1
  }
}