{
  "t": "2025-10-26T18:36:06.126Z",
  "spot": 18.14,
  "sigma_d": 0.057695631051128834,
  "ERI": 5.7695631051128835,
  "percentiles": {
    "p10": 5.705622938274647,
    "p50": 5.841904673878349,
    "p90": 5.958543863703687
  },
  "ema": {
    "fast": 1.1057404328464169,
    "slow": 1.1185286740896518,
    "fast_period": 20,
    "slow_period": 100
  },
  "etv": {
    "horizon_days": 1,
    "risk_budget_usd": 100,
    "expected_move_usd": 1.0465987472674771,
    "qty": 95.54760146721559,
    "notional_usd": 1733.2334906152907,
    "leverage": 1
  }
}