{
  "t": "2025-10-23T13:38:58.567Z",
  "spot": 17.29,
  "sigma_d": 0.05931492147896121,
  "ERI": 5.931492147896121,
  "percentiles": {
    "p10": 5.602927767236176,
    "p50": 5.719157693034473,
    "p90": 5.952822871411555
  },
  "ema": {
    "fast": 1.1339448786215787,
    "slow": 1.1232811516609504,
    "fast_period": 20,
    "slow_period": 100
  },
  "etv": {
    "horizon_days": 1,
    "risk_budget_usd": 100,
    "expected_move_usd": 1.0255549923712393,
    "qty": 97.5081792238023,
    "notional_usd": 1685.9164187795418,
    "leverage": 1
  }
}