{
  "t": "2025-10-04T06:35:28.642Z",
  "spot": 22.25,
  "sigma_d": 0.028782929105170666,
  "ERI": 2.8782929105170667,
  "percentiles": {
    "p10": 2.9697791265392146,
    "p50": 3.0607306109196446,
    "p90": 3.3429508904731358
  },
  "ema": {
    "fast": 0.5683348331299085,
    "slow": 0.5816738957623325,
    "fast_period": 20,
    "slow_period": 100
  },
  "etv": {
    "horizon_days": 1,
    "risk_budget_usd": 100,
    "expected_move_usd": 0.6404201725900474,
    "qty": 156.14748610364757,
    "notional_usd": 3474.281565806158,
    "leverage": 1
  }
}