{
  "t": "2026-02-19T05:34:33.080Z",
  "spot": 8.63,
  "sigma_d": 0.0464534251876272,
  "ERI": 4.64534251876272,
  "percentiles": {
    "p10": 3.9898647199291544,
    "p50": 4.718075113040271,
    "p90": 4.747856910643382
  },
  "ema": {
    "fast": 0.89960147270578,
    "slow": 0.8954055148858151,
    "fast_period": 20,
    "slow_period": 100
  },
  "etv": {
    "horizon_days": 1,
    "risk_budget_usd": 100,
    "expected_move_usd": 0.40089305936922276,
    "qty": 249.4430812978978,
    "notional_usd": 2152.6937916008583,
    "leverage": 1
  }
}