{
  "t": "2025-12-12T06:47:38.752Z",
  "spot": 14.12,
  "sigma_d": 0.040406418518149634,
  "ERI": 4.040641851814963,
  "percentiles": {
    "p10": 4.100577789533848,
    "p50": 4.19944966038986,
    "p90": 4.355298909861288
  },
  "ema": {
    "fast": 0.7772048058884465,
    "slow": 0.792871873233198,
    "fast_period": 20,
    "slow_period": 100
  },
  "etv": {
    "horizon_days": 1,
    "risk_budget_usd": 100,
    "expected_move_usd": 0.5705386294762728,
    "qty": 175.2729698456969,
    "notional_usd": 2474.85433422124,
    "leverage": 1
  }
}