{
  "t": "2026-03-17T06:09:35.427Z",
  "spot": 9.71,
  "sigma_d": 0.03458819861017298,
  "ERI": 3.4588198610172984,
  "percentiles": {
    "p10": 3.437638910531037,
    "p50": 3.582317584567326,
    "p90": 4.892060955583414
  },
  "ema": {
    "fast": 0.6596275484865666,
    "slow": 0.6722118578404914,
    "fast_period": 20,
    "slow_period": 100
  },
  "etv": {
    "horizon_days": 1,
    "risk_budget_usd": 100,
    "expected_move_usd": 0.3358514085047797,
    "qty": 297.75072388471716,
    "notional_usd": 2891.159528920604,
    "leverage": 1
  }
}