{
  "t": "2025-10-12T03:09:09.536Z",
  "spot": 16.92,
  "sigma_d": 0.05177019808226042,
  "ERI": 5.177019808226042,
  "percentiles": {
    "p10": 2.898875610941117,
    "p50": 3.0904676535567654,
    "p90": 5.222572833335827
  },
  "ema": {
    "fast": 0.9864031963009183,
    "slow": 0.8013628430243193,
    "fast_period": 20,
    "slow_period": 100
  },
  "etv": {
    "horizon_days": 1,
    "risk_budget_usd": 100,
    "expected_move_usd": 0.8759517515518463,
    "qty": 114.16153894645319,
    "notional_usd": 1931.6132389739882,
    "leverage": 1
  }
}