{
  "t": "2026-02-28T14:34:38.102Z",
  "spot": 8.45,
  "sigma_d": 0.050870025805578124,
  "ERI": 5.0870025805578125,
  "percentiles": {
    "p10": 4.643143417202287,
    "p50": 4.709855298036091,
    "p90": 5.141629785830333
  },
  "ema": {
    "fast": 0.9784921850116272,
    "slow": 0.9549097354646063,
    "fast_period": 20,
    "slow_period": 100
  },
  "etv": {
    "horizon_days": 1,
    "risk_budget_usd": 100,
    "expected_move_usd": 0.4298517180571351,
    "qty": 232.6383629498677,
    "notional_usd": 1965.794166926382,
    "leverage": 1
  }
}