{
  "t": "2025-12-26T21:27:07.216Z",
  "spot": 12.22,
  "sigma_d": 0.03752315620456916,
  "ERI": 3.7523156204569164,
  "percentiles": {
    "p10": 3.7743883808334733,
    "p50": 3.874241900485488,
    "p90": 4.028143172055565
  },
  "ema": {
    "fast": 0.7196299791299178,
    "slow": 0.7275589033969969,
    "fast_period": 20,
    "slow_period": 100
  },
  "etv": {
    "horizon_days": 1,
    "risk_budget_usd": 100,
    "expected_move_usd": 0.4585329688198352,
    "qty": 218.08682646610646,
    "notional_usd": 2665.0210194158212,
    "leverage": 1
  }
}