{
  "t": "2025-10-07T14:30:52.900Z",
  "spot": 22.44,
  "sigma_d": 0.03183542357634912,
  "ERI": 3.1835423576349124,
  "percentiles": {
    "p10": 2.898875610941117,
    "p50": 3.0445627556185504,
    "p90": 3.174342756464835
  },
  "ema": {
    "fast": 0.5914386020618194,
    "slow": 0.5754837225630639,
    "fast_period": 20,
    "slow_period": 100
  },
  "etv": {
    "horizon_days": 1,
    "risk_budget_usd": 100,
    "expected_move_usd": 0.7143869050532744,
    "qty": 139.98016941889864,
    "notional_usd": 3141.1550017600857,
    "leverage": 1
  }
}