{
  "t": "2026-01-03T11:25:25.776Z",
  "spot": 13.08,
  "sigma_d": 0.02650392695924355,
  "ERI": 2.650392695924355,
  "percentiles": {
    "p10": 2.684089673642704,
    "p50": 3.7714141737497835,
    "p90": 3.826610771411357
  },
  "ema": {
    "fast": 0.5088413945196016,
    "slow": 0.5835587983114504,
    "fast_period": 20,
    "slow_period": 100
  },
  "etv": {
    "horizon_days": 1,
    "risk_budget_usd": 100,
    "expected_move_usd": 0.3466713646269056,
    "qty": 288.45762933901943,
    "notional_usd": 3773.025791754374,
    "leverage": 1
  }
}