{
  "t": "2025-10-11T14:23:07.995Z",
  "spot": 17.69,
  "sigma_d": 0.052429000802058576,
  "ERI": 5.242900080205858,
  "percentiles": {
    "p10": 2.898875610941117,
    "p50": 3.0683108261711727,
    "p90": 3.4347346054070163
  },
  "ema": {
    "fast": 0.9615578198632567,
    "slow": 0.7524029914679011,
    "fast_period": 20,
    "slow_period": 100
  },
  "etv": {
    "horizon_days": 1,
    "risk_budget_usd": 100,
    "expected_move_usd": 0.9274690241884163,
    "qty": 107.82031247620934,
    "notional_usd": 1907.3413277041434,
    "leverage": 1
  }
}