{
  "t": "2026-01-19T21:30:02.505Z",
  "spot": 12.93,
  "sigma_d": 0.02427737836593533,
  "ERI": 2.427737836593533,
  "percentiles": {
    "p10": 2.4055990817203687,
    "p50": 2.4950912613534957,
    "p90": 2.657662994076772
  },
  "ema": {
    "fast": 0.46518168339580024,
    "slow": 0.4667549470210971,
    "fast_period": 20,
    "slow_period": 100
  },
  "etv": {
    "horizon_days": 1,
    "risk_budget_usd": 100,
    "expected_move_usd": 0.3139065022715438,
    "qty": 318.5661949541119,
    "notional_usd": 4119.060900756666,
    "leverage": 1
  }
}