{
  "t": "2025-11-29T17:25:44.676Z",
  "spot": 13.09,
  "sigma_d": 0.04118911379621608,
  "ERI": 4.118911379621608,
  "percentiles": {
    "p10": 4.120274124928707,
    "p50": 4.23618118742848,
    "p90": 4.309176662958476
  },
  "ema": {
    "fast": 0.7935444323659621,
    "slow": 0.8087860808031516,
    "fast_period": 20,
    "slow_period": 100
  },
  "etv": {
    "horizon_days": 1,
    "risk_budget_usd": 100,
    "expected_move_usd": 0.5391654995924685,
    "qty": 185.4718079617216,
    "notional_usd": 2427.8259662189357,
    "leverage": 1
  }
}