{
  "t": "2025-10-20T07:28:16.130Z",
  "spot": 18.85,
  "sigma_d": 0.059842177868979086,
  "ERI": 5.984217786897909,
  "percentiles": {
    "p10": 3.399826082758784,
    "p50": 5.652860185676156,
    "p90": 5.746478438308383
  },
  "ema": {
    "fast": 1.1033786084038308,
    "slow": 1.085786956610293,
    "fast_period": 20,
    "slow_period": 100
  },
  "etv": {
    "horizon_days": 1,
    "risk_budget_usd": 100,
    "expected_move_usd": 1.1280250528302558,
    "qty": 88.65051334551158,
    "notional_usd": 1671.0621765628935,
    "leverage": 1
  }
}