{
  "t": "2026-05-17T11:21:44.236Z",
  "spot": 9.78,
  "sigma_d": 0.0221500709775332,
  "ERI": 2.21500709775332,
  "percentiles": {
    "p10": 2.193722027590419,
    "p50": 2.568457485116883,
    "p90": 2.728847394192127
  },
  "ema": {
    "fast": 0.4204762643581919,
    "slow": 0.442014816259495,
    "fast_period": 20,
    "slow_period": 100
  },
  "etv": {
    "horizon_days": 1,
    "risk_budget_usd": 100,
    "expected_move_usd": 0.2166276941602747,
    "qty": 461.62149483072903,
    "notional_usd": 4514.65821944453,
    "leverage": 1
  }
}