{
  "t": "2026-01-07T23:30:23.546Z",
  "spot": 13.44,
  "sigma_d": 0.026867765200598182,
  "ERI": 2.6867765200598184,
  "percentiles": {
    "p10": 2.528583558212081,
    "p50": 2.8097351264933117,
    "p90": 3.776238704747005
  },
  "ema": {
    "fast": 0.5091432349840561,
    "slow": 0.5097103734515157,
    "fast_period": 20,
    "slow_period": 100
  },
  "etv": {
    "horizon_days": 1,
    "risk_budget_usd": 100,
    "expected_move_usd": 0.36110276429603955,
    "qty": 276.92947794223454,
    "notional_usd": 3721.932183543632,
    "leverage": 1
  }
}