{
  "t": "2026-01-05T07:37:49.176Z",
  "spot": 13.56,
  "sigma_d": 0.025023173892550824,
  "ERI": 2.5023173892550825,
  "percentiles": {
    "p10": 2.5377152185503276,
    "p50": 3.749494127838533,
    "p90": 3.7834661485197913
  },
  "ema": {
    "fast": 0.48346821568531884,
    "slow": 0.532586391100646,
    "fast_period": 20,
    "slow_period": 100
  },
  "etv": {
    "horizon_days": 1,
    "risk_budget_usd": 100,
    "expected_move_usd": 0.3393142379829892,
    "qty": 294.71206570769743,
    "notional_usd": 3996.2956109963775,
    "leverage": 1
  }
}