{
  "t": "2026-03-12T08:57:44.857Z",
  "spot": 8.97,
  "sigma_d": 0.03530922696066154,
  "ERI": 3.5309226960661544,
  "percentiles": {
    "p10": 3.5386715757863496,
    "p50": 4.8866852991195575,
    "p90": 5.116042690479484
  },
  "ema": {
    "fast": 0.6818950901875341,
    "slow": 0.7238115245158012,
    "fast_period": 20,
    "slow_period": 100
  },
  "etv": {
    "horizon_days": 1,
    "risk_budget_usd": 100,
    "expected_move_usd": 0.3167237658371341,
    "qty": 315.7325429485518,
    "notional_usd": 2832.1209102485095,
    "leverage": 1
  }
}