{
  "t": "2026-01-31T06:55:29.761Z",
  "spot": 10.65,
  "sigma_d": 0.030921340240906595,
  "ERI": 3.0921340240906594,
  "percentiles": {
    "p10": 2.4889786677333405,
    "p50": 2.7034812488114994,
    "p90": 3.135886733251487
  },
  "ema": {
    "fast": 0.5981465786055641,
    "slow": 0.574796157332437,
    "fast_period": 20,
    "slow_period": 100
  },
  "etv": {
    "horizon_days": 1,
    "risk_budget_usd": 100,
    "expected_move_usd": 0.32931227356565523,
    "qty": 303.66314294102045,
    "notional_usd": 3234.012472321868,
    "leverage": 1
  }
}