{
  "t": "2025-12-28T02:34:29.547Z",
  "spot": 12.5,
  "sigma_d": 0.037715289936903554,
  "ERI": 3.7715289936903553,
  "percentiles": {
    "p10": 3.7540600216572577,
    "p50": 3.855180704101672,
    "p90": 4.024022547779961
  },
  "ema": {
    "fast": 0.7180101381953738,
    "slow": 0.7234742124968145,
    "fast_period": 20,
    "slow_period": 100
  },
  "etv": {
    "horizon_days": 1,
    "risk_budget_usd": 100,
    "expected_move_usd": 0.4714411242112944,
    "qty": 212.11556409572188,
    "notional_usd": 2651.4445511965237,
    "leverage": 1
  }
}