{
  "t": "2026-02-25T09:02:51.155Z",
  "spot": 8.52,
  "sigma_d": 0.0466550214979454,
  "ERI": 4.6655021497945395,
  "percentiles": {
    "p10": 4.583125535968241,
    "p50": 4.7018166604035745,
    "p90": 4.737844580361233
  },
  "ema": {
    "fast": 0.8916882351654271,
    "slow": 0.8949517929991444,
    "fast_period": 20,
    "slow_period": 100
  },
  "etv": {
    "horizon_days": 1,
    "risk_budget_usd": 100,
    "expected_move_usd": 0.39750078316249476,
    "qty": 251.57183139214317,
    "notional_usd": 2143.3920034610596,
    "leverage": 1
  }
}