{
  "t": "2025-10-04T05:25:44.443Z",
  "spot": 22.27,
  "sigma_d": 0.0287720997378046,
  "ERI": 2.87720997378046,
  "percentiles": {
    "p10": 2.979723340174421,
    "p50": 3.0608210801683393,
    "p90": 3.3530816668181416
  },
  "ema": {
    "fast": 0.5702756483605249,
    "slow": 0.5823158514658331,
    "fast_period": 20,
    "slow_period": 100
  },
  "etv": {
    "horizon_days": 1,
    "risk_budget_usd": 100,
    "expected_move_usd": 0.6407546611609084,
    "qty": 156.06597354878653,
    "notional_usd": 3475.589230931476,
    "leverage": 1
  }
}