{
  "t": "2026-01-01T17:29:46.039Z",
  "spot": 12.39,
  "sigma_d": 0.0290111757303267,
  "ERI": 2.90111757303267,
  "percentiles": {
    "p10": 3.5319732665819603,
    "p50": 3.7752029973349046,
    "p90": 3.856409690677364
  },
  "ema": {
    "fast": 0.5803217934139345,
    "slow": 0.6656108937856533,
    "fast_period": 20,
    "slow_period": 100
  },
  "etv": {
    "horizon_days": 1,
    "risk_budget_usd": 100,
    "expected_move_usd": 0.3594484672987478,
    "qty": 278.2039961152127,
    "notional_usd": 3446.9475118674854,
    "leverage": 1
  }
}