{
  "t": "2025-12-12T09:35:18.210Z",
  "spot": 13.98,
  "sigma_d": 0.04039804044485346,
  "ERI": 4.039804044485346,
  "percentiles": {
    "p10": 4.0948587188716115,
    "p50": 4.19944966038986,
    "p90": 4.355298909861288
  },
  "ema": {
    "fast": 0.7758098274082379,
    "slow": 0.7916462805049288,
    "fast_period": 20,
    "slow_period": 100
  },
  "etv": {
    "horizon_days": 1,
    "risk_budget_usd": 100,
    "expected_move_usd": 0.5647646054190514,
    "qty": 177.06492057128952,
    "notional_usd": 2475.3675895866277,
    "leverage": 1
  }
}