{
  "t": "2025-09-07T08:29:34.594Z",
  "spot": 22.43,
  "sigma_d": 0.05906996685512339,
  "ERI": 5.906996685512339,
  "percentiles": {
    "p10": 5.4843936706483785,
    "p50": 6.152202071623977,
    "p90": 6.273559476607733
  },
  "ema": {
    "fast": 1.1434417107612642,
    "slow": 1.1245670235786263,
    "fast_period": 20,
    "slow_period": 100
  },
  "etv": {
    "horizon_days": 1,
    "risk_budget_usd": 100,
    "expected_move_usd": 1.3249393565604177,
    "qty": 75.47515250781213,
    "notional_usd": 1692.9076707502259,
    "leverage": 1
  }
}