{
  "t": "2025-12-12T07:32:32.716Z",
  "spot": 14.09,
  "sigma_d": 0.04039928176851893,
  "ERI": 4.039928176851893,
  "percentiles": {
    "p10": 4.100262127278942,
    "p50": 4.19944966038986,
    "p90": 4.355298909861288
  },
  "ema": {
    "fast": 0.7766926524189135,
    "slow": 0.7924551469208247,
    "fast_period": 20,
    "slow_period": 100
  },
  "etv": {
    "horizon_days": 1,
    "risk_budget_usd": 100,
    "expected_move_usd": 0.5692258801184318,
    "qty": 175.67718456369946,
    "notional_usd": 2475.2915305025253,
    "leverage": 1
  }
}