{
  "t": "2025-12-02T20:34:52.249Z",
  "spot": 13.35,
  "sigma_d": 0.046353696916327035,
  "ERI": 4.635369691632704,
  "percentiles": {
    "p10": 4.118296207031541,
    "p50": 4.2354866353321565,
    "p90": 4.306869322791423
  },
  "ema": {
    "fast": 0.8409215002905434,
    "slow": 0.8117836941305698,
    "fast_period": 20,
    "slow_period": 100
  },
  "etv": {
    "horizon_days": 1,
    "risk_budget_usd": 100,
    "expected_move_usd": 0.618821853832966,
    "qty": 161.5973957296477,
    "notional_usd": 2157.325232990797,
    "leverage": 1
  }
}