{
  "t": "2025-11-27T18:38:43.030Z",
  "spot": 13.44,
  "sigma_d": 0.04306343193592141,
  "ERI": 4.306343193592141,
  "percentiles": {
    "p10": 4.147915623854,
    "p50": 4.247066775942117,
    "p90": 4.417177176564305
  },
  "ema": {
    "fast": 0.8213313867642228,
    "slow": 0.815196136411854,
    "fast_period": 20,
    "slow_period": 100
  },
  "etv": {
    "horizon_days": 1,
    "risk_budget_usd": 100,
    "expected_move_usd": 0.5787725252187838,
    "qty": 172.77945244929978,
    "notional_usd": 2322.155840918589,
    "leverage": 1
  }
}