{
  "t": "2026-04-28T14:38:20.266Z",
  "spot": 9.17,
  "sigma_d": 0.02722811331171957,
  "ERI": 2.722811331171957,
  "percentiles": {
    "p10": 2.719564999700175,
    "p50": 2.9814098780416742,
    "p90": 3.1611484400272216
  },
  "ema": {
    "fast": 0.5188206835045073,
    "slow": 0.5408994651802495,
    "fast_period": 20,
    "slow_period": 100
  },
  "etv": {
    "horizon_days": 1,
    "risk_budget_usd": 100,
    "expected_move_usd": 0.24968179906846844,
    "qty": 400.5097703280235,
    "notional_usd": 3672.674593907975,
    "leverage": 1
  }
}