{
  "t": "2026-02-13T05:34:48.117Z",
  "spot": 8.34,
  "sigma_d": 0.04482215446039874,
  "ERI": 4.482215446039874,
  "percentiles": {
    "p10": 3.1639257760564448,
    "p50": 3.6332347349918193,
    "p90": 4.747609022425738
  },
  "ema": {
    "fast": 0.8669689461467915,
    "slow": 0.8645012207632125,
    "fast_period": 20,
    "slow_period": 100
  },
  "etv": {
    "horizon_days": 1,
    "risk_budget_usd": 100,
    "expected_move_usd": 0.37381676819972554,
    "qty": 267.51073923621124,
    "notional_usd": 2231.0395652300017,
    "leverage": 1
  }
}