{
  "t": "2025-10-21T05:28:39.251Z",
  "spot": 17.77,
  "sigma_d": 0.05976421533608762,
  "ERI": 5.976421533608762,
  "percentiles": {
    "p10": 5.186745637539639,
    "p50": 5.691484918886441,
    "p90": 5.870983410062152
  },
  "ema": {
    "fast": 1.134888708192217,
    "slow": 1.1040383211492402,
    "fast_period": 20,
    "slow_period": 100
  },
  "etv": {
    "horizon_days": 1,
    "risk_budget_usd": 100,
    "expected_move_usd": 1.062010106522277,
    "qty": 94.1610624850512,
    "notional_usd": 1673.2420803593598,
    "leverage": 1
  }
}