{
  "t": "2025-12-26T07:31:41.641Z",
  "spot": 12.45,
  "sigma_d": 0.037962683333936216,
  "ERI": 3.7962683333936216,
  "percentiles": {
    "p10": 3.7770060852378458,
    "p50": 3.9321219559481495,
    "p90": 4.028143172055565
  },
  "ema": {
    "fast": 0.722093768762974,
    "slow": 0.7300694496329555,
    "fast_period": 20,
    "slow_period": 100
  },
  "etv": {
    "horizon_days": 1,
    "risk_budget_usd": 100,
    "expected_move_usd": 0.4726354075075059,
    "qty": 211.57957785549934,
    "notional_usd": 2634.1657443009667,
    "leverage": 1
  }
}