{
  "t": "2026-01-28T21:39:47.100Z",
  "spot": 11.81,
  "sigma_d": 0.02938385228348106,
  "ERI": 2.938385228348106,
  "percentiles": {
    "p10": 2.419793577482409,
    "p50": 2.678084924102002,
    "p90": 2.9244391007725645
  },
  "ema": {
    "fast": 0.5604289198984295,
    "slow": 0.5439458925016146,
    "fast_period": 20,
    "slow_period": 100
  },
  "etv": {
    "horizon_days": 1,
    "risk_budget_usd": 100,
    "expected_move_usd": 0.34702329546791133,
    "qty": 288.16509239002033,
    "notional_usd": 3403.22974112614,
    "leverage": 1
  }
}