{
  "t": "2026-05-26T23:19:36.042Z",
  "spot": 9.37,
  "sigma_d": 0.022249061937621346,
  "ERI": 2.2249061937621346,
  "percentiles": {
    "p10": 2.1046049427482103,
    "p50": 2.3246350484407294,
    "p90": 2.650347681566658
  },
  "ema": {
    "fast": 0.4249392648693428,
    "slow": 0.4235875236648788,
    "fast_period": 20,
    "slow_period": 100
  },
  "etv": {
    "horizon_days": 1,
    "risk_budget_usd": 100,
    "expected_move_usd": 0.208473710355512,
    "qty": 479.6767891235262,
    "notional_usd": 4494.57151408744,
    "leverage": 1
  }
}