{
  "t": "2026-01-13T15:37:12.138Z",
  "spot": 13.44,
  "sigma_d": 0.024530449796101608,
  "ERI": 2.4530449796101608,
  "percentiles": {
    "p10": 2.4676164759095607,
    "p50": 2.5337492374396384,
    "p90": 2.6746393453524115
  },
  "ema": {
    "fast": 0.46509109602587156,
    "slow": 0.4760503427369814,
    "fast_period": 20,
    "slow_period": 100
  },
  "etv": {
    "horizon_days": 1,
    "risk_budget_usd": 100,
    "expected_move_usd": 0.3296892452596056,
    "qty": 303.3159298880298,
    "notional_usd": 4076.5660976951203,
    "leverage": 1
  }
}