{
  "t": "2025-11-25T17:30:15.493Z",
  "spot": 12.97,
  "sigma_d": 0.04238789679226368,
  "ERI": 4.238789679226368,
  "percentiles": {
    "p10": 4.147915623854,
    "p50": 4.257960341394059,
    "p90": 4.447886703651812
  },
  "ema": {
    "fast": 0.8105523547713523,
    "slow": 0.8107984688422917,
    "fast_period": 20,
    "slow_period": 100
  },
  "etv": {
    "horizon_days": 1,
    "risk_budget_usd": 100,
    "expected_move_usd": 0.5497710213956599,
    "qty": 181.89390875157073,
    "notional_usd": 2359.1639965078725,
    "leverage": 1
  }
}