{
  "t": "2025-10-18T18:34:06.120Z",
  "spot": 16.84,
  "sigma_d": 0.05715086437285885,
  "ERI": 5.715086437285885,
  "percentiles": {
    "p10": 3.3066526033451993,
    "p50": 5.594306605453854,
    "p90": 5.734963675420762
  },
  "ema": {
    "fast": 1.0922254195199654,
    "slow": 1.0753004797713441,
    "fast_period": 20,
    "slow_period": 100
  },
  "etv": {
    "horizon_days": 1,
    "risk_budget_usd": 100,
    "expected_move_usd": 0.962420556038943,
    "qty": 103.90468010323092,
    "notional_usd": 1749.7548129384086,
    "leverage": 1
  }
}