{
  "t": "2026-05-08T22:08:47.243Z",
  "spot": 10.38,
  "sigma_d": 0.024686000074409114,
  "ERI": 2.4686000074409113,
  "percentiles": {
    "p10": 2.5647530860600574,
    "p50": 2.707114909800893,
    "p90": 3.058803830140325
  },
  "ema": {
    "fast": 0.46987062333745094,
    "slow": 0.4957560158546073,
    "fast_period": 20,
    "slow_period": 100
  },
  "etv": {
    "horizon_days": 1,
    "risk_budget_usd": 100,
    "expected_move_usd": 0.2562406807723666,
    "qty": 390.25809523522054,
    "notional_usd": 4050.8790285415894,
    "leverage": 1
  }
}