{
  "t": "2026-02-18T20:53:19.985Z",
  "spot": 8.6,
  "sigma_d": 0.04719864687712267,
  "ERI": 4.719864687712267,
  "percentiles": {
    "p10": 3.4976666940909205,
    "p50": 4.7166563158275014,
    "p90": 4.747856910643382
  },
  "ema": {
    "fast": 0.9023186763756155,
    "slow": 0.8953311910230898,
    "fast_period": 20,
    "slow_period": 100
  },
  "etv": {
    "horizon_days": 1,
    "risk_budget_usd": 100,
    "expected_move_usd": 0.40590836314325496,
    "qty": 246.36102401444623,
    "notional_usd": 2118.7048065242375,
    "leverage": 1
  }
}