{
  "t": "2025-09-02T09:56:16.987Z",
  "spot": 23.3806,
  "sigma_d": 0.05599106057635523,
  "ERI": 5.599106057635523,
  "percentiles": {
    "p10": 5.484393670648377,
    "p50": 5.638145670254035,
    "p90": 6.199223137734766
  },
  "ema": {
    "fast": 1.0715672870967303,
    "slow": 0.8366772559467407,
    "fast_period": 20,
    "slow_period": 100
  },
  "etv": {
    "horizon_days": 1,
    "risk_budget_usd": 100,
    "expected_move_usd": 1.309104590911531,
    "qty": 76.38809052710592,
    "notional_usd": 1785.9993893780527,
    "leverage": 1
  }
}