{
  "t": "2026-06-26T00:20:50.456Z",
  "spot": 7.25,
  "sigma_d": 0.030043249867034643,
  "ERI": 3.0043249867034643,
  "percentiles": {
    "p10": 2.2274221432625336,
    "p50": 2.934287618400328,
    "p90": 3.0581366947690714
  },
  "ema": {
    "fast": 0.5745905452387237,
    "slow": 0.5669851934067432,
    "fast_period": 20,
    "slow_period": 100
  },
  "etv": {
    "horizon_days": 1,
    "risk_budget_usd": 100,
    "expected_move_usd": 0.21781356153600115,
    "qty": 459.1082359372356,
    "notional_usd": 3328.5347105449578,
    "leverage": 1
  }
}