{
  "t": "2026-01-24T11:26:33.443Z",
  "spot": 12.2,
  "sigma_d": 0.026754491290953388,
  "ERI": 2.675449129095339,
  "percentiles": {
    "p10": 2.4055990817203687,
    "p50": 2.510328285298737,
    "p90": 2.7011119827270647
  },
  "ema": {
    "fast": 0.512840941361581,
    "slow": 0.504207392420615,
    "fast_period": 20,
    "slow_period": 100
  },
  "etv": {
    "horizon_days": 1,
    "risk_budget_usd": 100,
    "expected_move_usd": 0.32640479374963133,
    "qty": 306.3680494738841,
    "notional_usd": 3737.690203581386,
    "leverage": 1
  }
}