{
  "t": "2025-10-21T10:33:42.859Z",
  "spot": 17.86,
  "sigma_d": 0.05963557618013872,
  "ERI": 5.963557618013872,
  "percentiles": {
    "p10": 5.196275631049986,
    "p50": 5.702040613902616,
    "p90": 5.933879040840183
  },
  "ema": {
    "fast": 1.1363689602457916,
    "slow": 1.1073371599888808,
    "fast_period": 20,
    "slow_period": 100
  },
  "etv": {
    "horizon_days": 1,
    "risk_budget_usd": 100,
    "expected_move_usd": 1.0650913905772774,
    "qty": 93.88865677132195,
    "notional_usd": 1676.85140993581,
    "leverage": 1
  }
}