{
  "t": "2025-12-17T03:58:48.540Z",
  "spot": 12.82,
  "sigma_d": 0.03919966637038548,
  "ERI": 3.919966637038548,
  "percentiles": {
    "p10": 3.9647866760116472,
    "p50": 4.1005314610306005,
    "p90": 4.333049864877892
  },
  "ema": {
    "fast": 0.7567154858520252,
    "slow": 0.7641431886838208,
    "fast_period": 20,
    "slow_period": 100
  },
  "etv": {
    "horizon_days": 1,
    "risk_budget_usd": 100,
    "expected_move_usd": 0.5025397228683419,
    "qty": 198.9892449282035,
    "notional_usd": 2551.042119979569,
    "leverage": 1
  }
}