{
  "t": "2026-03-09T13:37:32.805Z",
  "spot": 8.9,
  "sigma_d": 0.035929188621852,
  "ERI": 3.5929188621852,
  "percentiles": {
    "p10": 3.5411879104231208,
    "p50": 4.895633799215073,
    "p90": 5.141629785830333
  },
  "ema": {
    "fast": 0.6802804493647432,
    "slow": 0.7908834066377376,
    "fast_period": 20,
    "slow_period": 100
  },
  "etv": {
    "horizon_days": 1,
    "risk_budget_usd": 100,
    "expected_move_usd": 0.3197697787344828,
    "qty": 312.7249873198113,
    "notional_usd": 2783.252387146321,
    "leverage": 1
  }
}