{
  "t": "2026-01-10T22:31:03.610Z",
  "spot": 13.11,
  "sigma_d": 0.025208279810202197,
  "ERI": 2.52082798102022,
  "percentiles": {
    "p10": 2.520284075031759,
    "p50": 2.5802948556659375,
    "p90": 3.5379291202449763
  },
  "ema": {
    "fast": 0.4820807516596255,
    "slow": 0.4905382308307747,
    "fast_period": 20,
    "slow_period": 100
  },
  "etv": {
    "horizon_days": 1,
    "risk_budget_usd": 100,
    "expected_move_usd": 0.3304805483117508,
    "qty": 302.58966983335864,
    "notional_usd": 3966.950571515332,
    "leverage": 1
  }
}