{
  "t": "2025-10-06T17:25:40.985Z",
  "spot": 23.26,
  "sigma_d": 0.030633750997244455,
  "ERI": 3.0633750997244453,
  "percentiles": {
    "p10": 2.898875610941117,
    "p50": 3.041335812032445,
    "p90": 3.1775050936932128
  },
  "ema": {
    "fast": 0.5607887450383068,
    "slow": 0.5658222461947845,
    "fast_period": 20,
    "slow_period": 100
  },
  "etv": {
    "horizon_days": 1,
    "risk_budget_usd": 100,
    "expected_move_usd": 0.712541048195906,
    "qty": 140.34279183380605,
    "notional_usd": 3264.373338054329,
    "leverage": 1
  }
}