{
  "t": "2026-02-23T10:08:43.909Z",
  "spot": 8.52,
  "sigma_d": 0.04701785272650859,
  "ERI": 4.701785272650858,
  "percentiles": {
    "p10": 4.583125535968241,
    "p50": 4.7062346779596105,
    "p90": 4.744251660258212
  },
  "ema": {
    "fast": 0.9002262925515199,
    "slow": 0.8960525744940208,
    "fast_period": 20,
    "slow_period": 100
  },
  "etv": {
    "horizon_days": 1,
    "risk_budget_usd": 100,
    "expected_move_usd": 0.40059210522985317,
    "qty": 249.6304812163526,
    "notional_usd": 2126.851699963324,
    "leverage": 1
  }
}