{
  "t": "2026-04-25T22:52:35.943Z",
  "spot": 9.35,
  "sigma_d": 0.02789463711310419,
  "ERI": 2.789463711310419,
  "percentiles": {
    "p10": 2.8192149251811256,
    "p50": 2.9814098780416742,
    "p90": 3.1611484400272216
  },
  "ema": {
    "fast": 0.5395513842360313,
    "slow": 0.5626622449136491,
    "fast_period": 20,
    "slow_period": 100
  },
  "etv": {
    "horizon_days": 1,
    "risk_budget_usd": 100,
    "expected_move_usd": 0.26081485700752416,
    "qty": 383.4137408710392,
    "notional_usd": 3584.918477144216,
    "leverage": 1
  }
}