{
  "t": "2026-06-14T00:18:45.789Z",
  "spot": 7.96,
  "sigma_d": 0.030631123202390472,
  "ERI": 3.063112320239047,
  "percentiles": {
    "p10": 2.1046049427482103,
    "p50": 2.24986976921128,
    "p90": 3.0340300098799418
  },
  "ema": {
    "fast": 0.5845035571337701,
    "slow": 0.5404763597383359,
    "fast_period": 20,
    "slow_period": 100
  },
  "etv": {
    "horizon_days": 1,
    "risk_budget_usd": 100,
    "expected_move_usd": 0.24382374069102816,
    "qty": 410.1323345978821,
    "notional_usd": 3264.6533833991416,
    "leverage": 1
  }
}