{
  "t": "2026-01-13T18:46:30.390Z",
  "spot": 13.6,
  "sigma_d": 0.025090217619642072,
  "ERI": 2.509021761964207,
  "percentiles": {
    "p10": 2.4676164759095607,
    "p50": 2.5295525998673005,
    "p90": 2.6583980797308815
  },
  "ema": {
    "fast": 0.4686989261450234,
    "slow": 0.4762229542032704,
    "fast_period": 20,
    "slow_period": 100
  },
  "etv": {
    "horizon_days": 1,
    "risk_budget_usd": 100,
    "expected_move_usd": 0.3412269596271322,
    "qty": 293.06007974654955,
    "notional_usd": 3985.6170845530737,
    "leverage": 1
  }
}