{
  "t": "2025-12-30T20:33:28.652Z",
  "spot": 12.38,
  "sigma_d": 0.03778112730536297,
  "ERI": 3.778112730536297,
  "percentiles": {
    "p10": 3.7540600216572577,
    "p50": 3.785063234318693,
    "p90": 4.022061966974951
  },
  "ema": {
    "fast": 0.7224379135958463,
    "slow": 0.722436724793102,
    "fast_period": 20,
    "slow_period": 100
  },
  "etv": {
    "horizon_days": 1,
    "risk_budget_usd": 100,
    "expected_move_usd": 0.4677303560403936,
    "qty": 213.79839625239956,
    "notional_usd": 2646.8241456047067,
    "leverage": 1
  }
}