{
  "t": "2025-09-08T20:29:40.278Z",
  "spot": 22.92,
  "sigma_d": 0.05666991560669695,
  "ERI": 5.666991560669695,
  "percentiles": {
    "p10": 5.503237702997759,
    "p50": 6.039886367971883,
    "p90": 6.272709596716135
  },
  "ema": {
    "fast": 1.0910764719790287,
    "slow": 1.1122399262028686,
    "fast_period": 20,
    "slow_period": 100
  },
  "etv": {
    "horizon_days": 1,
    "risk_budget_usd": 100,
    "expected_move_usd": 1.2988744657054943,
    "qty": 76.98973429713563,
    "notional_usd": 1764.6047100903486,
    "leverage": 1
  }
}