{
  "t": "2025-11-22T10:29:06.868Z",
  "spot": 11.82,
  "sigma_d": 0.04220133971982088,
  "ERI": 4.220133971982088,
  "percentiles": {
    "p10": 4.147915623854,
    "p50": 4.4150148924703485,
    "p90": 4.514642850293775
  },
  "ema": {
    "fast": 0.8070894331513226,
    "slow": 0.8130714412010887,
    "fast_period": 20,
    "slow_period": 100
  },
  "etv": {
    "horizon_days": 1,
    "risk_budget_usd": 100,
    "expected_move_usd": 0.49881983548828285,
    "qty": 200.47318267147975,
    "notional_usd": 2369.5930191768907,
    "leverage": 1
  }
}