{
  "t": "2026-01-17T02:19:34.075Z",
  "spot": 13.67,
  "sigma_d": 0.024254803561831424,
  "ERI": 2.4254803561831424,
  "percentiles": {
    "p10": 2.467582130461669,
    "p50": 2.5239039446834926,
    "p90": 2.663794239127058
  },
  "ema": {
    "fast": 0.4779900269275242,
    "slow": 0.4883671325724263,
    "fast_period": 20,
    "slow_period": 100
  },
  "etv": {
    "horizon_days": 1,
    "risk_budget_usd": 100,
    "expected_move_usd": 0.33156316469023556,
    "qty": 301.60165738985353,
    "notional_usd": 4122.894656519297,
    "leverage": 1
  }
}