{
  "t": "2026-01-20T05:40:05.688Z",
  "spot": 12.8,
  "sigma_d": 0.024442336979779336,
  "ERI": 2.4442336979779338,
  "percentiles": {
    "p10": 2.4055990817203687,
    "p50": 2.4884777490326497,
    "p90": 2.653462855241299
  },
  "ema": {
    "fast": 0.4661822286457855,
    "slow": 0.4668561531188015,
    "fast_period": 20,
    "slow_period": 100
  },
  "etv": {
    "horizon_days": 1,
    "risk_budget_usd": 100,
    "expected_move_usd": 0.3128619133411755,
    "qty": 319.6298294415598,
    "notional_usd": 4091.2618168519657,
    "leverage": 1
  }
}