{
  "t": "2025-10-03T13:32:19.175Z",
  "spot": 120624,
  "sigma_d": 0.0005811031189118989,
  "ERI": 0.05811031189118989,
  "percentiles": {
    "p10": 0.05311055958599932,
    "p50": 0.1278830909502729,
    "p90": 0.1646477231667502
  },
  "ema": {
    "fast": 0.01337440258451987,
    "slow": 0.01718648581094298,
    "fast_period": 20,
    "slow_period": 100
  },
  "etv": {
    "horizon_days": 1,
    "risk_budget_usd": 100,
    "expected_move_usd": 70.0949826156289,
    "qty": 1.4266356345126372,
    "notional_usd": 172086.49677745235,
    "leverage": 1
  }
}