{
  "t": "2025-10-28T13:37:30.926Z",
  "spot": 114976,
  "sigma_d": 0.0005310462067490957,
  "ERI": 0.05310462067490957,
  "percentiles": {
    "p10": 0.05335173112978131,
    "p50": 0.07793287563657406,
    "p90": 0.16627302273485584
  },
  "ema": {
    "fast": 0.012051430165859852,
    "slow": 0.018113950819705307,
    "fast_period": 20,
    "slow_period": 100
  },
  "etv": {
    "horizon_days": 1,
    "risk_budget_usd": 100,
    "expected_move_usd": 61.05756866718402,
    "qty": 1.6377985920973293,
    "notional_usd": 188307.53092498254,
    "leverage": 1
  }
}