{
  "t": "2025-12-01T15:32:34.902Z",
  "spot": 84892,
  "sigma_d": 0.001288988440537533,
  "ERI": 0.1288988440537533,
  "percentiles": {
    "p10": 0.05366689722950273,
    "p50": 0.14257874432076317,
    "p90": 0.19269846184236292
  },
  "ema": {
    "fast": 0.02233703347872277,
    "slow": 0.027499649732190518,
    "fast_period": 20,
    "slow_period": 100
  },
  "etv": {
    "horizon_days": 1,
    "risk_budget_usd": 100,
    "expected_move_usd": 109.42480669411225,
    "qty": 0.913869560487701,
    "notional_usd": 77580.21472892191,
    "leverage": 1
  }
}