{
  "t": "2026-02-28T20:36:37.918Z",
  "spot": 66728,
  "sigma_d": 0.0014061196403028942,
  "ERI": 0.14061196403028942,
  "percentiles": {
    "p10": 0.053870915533750396,
    "p50": 0.1344358846359208,
    "p90": 0.20604456074113697
  },
  "ema": {
    "fast": 0.025546456835818118,
    "slow": 0.023744914095689403,
    "fast_period": 20,
    "slow_period": 100
  },
  "etv": {
    "horizon_days": 1,
    "risk_budget_usd": 100,
    "expected_move_usd": 93.82755135813153,
    "qty": 1.0657850338469217,
    "notional_usd": 71117.70373853738,
    "leverage": 1
  }
}