{
  "t": "2026-02-05T22:42:27.575Z",
  "spot": 63717,
  "sigma_d": 0.002939480683386838,
  "ERI": 0.2939480683386838,
  "percentiles": {
    "p10": 0.053325303755698696,
    "p50": 0.12173046328620077,
    "p90": 0.18327025500597333
  },
  "ema": {
    "fast": 0.03515037008311413,
    "slow": 0.0264397429319611,
    "fast_period": 20,
    "slow_period": 100
  },
  "etv": {
    "horizon_days": 1,
    "risk_budget_usd": 100,
    "expected_move_usd": 187.29489070335916,
    "qty": 0.5339173942463903,
    "notional_usd": 34019.61460919725,
    "leverage": 1
  }
}