{
  "t": "2026-03-28T21:40:06.150Z",
  "spot": 66811,
  "sigma_d": 0.0018019238282155584,
  "ERI": 0.18019238282155584,
  "percentiles": {
    "p10": 0.05452403731817776,
    "p50": 0.0763183428898416,
    "p90": 0.1808465333534499
  },
  "ema": {
    "fast": 0.025102443200099377,
    "slow": 0.021159547820915385,
    "fast_period": 20,
    "slow_period": 100
  },
  "etv": {
    "horizon_days": 1,
    "risk_budget_usd": 100,
    "expected_move_usd": 120.38833288690967,
    "qty": 0.830645276016389,
    "notional_usd": 55496.24153593097,
    "leverage": 1
  }
}