{
  "t": "2025-09-17T08:34:25.747Z",
  "spot": 116879,
  "sigma_d": 0.0006427757827211201,
  "ERI": 0.064277578272112,
  "percentiles": {
    "p10": 0.05298946810701005,
    "p50": 0.061415563036202485,
    "p90": 0.1721120054796441
  },
  "ema": {
    "fast": 0.014999474717945653,
    "slow": 0.015247295572715244,
    "fast_period": 20,
    "slow_period": 100
  },
  "etv": {
    "horizon_days": 1,
    "risk_budget_usd": 100,
    "expected_move_usd": 75.1269907086618,
    "qty": 1.3310795368843447,
    "notional_usd": 155575.24519150532,
    "leverage": 1
  }
}