{
  "t": "2025-12-31T11:27:26.553Z",
  "spot": 88782,
  "sigma_d": 0.0013907458597415964,
  "ERI": 0.13907458597415964,
  "percentiles": {
    "p10": 0.053791252786646315,
    "p50": 0.14899410940158522,
    "p90": 0.1770085932382241
  },
  "ema": {
    "fast": 0.016162458209955384,
    "slow": 0.024070067704301493,
    "fast_period": 20,
    "slow_period": 100
  },
  "etv": {
    "horizon_days": 1,
    "risk_budget_usd": 100,
    "expected_move_usd": 123.47319891957841,
    "qty": 0.8098923561957185,
    "notional_usd": 71903.86316776829,
    "leverage": 1
  }
}