{
  "t": "2025-10-25T07:23:58.087Z",
  "spot": 111621,
  "sigma_d": 0.0016903612529310674,
  "ERI": 0.16903612529310674,
  "percentiles": {
    "p10": 0.05342083320674494,
    "p50": 0.07654557974180737,
    "p90": 0.15430131115786874
  },
  "ema": {
    "fast": 0.024323883927113127,
    "slow": 0.020149197633527863,
    "fast_period": 20,
    "slow_period": 100
  },
  "etv": {
    "horizon_days": 1,
    "risk_budget_usd": 100,
    "expected_move_usd": 188.67981341341869,
    "qty": 0.5299984041265122,
    "notional_usd": 59158.951867005424,
    "leverage": 1
  }
}