{
  "t": "2026-02-10T17:15:13.138Z",
  "spot": 69376,
  "sigma_d": 0.0011685109888366317,
  "ERI": 0.11685109888366317,
  "percentiles": {
    "p10": 0.05340961907639863,
    "p50": 0.11635422505462706,
    "p90": 0.20949526706005636
  },
  "ema": {
    "fast": 0.07618795391169503,
    "slow": 0.03969900137234544,
    "fast_period": 20,
    "slow_period": 100
  },
  "etv": {
    "horizon_days": 1,
    "risk_budget_usd": 100,
    "expected_move_usd": 81.06661836153016,
    "qty": 1.233553366615507,
    "notional_usd": 85578.9983623174,
    "leverage": 1
  }
}