{
  "t": "2025-11-26T21:25:28.150Z",
  "spot": 89876,
  "sigma_d": 0.0021512621937234953,
  "ERI": 0.21512621937234952,
  "percentiles": {
    "p10": 0.053251055307540374,
    "p50": 0.11148004224238497,
    "p90": 0.1721003424518714
  },
  "ema": {
    "fast": 0.02463149406993948,
    "slow": 0.023931471111411452,
    "fast_period": 20,
    "slow_period": 100
  },
  "etv": {
    "horizon_days": 1,
    "risk_budget_usd": 100,
    "expected_move_usd": 193.34684092309286,
    "qty": 0.5172052438124747,
    "notional_usd": 46484.338492889976,
    "leverage": 1
  }
}