{
  "t": "2026-04-22T08:54:24.607Z",
  "spot": 78033,
  "sigma_d": 0.0005383426301262945,
  "ERI": 0.053834263012629446,
  "percentiles": {
    "p10": 0.05393220563953715,
    "p50": 0.0806968861786595,
    "p90": 0.1883248268772469
  },
  "ema": {
    "fast": 0.01372774116458722,
    "slow": 0.017327836755687595,
    "fast_period": 20,
    "slow_period": 100
  },
  "etv": {
    "horizon_days": 1,
    "risk_budget_usd": 100,
    "expected_move_usd": 42.00849045664514,
    "qty": 2.3804711598291064,
    "notional_usd": 185755.30601494465,
    "leverage": 1
  }
}