{
  "t": "2026-02-16T15:53:20.753Z",
  "spot": 67545,
  "sigma_d": 0.0018594782043950923,
  "ERI": 0.18594782043950925,
  "percentiles": {
    "p10": 0.05448011542492735,
    "p50": 0.14674522632317183,
    "p90": 0.214143311615601
  },
  "ema": {
    "fast": 0.024274399869748914,
    "slow": 0.027461724991094384,
    "fast_period": 20,
    "slow_period": 100
  },
  "etv": {
    "horizon_days": 1,
    "risk_budget_usd": 100,
    "expected_move_usd": 125.59845531586652,
    "qty": 0.7961881358215022,
    "notional_usd": 53778.527634063365,
    "leverage": 1
  }
}