{
  "t": "2026-01-21T19:36:58.296Z",
  "spot": 89841,
  "sigma_d": 0.0018965373870712123,
  "ERI": 0.18965373870712124,
  "percentiles": {
    "p10": 0.053224260542978366,
    "p50": 0.06970236315359736,
    "p90": 0.15387202078980808
  },
  "ema": {
    "fast": 0.02638954163017565,
    "slow": 0.021093703659968776,
    "fast_period": 20,
    "slow_period": 100
  },
  "etv": {
    "horizon_days": 1,
    "risk_budget_usd": 100,
    "expected_move_usd": 170.3868153918648,
    "qty": 0.5868998711550222,
    "notional_usd": 52727.67132443835,
    "leverage": 1
  }
}