{
  "t": "2026-01-04T16:36:03.156Z",
  "spot": 91316,
  "sigma_d": 0.001806168455040346,
  "ERI": 0.18061684550403462,
  "percentiles": {
    "p10": 0.05354676100809286,
    "p50": 0.15500888594614912,
    "p90": 0.18787584504762198
  },
  "ema": {
    "fast": 0.029799026440737134,
    "slow": 0.025790981062013628,
    "fast_period": 20,
    "slow_period": 100
  },
  "etv": {
    "horizon_days": 1,
    "risk_budget_usd": 100,
    "expected_move_usd": 164.93207864046423,
    "qty": 0.6063101903783691,
    "notional_usd": 55365.82134459115,
    "leverage": 1
  }
}