{
  "t": "2026-02-10T05:43:12.885Z",
  "spot": 69552,
  "sigma_d": 0.0018405108456238746,
  "ERI": 0.18405108456238745,
  "percentiles": {
    "p10": 0.05340961907639863,
    "p50": 0.11523327938748165,
    "p90": 0.20815179264290778
  },
  "ema": {
    "fast": 0.027370223968112676,
    "slow": 0.025536033932067128,
    "fast_period": 20,
    "slow_period": 100
  },
  "etv": {
    "horizon_days": 1,
    "risk_budget_usd": 100,
    "expected_move_usd": 128.01121033483173,
    "qty": 0.7811815835381575,
    "notional_usd": 54332.74149824593,
    "leverage": 1
  }
}