{
  "t": "2026-01-11T17:27:40.538Z",
  "spot": 90891,
  "sigma_d": 0.0016434148197670597,
  "ERI": 0.16434148197670598,
  "percentiles": {
    "p10": 0.05344432580036459,
    "p50": 0.13947512006026996,
    "p90": 0.1987794020330305
  },
  "ema": {
    "fast": 0.02308025220124755,
    "slow": 0.021996703666170393,
    "fast_period": 20,
    "slow_period": 100
  },
  "etv": {
    "horizon_days": 1,
    "risk_budget_usd": 100,
    "expected_move_usd": 149.37161638344782,
    "qty": 0.6694712316916537,
    "notional_usd": 60848.9097196861,
    "leverage": 1
  }
}