{
  "t": "2026-04-23T17:41:48.830Z",
  "spot": 77289,
  "sigma_d": 0.0005692780810985208,
  "ERI": 0.05692780810985208,
  "percentiles": {
    "p10": 0.053952773582615667,
    "p50": 0.08316566843193629,
    "p90": 0.18530908317149902
  },
  "ema": {
    "fast": 0.01738956981888998,
    "slow": 0.017734793327728926,
    "fast_period": 20,
    "slow_period": 100
  },
  "etv": {
    "horizon_days": 1,
    "risk_budget_usd": 100,
    "expected_move_usd": 43.99893361002357,
    "qty": 2.2727823561891647,
    "notional_usd": 175661.07552750435,
    "leverage": 1
  }
}