{
  "t": "2026-04-15T23:55:10.930Z",
  "spot": 74835,
  "sigma_d": 0.0014310227213201524,
  "ERI": 0.14310227213201523,
  "percentiles": {
    "p10": 0.054095243532602026,
    "p50": 0.130096964044926,
    "p90": 0.2000791444040298
  },
  "ema": {
    "fast": 0.01715589733081312,
    "slow": 0.021124399377609786,
    "fast_period": 20,
    "slow_period": 100
  },
  "etv": {
    "horizon_days": 1,
    "risk_budget_usd": 100,
    "expected_move_usd": 107.0905853499936,
    "qty": 0.9337889009867661,
    "notional_usd": 69880.09240534465,
    "leverage": 1
  }
}