{
  "t": "2026-04-20T03:47:43.993Z",
  "spot": 74606,
  "sigma_d": 0.0009929549905893665,
  "ERI": 0.09929549905893664,
  "percentiles": {
    "p10": 0.054004187294987224,
    "p50": 0.09202893735767609,
    "p90": 0.1985416498537611
  },
  "ema": {
    "fast": 0.019093534069606476,
    "slow": 0.019941498555312284,
    "fast_period": 20,
    "slow_period": 100
  },
  "etv": {
    "horizon_days": 1,
    "risk_budget_usd": 100,
    "expected_move_usd": 74.08040002791027,
    "qty": 1.3498847193363475,
    "notional_usd": 100709.49937080753,
    "leverage": 1
  }
}