{
  "t": "2025-10-22T05:29:07.376Z",
  "spot": 108105,
  "sigma_d": 0.0005341557138693533,
  "ERI": 0.05341557138693533,
  "percentiles": {
    "p10": 0.053523980160928714,
    "p50": 0.06717884148631442,
    "p90": 0.15248367632035692
  },
  "ema": {
    "fast": 0.01568748695099841,
    "slow": 0.01747256840661714,
    "fast_period": 20,
    "slow_period": 100
  },
  "etv": {
    "horizon_days": 1,
    "risk_budget_usd": 100,
    "expected_move_usd": 57.74490344784644,
    "qty": 1.7317545623799886,
    "notional_usd": 187211.32696608867,
    "leverage": 1
  }
}