{
  "t": "2025-12-31T04:48:17.354Z",
  "spot": 88236,
  "sigma_d": 0.0005415650293725002,
  "ERI": 0.05415650293725002,
  "percentiles": {
    "p10": 0.05363613257286382,
    "p50": 0.1494375813623157,
    "p90": 0.1770085932382241
  },
  "ema": {
    "fast": 0.0174328363884828,
    "slow": 0.025554424516764932,
    "fast_period": 20,
    "slow_period": 100
  },
  "etv": {
    "horizon_days": 1,
    "risk_budget_usd": 100,
    "expected_move_usd": 47.78553193171193,
    "qty": 2.0926836211199937,
    "notional_usd": 184650.03199314376,
    "leverage": 1
  }
}