{
  "t": "2025-12-03T08:40:14.304Z",
  "spot": 92913,
  "sigma_d": 0.001711003391950775,
  "ERI": 0.1711003391950775,
  "percentiles": {
    "p10": 0.054190045719862204,
    "p50": 0.14826270805998998,
    "p90": 0.19548500425362036
  },
  "ema": {
    "fast": 0.03306779656968276,
    "slow": 0.028290019808193175,
    "fast_period": 20,
    "slow_period": 100
  },
  "etv": {
    "horizon_days": 1,
    "risk_budget_usd": 100,
    "expected_move_usd": 158.97445815632236,
    "qty": 0.6290318656199995,
    "notional_usd": 58445.23773035101,
    "leverage": 1
  }
}