{
  "t": "2025-11-21T05:30:24.336Z",
  "spot": 86182,
  "sigma_d": 0.000534102236502134,
  "ERI": 0.053410223650213404,
  "percentiles": {
    "p10": 0.053219647115979735,
    "p50": 0.06105204284144394,
    "p90": 0.15470437097997478
  },
  "ema": {
    "fast": 0.01931113991069227,
    "slow": 0.020218801049094976,
    "fast_period": 20,
    "slow_period": 100
  },
  "etv": {
    "horizon_days": 1,
    "risk_budget_usd": 100,
    "expected_move_usd": 46.02999894622691,
    "qty": 2.1724962478670014,
    "notional_usd": 187230.0716336739,
    "leverage": 1
  }
}