{
  "t": "2025-10-07T09:28:39.080Z",
  "spot": 124138,
  "sigma_d": 0.0005317042572014249,
  "ERI": 0.05317042572014249,
  "percentiles": {
    "p10": 0.053036672423010786,
    "p50": 0.0634984639187447,
    "p90": 0.16600531735630308
  },
  "ema": {
    "fast": 0.016056405284138486,
    "slow": 0.016392011787437006,
    "fast_period": 20,
    "slow_period": 100
  },
  "etv": {
    "horizon_days": 1,
    "risk_budget_usd": 100,
    "expected_move_usd": 66.00470308047048,
    "qty": 1.5150435549734043,
    "notional_usd": 188074.47682728845,
    "leverage": 1
  }
}