{
  "t": "2025-10-07T05:27:18.635Z",
  "spot": 124512,
  "sigma_d": 0.0005564056585653121,
  "ERI": 0.05564056585653122,
  "percentiles": {
    "p10": 0.053037795264180385,
    "p50": 0.06695481852500548,
    "p90": 0.1646905743578683
  },
  "ema": {
    "fast": 0.012744357554003587,
    "slow": 0.015852718682274346,
    "fast_period": 20,
    "slow_period": 100
  },
  "etv": {
    "horizon_days": 1,
    "risk_budget_usd": 100,
    "expected_move_usd": 69.27918135928415,
    "qty": 1.4434350700738892,
    "notional_usd": 179724.98744504008,
    "leverage": 1
  }
}