{
  "t": "2026-01-09T07:34:48.341Z",
  "spot": 90862,
  "sigma_d": 0.0016200741255138031,
  "ERI": 0.16200741255138032,
  "percentiles": {
    "p10": 0.05339829836591422,
    "p50": 0.16643941889630393,
    "p90": 0.1987794020330305
  },
  "ema": {
    "fast": 0.02944474737455595,
    "slow": 0.02738403740394723,
    "fast_period": 20,
    "slow_period": 100
  },
  "etv": {
    "horizon_days": 1,
    "risk_budget_usd": 100,
    "expected_move_usd": 147.20317519243517,
    "qty": 0.6793331724622951,
    "notional_usd": 61725.57071626905,
    "leverage": 1
  }
}