{
  "t": "2025-11-14T12:57:17.584Z",
  "spot": 95339,
  "sigma_d": 0.0005576613692554441,
  "ERI": 0.05576613692554441,
  "percentiles": {
    "p10": 0.05323089218576119,
    "p50": 0.06165698306075684,
    "p90": 0.16022551013166794
  },
  "ema": {
    "fast": 0.014631660862040494,
    "slow": 0.015040308828750777,
    "fast_period": 20,
    "slow_period": 100
  },
  "etv": {
    "horizon_days": 1,
    "risk_budget_usd": 100,
    "expected_move_usd": 53.16687728344479,
    "qty": 1.8808702919841824,
    "notional_usd": 179320.29276747996,
    "leverage": 1
  }
}