{
  "t": "2025-11-28T21:25:33.595Z",
  "spot": 91079,
  "sigma_d": 0.0017776175339332249,
  "ERI": 0.17776175339332248,
  "percentiles": {
    "p10": 0.05343918699013833,
    "p50": 0.13721637693971372,
    "p90": 0.18871080301347765
  },
  "ema": {
    "fast": 0.03193557305031961,
    "slow": 0.02911493994573401,
    "fast_period": 20,
    "slow_period": 100
  },
  "etv": {
    "horizon_days": 1,
    "risk_budget_usd": 100,
    "expected_move_usd": 161.9036273731042,
    "qty": 0.6176513869547324,
    "notional_usd": 56255.07067245008,
    "leverage": 1
  }
}