{
  "t": "2026-03-02T21:47:19.450Z",
  "spot": 69457,
  "sigma_d": 0.001073921198084651,
  "ERI": 0.1073921198084651,
  "percentiles": {
    "p10": 0.05381082110670648,
    "p50": 0.12851879151989454,
    "p90": 0.20426277773914303
  },
  "ema": {
    "fast": 0.018718198131236253,
    "slow": 0.02067342621206844,
    "fast_period": 20,
    "slow_period": 100
  },
  "etv": {
    "horizon_days": 1,
    "risk_budget_usd": 100,
    "expected_move_usd": 74.5913446553656,
    "qty": 1.3406381191012176,
    "notional_usd": 93116.70183841327,
    "leverage": 1
  }
}