{
  "t": "2025-11-29T14:27:18.886Z",
  "spot": 90676,
  "sigma_d": 0.0012340857178638094,
  "ERI": 0.12340857178638094,
  "percentiles": {
    "p10": 0.05358115279063518,
    "p50": 0.1382805894888402,
    "p90": 0.18871080301347765
  },
  "ema": {
    "fast": 0.02441218052847722,
    "slow": 0.027518321421285487,
    "fast_period": 20,
    "slow_period": 100
  },
  "etv": {
    "horizon_days": 1,
    "risk_budget_usd": 100,
    "expected_move_usd": 111.90195655301878,
    "qty": 0.8936394240132909,
    "notional_usd": 81031.64841182917,
    "leverage": 1
  }
}