{
  "t": "2025-09-06T04:30:08.531Z",
  "spot": 110816,
  "sigma_d": 0.0013273591637570266,
  "ERI": 0.13273591637570265,
  "percentiles": {
    "p10": 0.05331805834494356,
    "p50": 0.13002701042920717,
    "p90": 0.17528638673073535
  },
  "ema": {
    "fast": 0.024923698977286603,
    "slow": 0.023695850706976652,
    "fast_period": 20,
    "slow_period": 100
  },
  "etv": {
    "horizon_days": 1,
    "risk_budget_usd": 100,
    "expected_move_usd": 147.09263309089866,
    "qty": 0.6798437005217189,
    "notional_usd": 75337.5595170148,
    "leverage": 1
  }
}