{
  "t": "2026-02-20T06:03:34.042Z",
  "spot": 67732,
  "sigma_d": 0.0020678858772897333,
  "ERI": 0.20678858772897332,
  "percentiles": {
    "p10": 0.05497562937063896,
    "p50": 0.15036626699376945,
    "p90": 0.20815179264290778
  },
  "ema": {
    "fast": 0.026338157201039367,
    "slow": 0.02572296879248634,
    "fast_period": 20,
    "slow_period": 100
  },
  "etv": {
    "horizon_days": 1,
    "risk_budget_usd": 100,
    "expected_move_usd": 140.06204624058822,
    "qty": 0.7139692920680839,
    "notional_usd": 48358.56809035546,
    "leverage": 1
  }
}