{
  "t": "2025-10-27T10:33:58.725Z",
  "spot": 115428,
  "sigma_d": 0.0005496528158953587,
  "ERI": 0.054965281589535876,
  "percentiles": {
    "p10": 0.05341609331223806,
    "p50": 0.08768487187207169,
    "p90": 0.1653919243145472
  },
  "ema": {
    "fast": 0.01677234788140479,
    "slow": 0.022205049199865698,
    "fast_period": 20,
    "slow_period": 100
  },
  "etv": {
    "horizon_days": 1,
    "risk_budget_usd": 100,
    "expected_move_usd": 63.44532523316947,
    "qty": 1.5761602550304148,
    "notional_usd": 181933.02591765072,
    "leverage": 1
  }
}