{
  "t": "2026-06-13T09:31:11.303Z",
  "spot": 63783,
  "sigma_d": 0.0017160277589487228,
  "ERI": 0.17160277589487227,
  "percentiles": {
    "p10": 0.05360065305018156,
    "p50": 0.14008205459216813,
    "p90": 0.19825940003545983
  },
  "ema": {
    "fast": 0.025958020815546587,
    "slow": 0.026756711455815704,
    "fast_period": 20,
    "slow_period": 100
  },
  "etv": {
    "horizon_days": 1,
    "risk_budget_usd": 100,
    "expected_move_usd": 109.45339854902639,
    "qty": 0.9136308358228638,
    "notional_usd": 58274.11560128972,
    "leverage": 1
  }
}