{
  "t": "2026-06-28T22:11:43.219Z",
  "spot": 59619,
  "sigma_d": 0.0015720576642497494,
  "ERI": 0.15720576642497494,
  "percentiles": {
    "p10": 0.05392230850878508,
    "p50": 0.1435891506791817,
    "p90": 0.19868732007533244
  },
  "ema": {
    "fast": 0.02165976345040405,
    "slow": 0.02118543722747074,
    "fast_period": 20,
    "slow_period": 100
  },
  "etv": {
    "horizon_days": 1,
    "risk_budget_usd": 100,
    "expected_move_usd": 93.72450588490581,
    "qty": 1.066956811944152,
    "notional_usd": 63610.898171298395,
    "leverage": 1
  }
}