{
  "t": "2025-09-15T16:34:00.852Z",
  "spot": 114752,
  "sigma_d": 0.0011178119731372644,
  "ERI": 0.11178119731372643,
  "percentiles": {
    "p10": 0.05298946810701005,
    "p50": 0.07935923234163295,
    "p90": 0.17769865078352132
  },
  "ema": {
    "fast": 0.015703097134872,
    "slow": 0.015772619311296497,
    "fast_period": 20,
    "slow_period": 100
  },
  "etv": {
    "horizon_days": 1,
    "risk_budget_usd": 100,
    "expected_move_usd": 128.27115954144736,
    "qty": 0.7795984721545118,
    "notional_usd": 89460.48387667454,
    "leverage": 1
  }
}