{
  "t": "2025-10-25T15:24:52.487Z",
  "spot": 111454,
  "sigma_d": 0.0016050528368234767,
  "ERI": 0.16050528368234768,
  "percentiles": {
    "p10": 0.05342083320674494,
    "p50": 0.07970961924960882,
    "p90": 0.15946899117284624
  },
  "ema": {
    "fast": 0.02891511504328082,
    "slow": 0.022004633983538496,
    "fast_period": 20,
    "slow_period": 100
  },
  "etv": {
    "horizon_days": 1,
    "risk_budget_usd": 100,
    "expected_move_usd": 178.88955887532376,
    "qty": 0.5590041175611291,
    "notional_usd": 62303.244918658085,
    "leverage": 1
  }
}