{
  "t": "2025-12-23T08:41:03.591Z",
  "spot": 87602,
  "sigma_d": 0.0016269041299598972,
  "ERI": 0.1626904129959897,
  "percentiles": {
    "p10": 0.053479676731447205,
    "p50": 0.056819839090325855,
    "p90": 0.16236332812388446
  },
  "ema": {
    "fast": 0.02183800361487309,
    "slow": 0.018071942027631318,
    "fast_period": 20,
    "slow_period": 100
  },
  "etv": {
    "horizon_days": 1,
    "risk_budget_usd": 100,
    "expected_move_usd": 142.52005559274693,
    "qty": 0.7016556342480768,
    "notional_usd": 61466.43687140002,
    "leverage": 1
  }
}