{
  "t": "2025-09-30T19:21:08.264Z",
  "spot": 113817,
  "sigma_d": 0.0017545844110076418,
  "ERI": 0.17545844110076417,
  "percentiles": {
    "p10": 0.053226844763579396,
    "p50": 0.09645868466415272,
    "p90": 0.1632575585785727
  },
  "ema": {
    "fast": 0.023474982461198633,
    "slow": 0.021929501367696138,
    "fast_period": 20,
    "slow_period": 100
  },
  "etv": {
    "horizon_days": 1,
    "risk_budget_usd": 100,
    "expected_move_usd": 199.70153390765677,
    "qty": 0.5007472804201926,
    "notional_usd": 56993.55321558506,
    "leverage": 1
  }
}