{
  "t": "2026-01-06T16:42:43.199Z",
  "spot": 92669,
  "sigma_d": 0.0012072984694398564,
  "ERI": 0.12072984694398564,
  "percentiles": {
    "p10": 0.05347389298798627,
    "p50": 0.15952433262701765,
    "p90": 0.19303902785369595
  },
  "ema": {
    "fast": 0.0286695407294608,
    "slow": 0.027058654077650884,
    "fast_period": 20,
    "slow_period": 100
  },
  "etv": {
    "horizon_days": 1,
    "risk_budget_usd": 100,
    "expected_move_usd": 111.87914186452205,
    "qty": 0.8938216573120763,
    "notional_usd": 82829.5591614528,
    "leverage": 1
  }
}