{
  "t": "2026-05-03T04:05:27.386Z",
  "spot": 78178,
  "sigma_d": 0.0005460757420197802,
  "ERI": 0.05460757420197802,
  "percentiles": {
    "p10": 0.05384901722666843,
    "p50": 0.06439628613808543,
    "p90": 0.15612294517444164
  },
  "ema": {
    "fast": 0.016626928768517565,
    "slow": 0.01644316058570848,
    "fast_period": 20,
    "slow_period": 100
  },
  "etv": {
    "horizon_days": 1,
    "risk_budget_usd": 100,
    "expected_move_usd": 42.691109359622374,
    "qty": 2.3424080915212966,
    "notional_usd": 183124.77977895192,
    "leverage": 1
  }
}