{
  "t": "2026-02-14T11:32:45.198Z",
  "spot": 70133,
  "sigma_d": 0.0005513277886096034,
  "ERI": 0.05513277886096034,
  "percentiles": {
    "p10": 0.05432123281875498,
    "p50": 0.14068218766635587,
    "p90": 0.21384409615990388
  },
  "ema": {
    "fast": 0.029074795636046844,
    "slow": 0.03070156606405735,
    "fast_period": 20,
    "slow_period": 100
  },
  "etv": {
    "horizon_days": 1,
    "risk_budget_usd": 100,
    "expected_move_usd": 38.66627179855732,
    "qty": 2.586233307441115,
    "notional_usd": 181380.30055076772,
    "leverage": 1
  }
}