{
  "t": "2026-01-18T23:28:47.026Z",
  "spot": 94753,
  "sigma_d": 0.0007595361112718975,
  "ERI": 0.07595361112718975,
  "percentiles": {
    "p10": 0.053224260542978366,
    "p50": 0.06739932992250483,
    "p90": 0.16782746013347127
  },
  "ema": {
    "fast": 0.010744817414700066,
    "slow": 0.013196818723135344,
    "fast_period": 20,
    "slow_period": 100
  },
  "etv": {
    "horizon_days": 1,
    "risk_budget_usd": 100,
    "expected_move_usd": 71.96832515134611,
    "qty": 1.3895001695496534,
    "notional_usd": 131659.3095653383,
    "leverage": 1
  }
}