{
  "t": "2026-04-13T17:16:06.524Z",
  "spot": 72352,
  "sigma_d": 0.0007239607584408132,
  "ERI": 0.07239607584408132,
  "percentiles": {
    "p10": 0.05421656349717345,
    "p50": 0.15536956657077966,
    "p90": 0.2000791444040298
  },
  "ema": {
    "fast": 0.025913203690895323,
    "slow": 0.02428015765357039,
    "fast_period": 20,
    "slow_period": 100
  },
  "etv": {
    "horizon_days": 1,
    "risk_budget_usd": 100,
    "expected_move_usd": 52.38000879470972,
    "qty": 1.9091252999197628,
    "notional_usd": 138129.03369979467,
    "leverage": 1
  }
}