{
  "t": "2026-01-27T05:38:34.421Z",
  "spot": 88418,
  "sigma_d": 0.0005700384928251835,
  "ERI": 0.057003849282518344,
  "percentiles": {
    "p10": 0.05320074318355092,
    "p50": 0.11539308497534154,
    "p90": 0.1763085546955339
  },
  "ema": {
    "fast": 0.020498092653326364,
    "slow": 0.023664313217291157,
    "fast_period": 20,
    "slow_period": 100
  },
  "etv": {
    "horizon_days": 1,
    "risk_budget_usd": 100,
    "expected_move_usd": 50.40166345861707,
    "qty": 1.9840614999166897,
    "notional_usd": 175426.74969963386,
    "leverage": 1
  }
}