{
  "t": "2025-12-12T04:42:04.250Z",
  "spot": 92253,
  "sigma_d": 0.0005575840297211021,
  "ERI": 0.0557584029721102,
  "percentiles": {
    "p10": 0.053526531170064326,
    "p50": 0.16363264417162526,
    "p90": 0.2363877997195679
  },
  "ema": {
    "fast": 0.013878168283862177,
    "slow": 0.021873017187957193,
    "fast_period": 20,
    "slow_period": 100
  },
  "etv": {
    "horizon_days": 1,
    "risk_budget_usd": 100,
    "expected_move_usd": 51.43879949386083,
    "qty": 1.944057812078894,
    "notional_usd": 179345.16533771422,
    "leverage": 1
  }
}