{
  "t": "2026-03-12T16:11:48.242Z",
  "spot": 69975,
  "sigma_d": 0.0005390749132125278,
  "ERI": 0.053907491321252776,
  "percentiles": {
    "p10": 0.05421709074340832,
    "p50": 0.11914563596688335,
    "p90": 0.20031514986304544
  },
  "ema": {
    "fast": 0.018621895585122297,
    "slow": 0.022604728390650367,
    "fast_period": 20,
    "slow_period": 100
  },
  "etv": {
    "horizon_days": 1,
    "risk_budget_usd": 100,
    "expected_move_usd": 37.72176705204663,
    "qty": 2.6509892779419624,
    "notional_usd": 185502.97472398882,
    "leverage": 1
  }
}