{
  "t": "2026-02-28T08:41:10.654Z",
  "spot": 63652,
  "sigma_d": 0.0026703661065013242,
  "ERI": 0.2670366106501324,
  "percentiles": {
    "p10": 0.053943606700607674,
    "p50": 0.1355413182937448,
    "p90": 0.2049084395448796
  },
  "ema": {
    "fast": 0.02842738928142227,
    "slow": 0.023691648237600057,
    "fast_period": 20,
    "slow_period": 100
  },
  "etv": {
    "horizon_days": 1,
    "risk_budget_usd": 100,
    "expected_move_usd": 169.97414341102228,
    "qty": 0.5883247768937738,
    "notional_usd": 37448.04869884249,
    "leverage": 1
  }
}