{
  "t": "2025-11-18T02:07:13.551Z",
  "spot": 91226,
  "sigma_d": 0.001250550821891512,
  "ERI": 0.12505508218915118,
  "percentiles": {
    "p10": 0.05319566311840973,
    "p50": 0.056958214388138695,
    "p90": 0.1424876968944481
  },
  "ema": {
    "fast": 0.01756536833522353,
    "slow": 0.015077717061691724,
    "fast_period": 20,
    "slow_period": 100
  },
  "etv": {
    "horizon_days": 1,
    "risk_budget_usd": 100,
    "expected_move_usd": 114.08274927787507,
    "qty": 0.876556715480504,
    "notional_usd": 79964.76292642446,
    "leverage": 1
  }
}