{
  "t": "2025-09-01T20:56:45.080Z",
  "spot": 108782.92,
  "sigma_d": 0.0009732352987909009,
  "ERI": 0.09732352987909008,
  "percentiles": {
    "p10": 0.06214057666443328,
    "p50": 0.12332846702775226,
    "p90": 0.18222743033217942
  },
  "ema": {
    "fast": 0.023360091410506018,
    "slow": 0.025820247750902206,
    "fast_period": 20,
    "slow_period": 100
  },
  "etv": {
    "horizon_days": 1,
    "risk_budget_usd": 100,
    "expected_move_usd": 105.87137764954667,
    "qty": 0.94454235148444,
    "notional_usd": 102750.07505814372,
    "leverage": 1
  }
}