{
  "t": "2025-12-21T04:47:08.898Z",
  "spot": 88047,
  "sigma_d": 0.0005344426835250717,
  "ERI": 0.05344426835250717,
  "percentiles": {
    "p10": 0.053423938604823196,
    "p50": 0.05679020287003144,
    "p90": 0.16013787741793276
  },
  "ema": {
    "fast": 0.01098111497480752,
    "slow": 0.014372436286393214,
    "fast_period": 20,
    "slow_period": 100
  },
  "etv": {
    "horizon_days": 1,
    "risk_budget_usd": 100,
    "expected_move_usd": 47.05607495633199,
    "qty": 2.1251241225027786,
    "notional_usd": 187110.80361400216,
    "leverage": 1
  }
}