{
  "t": "2026-01-21T04:12:00.272Z",
  "spot": 89363,
  "sigma_d": 0.0016105220488408646,
  "ERI": 0.16105220488408645,
  "percentiles": {
    "p10": 0.053227999137500835,
    "p50": 0.0673211794629224,
    "p90": 0.1538078957004861
  },
  "ema": {
    "fast": 0.025254589912334126,
    "slow": 0.019197958578490004,
    "fast_period": 20,
    "slow_period": 100
  },
  "etv": {
    "horizon_days": 1,
    "risk_budget_usd": 100,
    "expected_move_usd": 143.9210818505662,
    "qty": 0.6948252383471546,
    "notional_usd": 62091.667774416776,
    "leverage": 1
  }
}