{
  "t": "2026-01-05T02:36:16.061Z",
  "spot": 92880,
  "sigma_d": 0.0015375046920863423,
  "ERI": 0.15375046920863422,
  "percentiles": {
    "p10": 0.05354676100809286,
    "p50": 0.15825831750676592,
    "p90": 0.18792297298868865
  },
  "ema": {
    "fast": 0.03181089421067339,
    "slow": 0.026942156191004412,
    "fast_period": 20,
    "slow_period": 100
  },
  "etv": {
    "horizon_days": 1,
    "risk_budget_usd": 100,
    "expected_move_usd": 142.80343580097949,
    "qty": 0.700263263548972,
    "notional_usd": 65040.45191842852,
    "leverage": 1
  }
}