{
  "t": "2026-02-11T11:07:28.310Z",
  "spot": 66636,
  "sigma_d": 0.0012460672814060864,
  "ERI": 0.12460672814060864,
  "percentiles": {
    "p10": 0.053530752435871055,
    "p50": 0.11945093587666714,
    "p90": 0.21384409615990388
  },
  "ema": {
    "fast": 0.04562401351069983,
    "slow": 0.03817750620905673,
    "fast_period": 20,
    "slow_period": 100
  },
  "etv": {
    "horizon_days": 1,
    "risk_budget_usd": 100,
    "expected_move_usd": 83.03293936377597,
    "qty": 1.2043413224466204,
    "notional_usd": 80252.48836255299,
    "leverage": 1
  }
}