{
  "t": "2025-11-23T20:30:34.897Z",
  "spot": 87613,
  "sigma_d": 0.001810241757852736,
  "ERI": 0.1810241757852736,
  "percentiles": {
    "p10": 0.05317885440960478,
    "p50": 0.0668997215050901,
    "p90": 0.15387473844989635
  },
  "ema": {
    "fast": 0.01914306591023863,
    "slow": 0.01808809834872184,
    "fast_period": 20,
    "slow_period": 100
  },
  "etv": {
    "horizon_days": 1,
    "risk_budget_usd": 100,
    "expected_move_usd": 158.60071113075176,
    "qty": 0.6305141968598057,
    "notional_usd": 55241.240329478154,
    "leverage": 1
  }
}