{
  "t": "2025-10-06T23:23:50.484Z",
  "spot": 124825,
  "sigma_d": 0.0007985498003211554,
  "ERI": 0.07985498003211554,
  "percentiles": {
    "p10": 0.053037795264180385,
    "p50": 0.07079325271672858,
    "p90": 0.16484149377270527
  },
  "ema": {
    "fast": 0.014136482955773761,
    "slow": 0.01640267372126934,
    "fast_period": 20,
    "slow_period": 100
  },
  "etv": {
    "horizon_days": 1,
    "risk_budget_usd": 100,
    "expected_move_usd": 99.67897882508822,
    "qty": 1.0032205503978435,
    "notional_usd": 125227.00520341082,
    "leverage": 1
  }
}