{
  "t": "2026-05-03T20:57:56.852Z",
  "spot": 78869,
  "sigma_d": 0.001726416075081472,
  "ERI": 0.1726416075081472,
  "percentiles": {
    "p10": 0.053866954478401306,
    "p50": 0.06485050436379686,
    "p90": 0.15574936288237334
  },
  "ema": {
    "fast": 0.02346816654626075,
    "slow": 0.018213630595676877,
    "fast_period": 20,
    "slow_period": 100
  },
  "etv": {
    "horizon_days": 1,
    "risk_budget_usd": 100,
    "expected_move_usd": 136.16070942560063,
    "qty": 0.7344262557227704,
    "notional_usd": 57923.46436259918,
    "leverage": 1
  }
}