{
  "t": "2026-06-12T20:22:16.116Z",
  "spot": 63511,
  "sigma_d": 0.0013470507893530669,
  "ERI": 0.1347050789353067,
  "percentiles": {
    "p10": 0.053588654576177557,
    "p50": 0.14008205459216813,
    "p90": 0.19825940003545983
  },
  "ema": {
    "fast": 0.024898206856548283,
    "slow": 0.026663534321369423,
    "fast_period": 20,
    "slow_period": 100
  },
  "etv": {
    "horizon_days": 1,
    "risk_budget_usd": 100,
    "expected_move_usd": 85.55254268260263,
    "qty": 1.1688723311356974,
    "notional_usd": 74236.25062275928,
    "leverage": 1
  }
}