{
  "t": "2026-04-13T23:55:01.604Z",
  "spot": 74554,
  "sigma_d": 0.001584381112027338,
  "ERI": 0.15843811120273382,
  "percentiles": {
    "p10": 0.054169814553664764,
    "p50": 0.15575503972949067,
    "p90": 0.2000791444040298
  },
  "ema": {
    "fast": 0.024658097100824658,
    "slow": 0.024049973571620403,
    "fast_period": 20,
    "slow_period": 100
  },
  "etv": {
    "horizon_days": 1,
    "risk_budget_usd": 100,
    "expected_move_usd": 118.12194942608616,
    "qty": 0.8465827095291395,
    "notional_usd": 63116.127326235466,
    "leverage": 1
  }
}