{
  "t": "2025-11-19T02:06:40.311Z",
  "spot": 92328,
  "sigma_d": 0.0005479271929506953,
  "ERI": 0.05479271929506953,
  "percentiles": {
    "p10": 0.05320919855820688,
    "p50": 0.05893840422589148,
    "p90": 0.14794853298309787
  },
  "ema": {
    "fast": 0.023867380644287166,
    "slow": 0.018172752076972915,
    "fast_period": 20,
    "slow_period": 100
  },
  "etv": {
    "horizon_days": 1,
    "risk_budget_usd": 100,
    "expected_move_usd": 50.58902187075179,
    "qty": 1.976713450904164,
    "notional_usd": 182505.99949507965,
    "leverage": 1
  }
}