{
  "t": "2025-10-22T15:29:40.844Z",
  "spot": 108000,
  "sigma_d": 0.0005325628829813276,
  "ERI": 0.05325628829813276,
  "percentiles": {
    "p10": 0.05346392935853732,
    "p50": 0.06620958635712752,
    "p90": 0.15248367632035692
  },
  "ema": {
    "fast": 0.013874236731443355,
    "slow": 0.016529685702542624,
    "fast_period": 20,
    "slow_period": 100
  },
  "etv": {
    "horizon_days": 1,
    "risk_budget_usd": 100,
    "expected_move_usd": 57.51679136198338,
    "qty": 1.7386227157674266,
    "notional_usd": 187771.25330288208,
    "leverage": 1
  }
}