{
  "t": "2026-01-05T18:47:24.238Z",
  "spot": 93978,
  "sigma_d": 0.0005314034131270054,
  "ERI": 0.05314034131270054,
  "percentiles": {
    "p10": 0.0534720724614225,
    "p50": 0.15825831750676592,
    "p90": 0.18943875680390448
  },
  "ema": {
    "fast": 0.026125541115632575,
    "slow": 0.025946962074710443,
    "fast_period": 20,
    "slow_period": 100
  },
  "etv": {
    "horizon_days": 1,
    "risk_budget_usd": 100,
    "expected_move_usd": 49.94022995884971,
    "qty": 2.002393663032771,
    "notional_usd": 188180.95166449374,
    "leverage": 1
  }
}