{
  "t": "2026-02-28T06:54:33.324Z",
  "spot": 63654,
  "sigma_d": 0.002673715756466119,
  "ERI": 0.2673715756466119,
  "percentiles": {
    "p10": 0.053943606700607674,
    "p50": 0.1355413182937448,
    "p90": 0.2043974653983321
  },
  "ema": {
    "fast": 0.02330051261713891,
    "slow": 0.022553244990337243,
    "fast_period": 20,
    "slow_period": 100
  },
  "etv": {
    "horizon_days": 1,
    "risk_budget_usd": 100,
    "expected_move_usd": 170.19270276209434,
    "qty": 0.5875692575361827,
    "notional_usd": 37401.133519208175,
    "leverage": 1
  }
}