{
  "t": "2026-04-10T06:05:31.788Z",
  "spot": 72128,
  "sigma_d": 0.0005436508151873641,
  "ERI": 0.05436508151873641,
  "percentiles": {
    "p10": 0.05436556547792105,
    "p50": 0.12826401826142741,
    "p90": 0.19987809811828794
  },
  "ema": {
    "fast": 0.01995860502350883,
    "slow": 0.02364655259852931,
    "fast_period": 20,
    "slow_period": 100
  },
  "etv": {
    "horizon_days": 1,
    "risk_budget_usd": 100,
    "expected_move_usd": 39.2124459978342,
    "qty": 2.5502107164017067,
    "notional_usd": 183941.5985526223,
    "leverage": 1
  }
}