{
  "t": "2025-12-22T18:43:51.224Z",
  "spot": 89393,
  "sigma_d": 0.0016251011867743563,
  "ERI": 0.16251011867743562,
  "percentiles": {
    "p10": 0.05344267242767624,
    "p50": 0.05642965504930475,
    "p90": 0.16060744140664707
  },
  "ema": {
    "fast": 0.024990563295430274,
    "slow": 0.017931079371299993,
    "fast_period": 20,
    "slow_period": 100
  },
  "etv": {
    "horizon_days": 1,
    "risk_budget_usd": 100,
    "expected_move_usd": 145.27267038932004,
    "qty": 0.6883607200997088,
    "notional_usd": 61534.62985187327,
    "leverage": 1
  }
}