{
  "t": "2025-10-31T16:35:35.335Z",
  "spot": 110053,
  "sigma_d": 0.0005334382820519424,
  "ERI": 0.05334382820519423,
  "percentiles": {
    "p10": 0.05329353610866417,
    "p50": 0.0898019778871122,
    "p90": 0.1714349137409144
  },
  "ema": {
    "fast": 0.02606800980746825,
    "slow": 0.02213733242136372,
    "fast_period": 20,
    "slow_period": 100
  },
  "etv": {
    "horizon_days": 1,
    "risk_budget_usd": 100,
    "expected_move_usd": 58.706483254662416,
    "qty": 1.7033893780727887,
    "notional_usd": 187463.11122504462,
    "leverage": 1
  }
}