{
  "t": "2025-10-22T21:20:50.600Z",
  "spot": 107193,
  "sigma_d": 0.001193912582312287,
  "ERI": 0.1193912582312287,
  "percentiles": {
    "p10": 0.05346227522836622,
    "p50": 0.06620958635712752,
    "p90": 0.15166512005479355
  },
  "ema": {
    "fast": 0.014930827190394637,
    "slow": 0.016405642466206932,
    "fast_period": 20,
    "slow_period": 100
  },
  "etv": {
    "horizon_days": 1,
    "risk_budget_usd": 100,
    "expected_move_usd": 127.97907143580099,
    "qty": 0.7813777587077093,
    "notional_usd": 83758.22608915549,
    "leverage": 1
  }
}