{
  "t": "2025-11-09T19:19:44.706Z",
  "spot": 104175,
  "sigma_d": 0.0005430356898171051,
  "ERI": 0.05430356898171051,
  "percentiles": {
    "p10": 0.05325364294364326,
    "p50": 0.06865441177132983,
    "p90": 0.17405962265194586
  },
  "ema": {
    "fast": 0.015294475075823431,
    "slow": 0.016825181433654218,
    "fast_period": 20,
    "slow_period": 100
  },
  "etv": {
    "horizon_days": 1,
    "risk_budget_usd": 100,
    "expected_move_usd": 56.57074298669693,
    "qty": 1.7676981902732976,
    "notional_usd": 184149.95897172077,
    "leverage": 1
  }
}