{
  "t": "2025-09-27T23:22:48.510Z",
  "spot": 109539,
  "sigma_d": 0.0015773280376006572,
  "ERI": 0.1577328037600657,
  "percentiles": {
    "p10": 0.053230818692507224,
    "p50": 0.07075696535691048,
    "p90": 0.15854476589254068
  },
  "ema": {
    "fast": 0.029001206589073434,
    "slow": 0.02497854295127627,
    "fast_period": 20,
    "slow_period": 100
  },
  "etv": {
    "horizon_days": 1,
    "risk_budget_usd": 100,
    "expected_move_usd": 172.7789359107384,
    "qty": 0.5787742555126183,
    "notional_usd": 63398.3531745967,
    "leverage": 1
  }
}