{
  "t": "2026-05-22T21:21:40.972Z",
  "spot": 75936,
  "sigma_d": 0.0005293252246742351,
  "ERI": 0.05293252246742351,
  "percentiles": {
    "p10": 0.05372729504333167,
    "p50": 0.08401586986096575,
    "p90": 0.17040385624602597
  },
  "ema": {
    "fast": 0.026125906493220014,
    "slow": 0.02229164642172785,
    "fast_period": 20,
    "slow_period": 100
  },
  "etv": {
    "horizon_days": 1,
    "risk_budget_usd": 100,
    "expected_move_usd": 40.19484026086272,
    "qty": 2.4878815129256506,
    "notional_usd": 188919.7705655222,
    "leverage": 1
  }
}