{
  "t": "2025-10-05T07:21:55.650Z",
  "spot": 125016,
  "sigma_d": 0.0005296019758644761,
  "ERI": 0.05296019758644761,
  "percentiles": {
    "p10": 0.053044902435149865,
    "p50": 0.12334555883091006,
    "p90": 0.16656770331533927
  },
  "ema": {
    "fast": 0.013542232399925323,
    "slow": 0.015747598149338352,
    "fast_period": 20,
    "slow_period": 100
  },
  "etv": {
    "horizon_days": 1,
    "risk_budget_usd": 100,
    "expected_move_usd": 66.20872061467335,
    "qty": 1.5103750543978602,
    "notional_usd": 188821.0478006029,
    "leverage": 1
  }
}