{
  "t": "2026-02-17T13:36:08.545Z",
  "spot": 67958,
  "sigma_d": 0.000535919409160819,
  "ERI": 0.053591940916081895,
  "percentiles": {
    "p10": 0.05440395053946934,
    "p50": 0.1452998477621661,
    "p90": 0.214143311615601
  },
  "ema": {
    "fast": 0.021767872207926458,
    "slow": 0.025897675279442343,
    "fast_period": 20,
    "slow_period": 100
  },
  "etv": {
    "horizon_days": 1,
    "risk_budget_usd": 100,
    "expected_move_usd": 36.42001120775094,
    "qty": 2.7457432516857083,
    "notional_usd": 186595.21989805737,
    "leverage": 1
  }
}