{
  "t": "2026-03-12T08:57:37.484Z",
  "spot": 69866,
  "sigma_d": 0.0017667014340571484,
  "ERI": 0.17667014340571482,
  "percentiles": {
    "p10": 0.05428179533373023,
    "p50": 0.12734720108041842,
    "p90": 0.20031514986304544
  },
  "ema": {
    "fast": 0.02007074755823003,
    "slow": 0.02335244543679013,
    "fast_period": 20,
    "slow_period": 100
  },
  "etv": {
    "horizon_days": 1,
    "risk_budget_usd": 100,
    "expected_move_usd": 123.43236239183673,
    "qty": 0.8101603020652675,
    "notional_usd": 56602.659664091974,
    "leverage": 1
  }
}