{
  "t": "2026-02-15T17:36:43.395Z",
  "spot": 68951,
  "sigma_d": 0.0015061092755605146,
  "ERI": 0.15061092755605146,
  "percentiles": {
    "p10": 0.05440395053946934,
    "p50": 0.14724866946707083,
    "p90": 0.214143311615601
  },
  "ema": {
    "fast": 0.025855080066072445,
    "slow": 0.029204575671932916,
    "fast_period": 20,
    "slow_period": 100
  },
  "etv": {
    "horizon_days": 1,
    "risk_budget_usd": 100,
    "expected_move_usd": 103.84774065917304,
    "qty": 0.9629482487076798,
    "notional_usd": 66396.24469664323,
    "leverage": 1
  }
}