{
  "t": "2026-01-13T04:07:18.489Z",
  "spot": 91314,
  "sigma_d": 0.0005655831378514552,
  "ERI": 0.056558313785145524,
  "percentiles": {
    "p10": 0.05340456198130164,
    "p50": 0.1376151641200012,
    "p90": 0.1987794020330305
  },
  "ema": {
    "fast": 0.01581422086269419,
    "slow": 0.020051131828927083,
    "fast_period": 20,
    "slow_period": 100
  },
  "etv": {
    "horizon_days": 1,
    "risk_budget_usd": 100,
    "expected_move_usd": 51.64565864976778,
    "qty": 1.936271171951636,
    "notional_usd": 176808.6657955917,
    "leverage": 1
  }
}