{
  "t": "2026-02-04T09:58:15.297Z",
  "spot": 76036,
  "sigma_d": 0.0005310173493592924,
  "ERI": 0.05310173493592924,
  "percentiles": {
    "p10": 0.05327384157732902,
    "p50": 0.12173046328620077,
    "p90": 0.17841761825716404
  },
  "ema": {
    "fast": 0.017161685782247395,
    "slow": 0.020628990879798397,
    "fast_period": 20,
    "slow_period": 100
  },
  "etv": {
    "horizon_days": 1,
    "risk_budget_usd": 100,
    "expected_move_usd": 40.37643517588316,
    "qty": 2.476692148883168,
    "notional_usd": 188317.76423248055,
    "leverage": 1
  }
}