{
  "t": "2026-01-29T21:38:09.774Z",
  "spot": 84212,
  "sigma_d": 0.0005311476995063769,
  "ERI": 0.05311476995063769,
  "percentiles": {
    "p10": 0.05320074318355092,
    "p50": 0.12321127572530995,
    "p90": 0.17810142383398367
  },
  "ema": {
    "fast": 0.015905905515782526,
    "slow": 0.018123885051309234,
    "fast_period": 20,
    "slow_period": 100
  },
  "etv": {
    "horizon_days": 1,
    "risk_budget_usd": 100,
    "expected_move_usd": 44.72901007083101,
    "qty": 2.23568551688589,
    "notional_usd": 188271.54874799456,
    "leverage": 1
  }
}