{
  "t": "2025-10-28T05:29:34.000Z",
  "spot": 113940,
  "sigma_d": 0.0005309561167809504,
  "ERI": 0.053095611678095046,
  "percentiles": {
    "p10": 0.05335280878794368,
    "p50": 0.07996762469613919,
    "p90": 0.16627302273485584
  },
  "ema": {
    "fast": 0.013993841726561247,
    "slow": 0.019443362354923326,
    "fast_period": 20,
    "slow_period": 100
  },
  "etv": {
    "horizon_days": 1,
    "risk_budget_usd": 100,
    "expected_move_usd": 60.49713994602149,
    "qty": 1.6529707038915376,
    "notional_usd": 188339.48200140178,
    "leverage": 1
  }
}