{
  "t": "2026-03-23T09:10:09.059Z",
  "spot": 68230,
  "sigma_d": 0.0005790364235924135,
  "ERI": 0.05790364235924135,
  "percentiles": {
    "p10": 0.05449094573647753,
    "p50": 0.08529499920613051,
    "p90": 0.1850896500858276
  },
  "ema": {
    "fast": 0.021444698222534933,
    "slow": 0.020469057622679972,
    "fast_period": 20,
    "slow_period": 100
  },
  "etv": {
    "horizon_days": 1,
    "risk_budget_usd": 100,
    "expected_move_usd": 39.507655181710376,
    "qty": 2.531155026540119,
    "notional_usd": 172700.70746083232,
    "leverage": 1
  }
}