{
  "t": "2025-09-17T10:29:02.694Z",
  "spot": 116439,
  "sigma_d": 0.0005404897674619924,
  "ERI": 0.05404897674619924,
  "percentiles": {
    "p10": 0.05298946810701005,
    "p50": 0.06051490449489915,
    "p90": 0.1721120054796441
  },
  "ema": {
    "fast": 0.014246258512874308,
    "slow": 0.015075627126967257,
    "fast_period": 20,
    "slow_period": 100
  },
  "etv": {
    "horizon_days": 1,
    "risk_budget_usd": 100,
    "expected_move_usd": 62.93408803350693,
    "qty": 1.588963995899308,
    "notional_usd": 185017.37871851953,
    "leverage": 1
  }
}