{
  "t": "2025-11-27T13:39:29.142Z",
  "spot": 90713,
  "sigma_d": 0.0013248175165351702,
  "ERI": 0.13248175165351703,
  "percentiles": {
    "p10": 0.053251055307540374,
    "p50": 0.1165865955980703,
    "p90": 0.1771849206663354
  },
  "ema": {
    "fast": 0.03021043899359044,
    "slow": 0.025661681142323787,
    "fast_period": 20,
    "slow_period": 100
  },
  "etv": {
    "horizon_days": 1,
    "risk_budget_usd": 100,
    "expected_move_usd": 120.17817137745489,
    "qty": 0.8320978664746079,
    "notional_usd": 75482.0937615111,
    "leverage": 1
  }
}