{
  "t": "2025-11-06T19:23:11.182Z",
  "spot": 101739,
  "sigma_d": 0.0011977555679112378,
  "ERI": 0.11977555679112378,
  "percentiles": {
    "p10": 0.053203071539855706,
    "p50": 0.06406065490887157,
    "p90": 0.17421358582124233
  },
  "ema": {
    "fast": 0.022188573354174335,
    "slow": 0.02083903743597095,
    "fast_period": 20,
    "slow_period": 100
  },
  "etv": {
    "horizon_days": 1,
    "risk_budget_usd": 100,
    "expected_move_usd": 121.85845372372142,
    "qty": 0.8206242320021628,
    "notional_usd": 83489.48873966804,
    "leverage": 1
  }
}