{
  "t": "2026-05-17T00:02:44.896Z",
  "spot": 78154,
  "sigma_d": 0.0005358013010157278,
  "ERI": 0.05358013010157278,
  "percentiles": {
    "p10": 0.05372410378425222,
    "p50": 0.06936848161653471,
    "p90": 0.16858564388101388
  },
  "ema": {
    "fast": 0.014400735942867695,
    "slow": 0.019345169342612236,
    "fast_period": 20,
    "slow_period": 100
  },
  "etv": {
    "horizon_days": 1,
    "risk_budget_usd": 100,
    "expected_move_usd": 41.87501487958319,
    "qty": 2.3880588529356332,
    "notional_usd": 186636.35159233148,
    "leverage": 1
  }
}