{
  "t": "2026-01-21T23:35:27.516Z",
  "spot": 89845,
  "sigma_d": 0.0018928635570900217,
  "ERI": 0.18928635570900218,
  "percentiles": {
    "p10": 0.0532104042688585,
    "p50": 0.07011962359521218,
    "p90": 0.154751265812122
  },
  "ema": {
    "fast": 0.025321803056921565,
    "slow": 0.02124649854015255,
    "fast_period": 20,
    "slow_period": 100
  },
  "etv": {
    "horizon_days": 1,
    "risk_budget_usd": 100,
    "expected_move_usd": 170.06432628675302,
    "qty": 0.588012796001588,
    "notional_usd": 52830.00965676267,
    "leverage": 1
  }
}