{
  "t": "2025-11-04T04:32:37.561Z",
  "spot": 106911,
  "sigma_d": 0.0011830278834576498,
  "ERI": 0.11830278834576498,
  "percentiles": {
    "p10": 0.0532309346792926,
    "p50": 0.08789356153450428,
    "p90": 0.17419728214191088
  },
  "ema": {
    "fast": 0.020515529317739995,
    "slow": 0.01938315458123049,
    "fast_period": 20,
    "slow_period": 100
  },
  "etv": {
    "horizon_days": 1,
    "risk_budget_usd": 100,
    "expected_move_usd": 126.4786940483408,
    "qty": 0.7906469998953302,
    "notional_usd": 84528.86140580964,
    "leverage": 1
  }
}