{
  "t": "2026-02-13T17:01:30.362Z",
  "spot": 68922,
  "sigma_d": 0.0018813081591253211,
  "ERI": 0.1881308159125321,
  "percentiles": {
    "p10": 0.05432123281875498,
    "p50": 0.1339287278862089,
    "p90": 0.21384409615990388
  },
  "ema": {
    "fast": 0.02562771259543487,
    "slow": 0.031110559245024857,
    "fast_period": 20,
    "slow_period": 100
  },
  "etv": {
    "horizon_days": 1,
    "risk_budget_usd": 100,
    "expected_move_usd": 129.6635209432354,
    "qty": 0.7712269362466132,
    "notional_usd": 53154.50289998908,
    "leverage": 1
  }
}