{
  "t": "2025-10-20T14:29:07.290Z",
  "spot": 110977,
  "sigma_d": 0.001145097076791201,
  "ERI": 0.11450970767912011,
  "percentiles": {
    "p10": 0.053560319126119374,
    "p50": 0.06916771120433968,
    "p90": 0.1638662028850712
  },
  "ema": {
    "fast": 0.01916084099013163,
    "slow": 0.018086099229201645,
    "fast_period": 20,
    "slow_period": 100
  },
  "etv": {
    "horizon_days": 1,
    "risk_budget_usd": 100,
    "expected_move_usd": 127.07943829105713,
    "qty": 0.7869093642904246,
    "notional_usd": 87328.84052085844,
    "leverage": 1
  }
}