{
  "t": "2026-02-23T13:38:35.265Z",
  "spot": 66204,
  "sigma_d": 0.0005546462938075511,
  "ERI": 0.05546462938075511,
  "percentiles": {
    "p10": 0.05390808737665968,
    "p50": 0.14674393686951087,
    "p90": 0.20572908124037353
  },
  "ema": {
    "fast": 0.022832817697680356,
    "slow": 0.024098916696155194,
    "fast_period": 20,
    "slow_period": 100
  },
  "etv": {
    "horizon_days": 1,
    "risk_budget_usd": 100,
    "expected_move_usd": 36.71980323523511,
    "qty": 2.7233261398319066,
    "notional_usd": 180295.08376143154,
    "leverage": 1
  }
}