{
  "t": "2026-01-06T04:06:54.740Z",
  "spot": 93763,
  "sigma_d": 0.0021345533795101655,
  "ERI": 0.21345533795101654,
  "percentiles": {
    "p10": 0.0534528370192192,
    "p50": 0.15647147100279596,
    "p90": 0.18979295733987275
  },
  "ema": {
    "fast": 0.02571072887073239,
    "slow": 0.025683656776617554,
    "fast_period": 20,
    "slow_period": 100
  },
  "etv": {
    "horizon_days": 1,
    "risk_budget_usd": 100,
    "expected_move_usd": 200.14212852301165,
    "qty": 0.4996449310196196,
    "notional_usd": 46848.20766719259,
    "leverage": 1
  }
}