{
  "t": "2025-09-27T17:21:46.580Z",
  "spot": 109300,
  "sigma_d": 0.001445360501657899,
  "ERI": 0.1445360501657899,
  "percentiles": {
    "p10": 0.05322833357554802,
    "p50": 0.06612882090617465,
    "p90": 0.15812231731472098
  },
  "ema": {
    "fast": 0.028326389513421736,
    "slow": 0.024372142099170983,
    "fast_period": 20,
    "slow_period": 100
  },
  "etv": {
    "horizon_days": 1,
    "risk_budget_usd": 100,
    "expected_move_usd": 157.97790283120835,
    "qty": 0.6329999209246694,
    "notional_usd": 69186.89135706636,
    "leverage": 1
  }
}