{
  "t": "2025-10-25T22:25:00.283Z",
  "spot": 111475,
  "sigma_d": 0.0016197208796179443,
  "ERI": 0.16197208796179444,
  "percentiles": {
    "p10": 0.05342083320674494,
    "p50": 0.08389696192946029,
    "p90": 0.16181207359021388
  },
  "ema": {
    "fast": 0.029915776142687124,
    "slow": 0.023156304660583132,
    "fast_period": 20,
    "slow_period": 100
  },
  "etv": {
    "horizon_days": 1,
    "risk_budget_usd": 100,
    "expected_move_usd": 180.55838505541033,
    "qty": 0.5538374746169317,
    "notional_usd": 61739.032482922456,
    "leverage": 1
  }
}