{
  "t": "2026-06-28T09:27:54.368Z",
  "spot": 60253,
  "sigma_d": 0.0005840470548521595,
  "ERI": 0.058404705485215945,
  "percentiles": {
    "p10": 0.05392230850878508,
    "p50": 0.14305779062751967,
    "p90": 0.19868732007533244
  },
  "ema": {
    "fast": 0.0188416547556064,
    "slow": 0.020807740514954102,
    "fast_period": 20,
    "slow_period": 100
  },
  "etv": {
    "horizon_days": 1,
    "risk_budget_usd": 100,
    "expected_move_usd": 35.190587196007165,
    "qty": 2.841668979349862,
    "notional_usd": 171219.08101276724,
    "leverage": 1
  }
}