{
  "t": "2025-09-15T12:55:17.756Z",
  "spot": 114774,
  "sigma_d": 0.0012168878485850718,
  "ERI": 0.12168878485850718,
  "percentiles": {
    "p10": 0.05298946810701005,
    "p50": 0.07935923234163295,
    "p90": 0.17769865078352132
  },
  "ema": {
    "fast": 0.014131867435857953,
    "slow": 0.015531091066831352,
    "fast_period": 20,
    "slow_period": 100
  },
  "etv": {
    "horizon_days": 1,
    "risk_budget_usd": 100,
    "expected_move_usd": 139.66708593350305,
    "qty": 0.715988304127796,
    "notional_usd": 82176.84161796366,
    "leverage": 1
  }
}