{
  "t": "2026-02-11T22:43:49.337Z",
  "spot": 67585,
  "sigma_d": 0.0018262645732064291,
  "ERI": 0.18262645732064292,
  "percentiles": {
    "p10": 0.053580205191397896,
    "p50": 0.12273795619369712,
    "p90": 0.21384409615990388
  },
  "ema": {
    "fast": 0.03487975410212758,
    "slow": 0.036306761201316276,
    "fast_period": 20,
    "slow_period": 100
  },
  "etv": {
    "horizon_days": 1,
    "risk_budget_usd": 100,
    "expected_move_usd": 123.42809118015651,
    "qty": 0.810188337548211,
    "notional_usd": 54756.57879319584,
    "leverage": 1
  }
}