{
  "t": "2025-12-08T05:33:47.960Z",
  "spot": 91316,
  "sigma_d": 0.0021483357572234184,
  "ERI": 0.21483357572234185,
  "percentiles": {
    "p10": 0.056747908516380535,
    "p50": 0.1780258829591334,
    "p90": 0.22727037736812017
  },
  "ema": {
    "fast": 0.037438116921530026,
    "slow": 0.035456986467417545,
    "fast_period": 20,
    "slow_period": 100
  },
  "etv": {
    "horizon_days": 1,
    "risk_budget_usd": 100,
    "expected_move_usd": 196.17742800661367,
    "qty": 0.5097426396915996,
    "notional_usd": 46547.65888607811,
    "leverage": 1
  }
}