{
  "t": "2025-09-26T15:27:32.576Z",
  "spot": 109185,
  "sigma_d": 0.0013596815811468762,
  "ERI": 0.13596815811468763,
  "percentiles": {
    "p10": 0.05321108206596077,
    "p50": 0.061400927350275164,
    "p90": 0.15441014045868515
  },
  "ema": {
    "fast": 0.026620882977897532,
    "slow": 0.021773794620563846,
    "fast_period": 20,
    "slow_period": 100
  },
  "etv": {
    "horizon_days": 1,
    "risk_budget_usd": 100,
    "expected_move_usd": 148.45683343752168,
    "qty": 0.6735964770667507,
    "notional_usd": 73546.63134853318,
    "leverage": 1
  }
}