{
  "t": "2026-03-15T10:45:39.815Z",
  "spot": 71827,
  "sigma_d": 0.001580363876997237,
  "ERI": 0.1580363876997237,
  "percentiles": {
    "p10": 0.05446261163699834,
    "p50": 0.13376924139947194,
    "p90": 0.19734676601485696
  },
  "ema": {
    "fast": 0.02648956458498816,
    "slow": 0.024106836477079806,
    "fast_period": 20,
    "slow_period": 100
  },
  "etv": {
    "horizon_days": 1,
    "risk_budget_usd": 100,
    "expected_move_usd": 113.51279619308055,
    "qty": 0.8809579479471562,
    "notional_usd": 63276.56652720039,
    "leverage": 1
  }
}