{
  "t": "2026-04-02T20:48:54.227Z",
  "spot": 66988,
  "sigma_d": 0.0005411556101528711,
  "ERI": 0.05411556101528711,
  "percentiles": {
    "p10": 0.054487761828111145,
    "p50": 0.08221945908394312,
    "p90": 0.18120818099763514
  },
  "ema": {
    "fast": 0.02253192648131702,
    "slow": 0.027208128914835754,
    "fast_period": 20,
    "slow_period": 100
  },
  "etv": {
    "horizon_days": 1,
    "risk_budget_usd": 100,
    "expected_move_usd": 36.25093201292053,
    "qty": 2.7585497654062543,
    "notional_usd": 184789.73168503417,
    "leverage": 1
  }
}