{
  "t": "2026-02-04T10:55:18.297Z",
  "spot": 76154,
  "sigma_d": 0.0005358240568760424,
  "ERI": 0.05358240568760424,
  "percentiles": {
    "p10": 0.053293381778060284,
    "p50": 0.12173046328620077,
    "p90": 0.17841761825716404
  },
  "ema": {
    "fast": 0.016502182777546833,
    "slow": 0.02042320698580024,
    "fast_period": 20,
    "slow_period": 100
  },
  "etv": {
    "horizon_days": 1,
    "risk_budget_usd": 100,
    "expected_move_usd": 40.80514522733813,
    "qty": 2.4506713416376527,
    "notional_usd": 186628.4253510738,
    "leverage": 1
  }
}