{
  "t": "2025-11-07T14:29:23.640Z",
  "spot": 100189,
  "sigma_d": 0.0005347722774060646,
  "ERI": 0.05347722774060646,
  "percentiles": {
    "p10": 0.05319441564809244,
    "p50": 0.06075315371018493,
    "p90": 0.17421358582124233
  },
  "ema": {
    "fast": 0.01446969908469922,
    "slow": 0.018557326360855456,
    "fast_period": 20,
    "slow_period": 100
  },
  "etv": {
    "horizon_days": 1,
    "risk_budget_usd": 100,
    "expected_move_usd": 53.5782997010362,
    "qty": 1.866427276677203,
    "notional_usd": 186995.4824230123,
    "leverage": 1
  }
}