{
  "t": "2025-10-15T17:25:55.077Z",
  "spot": 110538,
  "sigma_d": 0.000567366831978483,
  "ERI": 0.056736683197848296,
  "percentiles": {
    "p10": 0.0531428192483909,
    "p50": 0.0633612231036319,
    "p90": 0.17876486664125607
  },
  "ema": {
    "fast": 0.01646757870957477,
    "slow": 0.017378711573795714,
    "fast_period": 20,
    "slow_period": 100
  },
  "etv": {
    "horizon_days": 1,
    "risk_budget_usd": 100,
    "expected_move_usd": 62.71559487323755,
    "qty": 1.5944997444754003,
    "notional_usd": 176252.8127548218,
    "leverage": 1
  }
}