{
  "t": "2025-12-06T05:29:39.988Z",
  "spot": 89606,
  "sigma_d": 0.002294268361553742,
  "ERI": 0.2294268361553742,
  "percentiles": {
    "p10": 0.05612559540681501,
    "p50": 0.1654354353082474,
    "p90": 0.20344628253079666
  },
  "ema": {
    "fast": 0.03593835517834836,
    "slow": 0.029691871041992075,
    "fast_period": 20,
    "slow_period": 100
  },
  "etv": {
    "horizon_days": 1,
    "risk_budget_usd": 100,
    "expected_move_usd": 205.5802108053846,
    "qty": 0.4864281421263178,
    "notional_usd": 43586.88010337083,
    "leverage": 1
  }
}