{
  "t": "2025-12-01T07:32:10.878Z",
  "spot": 86221,
  "sigma_d": 0.0005429971928973372,
  "ERI": 0.054299719289733726,
  "percentiles": {
    "p10": 0.05366689722950273,
    "p50": 0.14353821770823838,
    "p90": 0.19269846184236292
  },
  "ema": {
    "fast": 0.027647018279148266,
    "slow": 0.029124176718018934,
    "fast_period": 20,
    "slow_period": 100
  },
  "etv": {
    "horizon_days": 1,
    "risk_budget_usd": 100,
    "expected_move_usd": 46.817760968801316,
    "qty": 2.1359415301094504,
    "notional_usd": 184163.01466756692,
    "leverage": 1
  }
}