{
  "t": "2026-05-06T09:33:42.994Z",
  "spot": 81776,
  "sigma_d": 0.001607891166627992,
  "ERI": 0.1607891166627992,
  "percentiles": {
    "p10": 0.053867002898958585,
    "p50": 0.06774592943579333,
    "p90": 0.15954952557265467
  },
  "ema": {
    "fast": 0.0222539207668855,
    "slow": 0.019556704778280757,
    "fast_period": 20,
    "slow_period": 100
  },
  "etv": {
    "horizon_days": 1,
    "risk_budget_usd": 100,
    "expected_move_usd": 131.48690804217068,
    "qty": 0.7605319912757235,
    "notional_usd": 62193.26411856356,
    "leverage": 1
  }
}