{
  "t": "2025-09-16T18:37:14.317Z",
  "spot": 116387,
  "sigma_d": 0.0005628888360365278,
  "ERI": 0.05628888360365278,
  "percentiles": {
    "p10": 0.05298946810701005,
    "p50": 0.06495065031940682,
    "p90": 0.1721120054796441
  },
  "ema": {
    "fast": 0.014080221075203025,
    "slow": 0.0149111938214495,
    "fast_period": 20,
    "slow_period": 100
  },
  "etv": {
    "horizon_days": 1,
    "risk_budget_usd": 100,
    "expected_move_usd": 65.51294295978336,
    "qty": 1.5264159337398004,
    "notional_usd": 177654.97128017416,
    "leverage": 1
  }
}