{
  "t": "2026-04-29T03:59:08.625Z",
  "spot": 76950,
  "sigma_d": 0.0005359771573177068,
  "ERI": 0.05359771573177068,
  "percentiles": {
    "p10": 0.053866954478401306,
    "p50": 0.0742582530613898,
    "p90": 0.17139145258988076
  },
  "ema": {
    "fast": 0.017109086607639646,
    "slow": 0.017597417996666993,
    "fast_period": 20,
    "slow_period": 100
  },
  "etv": {
    "horizon_days": 1,
    "risk_budget_usd": 100,
    "expected_move_usd": 41.243442255597536,
    "qty": 2.4246278809676234,
    "notional_usd": 186575.1154404586,
    "leverage": 1
  }
}