{
  "t": "2025-11-29T22:28:22.440Z",
  "spot": 90760,
  "sigma_d": 0.001509781396916945,
  "ERI": 0.1509781396916945,
  "percentiles": {
    "p10": 0.053686371751819624,
    "p50": 0.13977110860451675,
    "p90": 0.18871080301347765
  },
  "ema": {
    "fast": 0.025465294901442483,
    "slow": 0.027342985067930335,
    "fast_period": 20,
    "slow_period": 100
  },
  "etv": {
    "horizon_days": 1,
    "risk_budget_usd": 100,
    "expected_move_usd": 137.02775958418192,
    "qty": 0.7297791360192661,
    "notional_usd": 66234.7543851086,
    "leverage": 1
  }
}