{
  "t": "2026-02-23T23:41:49.993Z",
  "spot": 64719,
  "sigma_d": 0.0013168727182142962,
  "ERI": 0.1316872718214296,
  "percentiles": {
    "p10": 0.05390808737665968,
    "p50": 0.14412029146112365,
    "p90": 0.205659673599072
  },
  "ema": {
    "fast": 0.022369941318992455,
    "slow": 0.023776957025281015,
    "fast_period": 20,
    "slow_period": 100
  },
  "etv": {
    "horizon_days": 1,
    "risk_budget_usd": 100,
    "expected_move_usd": 85.22668545011103,
    "qty": 1.1733414184989839,
    "notional_usd": 75937.48326383573,
    "leverage": 1
  }
}