{
  "t": "2025-11-19T10:33:46.214Z",
  "spot": 91390,
  "sigma_d": 0.0015484255119437235,
  "ERI": 0.15484255119437235,
  "percentiles": {
    "p10": 0.053223914333599694,
    "p50": 0.05964898786323708,
    "p90": 0.1504865500385018
  },
  "ema": {
    "fast": 0.02648969434234058,
    "slow": 0.019721702895353976,
    "fast_period": 20,
    "slow_period": 100
  },
  "etv": {
    "horizon_days": 1,
    "risk_budget_usd": 100,
    "expected_move_usd": 141.5106075365369,
    "qty": 0.7066608061461457,
    "notional_usd": 64581.73107369625,
    "leverage": 1
  }
}