{
  "t": "2026-01-06T08:44:27.314Z",
  "spot": 93236,
  "sigma_d": 0.0018667819360858866,
  "ERI": 0.18667819360858867,
  "percentiles": {
    "p10": 0.0534528370192192,
    "p50": 0.15825831750676592,
    "p90": 0.19183999524182566
  },
  "ema": {
    "fast": 0.029851478090828446,
    "slow": 0.026663864140858366,
    "fast_period": 20,
    "slow_period": 100
  },
  "etv": {
    "horizon_days": 1,
    "risk_budget_usd": 100,
    "expected_move_usd": 174.05128059290374,
    "qty": 0.5745433165406835,
    "notional_usd": 53568.120660987166,
    "leverage": 1
  }
}