{
  "t": "2025-12-15T18:46:50.780Z",
  "spot": 85739,
  "sigma_d": 0.0013175681193543854,
  "ERI": 0.13175681193543853,
  "percentiles": {
    "p10": 0.053479676731447205,
    "p50": 0.09208592686805145,
    "p90": 0.23609114079235086
  },
  "ema": {
    "fast": 0.02117436825812032,
    "slow": 0.018309883422350192,
    "fast_period": 20,
    "slow_period": 100
  },
  "etv": {
    "horizon_days": 1,
    "risk_budget_usd": 100,
    "expected_move_usd": 112.96697298532565,
    "qty": 0.8852144778013122,
    "notional_usd": 75897.40411220671,
    "leverage": 1
  }
}