{
  "t": "2026-06-13T20:23:45.309Z",
  "spot": 64233,
  "sigma_d": 0.0005771708798179389,
  "ERI": 0.05771708798179389,
  "percentiles": {
    "p10": 0.05358765594495179,
    "p50": 0.13921174048080698,
    "p90": 0.19825940003545983
  },
  "ema": {
    "fast": 0.021512134319807683,
    "slow": 0.02567809524703014,
    "fast_period": 20,
    "slow_period": 100
  },
  "etv": {
    "horizon_days": 1,
    "risk_budget_usd": 100,
    "expected_move_usd": 37.07341712334567,
    "qty": 2.6973504942178246,
    "notional_usd": 173258.91429509353,
    "leverage": 1
  }
}