{
  "t": "2025-09-30T17:25:48.565Z",
  "spot": 113204,
  "sigma_d": 0.0014948438973637695,
  "ERI": 0.14948438973637695,
  "percentiles": {
    "p10": 0.053226844763579396,
    "p50": 0.09404531450566271,
    "p90": 0.16309236047815828
  },
  "ema": {
    "fast": 0.02175011151819809,
    "slow": 0.02155265474551166,
    "fast_period": 20,
    "slow_period": 100
  },
  "etv": {
    "horizon_days": 1,
    "risk_budget_usd": 100,
    "expected_move_usd": 169.22230855716816,
    "qty": 0.5909386348208169,
    "notional_usd": 66896.61721625575,
    "leverage": 1
  }
}