{
  "t": "2026-04-13T09:07:30.980Z",
  "spot": 70829,
  "sigma_d": 0.001883716861040986,
  "ERI": 0.1883716861040986,
  "percentiles": {
    "p10": 0.05421656349717345,
    "p50": 0.1499018697941995,
    "p90": 0.2000791444040298
  },
  "ema": {
    "fast": 0.024712015530232636,
    "slow": 0.02388486858896871,
    "fast_period": 20,
    "slow_period": 100
  },
  "etv": {
    "horizon_days": 1,
    "risk_budget_usd": 100,
    "expected_move_usd": 133.421781550672,
    "qty": 0.7495028085951708,
    "notional_usd": 53086.534429987354,
    "leverage": 1
  }
}