{
  "t": "2026-04-19T22:51:57.979Z",
  "spot": 74077,
  "sigma_d": 0.0005415659826037967,
  "ERI": 0.05415659826037966,
  "percentiles": {
    "p10": 0.054004187294987224,
    "p50": 0.09202893735767609,
    "p90": 0.19910831263676051
  },
  "ema": {
    "fast": 0.01800255315563023,
    "slow": 0.019766514012442272,
    "fast_period": 20,
    "slow_period": 100
  },
  "etv": {
    "horizon_days": 1,
    "risk_budget_usd": 100,
    "expected_move_usd": 40.11758329334145,
    "qty": 2.4926725837096373,
    "notional_usd": 184649.7069834588,
    "leverage": 1
  }
}