{
  "t": "2026-03-20T04:55:55.549Z",
  "spot": 70739,
  "sigma_d": 0.0015935024536439008,
  "ERI": 0.15935024536439008,
  "percentiles": {
    "p10": 0.05444318992145619,
    "p50": 0.07582835421717991,
    "p90": 0.1901426027156167
  },
  "ema": {
    "fast": 0.014457232788402554,
    "slow": 0.0169568154051998,
    "fast_period": 20,
    "slow_period": 100
  },
  "etv": {
    "horizon_days": 1,
    "risk_budget_usd": 100,
    "expected_move_usd": 112.7227700683159,
    "qty": 0.8871322088642318,
    "notional_usd": 62754.84532284689,
    "leverage": 1
  }
}