{
  "t": "2026-03-29T20:47:50.265Z",
  "spot": 66533,
  "sigma_d": 0.0016035623444149393,
  "ERI": 0.16035623444149394,
  "percentiles": {
    "p10": 0.054559859531896064,
    "p50": 0.08162431188657016,
    "p90": 0.18018506527294995
  },
  "ema": {
    "fast": 0.024734154719273926,
    "slow": 0.022622984536410325,
    "fast_period": 20,
    "slow_period": 100
  },
  "etv": {
    "horizon_days": 1,
    "risk_budget_usd": 100,
    "expected_move_usd": 106.68981346095916,
    "qty": 0.9372966055151353,
    "notional_usd": 62361.1550547385,
    "leverage": 1
  }
}