{
  "t": "2025-12-09T18:39:27.767Z",
  "spot": 93969,
  "sigma_d": 0.0005323362899203402,
  "ERI": 0.05323362899203402,
  "percentiles": {
    "p10": 0.05469765865276163,
    "p50": 0.17447902662563997,
    "p90": 0.23052115009549
  },
  "ema": {
    "fast": 0.025637897160248672,
    "slow": 0.030442332428869356,
    "fast_period": 20,
    "slow_period": 100
  },
  "etv": {
    "horizon_days": 1,
    "risk_budget_usd": 100,
    "expected_move_usd": 50.02310882752445,
    "qty": 1.9990760739159923,
    "notional_usd": 187851.1795898119,
    "leverage": 1
  }
}