{
  "t": "2026-01-17T17:27:00.637Z",
  "spot": 95360,
  "sigma_d": 0.0005600342886616181,
  "ERI": 0.05600342886616181,
  "percentiles": {
    "p10": 0.053352772125954184,
    "p50": 0.08000194897604027,
    "p90": 0.18428450545256606
  },
  "ema": {
    "fast": 0.011400769790651624,
    "slow": 0.01516250266002377,
    "fast_period": 20,
    "slow_period": 100
  },
  "etv": {
    "horizon_days": 1,
    "risk_budget_usd": 100,
    "expected_move_usd": 53.4048697667719,
    "qty": 1.8724884160698623,
    "notional_usd": 178560.49535642206,
    "leverage": 1
  }
}