{
  "t": "2025-10-23T09:30:29.000Z",
  "spot": 109391,
  "sigma_d": 0.0015431384851267522,
  "ERI": 0.1543138485126752,
  "percentiles": {
    "p10": 0.05345662302416434,
    "p50": 0.06780233308143463,
    "p90": 0.15364478236821857
  },
  "ema": {
    "fast": 0.018902622664574206,
    "slow": 0.017086255439260917,
    "fast_period": 20,
    "slow_period": 100
  },
  "etv": {
    "horizon_days": 1,
    "risk_budget_usd": 100,
    "expected_move_usd": 168.80546202650055,
    "qty": 0.5923978928140438,
    "notional_usd": 64802.99789282106,
    "leverage": 1
  }
}