{
  "t": "2026-05-06T12:00:41.614Z",
  "spot": 82495,
  "sigma_d": 0.0008401156879047338,
  "ERI": 0.08401156879047339,
  "percentiles": {
    "p10": 0.053867002898958585,
    "p50": 0.06774592943579333,
    "p90": 0.15954952557265467
  },
  "ema": {
    "fast": 0.021663108092032833,
    "slow": 0.01948727275655109,
    "fast_period": 20,
    "slow_period": 100
  },
  "etv": {
    "horizon_days": 1,
    "risk_budget_usd": 100,
    "expected_move_usd": 69.30534367370102,
    "qty": 1.4428901827659004,
    "notional_usd": 119031.22562727296,
    "leverage": 1
  }
}