{
  "t": "2026-06-12T14:13:44.087Z",
  "spot": 63364,
  "sigma_d": 0.0008028968004179935,
  "ERI": 0.08028968004179934,
  "percentiles": {
    "p10": 0.053588654576177557,
    "p50": 0.14008205459216813,
    "p90": 0.19825940003545983
  },
  "ema": {
    "fast": 0.023942030124864407,
    "slow": 0.02655351107168708,
    "fast_period": 20,
    "slow_period": 100
  },
  "etv": {
    "horizon_days": 1,
    "risk_budget_usd": 100,
    "expected_move_usd": 50.87475286168574,
    "qty": 1.9656115140622323,
    "notional_usd": 124549.00797703929,
    "leverage": 1
  }
}