{
  "t": "2026-06-05T22:22:05.742Z",
  "spot": 61583,
  "sigma_d": 0.0014468633217015687,
  "ERI": 0.14468633217015686,
  "percentiles": {
    "p10": 0.053583250774817334,
    "p50": 0.13354572846998677,
    "p90": 0.1912253451588158
  },
  "ema": {
    "fast": 0.027197005777282776,
    "slow": 0.028344191205656042,
    "fast_period": 20,
    "slow_period": 100
  },
  "etv": {
    "horizon_days": 1,
    "risk_budget_usd": 100,
    "expected_move_usd": 89.1021839403477,
    "qty": 1.1223069466731386,
    "notional_usd": 69115.02869697189,
    "leverage": 1
  }
}