{
  "t": "2025-12-25T10:33:48.220Z",
  "spot": 87358,
  "sigma_d": 0.0014939210345892245,
  "ERI": 0.14939210345892245,
  "percentiles": {
    "p10": 0.053494718441764406,
    "p50": 0.07242368249061237,
    "p90": 0.16845248536397592
  },
  "ema": {
    "fast": 0.029894886813788112,
    "slow": 0.024514916314050842,
    "fast_period": 20,
    "slow_period": 100
  },
  "etv": {
    "horizon_days": 1,
    "risk_budget_usd": 100,
    "expected_move_usd": 130.5059537396455,
    "qty": 0.7662485667090427,
    "notional_usd": 66937.94229056855,
    "leverage": 1
  }
}