{
  "t": "2025-12-04T09:35:05.138Z",
  "spot": 93403,
  "sigma_d": 0.002013466323487944,
  "ERI": 0.2013466323487944,
  "percentiles": {
    "p10": 0.054700988204571505,
    "p50": 0.15889724929693516,
    "p90": 0.19879044514022692
  },
  "ema": {
    "fast": 0.03618562495467969,
    "slow": 0.030617644913096622,
    "fast_period": 20,
    "slow_period": 100
  },
  "etv": {
    "horizon_days": 1,
    "risk_budget_usd": 100,
    "expected_move_usd": 188.06379501274444,
    "qty": 0.5317344574123017,
    "notional_usd": 49665.59352568122,
    "leverage": 1
  }
}