{
  "t": "2025-11-08T17:23:43.424Z",
  "spot": 101757,
  "sigma_d": 0.0012928335640468899,
  "ERI": 0.129283356404689,
  "percentiles": {
    "p10": 0.053214952837846684,
    "p50": 0.0661369961478025,
    "p90": 0.17405962265194586
  },
  "ema": {
    "fast": 0.016696095360372008,
    "slow": 0.017444126157158013,
    "fast_period": 20,
    "slow_period": 100
  },
  "etv": {
    "horizon_days": 1,
    "risk_budget_usd": 100,
    "expected_move_usd": 131.5548649767194,
    "qty": 0.7601391253580512,
    "notional_usd": 77349.47697905921,
    "leverage": 1
  }
}