{
  "t": "2026-02-26T20:51:27.357Z",
  "spot": 67417,
  "sigma_d": 0.0007671800074273354,
  "ERI": 0.07671800074273355,
  "percentiles": {
    "p10": 0.053848469566528605,
    "p50": 0.139842849191672,
    "p90": 0.2043380258057758
  },
  "ema": {
    "fast": 0.01954077384895328,
    "slow": 0.02288899806452065,
    "fast_period": 20,
    "slow_period": 100
  },
  "etv": {
    "horizon_days": 1,
    "risk_budget_usd": 100,
    "expected_move_usd": 51.72097456072867,
    "qty": 1.9334515803174601,
    "notional_usd": 130347.5051902622,
    "leverage": 1
  }
}