{
  "t": "2025-09-03T18:35:35.020Z",
  "spot": 112079,
  "sigma_d": 0.0005298893813371798,
  "ERI": 0.05298893813371798,
  "percentiles": {
    "p10": 0.05393076617215707,
    "p50": 0.12617377113327907,
    "p90": 0.17370473714670656
  },
  "ema": {
    "fast": 0.02087871546238468,
    "slow": 0.02365068615147992,
    "fast_period": 20,
    "slow_period": 100
  },
  "etv": {
    "horizon_days": 1,
    "risk_budget_usd": 100,
    "expected_move_usd": 59.38947197088977,
    "qty": 1.6838001194726198,
    "notional_usd": 188718.63359037176,
    "leverage": 1
  }
}