{
  "t": "2025-10-31T12:56:46.326Z",
  "spot": 109710,
  "sigma_d": 0.0018423654347185237,
  "ERI": 0.18423654347185237,
  "percentiles": {
    "p10": 0.05329353610866417,
    "p50": 0.0898019778871122,
    "p90": 0.17086189027256574
  },
  "ema": {
    "fast": 0.02840206864760271,
    "slow": 0.022126335955333754,
    "fast_period": 20,
    "slow_period": 100
  },
  "etv": {
    "horizon_days": 1,
    "risk_budget_usd": 100,
    "expected_move_usd": 202.12591184296923,
    "qty": 0.49474111996926734,
    "notional_usd": 54278.04827182832,
    "leverage": 1
  }
}