{
  "t": "2026-05-04T12:01:38.812Z",
  "spot": 78751,
  "sigma_d": 0.0016150628283576503,
  "ERI": 0.161506282835765,
  "percentiles": {
    "p10": 0.053866954478401306,
    "p50": 0.06506598804478199,
    "p90": 0.1562624535741676
  },
  "ema": {
    "fast": 0.02385391564842862,
    "slow": 0.018915241713841013,
    "fast_period": 20,
    "slow_period": 100
  },
  "etv": {
    "horizon_days": 1,
    "risk_budget_usd": 100,
    "expected_move_usd": 127.18781279599332,
    "qty": 0.7862388526202426,
    "notional_usd": 61917.095882696725,
    "leverage": 1
  }
}