{
  "t": "2025-12-10T07:31:57.362Z",
  "spot": 92583,
  "sigma_d": 0.00145833993265227,
  "ERI": 0.145833993265227,
  "percentiles": {
    "p10": 0.05439785862926934,
    "p50": 0.17234246616050525,
    "p90": 0.23052115009549
  },
  "ema": {
    "fast": 0.025340460316089185,
    "slow": 0.02939523187556928,
    "fast_period": 20,
    "slow_period": 100
  },
  "etv": {
    "horizon_days": 1,
    "risk_budget_usd": 100,
    "expected_move_usd": 135.01748598474512,
    "qty": 0.740644808119879,
    "notional_usd": 68571.11827016275,
    "leverage": 1
  }
}