{
  "t": "2025-09-25T19:21:46.398Z",
  "spot": 109857,
  "sigma_d": 0.0017037330732793175,
  "ERI": 0.17037330732793177,
  "percentiles": {
    "p10": 0.05314733399594723,
    "p50": 0.05906690771449838,
    "p90": 0.14052333268996292
  },
  "ema": {
    "fast": 0.024318878132680678,
    "slow": 0.019149016420317248,
    "fast_period": 20,
    "slow_period": 100
  },
  "etv": {
    "horizon_days": 1,
    "risk_budget_usd": 100,
    "expected_move_usd": 187.16700423124598,
    "qty": 0.5342822064750761,
    "notional_usd": 58694.64035673243,
    "leverage": 1
  }
}