{
  "t": "2025-10-24T22:27:48.990Z",
  "spot": 111072,
  "sigma_d": 0.0014638400520716546,
  "ERI": 0.14638400520716546,
  "percentiles": {
    "p10": 0.05342083320674494,
    "p50": 0.06990879978708306,
    "p90": 0.15408855131101523
  },
  "ema": {
    "fast": 0.019603892311669348,
    "slow": 0.018859633167809073,
    "fast_period": 20,
    "slow_period": 100
  },
  "etv": {
    "horizon_days": 1,
    "risk_budget_usd": 100,
    "expected_move_usd": 162.59164226370282,
    "qty": 0.6150377633667836,
    "notional_usd": 68313.4744526754,
    "leverage": 1
  }
}