{
  "t": "2026-03-17T23:43:03.416Z",
  "spot": 74069,
  "sigma_d": 0.0005452012278797106,
  "ERI": 0.05452012278797106,
  "percentiles": {
    "p10": 0.05453110850680858,
    "p50": 0.11789423201361823,
    "p90": 0.19734676601485696
  },
  "ema": {
    "fast": 0.01717549246546454,
    "slow": 0.020342687341590737,
    "fast_period": 20,
    "slow_period": 100
  },
  "etv": {
    "horizon_days": 1,
    "risk_budget_usd": 100,
    "expected_move_usd": 40.38250974782228,
    "qty": 2.4763195904482567,
    "notional_usd": 183418.5157449119,
    "leverage": 1
  }
}