{
  "t": "2026-01-21T10:43:58.418Z",
  "spot": 89242,
  "sigma_d": 0.0015323189402635501,
  "ERI": 0.153231894026355,
  "percentiles": {
    "p10": 0.053227999137500835,
    "p50": 0.0673211794629224,
    "p90": 0.15258372807091442
  },
  "ema": {
    "fast": 0.027362218336745226,
    "slow": 0.020434179098044084,
    "fast_period": 20,
    "slow_period": 100
  },
  "etv": {
    "horizon_days": 1,
    "risk_budget_usd": 100,
    "expected_move_usd": 136.74720686699973,
    "qty": 0.7312763623556856,
    "notional_usd": 65260.5651293461,
    "leverage": 1
  }
}