{
  "t": "2026-01-21T05:39:24.174Z",
  "spot": 89706,
  "sigma_d": 0.0018110049476018758,
  "ERI": 0.18110049476018758,
  "percentiles": {
    "p10": 0.053227999137500835,
    "p50": 0.0673211794629224,
    "p90": 0.1538078957004861
  },
  "ema": {
    "fast": 0.026144552867625934,
    "slow": 0.019502933674814916,
    "fast_period": 20,
    "slow_period": 100
  },
  "etv": {
    "horizon_days": 1,
    "risk_budget_usd": 100,
    "expected_move_usd": 162.45800982957388,
    "qty": 0.6155436725151608,
    "notional_usd": 55217.96068664502,
    "leverage": 1
  }
}