{
  "t": "2025-11-13T06:42:02.908Z",
  "spot": 103391,
  "sigma_d": 0.0014385931532371707,
  "ERI": 0.14385931532371707,
  "percentiles": {
    "p10": 0.05323098197998359,
    "p50": 0.06018836358307369,
    "p90": 0.1610780015509636
  },
  "ema": {
    "fast": 0.016957040584041082,
    "slow": 0.015743445546575943,
    "fast_period": 20,
    "slow_period": 100
  },
  "etv": {
    "horizon_days": 1,
    "risk_budget_usd": 100,
    "expected_move_usd": 148.7375847063443,
    "qty": 0.6723250226056318,
    "notional_usd": 69512.35641221887,
    "leverage": 1
  }
}