{
  "t": "2025-11-12T03:49:24.000Z",
  "spot": 103302,
  "sigma_d": 0.0005607326819629696,
  "ERI": 0.05607326819629696,
  "percentiles": {
    "p10": 0.05326757576903583,
    "p50": 0.05951956136332273,
    "p90": 0.16516477906799046
  },
  "ema": {
    "fast": 0.014080512337600671,
    "slow": 0.015289546870162485,
    "fast_period": 20,
    "slow_period": 100
  },
  "etv": {
    "horizon_days": 1,
    "risk_budget_usd": 100,
    "expected_move_usd": 57.924807512138685,
    "qty": 1.7263760432703046,
    "notional_usd": 178338.098021909,
    "leverage": 1
  }
}