{
  "t": "2025-12-12T20:33:27.995Z",
  "spot": 90031,
  "sigma_d": 0.0005347860370692546,
  "ERI": 0.053478603706925455,
  "percentiles": {
    "p10": 0.05348314741289286,
    "p50": 0.15484648606158047,
    "p90": 0.2363877997195679
  },
  "ema": {
    "fast": 0.0151359177982569,
    "slow": 0.019996626229523112,
    "fast_period": 20,
    "slow_period": 100
  },
  "etv": {
    "horizon_days": 1,
    "risk_budget_usd": 100,
    "expected_move_usd": 48.147321703382055,
    "qty": 2.0769587271346728,
    "notional_usd": 186990.67116266172,
    "leverage": 1
  }
}