{
  "t": "2025-10-18T18:33:56.904Z",
  "spot": 106852,
  "sigma_d": 0.0014544538021904413,
  "ERI": 0.14544538021904413,
  "percentiles": {
    "p10": 0.05346392935853732,
    "p50": 0.06590058334019133,
    "p90": 0.17162130398015038
  },
  "ema": {
    "fast": 0.018161596576114394,
    "slow": 0.017112133850356422,
    "fast_period": 20,
    "slow_period": 100
  },
  "etv": {
    "horizon_days": 1,
    "risk_budget_usd": 100,
    "expected_move_usd": 155.41129767165305,
    "qty": 0.6434538640252275,
    "notional_usd": 68754.33227882361,
    "leverage": 1
  }
}