{
  "t": "2026-01-29T11:41:11.015Z",
  "spot": 87702,
  "sigma_d": 0.0010976614271213483,
  "ERI": 0.10976614271213482,
  "percentiles": {
    "p10": 0.05321879850701251,
    "p50": 0.11760864696000489,
    "p90": 0.17810142383398367
  },
  "ema": {
    "fast": 0.015319086197030905,
    "slow": 0.018566813893501868,
    "fast_period": 20,
    "slow_period": 100
  },
  "etv": {
    "horizon_days": 1,
    "risk_budget_usd": 100,
    "expected_move_usd": 96.26710248139649,
    "qty": 1.038776460726289,
    "notional_usd": 91102.773158617,
    "leverage": 1
  }
}