{
  "t": "2025-12-24T23:28:22.016Z",
  "spot": 87592,
  "sigma_d": 0.0016355284797341268,
  "ERI": 0.16355284797341268,
  "percentiles": {
    "p10": 0.053492168990950203,
    "p50": 0.06319226285431798,
    "p90": 0.16658541612672634
  },
  "ema": {
    "fast": 0.02811645023020092,
    "slow": 0.02315374116159842,
    "fast_period": 20,
    "slow_period": 100
  },
  "etv": {
    "horizon_days": 1,
    "risk_budget_usd": 100,
    "expected_move_usd": 143.25921059687164,
    "qty": 0.6980353973986207,
    "notional_usd": 61142.31652893999,
    "leverage": 1
  }
}