{
  "t": "2025-12-02T21:28:31.521Z",
  "spot": 91312,
  "sigma_d": 0.0019533421854846657,
  "ERI": 0.19533421854846655,
  "percentiles": {
    "p10": 0.05403232146763622,
    "p50": 0.14544441916673845,
    "p90": 0.194068158324757
  },
  "ema": {
    "fast": 0.02650650808816641,
    "slow": 0.026352200401310096,
    "fast_period": 20,
    "slow_period": 100
  },
  "etv": {
    "horizon_days": 1,
    "risk_budget_usd": 100,
    "expected_move_usd": 178.36358164097578,
    "qty": 0.5606525675251792,
    "notional_usd": 51194.30724585916,
    "leverage": 1
  }
}