{
  "t": "2025-10-23T23:24:08.871Z",
  "spot": 110039,
  "sigma_d": 0.0005340359897148552,
  "ERI": 0.05340359897148552,
  "percentiles": {
    "p10": 0.05342161993206069,
    "p50": 0.06780233308143463,
    "p90": 0.1552355860210662
  },
  "ema": {
    "fast": 0.020226395657458623,
    "slow": 0.018211883304066208,
    "fast_period": 20,
    "slow_period": 100
  },
  "etv": {
    "horizon_days": 1,
    "risk_budget_usd": 100,
    "expected_move_usd": 58.76478627223295,
    "qty": 1.7016993737838397,
    "notional_usd": 187253.29739179995,
    "leverage": 1
  }
}