{
  "t": "2026-03-13T16:56:30.541Z",
  "spot": 72048,
  "sigma_d": 0.0005466238507154711,
  "ERI": 0.054662385071547116,
  "percentiles": {
    "p10": 0.054270929683564076,
    "p50": 0.11199303617358228,
    "p90": 0.20031514986304544
  },
  "ema": {
    "fast": 0.018428787661885663,
    "slow": 0.0214154650443202,
    "fast_period": 20,
    "slow_period": 100
  },
  "etv": {
    "horizon_days": 1,
    "risk_budget_usd": 100,
    "expected_move_usd": 39.38315519634826,
    "qty": 2.5391566394678384,
    "notional_usd": 182941.15756037884,
    "leverage": 1
  }
}