{
  "t": "2026-05-19T16:29:43.887Z",
  "spot": 76515,
  "sigma_d": 0.0006523561508857273,
  "ERI": 0.06523561508857273,
  "percentiles": {
    "p10": 0.05363576496625867,
    "p50": 0.06683525419701924,
    "p90": 0.16858564388101388
  },
  "ema": {
    "fast": 0.018500001828515644,
    "slow": 0.018554418180969166,
    "fast_period": 20,
    "slow_period": 100
  },
  "etv": {
    "horizon_days": 1,
    "risk_budget_usd": 100,
    "expected_move_usd": 49.91503088502142,
    "qty": 2.0034045502315445,
    "notional_usd": 153290.49916096663,
    "leverage": 1
  }
}