{
  "t": "2026-04-10T19:08:09.320Z",
  "spot": 73172,
  "sigma_d": 0.0005490983951879991,
  "ERI": 0.05490983951879991,
  "percentiles": {
    "p10": 0.054305921372485626,
    "p50": 0.130096964044926,
    "p90": 0.19987809811828794
  },
  "ema": {
    "fast": 0.017832031203310273,
    "slow": 0.022604866094315956,
    "fast_period": 20,
    "slow_period": 100
  },
  "etv": {
    "horizon_days": 1,
    "risk_budget_usd": 100,
    "expected_move_usd": 40.178627772696274,
    "qty": 2.4888853986187116,
    "notional_usd": 182116.72238772837,
    "leverage": 1
  }
}