{
  "t": "2025-12-16T21:29:37.363Z",
  "spot": 87690,
  "sigma_d": 0.0014768894660173192,
  "ERI": 0.14768894660173193,
  "percentiles": {
    "p10": 0.053479676731447205,
    "p50": 0.07947151316670258,
    "p90": 0.23609114079235086
  },
  "ema": {
    "fast": 0.01787047737533705,
    "slow": 0.017446627275205486,
    "fast_period": 20,
    "slow_period": 100
  },
  "etv": {
    "horizon_days": 1,
    "risk_budget_usd": 100,
    "expected_move_usd": 129.50843727505872,
    "qty": 0.7721504645107661,
    "notional_usd": 67709.87423294908,
    "leverage": 1
  }
}