{
  "t": "2025-11-13T09:31:57.748Z",
  "spot": 102945,
  "sigma_d": 0.0005314140861055713,
  "ERI": 0.05314140861055713,
  "percentiles": {
    "p10": 0.0532138237468083,
    "p50": 0.06070513777180214,
    "p90": 0.1610780015509636
  },
  "ema": {
    "fast": 0.01570021756053668,
    "slow": 0.015532287616439096,
    "fast_period": 20,
    "slow_period": 100
  },
  "etv": {
    "horizon_days": 1,
    "risk_budget_usd": 100,
    "expected_move_usd": 54.70642309413803,
    "qty": 1.8279389209548835,
    "notional_usd": 188177.17221770048,
    "leverage": 1
  }
}