{
  "t": "2025-11-26T22:29:23.561Z",
  "spot": 90301,
  "sigma_d": 0.0005540315819002696,
  "ERI": 0.05540315819002696,
  "percentiles": {
    "p10": 0.053251055307540374,
    "p50": 0.11061046986722971,
    "p90": 0.1721003424518714
  },
  "ema": {
    "fast": 0.023293709730902782,
    "slow": 0.023667179772770715,
    "fast_period": 20,
    "slow_period": 100
  },
  "etv": {
    "horizon_days": 1,
    "risk_budget_usd": 100,
    "expected_move_usd": 50.029605877176245,
    "qty": 1.99881646570437,
    "notional_usd": 180495.12566957032,
    "leverage": 1
  }
}