{
  "t": "2026-03-20T17:48:58.397Z",
  "spot": 69606,
  "sigma_d": 0.001487130855149339,
  "ERI": 0.1487130855149339,
  "percentiles": {
    "p10": 0.05443286575319259,
    "p50": 0.07817728378782064,
    "p90": 0.1890082260991306
  },
  "ema": {
    "fast": 0.019091789191024836,
    "slow": 0.017662954372302076,
    "fast_period": 20,
    "slow_period": 100
  },
  "etv": {
    "horizon_days": 1,
    "risk_budget_usd": 100,
    "expected_move_usd": 103.51323030352489,
    "qty": 0.9660600843658025,
    "notional_usd": 67243.57823236605,
    "leverage": 1
  }
}