{
  "t": "2026-01-23T23:31:07.148Z",
  "spot": 89464,
  "sigma_d": 0.0016891172545919458,
  "ERI": 0.16891172545919458,
  "percentiles": {
    "p10": 0.053155782724080586,
    "p50": 0.07492625655283607,
    "p90": 0.1689240966455526
  },
  "ema": {
    "fast": 0.02799783207795184,
    "slow": 0.02446667559298033,
    "fast_period": 20,
    "slow_period": 100
  },
  "etv": {
    "horizon_days": 1,
    "risk_budget_usd": 100,
    "expected_move_usd": 151.11518606481383,
    "qty": 0.6617468608158922,
    "notional_usd": 59202.52115603298,
    "leverage": 1
  }
}