{
  "t": "2026-01-03T21:27:13.336Z",
  "spot": 90413,
  "sigma_d": 0.0005818601581748228,
  "ERI": 0.05818601581748228,
  "percentiles": {
    "p10": 0.0534720724614225,
    "p50": 0.15428850315115827,
    "p90": 0.18753190808595477
  },
  "ema": {
    "fast": 0.018043217575021035,
    "slow": 0.023499616568465442,
    "fast_period": 20,
    "slow_period": 100
  },
  "etv": {
    "horizon_days": 1,
    "risk_budget_usd": 100,
    "expected_move_usd": 52.60772248106025,
    "qty": 1.9008616089776904,
    "notional_usd": 171862.6006524999,
    "leverage": 1
  }
}