{
  "t": "2025-12-13T14:28:12.070Z",
  "spot": 90102,
  "sigma_d": 0.0005370362753514863,
  "ERI": 0.053703627535148624,
  "percentiles": {
    "p10": 0.05357517086506139,
    "p50": 0.15484648606158047,
    "p90": 0.2363877997195679
  },
  "ema": {
    "fast": 0.012608496093162364,
    "slow": 0.017757163593116774,
    "fast_period": 20,
    "slow_period": 100
  },
  "etv": {
    "horizon_days": 1,
    "risk_budget_usd": 100,
    "expected_move_usd": 48.388042481719616,
    "qty": 2.0666262752368776,
    "notional_usd": 186207.16065139315,
    "leverage": 1
  }
}