{
  "t": "2025-12-05T09:31:54.364Z",
  "spot": 91337,
  "sigma_d": 0.002035621242481095,
  "ERI": 0.20356212424810952,
  "percentiles": {
    "p10": 0.05469765865276163,
    "p50": 0.16007897460854878,
    "p90": 0.19935154965012056
  },
  "ema": {
    "fast": 0.018800049815165414,
    "slow": 0.026126898232281915,
    "fast_period": 20,
    "slow_period": 100
  },
  "etv": {
    "horizon_days": 1,
    "risk_budget_usd": 100,
    "expected_move_usd": 185.9275374244958,
    "qty": 0.537843943856942,
    "notional_usd": 49125.052300061514,
    "leverage": 1
  }
}