{
  "t": "2025-12-06T11:23:21.707Z",
  "spot": 89583,
  "sigma_d": 0.0022905909770248264,
  "ERI": 0.22905909770248264,
  "percentiles": {
    "p10": 0.05616544661983967,
    "p50": 0.16685464497484515,
    "p90": 0.20639568006297027
  },
  "ema": {
    "fast": 0.03925571596920322,
    "slow": 0.031236010211587454,
    "fast_period": 20,
    "slow_period": 100
  },
  "etv": {
    "horizon_days": 1,
    "risk_budget_usd": 100,
    "expected_move_usd": 205.19801149481503,
    "qty": 0.4873341572441447,
    "notional_usd": 43656.855808402215,
    "leverage": 1
  }
}