{
  "t": "2025-10-25T03:09:29.882Z",
  "spot": 111108,
  "sigma_d": 0.0014909074874676614,
  "ERI": 0.14909074874676614,
  "percentiles": {
    "p10": 0.05342083320674494,
    "p50": 0.07426384605946454,
    "p90": 0.15408855131101523
  },
  "ema": {
    "fast": 0.021655060585665367,
    "slow": 0.019359612150306956,
    "fast_period": 20,
    "slow_period": 100
  },
  "etv": {
    "horizon_days": 1,
    "risk_budget_usd": 100,
    "expected_move_usd": 165.65174911755693,
    "qty": 0.6036760887386325,
    "notional_usd": 67073.24286757199,
    "leverage": 1
  }
}