{
  "t": "2025-11-28T07:28:36.604Z",
  "spot": 91516,
  "sigma_d": 0.0019716840550956763,
  "ERI": 0.19716840550956763,
  "percentiles": {
    "p10": 0.05338620237532711,
    "p50": 0.1309182505404351,
    "p90": 0.18378576103734445
  },
  "ema": {
    "fast": 0.03441390989433257,
    "slow": 0.02828918678358132,
    "fast_period": 20,
    "slow_period": 100
  },
  "etv": {
    "horizon_days": 1,
    "risk_budget_usd": 100,
    "expected_move_usd": 180.44063798613593,
    "qty": 0.5541988828906904,
    "notional_usd": 50718.06496662442,
    "leverage": 1
  }
}