{
  "t": "2026-06-08T19:32:11.882Z",
  "spot": 63500,
  "sigma_d": 0.0016130270712043438,
  "ERI": 0.16130270712043437,
  "percentiles": {
    "p10": 0.053588654576177557,
    "p50": 0.14008205459216813,
    "p90": 0.1933142410761949
  },
  "ema": {
    "fast": 0.02742977745141631,
    "slow": 0.02757412603939705,
    "fast_period": 20,
    "slow_period": 100
  },
  "etv": {
    "horizon_days": 1,
    "risk_budget_usd": 100,
    "expected_move_usd": 102.42721902147584,
    "qty": 0.9763029881640454,
    "notional_usd": 61995.23974841688,
    "leverage": 1
  }
}