{
  "t": "2026-05-24T19:37:14.467Z",
  "spot": 76576,
  "sigma_d": 0.0008028845444936823,
  "ERI": 0.08028845444936823,
  "percentiles": {
    "p10": 0.05372729504333167,
    "p50": 0.08747830549222121,
    "p90": 0.17040385624602597
  },
  "ema": {
    "fast": 0.020015025236882276,
    "slow": 0.0211110690277412,
    "fast_period": 20,
    "slow_period": 100
  },
  "etv": {
    "horizon_days": 1,
    "risk_budget_usd": 100,
    "expected_move_usd": 61.481686879148214,
    "qty": 1.6265005902743934,
    "notional_usd": 124550.90920085195,
    "leverage": 1
  }
}