{
  "t": "2025-10-22T08:38:29.763Z",
  "spot": 108269,
  "sigma_d": 0.0005397405382316931,
  "ERI": 0.053974053823169305,
  "percentiles": {
    "p10": 0.053523980160928714,
    "p50": 0.06620958635712752,
    "p90": 0.15166512005479355
  },
  "ema": {
    "fast": 0.014281819833356264,
    "slow": 0.017052998833148925,
    "fast_period": 20,
    "slow_period": 100
  },
  "etv": {
    "horizon_days": 1,
    "risk_budget_usd": 100,
    "expected_move_usd": 58.43716833380718,
    "qty": 1.7112396587866119,
    "notional_usd": 185274.20661716769,
    "leverage": 1
  }
}