{
  "t": "2026-06-20T09:33:17.295Z",
  "spot": 63510,
  "sigma_d": 0.0013732469072354635,
  "ERI": 0.13732469072354633,
  "percentiles": {
    "p10": 0.05373280586965143,
    "p50": 0.14051795836614983,
    "p90": 0.19868732007533244
  },
  "ema": {
    "fast": 0.021229450116530102,
    "slow": 0.023859167017214387,
    "fast_period": 20,
    "slow_period": 100
  },
  "etv": {
    "horizon_days": 1,
    "risk_budget_usd": 100,
    "expected_move_usd": 87.21491107852428,
    "qty": 1.146592925032792,
    "notional_usd": 72820.11666883262,
    "leverage": 1
  }
}