{
  "t": "2026-03-05T21:47:43.703Z",
  "spot": 71204,
  "sigma_d": 0.0005744621700000857,
  "ERI": 0.05744621700000857,
  "percentiles": {
    "p10": 0.05384467929998492,
    "p50": 0.12552066687733746,
    "p90": 0.20776710349831726
  },
  "ema": {
    "fast": 0.02442361042485144,
    "slow": 0.024086882948393153,
    "fast_period": 20,
    "slow_period": 100
  },
  "etv": {
    "horizon_days": 1,
    "risk_budget_usd": 100,
    "expected_move_usd": 40.9040043526861,
    "qty": 2.4447484196845672,
    "notional_usd": 174075.86647521993,
    "leverage": 1
  }
}