{
  "t": "2025-11-04T05:29:31.864Z",
  "spot": 105637,
  "sigma_d": 0.0006554668322818721,
  "ERI": 0.0655466832281872,
  "percentiles": {
    "p10": 0.0532309346792926,
    "p50": 0.08789356153450428,
    "p90": 0.17419728214191088
  },
  "ema": {
    "fast": 0.01975430521581692,
    "slow": 0.01924730352511796,
    "fast_period": 20,
    "slow_period": 100
  },
  "etv": {
    "horizon_days": 1,
    "risk_budget_usd": 100,
    "expected_move_usd": 69.24154976176011,
    "qty": 1.444219552336288,
    "notional_usd": 152563.02085014846,
    "leverage": 1
  }
}