{
  "t": "2026-01-09T11:29:00.648Z",
  "spot": 90452,
  "sigma_d": 0.0006445900907134233,
  "ERI": 0.06445900907134233,
  "percentiles": {
    "p10": 0.05339829836591422,
    "p50": 0.16203583558483892,
    "p90": 0.1987794020330305
  },
  "ema": {
    "fast": 0.023407170423175423,
    "slow": 0.026131066899962946,
    "fast_period": 20,
    "slow_period": 100
  },
  "etv": {
    "horizon_days": 1,
    "risk_budget_usd": 100,
    "expected_move_usd": 58.30446288521057,
    "qty": 1.7151345720631939,
    "notional_usd": 155137.35231226002,
    "leverage": 1
  }
}