{
  "t": "2026-04-04T19:39:48.694Z",
  "spot": 67352,
  "sigma_d": 0.0008214795154697406,
  "ERI": 0.08214795154697406,
  "percentiles": {
    "p10": 0.05448882042209865,
    "p50": 0.14153082214104995,
    "p90": 0.19089807337258247
  },
  "ema": {
    "fast": 0.021293894352027193,
    "slow": 0.02711991924020396,
    "fast_period": 20,
    "slow_period": 100
  },
  "etv": {
    "horizon_days": 1,
    "risk_budget_usd": 100,
    "expected_move_usd": 55.328288325917974,
    "qty": 1.8073937044814743,
    "notional_usd": 121731.58078423626,
    "leverage": 1
  }
}