{
  "t": "2026-01-26T17:40:16.584Z",
  "spot": 87396,
  "sigma_d": 0.0015768236407575952,
  "ERI": 0.15768236407575953,
  "percentiles": {
    "p10": 0.05319396854907558,
    "p50": 0.11742930767534866,
    "p90": 0.17475698816719507
  },
  "ema": {
    "fast": 0.02509839801394269,
    "slow": 0.024862080678358923,
    "fast_period": 20,
    "slow_period": 100
  },
  "etv": {
    "horizon_days": 1,
    "risk_budget_usd": 100,
    "expected_move_usd": 137.80807890765078,
    "qty": 0.7256468618723937,
    "notional_usd": 63418.633140199716,
    "leverage": 1
  }
}