{
  "t": "2025-09-04T10:28:54.749Z",
  "spot": 110959,
  "sigma_d": 0.0014209239362581545,
  "ERI": 0.14209239362581544,
  "percentiles": {
    "p10": 0.053207473192711005,
    "p50": 0.12683239243297995,
    "p90": 0.17707215601121562
  },
  "ema": {
    "fast": 0.022350989830033953,
    "slow": 0.023477215852472005,
    "fast_period": 20,
    "slow_period": 100
  },
  "etv": {
    "horizon_days": 1,
    "risk_budget_usd": 100,
    "expected_move_usd": 157.66429904326856,
    "qty": 0.634258995897077,
    "notional_usd": 70376.74392574377,
    "leverage": 1
  }
}