{
  "t": "2026-02-03T06:00:55.027Z",
  "spot": 78193,
  "sigma_d": 0.0005392311098440099,
  "ERI": 0.05392311098440099,
  "percentiles": {
    "p10": 0.0532726709412271,
    "p50": 0.12938787957023173,
    "p90": 0.18108615083540522
  },
  "ema": {
    "fast": 0.02355473202383808,
    "slow": 0.02243115274493484,
    "fast_period": 20,
    "slow_period": 100
  },
  "etv": {
    "horizon_days": 1,
    "risk_budget_usd": 100,
    "expected_move_usd": 42.164098172032666,
    "qty": 2.3716859682849742,
    "notional_usd": 185449.24091810698,
    "leverage": 1
  }
}