{
  "t": "2025-09-11T03:06:01.782Z",
  "spot": 113872,
  "sigma_d": 0.002277872135844049,
  "ERI": 0.2277872135844049,
  "percentiles": {
    "p10": 0.053205070140419086,
    "p50": 0.14075671954734875,
    "p90": 0.18377967877481816
  },
  "ema": {
    "fast": 0.031020861251832524,
    "slow": 0.02633722225935456,
    "fast_period": 20,
    "slow_period": 100
  },
  "etv": {
    "horizon_days": 1,
    "risk_budget_usd": 100,
    "expected_move_usd": 259.3858558528335,
    "qty": 0.38552603291035464,
    "notional_usd": 43900.6204195679,
    "leverage": 1
  }
}