{
  "t": "2025-09-01T22:32:08.369Z",
  "spot": 108010.66,
  "sigma_d": 0.0005297569179450917,
  "ERI": 0.05297569179450917,
  "percentiles": {
    "p10": 0.060879682566038144,
    "p50": 0.12494591357485291,
    "p90": 0.18101481484395102
  },
  "ema": {
    "fast": 0.022674570472763046,
    "slow": 0.02538413070943472,
    "fast_period": 20,
    "slow_period": 100
  },
  "etv": {
    "horizon_days": 1,
    "risk_budget_usd": 100,
    "expected_move_usd": 57.2193943468152,
    "qty": 1.7476591834210133,
    "notional_usd": 188765.82185636472,
    "leverage": 1
  }
}