{
  "t": "2025-10-29T12:59:17.045Z",
  "spot": 113162,
  "sigma_d": 0.0015762894782641059,
  "ERI": 0.1576289478264106,
  "percentiles": {
    "p10": 0.05333903843381573,
    "p50": 0.08143627878733373,
    "p90": 0.16627302273485584
  },
  "ema": {
    "fast": 0.022273212403790953,
    "slow": 0.018880395434522964,
    "fast_period": 20,
    "slow_period": 100
  },
  "etv": {
    "horizon_days": 1,
    "risk_budget_usd": 100,
    "expected_move_usd": 178.37606993932275,
    "qty": 0.5606133156427119,
    "notional_usd": 63440.12402476056,
    "leverage": 1
  }
}