{
  "t": "2026-06-10T08:59:23.522Z",
  "spot": 61235,
  "sigma_d": 0.0006263255951957983,
  "ERI": 0.06263255951957983,
  "percentiles": {
    "p10": 0.05358223458961014,
    "p50": 0.14008205459216813,
    "p90": 0.19739877272012293
  },
  "ema": {
    "fast": 0.026714569937809737,
    "slow": 0.0275825859046421,
    "fast_period": 20,
    "slow_period": 100
  },
  "etv": {
    "horizon_days": 1,
    "risk_budget_usd": 100,
    "expected_move_usd": 38.35304782181471,
    "qty": 2.607354713101088,
    "notional_usd": 159661.3658567451,
    "leverage": 1
  }
}