{
  "t": "2026-01-17T15:29:23.955Z",
  "spot": 95475,
  "sigma_d": 0.0006263351761033331,
  "ERI": 0.06263351761033331,
  "percentiles": {
    "p10": 0.053352772125954184,
    "p50": 0.08037777686892733,
    "p90": 0.18573879197519533
  },
  "ema": {
    "fast": 0.011546631118017466,
    "slow": 0.015342815529670224,
    "fast_period": 20,
    "slow_period": 100
  },
  "etv": {
    "horizon_days": 1,
    "risk_budget_usd": 100,
    "expected_move_usd": 59.79935093846573,
    "qty": 1.672258953159897,
    "notional_usd": 159658.92355294118,
    "leverage": 1
  }
}