{
  "t": "2025-10-01T20:29:00.663Z",
  "spot": 117377,
  "sigma_d": 0.0014008948527782542,
  "ERI": 0.14008948527782542,
  "percentiles": {
    "p10": 0.053220802800163065,
    "p50": 0.0988402339060325,
    "p90": 0.16338634325204687
  },
  "ema": {
    "fast": 0.019271542394717393,
    "slow": 0.019832646277898783,
    "fast_period": 20,
    "slow_period": 100
  },
  "etv": {
    "horizon_days": 1,
    "risk_budget_usd": 100,
    "expected_move_usd": 164.43283513455316,
    "qty": 0.6081510418413169,
    "notional_usd": 71382.94483820825,
    "leverage": 1
  }
}