{
  "t": "2025-12-14T04:03:59.937Z",
  "spot": 90245,
  "sigma_d": 0.0005529296040489741,
  "ERI": 0.05529296040489741,
  "percentiles": {
    "p10": 0.0535069051734802,
    "p50": 0.14899457107425446,
    "p90": 0.2363877997195679
  },
  "ema": {
    "fast": 0.011194228431424697,
    "slow": 0.016311274709017685,
    "fast_period": 20,
    "slow_period": 100
  },
  "etv": {
    "horizon_days": 1,
    "risk_budget_usd": 100,
    "expected_move_usd": 49.89913211739967,
    "qty": 2.0040428712212077,
    "notional_usd": 180854.84891335788,
    "leverage": 1
  }
}