{
  "t": "2026-05-15T08:11:59.582Z",
  "spot": 80696,
  "sigma_d": 0.0014127178836610178,
  "ERI": 0.14127178836610177,
  "percentiles": {
    "p10": 0.053825134834173255,
    "p50": 0.07481763591840583,
    "p90": 0.16858564388101388
  },
  "ema": {
    "fast": 0.02127177729418069,
    "slow": 0.021989255424970103,
    "fast_period": 20,
    "slow_period": 100
  },
  "etv": {
    "horizon_days": 1,
    "risk_budget_usd": 100,
    "expected_move_usd": 114.00068233990949,
    "qty": 0.8771877321035287,
    "notional_usd": 70785.54122982635,
    "leverage": 1
  }
}