{
  "t": "2026-01-11T09:31:05.009Z",
  "spot": 90634,
  "sigma_d": 0.0013631031837046637,
  "ERI": 0.13631031837046637,
  "percentiles": {
    "p10": 0.05340456198130164,
    "p50": 0.13860205135322456,
    "p90": 0.1987794020330305
  },
  "ema": {
    "fast": 0.019682424830251247,
    "slow": 0.021320967770785612,
    "fast_period": 20,
    "slow_period": 100
  },
  "etv": {
    "horizon_days": 1,
    "risk_budget_usd": 100,
    "expected_move_usd": 123.5434939518885,
    "qty": 0.809431535414912,
    "notional_usd": 73362.01778079513,
    "leverage": 1
  }
}