{
  "t": "2025-12-16T13:03:51.777Z",
  "spot": 87183,
  "sigma_d": 0.0005426190433543898,
  "ERI": 0.05426190433543898,
  "percentiles": {
    "p10": 0.05345411429667231,
    "p50": 0.07056731965381646,
    "p90": 0.23609114079235086
  },
  "ema": {
    "fast": 0.014709039487430934,
    "slow": 0.01703863097401689,
    "fast_period": 20,
    "slow_period": 100
  },
  "etv": {
    "horizon_days": 1,
    "risk_budget_usd": 100,
    "expected_move_usd": 47.30715605676576,
    "qty": 2.113845099460343,
    "notional_usd": 184291.3573062511,
    "leverage": 1
  }
}