{
  "t": "2025-09-29T09:31:46.104Z",
  "spot": 112174,
  "sigma_d": 0.0005323923481374138,
  "ERI": 0.053239234813741376,
  "percentiles": {
    "p10": 0.0532583484523717,
    "p50": 0.08681163532882355,
    "p90": 0.1613351633269198
  },
  "ema": {
    "fast": 0.02347135571283866,
    "slow": 0.024654554523383887,
    "fast_period": 20,
    "slow_period": 100
  },
  "etv": {
    "horizon_days": 1,
    "risk_budget_usd": 100,
    "expected_move_usd": 59.72057925996625,
    "qty": 1.674464669284196,
    "notional_usd": 187831.3998122854,
    "leverage": 1
  }
}