{
  "t": "2025-09-21T09:23:52.090Z",
  "spot": 115557,
  "sigma_d": 0.0005497356460116436,
  "ERI": 0.05497356460116436,
  "percentiles": {
    "p10": 0.05298946810701005,
    "p50": 0.05648444438627068,
    "p90": 0.13463561511313799
  },
  "ema": {
    "fast": 0.013062376174249251,
    "slow": 0.014056467939439293,
    "fast_period": 20,
    "slow_period": 100
  },
  "etv": {
    "horizon_days": 1,
    "risk_budget_usd": 100,
    "expected_move_usd": 63.5258020461675,
    "qty": 1.5741635174841997,
    "notional_usd": 181905.61358992168,
    "leverage": 1
  }
}