{
  "t": "2026-02-28T11:29:02.679Z",
  "spot": 64203,
  "sigma_d": 0.0005643001690317139,
  "ERI": 0.056430016903171384,
  "percentiles": {
    "p10": 0.05390242635999399,
    "p50": 0.13487994988578053,
    "p90": 0.20604456074113697
  },
  "ema": {
    "fast": 0.027088935501753855,
    "slow": 0.023730860644842745,
    "fast_period": 20,
    "slow_period": 100
  },
  "etv": {
    "horizon_days": 1,
    "risk_budget_usd": 100,
    "expected_move_usd": 36.229763752343125,
    "qty": 2.7601615258540733,
    "notional_usd": 177210.65044440905,
    "leverage": 1
  }
}