{
  "t": "2026-01-24T22:30:55.194Z",
  "spot": 89264,
  "sigma_d": 0.0015812649007109847,
  "ERI": 0.15812649007109847,
  "percentiles": {
    "p10": 0.053155782724080586,
    "p50": 0.09969089545933293,
    "p90": 0.17188924640986158
  },
  "ema": {
    "fast": 0.030348269851406626,
    "slow": 0.02683635132529838,
    "fast_period": 20,
    "slow_period": 100
  },
  "etv": {
    "horizon_days": 1,
    "risk_budget_usd": 100,
    "expected_move_usd": 141.15003009706535,
    "qty": 0.7084660196758902,
    "notional_usd": 63240.51078034866,
    "leverage": 1
  }
}