{
  "t": "2026-03-02T23:38:38.580Z",
  "spot": 68825,
  "sigma_d": 0.0018145941578048713,
  "ERI": 0.18145941578048713,
  "percentiles": {
    "p10": 0.05381082110670648,
    "p50": 0.12930999364807727,
    "p90": 0.20426277773914303
  },
  "ema": {
    "fast": 0.019714354194796693,
    "slow": 0.020794815654281238,
    "fast_period": 20,
    "slow_period": 100
  },
  "etv": {
    "horizon_days": 1,
    "risk_budget_usd": 100,
    "expected_move_usd": 124.88944291092027,
    "qty": 0.8007081917350442,
    "notional_usd": 55108.741296164415,
    "leverage": 1
  }
}