{
  "t": "2025-09-01T21:52:34.328Z",
  "spot": 107586.67,
  "sigma_d": 0.0015487123574749685,
  "ERI": 0.15487123574749684,
  "percentiles": {
    "p10": 0.06176167220786463,
    "p50": 0.125218577027546,
    "p90": 0.1813179687160081
  },
  "ema": {
    "fast": 0.025453106472292156,
    "slow": 0.026006395949182703,
    "fast_period": 20,
    "slow_period": 100
  },
  "etv": {
    "horizon_days": 1,
    "risk_budget_usd": 100,
    "expected_move_usd": 166.62080532858147,
    "qty": 0.6001651462600776,
    "notional_usd": 64569.7695361847,
    "leverage": 1
  }
}