{
  "t": "2026-01-26T11:30:55.046Z",
  "spot": 87731,
  "sigma_d": 0.0017819643425002027,
  "ERI": 0.17819643425002027,
  "percentiles": {
    "p10": 0.053155782724080586,
    "p50": 0.11539308497534154,
    "p90": 0.17483701430155293
  },
  "ema": {
    "fast": 0.026198311397902983,
    "slow": 0.02504632894749821,
    "fast_period": 20,
    "slow_period": 100
  },
  "etv": {
    "horizon_days": 1,
    "risk_budget_usd": 100,
    "expected_move_usd": 156.3335137318853,
    "qty": 0.6396581104899987,
    "notional_usd": 56117.84569139807,
    "leverage": 1
  }
}