{
  "t": "2025-09-22T13:35:23.351Z",
  "spot": 112946,
  "sigma_d": 0.0008869861018357615,
  "ERI": 0.08869861018357615,
  "percentiles": {
    "p10": 0.05302717817697743,
    "p50": 0.05648444438627068,
    "p90": 0.12254618810216067
  },
  "ema": {
    "fast": 0.01259249666981283,
    "slow": 0.013135041684742044,
    "fast_period": 20,
    "slow_period": 100
  },
  "etv": {
    "horizon_days": 1,
    "risk_budget_usd": 100,
    "expected_move_usd": 100.18153225794191,
    "qty": 0.9981879668452813,
    "notional_usd": 112741.33810330715,
    "leverage": 1
  }
}