{
  "t": "2025-12-28T16:36:25.334Z",
  "spot": 87757,
  "sigma_d": 0.0017910096040322343,
  "ERI": 0.17910096040322343,
  "percentiles": {
    "p10": 0.053569632478717585,
    "p50": 0.12947009004498233,
    "p90": 0.17234774696095737
  },
  "ema": {
    "fast": 0.033508707340935716,
    "slow": 0.028234317661122277,
    "fast_period": 20,
    "slow_period": 100
  },
  "etv": {
    "horizon_days": 1,
    "risk_budget_usd": 100,
    "expected_move_usd": 157.17362982105678,
    "qty": 0.6362390441313257,
    "notional_usd": 55834.42979583275,
    "leverage": 1
  }
}