{
  "t": "2025-12-19T04:01:19.150Z",
  "spot": 86811,
  "sigma_d": 0.0015085213099731085,
  "ERI": 0.15085213099731085,
  "percentiles": {
    "p10": 0.053432222807870106,
    "p50": 0.05931721137292813,
    "p90": 0.19813258325269936
  },
  "ema": {
    "fast": 0.015046154334485206,
    "slow": 0.01631078402145433,
    "fast_period": 20,
    "slow_period": 100
  },
  "etv": {
    "horizon_days": 1,
    "risk_budget_usd": 100,
    "expected_move_usd": 130.95624344007553,
    "qty": 0.7636138405707946,
    "notional_usd": 66290.08111379125,
    "leverage": 1
  }
}