{
  "t": "2025-11-27T18:38:30.955Z",
  "spot": 91482,
  "sigma_d": 0.0019265811790319812,
  "ERI": 0.19265811790319812,
  "percentiles": {
    "p10": 0.05327643579593824,
    "p50": 0.12048060806861505,
    "p90": 0.179053881331615
  },
  "ema": {
    "fast": 0.03181016776460657,
    "slow": 0.02645317242319812,
    "fast_period": 20,
    "slow_period": 100
  },
  "etv": {
    "horizon_days": 1,
    "risk_budget_usd": 100,
    "expected_move_usd": 176.2474994202037,
    "qty": 0.5673839363904005,
    "notional_usd": 51905.41726886662,
    "leverage": 1
  }
}