{
  "t": "2025-12-07T04:01:25.539Z",
  "spot": 89729,
  "sigma_d": 0.002449955335788214,
  "ERI": 0.2449955335788214,
  "percentiles": {
    "p10": 0.05680949289426833,
    "p50": 0.17109916554180965,
    "p90": 0.22038733708731995
  },
  "ema": {
    "fast": 0.042284730941043285,
    "slow": 0.03429549101152099,
    "fast_period": 20,
    "slow_period": 100
  },
  "etv": {
    "horizon_days": 1,
    "risk_budget_usd": 100,
    "expected_move_usd": 219.83204232494063,
    "qty": 0.45489273966798194,
    "notional_usd": 40817.07063766835,
    "leverage": 1
  }
}