{
  "t": "2025-10-20T21:25:13.963Z",
  "spot": 110907,
  "sigma_d": 0.0009509198647270171,
  "ERI": 0.09509198647270171,
  "percentiles": {
    "p10": 0.053560319126119374,
    "p50": 0.06914306701103276,
    "p90": 0.16179142289162043
  },
  "ema": {
    "fast": 0.01853169311259982,
    "slow": 0.01805921441549043,
    "fast_period": 20,
    "slow_period": 100
  },
  "etv": {
    "horizon_days": 1,
    "risk_budget_usd": 100,
    "expected_move_usd": 105.4636694372793,
    "qty": 0.9481938238406487,
    "notional_usd": 105161.33242069482,
    "leverage": 1
  }
}