{
  "t": "2026-02-23T11:49:18.892Z",
  "spot": 66131,
  "sigma_d": 0.0005434526311724078,
  "ERI": 0.05434526311724078,
  "percentiles": {
    "p10": 0.05390808737665968,
    "p50": 0.14820362118300937,
    "p90": 0.20572908124037353
  },
  "ema": {
    "fast": 0.024120850869588515,
    "slow": 0.024371692739217868,
    "fast_period": 20,
    "slow_period": 100
  },
  "etv": {
    "horizon_days": 1,
    "risk_budget_usd": 100,
    "expected_move_usd": 35.9390659520625,
    "qty": 2.7824874506584423,
    "notional_usd": 184008.67759949344,
    "leverage": 1
  }
}