{
  "t": "2025-11-02T11:20:28.049Z",
  "spot": 110750,
  "sigma_d": 0.0008921615543656594,
  "ERI": 0.08921615543656594,
  "percentiles": {
    "p10": 0.05323239890335014,
    "p50": 0.07596143210605713,
    "p90": 0.1738178699415084
  },
  "ema": {
    "fast": 0.014304773376813407,
    "slow": 0.018442416369450747,
    "fast_period": 20,
    "slow_period": 100
  },
  "etv": {
    "horizon_days": 1,
    "risk_budget_usd": 100,
    "expected_move_usd": 98.80689214599678,
    "qty": 1.012075148080159,
    "notional_usd": 112087.32264987762,
    "leverage": 1
  }
}