{
  "t": "2026-04-22T06:08:02.001Z",
  "spot": 77955,
  "sigma_d": 0.0005367471208023564,
  "ERI": 0.05367471208023564,
  "percentiles": {
    "p10": 0.05395123309302138,
    "p50": 0.0806968861786595,
    "p90": 0.1883248268772469
  },
  "ema": {
    "fast": 0.01409013270746212,
    "slow": 0.01747011585161511,
    "fast_period": 20,
    "slow_period": 100
  },
  "etv": {
    "horizon_days": 1,
    "risk_budget_usd": 100,
    "expected_move_usd": 41.84212180214769,
    "qty": 2.389936162244697,
    "notional_usd": 186307.47352778533,
    "leverage": 1
  }
}