{
  "t": "2025-10-08T17:25:19.507Z",
  "spot": 123733,
  "sigma_d": 0.0018819728660363132,
  "ERI": 0.18819728660363133,
  "percentiles": {
    "p10": 0.05303335139507826,
    "p50": 0.05878749241802936,
    "p90": 0.17162130398015038
  },
  "ema": {
    "fast": 0.019101420253884886,
    "slow": 0.01781754351826297,
    "fast_period": 20,
    "slow_period": 100
  },
  "etv": {
    "horizon_days": 1,
    "risk_budget_usd": 100,
    "expected_move_usd": 232.86214863327115,
    "qty": 0.42943862103362934,
    "notional_usd": 53135.728896354056,
    "leverage": 1
  }
}