{
  "t": "2026-04-08T22:56:05.116Z",
  "spot": 71176,
  "sigma_d": 0.0005588302471946995,
  "ERI": 0.055883024719469945,
  "percentiles": {
    "p10": 0.054445904877183184,
    "p50": 0.13121058199854568,
    "p90": 0.19940652751423743
  },
  "ema": {
    "fast": 0.02326328075436201,
    "slow": 0.02513715836745629,
    "fast_period": 20,
    "slow_period": 100
  },
  "etv": {
    "horizon_days": 1,
    "risk_budget_usd": 100,
    "expected_move_usd": 39.77530167432993,
    "qty": 2.5141229806067744,
    "notional_usd": 178945.2172676678,
    "leverage": 1
  }
}