{
  "t": "2025-11-24T15:32:55.176Z",
  "spot": 86050,
  "sigma_d": 0.0005335105074449846,
  "ERI": 0.05335105074449847,
  "percentiles": {
    "p10": 0.05322332243914775,
    "p50": 0.06772729982903289,
    "p90": 0.15600116978377335
  },
  "ema": {
    "fast": 0.01892473061453977,
    "slow": 0.019237462499689398,
    "fast_period": 20,
    "slow_period": 100
  },
  "etv": {
    "horizon_days": 1,
    "risk_budget_usd": 100,
    "expected_move_usd": 45.90857916564093,
    "qty": 2.178242102400816,
    "notional_usd": 187437.7329115902,
    "leverage": 1
  }
}