{
  "t": "2026-01-20T02:26:46.716Z",
  "spot": 92422,
  "sigma_d": 0.0005576693228036576,
  "ERI": 0.055766932280365764,
  "percentiles": {
    "p10": 0.053239858924143325,
    "p50": 0.06590492851918264,
    "p90": 0.15779117117683916
  },
  "ema": {
    "fast": 0.0205334525253227,
    "slow": 0.01609077421396746,
    "fast_period": 20,
    "slow_period": 100
  },
  "etv": {
    "horizon_days": 1,
    "risk_budget_usd": 100,
    "expected_move_usd": 51.540914152159644,
    "qty": 1.9402061768787981,
    "notional_usd": 179317.73527949228,
    "leverage": 1
  }
}