{
  "t": "2026-03-09T09:00:53.048Z",
  "spot": 67801,
  "sigma_d": 0.001927349147938631,
  "ERI": 0.1927349147938631,
  "percentiles": {
    "p10": 0.054146726067878494,
    "p50": 0.11897828841285799,
    "p90": 0.19653453609424024
  },
  "ema": {
    "fast": 0.024133364990710664,
    "slow": 0.022764155805687677,
    "fast_period": 20,
    "slow_period": 100
  },
  "etv": {
    "horizon_days": 1,
    "risk_budget_usd": 100,
    "expected_move_usd": 130.67619957938712,
    "qty": 0.765250292875628,
    "notional_usd": 51884.73510726045,
    "leverage": 1
  }
}