{
  "t": "2026-03-13T15:54:36.413Z",
  "spot": 72136,
  "sigma_d": 0.0005575626214208392,
  "ERI": 0.05575626214208392,
  "percentiles": {
    "p10": 0.054270929683564076,
    "p50": 0.11516340001274308,
    "p90": 0.20031514986304544
  },
  "ema": {
    "fast": 0.019269372257401586,
    "slow": 0.021637126277448196,
    "fast_period": 20,
    "slow_period": 100
  },
  "etv": {
    "horizon_days": 1,
    "risk_budget_usd": 100,
    "expected_move_usd": 40.22033725881366,
    "qty": 2.486304362803088,
    "notional_usd": 179352.05151516356,
    "leverage": 1
  }
}