{
  "t": "2025-12-14T14:28:16.740Z",
  "spot": 89291,
  "sigma_d": 0.0005639518828977548,
  "ERI": 0.05639518828977548,
  "percentiles": {
    "p10": 0.053526531170064326,
    "p50": 0.11320588053905833,
    "p90": 0.23609114079235086
  },
  "ema": {
    "fast": 0.012428517749485593,
    "slow": 0.015592635566529007,
    "fast_period": 20,
    "slow_period": 100
  },
  "etv": {
    "horizon_days": 1,
    "risk_budget_usd": 100,
    "expected_move_usd": 50.355827575823426,
    "qty": 1.9858674718318297,
    "notional_usd": 177320.0924273359,
    "leverage": 1
  }
}