{
  "t": "2026-01-03T22:30:29.484Z",
  "spot": 90617,
  "sigma_d": 0.0008940320228532011,
  "ERI": 0.08940320228532012,
  "percentiles": {
    "p10": 0.0534720724614225,
    "p50": 0.15413276165968248,
    "p90": 0.18753190808595477
  },
  "ema": {
    "fast": 0.017951526169189762,
    "slow": 0.023372504513917463,
    "fast_period": 20,
    "slow_period": 100
  },
  "etv": {
    "horizon_days": 1,
    "risk_budget_usd": 100,
    "expected_move_usd": 81.01449981488852,
    "qty": 1.2343469407142151,
    "notional_usd": 111852.81672670004,
    "leverage": 1
  }
}