{
  "t": "2026-02-12T10:02:24.825Z",
  "spot": 67494,
  "sigma_d": 0.0012086887196515682,
  "ERI": 0.12086887196515682,
  "percentiles": {
    "p10": 0.05373178191498372,
    "p50": 0.12508908313715572,
    "p90": 0.21384409615990388
  },
  "ema": {
    "fast": 0.029790999217115432,
    "slow": 0.03493786306622285,
    "fast_period": 20,
    "slow_period": 100
  },
  "etv": {
    "horizon_days": 1,
    "risk_budget_usd": 100,
    "expected_move_usd": 81.57923644416294,
    "qty": 1.225802107971986,
    "notional_usd": 82734.28747546123,
    "leverage": 1
  }
}