{
  "t": "2025-10-16T12:57:47.086Z",
  "spot": 111577,
  "sigma_d": 0.0006770043042842543,
  "ERI": 0.06770043042842543,
  "percentiles": {
    "p10": 0.05326531564923392,
    "p50": 0.06620958635712752,
    "p90": 0.1750558040786427
  },
  "ema": {
    "fast": 0.018940330833647406,
    "slow": 0.01844561168234973,
    "fast_period": 20,
    "slow_period": 100
  },
  "etv": {
    "horizon_days": 1,
    "risk_budget_usd": 100,
    "expected_move_usd": 75.53810925912424,
    "qty": 1.3238350943755057,
    "notional_usd": 147709.5483251358,
    "leverage": 1
  }
}