{
  "t": "2025-12-12T19:25:44.492Z",
  "spot": 90228,
  "sigma_d": 0.0005480897714372731,
  "ERI": 0.05480897714372731,
  "percentiles": {
    "p10": 0.053526531170064326,
    "p50": 0.15484648606158047,
    "p90": 0.2363877997195679
  },
  "ema": {
    "fast": 0.0156536909462494,
    "slow": 0.02019419296360786,
    "fast_period": 20,
    "slow_period": 100
  },
  "etv": {
    "horizon_days": 1,
    "risk_budget_usd": 100,
    "expected_move_usd": 49.453043897242274,
    "qty": 2.0221202198956343,
    "notional_usd": 182451.8632007433,
    "leverage": 1
  }
}