{
  "t": "2026-06-20T17:42:42.305Z",
  "spot": 63766,
  "sigma_d": 0.0017335841078612334,
  "ERI": 0.17335841078612335,
  "percentiles": {
    "p10": 0.053801812431051727,
    "p50": 0.14237717245969245,
    "p90": 0.19868732007533244
  },
  "ema": {
    "fast": 0.024264199701272034,
    "slow": 0.02438222035251194,
    "fast_period": 20,
    "slow_period": 100
  },
  "etv": {
    "horizon_days": 1,
    "risk_budget_usd": 100,
    "expected_move_usd": 110.54372422187942,
    "qty": 0.9046194228021807,
    "notional_usd": 57683.962114403854,
    "leverage": 1
  }
}