{
  "t": "2026-03-30T13:58:15.565Z",
  "spot": 67579,
  "sigma_d": 0.0016740520692998693,
  "ERI": 0.16740520692998692,
  "percentiles": {
    "p10": 0.054559859531896064,
    "p50": 0.08027728539601495,
    "p90": 0.1772136609373859
  },
  "ema": {
    "fast": 0.027318601397715213,
    "slow": 0.02367741561466297,
    "fast_period": 20,
    "slow_period": 100
  },
  "etv": {
    "horizon_days": 1,
    "risk_budget_usd": 100,
    "expected_move_usd": 113.13076479121587,
    "qty": 0.8839328557934807,
    "notional_usd": 59735.29846166763,
    "leverage": 1
  }
}