{
  "t": "2026-01-19T20:34:38.456Z",
  "spot": 93133,
  "sigma_d": 0.0015103793215637583,
  "ERI": 0.15103793215637584,
  "percentiles": {
    "p10": 0.053239858924143325,
    "p50": 0.06698888183763547,
    "p90": 0.1605505528855341
  },
  "ema": {
    "fast": 0.022124370342583244,
    "slow": 0.015938722556280302,
    "fast_period": 20,
    "slow_period": 100
  },
  "etv": {
    "horizon_days": 1,
    "risk_budget_usd": 100,
    "expected_move_usd": 140.6661573551975,
    "qty": 0.7109030478986429,
    "notional_usd": 66208.5335599443,
    "leverage": 1
  }
}