{
  "t": "2026-06-30T14:39:14.428Z",
  "spot": 58656,
  "sigma_d": 0.0015014562261834793,
  "ERI": 0.15014562261834793,
  "percentiles": {
    "p10": 0.05392230850878508,
    "p50": 0.14305779062751967,
    "p90": 0.19868732007533244
  },
  "ema": {
    "fast": 0.019112569834134757,
    "slow": 0.020603323681293858,
    "fast_period": 20,
    "slow_period": 100
  },
  "etv": {
    "horizon_days": 1,
    "risk_budget_usd": 100,
    "expected_move_usd": 88.06941640301815,
    "qty": 1.1354679533969636,
    "notional_usd": 66602.0082744523,
    "leverage": 1
  }
}