{
  "t": "2025-12-24T10:33:49.683Z",
  "spot": 87019,
  "sigma_d": 0.0012742292029444215,
  "ERI": 0.12742292029444213,
  "percentiles": {
    "p10": 0.05348961193671695,
    "p50": 0.05911801257885456,
    "p90": 0.16580245472706595
  },
  "ema": {
    "fast": 0.02537979502189679,
    "slow": 0.02156056328217256,
    "fast_period": 20,
    "slow_period": 100
  },
  "etv": {
    "horizon_days": 1,
    "risk_budget_usd": 100,
    "expected_move_usd": 110.88215101102061,
    "qty": 0.9018584063188039,
    "notional_usd": 78478.81665945599,
    "leverage": 1
  }
}