{
  "t": "2025-10-07T03:37:24.007Z",
  "spot": 124272,
  "sigma_d": 0.000535116671395563,
  "ERI": 0.0535116671395563,
  "percentiles": {
    "p10": 0.053037795264180385,
    "p50": 0.06946722344949435,
    "p90": 0.1646905743578683
  },
  "ema": {
    "fast": 0.013230278876377215,
    "slow": 0.016069202119280375,
    "fast_period": 20,
    "slow_period": 100
  },
  "etv": {
    "horizon_days": 1,
    "risk_budget_usd": 100,
    "expected_move_usd": 66.5000189876694,
    "qty": 1.5037589691296516,
    "notional_usd": 186875.13461168006,
    "leverage": 1
  }
}