{
  "t": "2025-12-11T17:37:49.245Z",
  "spot": 90032,
  "sigma_d": 0.0005327702221904808,
  "ERI": 0.05327702221904808,
  "percentiles": {
    "p10": 0.053551471445083224,
    "p50": 0.17435476713626263,
    "p90": 0.2363877997195679
  },
  "ema": {
    "fast": 0.013771999440164093,
    "slow": 0.023402370882906406,
    "fast_period": 20,
    "slow_period": 100
  },
  "etv": {
    "horizon_days": 1,
    "risk_budget_usd": 100,
    "expected_move_usd": 47.966368644253365,
    "qty": 2.0847940510497778,
    "notional_usd": 187698.17800411358,
    "leverage": 1
  }
}