{
  "t": "2026-06-23T21:04:53.098Z",
  "spot": 62419,
  "sigma_d": 0.000723931919096796,
  "ERI": 0.0723931919096796,
  "percentiles": {
    "p10": 0.05373280586965143,
    "p50": 0.143493231688732,
    "p90": 0.19868732007533244
  },
  "ema": {
    "fast": 0.01443512332000086,
    "slow": 0.02074735892610338,
    "fast_period": 20,
    "slow_period": 100
  },
  "etv": {
    "horizon_days": 1,
    "risk_budget_usd": 100,
    "expected_move_usd": 45.18710645810291,
    "qty": 2.21302065651668,
    "notional_usd": 138134.53635911463,
    "leverage": 1
  }
}