{
  "t": "2026-04-28T11:58:15.307Z",
  "spot": 76191,
  "sigma_d": 0.0005494334209541639,
  "ERI": 0.05494334209541639,
  "percentiles": {
    "p10": 0.05383554500253685,
    "p50": 0.07728945292959156,
    "p90": 0.17216830971262903
  },
  "ema": {
    "fast": 0.02140533931164709,
    "slow": 0.018227073751070123,
    "fast_period": 20,
    "slow_period": 100
  },
  "etv": {
    "horizon_days": 1,
    "risk_budget_usd": 100,
    "expected_move_usd": 41.861881775918704,
    "qty": 2.388808045832416,
    "notional_usd": 182005.6738200176,
    "leverage": 1
  }
}