{
  "t": "2025-09-08T11:22:29.266Z",
  "spot": 111932,
  "sigma_d": 0.0005290473176368538,
  "ERI": 0.05290473176368538,
  "percentiles": {
    "p10": 0.0532981745368935,
    "p50": 0.13199855189431645,
    "p90": 0.17365635536689994
  },
  "ema": {
    "fast": 0.02691818819581351,
    "slow": 0.024136484056119453,
    "fast_period": 20,
    "slow_period": 100
  },
  "etv": {
    "horizon_days": 1,
    "risk_budget_usd": 100,
    "expected_move_usd": 59.21732435772832,
    "qty": 1.6886950074931784,
    "notional_usd": 189019.00957872643,
    "leverage": 1
  }
}