{
  "t": "2026-02-11T21:44:37.950Z",
  "spot": 67958,
  "sigma_d": 0.0005373308941439504,
  "ERI": 0.053733089414395044,
  "percentiles": {
    "p10": 0.053580205191397896,
    "p50": 0.12173046328620077,
    "p90": 0.21384409615990388
  },
  "ema": {
    "fast": 0.03487859814648558,
    "slow": 0.0363353677774898,
    "fast_period": 20,
    "slow_period": 100
  },
  "etv": {
    "horizon_days": 1,
    "risk_budget_usd": 100,
    "expected_move_usd": 36.51593290423458,
    "qty": 2.7385306097000597,
    "notional_usd": 186105.06317399666,
    "leverage": 1
  }
}