{
  "t": "2025-09-29T13:35:49.214Z",
  "spot": 112189,
  "sigma_d": 0.0005326528211537908,
  "ERI": 0.05326528211537908,
  "percentiles": {
    "p10": 0.05322945668202922,
    "p50": 0.07915004630018858,
    "p90": 0.1613351633269198
  },
  "ema": {
    "fast": 0.01908017158349303,
    "slow": 0.023540231665402714,
    "fast_period": 20,
    "slow_period": 100
  },
  "etv": {
    "horizon_days": 1,
    "risk_budget_usd": 100,
    "expected_move_usd": 59.75778735242263,
    "qty": 1.6734220664873047,
    "notional_usd": 187739.54821714424,
    "leverage": 1
  }
}