{
  "t": "2025-10-29T13:39:47.939Z",
  "spot": 113149,
  "sigma_d": 0.0015715455705090798,
  "ERI": 0.15715455705090797,
  "percentiles": {
    "p10": 0.05333903843381573,
    "p50": 0.08334121322048496,
    "p90": 0.16627302273485584
  },
  "ema": {
    "fast": 0.02301141464792015,
    "slow": 0.019101067524277905,
    "fast_period": 20,
    "slow_period": 100
  },
  "etv": {
    "horizon_days": 1,
    "risk_budget_usd": 100,
    "expected_move_usd": 177.81880975753188,
    "qty": 0.5623702022095235,
    "notional_usd": 63631.626009805375,
    "leverage": 1
  }
}