{
  "t": "2025-11-26T13:01:21.442Z",
  "spot": 86633,
  "sigma_d": 0.0009044157973754154,
  "ERI": 0.09044157973754154,
  "percentiles": {
    "p10": 0.053251055307540374,
    "p50": 0.1087414702157155,
    "p90": 0.17150051085280027
  },
  "ema": {
    "fast": 0.02811612377625492,
    "slow": 0.02417649609468409,
    "fast_period": 20,
    "slow_period": 100
  },
  "etv": {
    "horizon_days": 1,
    "risk_budget_usd": 100,
    "expected_move_usd": 78.35225377402436,
    "qty": 1.276287473343267,
    "notional_usd": 110568.61267814724,
    "leverage": 1
  }
}