{
  "t": "2025-10-07T03:03:31.063Z",
  "spot": 124355,
  "sigma_d": 0.0005396208173759135,
  "ERI": 0.053962081737591344,
  "percentiles": {
    "p10": 0.053037795264180385,
    "p50": 0.06975728392802164,
    "p90": 0.1646905743578683
  },
  "ema": {
    "fast": 0.013546793531547148,
    "slow": 0.016187299340836285,
    "fast_period": 20,
    "slow_period": 100
  },
  "etv": {
    "horizon_days": 1,
    "risk_budget_usd": 100,
    "expected_move_usd": 67.10454674478171,
    "qty": 1.490211987875119,
    "notional_usd": 185315.31175221043,
    "leverage": 1
  }
}