{
  "t": "2025-12-11T07:32:16.939Z",
  "spot": 90156,
  "sigma_d": 0.0005388729005626655,
  "ERI": 0.05388729005626655,
  "percentiles": {
    "p10": 0.0537490323795828,
    "p50": 0.17447902662563997,
    "p90": 0.2363877997195679
  },
  "ema": {
    "fast": 0.019773627665880547,
    "slow": 0.02630192687777638,
    "fast_period": 20,
    "slow_period": 100
  },
  "etv": {
    "horizon_days": 1,
    "risk_budget_usd": 100,
    "expected_move_usd": 48.58262522312767,
    "qty": 2.058349040232498,
    "notional_usd": 185572.5160712011,
    "leverage": 1
  }
}