{
  "t": "2025-11-06T06:42:00.757Z",
  "spot": 103355,
  "sigma_d": 0.001680402062753641,
  "ERI": 0.1680402062753641,
  "percentiles": {
    "p10": 0.053203071539855706,
    "p50": 0.06679158862674764,
    "p90": 0.17438267887051415
  },
  "ema": {
    "fast": 0.02650840353179378,
    "slow": 0.02051145412770826,
    "fast_period": 20,
    "slow_period": 100
  },
  "etv": {
    "horizon_days": 1,
    "risk_budget_usd": 100,
    "expected_move_usd": 173.67795519590257,
    "qty": 0.5757783127237049,
    "notional_usd": 59509.567511558525,
    "leverage": 1
  }
}