{
  "t": "2025-12-19T15:32:38.713Z",
  "spot": 88002,
  "sigma_d": 0.0005363429357602576,
  "ERI": 0.053634293576025754,
  "percentiles": {
    "p10": 0.053432222807870106,
    "p50": 0.058313231436459896,
    "p90": 0.169279863518407
  },
  "ema": {
    "fast": 0.01603364543970551,
    "slow": 0.01646420271983994,
    "fast_period": 20,
    "slow_period": 100
  },
  "etv": {
    "horizon_days": 1,
    "risk_budget_usd": 100,
    "expected_move_usd": 47.199251032774185,
    "qty": 2.1186776868675747,
    "notional_usd": 186447.8737997203,
    "leverage": 1
  }
}