{
  "t": "2026-05-26T16:50:46.544Z",
  "spot": 76442,
  "sigma_d": 0.0006051799062004439,
  "ERI": 0.060517990620044385,
  "percentiles": {
    "p10": 0.053754352298807394,
    "p50": 0.1055474889946683,
    "p90": 0.17136324826956448
  },
  "ema": {
    "fast": 0.023337722354424155,
    "slow": 0.022091157635788283,
    "fast_period": 20,
    "slow_period": 100
  },
  "etv": {
    "horizon_days": 1,
    "risk_budget_usd": 100,
    "expected_move_usd": 46.26116238977433,
    "qty": 2.161640452469569,
    "notional_usd": 165240.1194676788,
    "leverage": 1
  }
}