{
  "t": "2026-06-17T15:59:02.911Z",
  "spot": 65680,
  "sigma_d": 0.0012937114276245427,
  "ERI": 0.12937114276245426,
  "percentiles": {
    "p10": 0.05361473050864841,
    "p50": 0.1396116996020228,
    "p90": 0.19868732007533244
  },
  "ema": {
    "fast": 0.026834249423562037,
    "slow": 0.025910993510278903,
    "fast_period": 20,
    "slow_period": 100
  },
  "etv": {
    "horizon_days": 1,
    "risk_budget_usd": 100,
    "expected_move_usd": 84.97096656637996,
    "qty": 1.17687257237305,
    "notional_usd": 77296.99055346192,
    "leverage": 1
  }
}