{
  "t": "2026-03-26T17:16:08.814Z",
  "spot": 68901,
  "sigma_d": 0.0017818233159230773,
  "ERI": 0.17818233159230773,
  "percentiles": {
    "p10": 0.054559859531896064,
    "p50": 0.07420465026019096,
    "p90": 0.1781806660837669
  },
  "ema": {
    "fast": 0.02278006283011028,
    "slow": 0.020340187968254323,
    "fast_period": 20,
    "slow_period": 100
  },
  "etv": {
    "horizon_days": 1,
    "risk_budget_usd": 100,
    "expected_move_usd": 122.76940829041595,
    "qty": 0.8145351630550014,
    "notional_usd": 56122.287269652654,
    "leverage": 1
  }
}