{
  "t": "2025-12-19T06:46:06.730Z",
  "spot": 87008,
  "sigma_d": 0.0005354289679013924,
  "ERI": 0.05354289679013924,
  "percentiles": {
    "p10": 0.053432222807870106,
    "p50": 0.059232800531953345,
    "p90": 0.19644302740232308
  },
  "ema": {
    "fast": 0.015286341650838742,
    "slow": 0.016292132970374653,
    "fast_period": 20,
    "slow_period": 100
  },
  "etv": {
    "horizon_days": 1,
    "risk_budget_usd": 100,
    "expected_move_usd": 46.58660363916435,
    "qty": 2.1465398245072356,
    "notional_usd": 186766.13705072555,
    "leverage": 1
  }
}