{
  "t": "2025-12-25T14:31:02.867Z",
  "spot": 87523,
  "sigma_d": 0.0015975824696647224,
  "ERI": 0.15975824696647226,
  "percentiles": {
    "p10": 0.053513537385819904,
    "p50": 0.07765288350102216,
    "p90": 0.16845248536397592
  },
  "ema": {
    "fast": 0.029913391793874505,
    "slow": 0.024930755244869124,
    "fast_period": 20,
    "slow_period": 100
  },
  "etv": {
    "horizon_days": 1,
    "risk_budget_usd": 100,
    "expected_move_usd": 139.8252104924655,
    "qty": 0.7151786122674103,
    "notional_usd": 62594.57768148055,
    "leverage": 1
  }
}