{
  "t": "2026-03-14T20:40:58.631Z",
  "spot": 70766,
  "sigma_d": 0.0015423945727392615,
  "ERI": 0.15423945727392616,
  "percentiles": {
    "p10": 0.054315493939741846,
    "p50": 0.11914563596688335,
    "p90": 0.19734676601485696
  },
  "ema": {
    "fast": 0.030647590983067165,
    "slow": 0.024290404171112712,
    "fast_period": 20,
    "slow_period": 100
  },
  "etv": {
    "horizon_days": 1,
    "risk_budget_usd": 100,
    "expected_move_usd": 109.14909433446658,
    "qty": 0.9161780096275383,
    "notional_usd": 64834.253029302374,
    "leverage": 1
  }
}