{
  "t": "2025-09-09T01:59:54.827Z",
  "spot": 111426,
  "sigma_d": 0.0018020827493157574,
  "ERI": 0.18020827493157573,
  "percentiles": {
    "p10": 0.05319616046757393,
    "p50": 0.12756407832288508,
    "p90": 0.17354966479605818
  },
  "ema": {
    "fast": 0.01735739149876341,
    "slow": 0.021541094706124638,
    "fast_period": 20,
    "slow_period": 100
  },
  "etv": {
    "horizon_days": 1,
    "risk_budget_usd": 100,
    "expected_move_usd": 200.7988724252576,
    "qty": 0.4980107646631458,
    "notional_usd": 55491.34746335568,
    "leverage": 1
  }
}