{
  "t": "2026-04-24T11:18:37.011Z",
  "spot": 78177,
  "sigma_d": 0.0005457290528911817,
  "ERI": 0.054572905289118165,
  "percentiles": {
    "p10": 0.05391434436913759,
    "p50": 0.07903926748637044,
    "p90": 0.18339899292031608
  },
  "ema": {
    "fast": 0.017338550611867273,
    "slow": 0.01774025689708132,
    "fast_period": 20,
    "slow_period": 100
  },
  "etv": {
    "horizon_days": 1,
    "risk_budget_usd": 100,
    "expected_move_usd": 42.66346016787391,
    "qty": 2.3439261514775396,
    "notional_usd": 183241.11474405963,
    "leverage": 1
  }
}