{
  "t": "2026-04-21T23:48:24.212Z",
  "spot": 76271,
  "sigma_d": 0.0005616988673791773,
  "ERI": 0.05616988673791773,
  "percentiles": {
    "p10": 0.05396307257852172,
    "p50": 0.08214756002021256,
    "p90": 0.1883248268772469
  },
  "ema": {
    "fast": 0.014719277980250764,
    "slow": 0.017722214213885288,
    "fast_period": 20,
    "slow_period": 100
  },
  "etv": {
    "horizon_days": 1,
    "risk_budget_usd": 100,
    "expected_move_usd": 42.84133431387723,
    "qty": 2.334194338284367,
    "notional_usd": 178031.33637528695,
    "leverage": 1
  }
}