{
  "t": "2026-03-31T03:25:25.735Z",
  "spot": 67800,
  "sigma_d": 0.001832983300927634,
  "ERI": 0.1832983300927634,
  "percentiles": {
    "p10": 0.054559859531896064,
    "p50": 0.08162431188657016,
    "p90": 0.17810057923773376
  },
  "ema": {
    "fast": 0.0283527895873717,
    "slow": 0.024324334318540905,
    "fast_period": 20,
    "slow_period": 100
  },
  "etv": {
    "horizon_days": 1,
    "risk_budget_usd": 100,
    "expected_move_usd": 124.27626780289359,
    "qty": 0.8046588601985009,
    "notional_usd": 54555.870721458356,
    "leverage": 1
  }
}