{
  "t": "2025-12-27T09:30:10.796Z",
  "spot": 87508,
  "sigma_d": 0.0016059920610156037,
  "ERI": 0.16059920610156037,
  "percentiles": {
    "p10": 0.05352227907516325,
    "p50": 0.09643121972567933,
    "p90": 0.168844288009431
  },
  "ema": {
    "fast": 0.028151703963148887,
    "slow": 0.02481128045860245,
    "fast_period": 20,
    "slow_period": 100
  },
  "etv": {
    "horizon_days": 1,
    "risk_budget_usd": 100,
    "expected_move_usd": 140.53715327535346,
    "qty": 0.7115556112344947,
    "notional_usd": 62266.80842790817,
    "leverage": 1
  }
}