{
  "t": "2025-11-16T12:51:27.644Z",
  "spot": 95729,
  "sigma_d": 0.0006811822859493828,
  "ERI": 0.06811822859493828,
  "percentiles": {
    "p10": 0.05326218894531003,
    "p50": 0.05964898786323708,
    "p90": 0.1494451189889508
  },
  "ema": {
    "fast": 0.013514814503044904,
    "slow": 0.01494681757939799,
    "fast_period": 20,
    "slow_period": 100
  },
  "etv": {
    "horizon_days": 1,
    "risk_budget_usd": 100,
    "expected_move_usd": 65.20889905164846,
    "qty": 1.533533021632452,
    "notional_usd": 146803.582627853,
    "leverage": 1
  }
}