{
  "t": "2025-09-24T13:34:52.318Z",
  "spot": 113065,
  "sigma_d": 0.0013344214736117194,
  "ERI": 0.13344214736117194,
  "percentiles": {
    "p10": 0.05307665496401791,
    "p50": 0.057795007155739514,
    "p90": 0.1276850144193757
  },
  "ema": {
    "fast": 0.016628311587904874,
    "slow": 0.014903586864560845,
    "fast_period": 20,
    "slow_period": 100
  },
  "etv": {
    "horizon_days": 1,
    "risk_budget_usd": 100,
    "expected_move_usd": 150.87636391390905,
    "qty": 0.6627943397221622,
    "notional_usd": 74938.84202068626,
    "leverage": 1
  }
}