{
  "t": "2026-03-22T05:23:01.906Z",
  "spot": 69216,
  "sigma_d": 0.0005708058332450952,
  "ERI": 0.05708058332450952,
  "percentiles": {
    "p10": 0.054484500135043024,
    "p50": 0.08048350358252519,
    "p90": 0.18579135225810978
  },
  "ema": {
    "fast": 0.01716692997207128,
    "slow": 0.01906268878329814,
    "fast_period": 20,
    "slow_period": 100
  },
  "etv": {
    "horizon_days": 1,
    "risk_budget_usd": 100,
    "expected_move_usd": 39.508896553892505,
    "qty": 2.5310754974792578,
    "notional_usd": 175190.9216335243,
    "leverage": 1
  }
}