{
  "t": "2026-05-15T16:58:41.868Z",
  "spot": 79235,
  "sigma_d": 0.0005489005117965715,
  "ERI": 0.05489005117965715,
  "percentiles": {
    "p10": 0.05382125204974935,
    "p50": 0.07328675899571194,
    "p90": 0.16858564388101388
  },
  "ema": {
    "fast": 0.019550555768639254,
    "slow": 0.02158244237449285,
    "fast_period": 20,
    "slow_period": 100
  },
  "etv": {
    "horizon_days": 1,
    "risk_budget_usd": 100,
    "expected_move_usd": 43.49213205220135,
    "qty": 2.2992664484687757,
    "notional_usd": 182182.37704442345,
    "leverage": 1
  }
}