{
  "t": "2025-12-12T13:01:47.116Z",
  "spot": 92408,
  "sigma_d": 0.0006329633989975334,
  "ERI": 0.06329633989975335,
  "percentiles": {
    "p10": 0.053526531170064326,
    "p50": 0.15331585451599158,
    "p90": 0.2363877997195679
  },
  "ema": {
    "fast": 0.013066710903213052,
    "slow": 0.020490749571351764,
    "fast_period": 20,
    "slow_period": 100
  },
  "etv": {
    "horizon_days": 1,
    "risk_budget_usd": 100,
    "expected_move_usd": 58.490881774564066,
    "qty": 1.709668190427025,
    "notional_usd": 157987.01814098054,
    "leverage": 1
  }
}