{
  "t": "2026-03-07T02:41:36.677Z",
  "spot": 68131,
  "sigma_d": 0.000552635482374445,
  "ERI": 0.0552635482374445,
  "percentiles": {
    "p10": 0.05401325548405414,
    "p50": 0.11455214854591544,
    "p90": 0.20189378349581943
  },
  "ema": {
    "fast": 0.019113872872720983,
    "slow": 0.022895738353408888,
    "fast_period": 20,
    "slow_period": 100
  },
  "etv": {
    "horizon_days": 1,
    "risk_budget_usd": 100,
    "expected_move_usd": 37.65160804965331,
    "qty": 2.655929060669184,
    "notional_usd": 180951.10283245216,
    "leverage": 1
  }
}