{
  "t": "2026-05-11T16:09:46.488Z",
  "spot": 81460,
  "sigma_d": 0.000900743604486129,
  "ERI": 0.0900743604486129,
  "percentiles": {
    "p10": 0.05382265092149636,
    "p50": 0.06705326137325243,
    "p90": 0.16518731730230476
  },
  "ema": {
    "fast": 0.021931538544280947,
    "slow": 0.020720237757758077,
    "fast_period": 20,
    "slow_period": 100
  },
  "etv": {
    "horizon_days": 1,
    "risk_budget_usd": 100,
    "expected_move_usd": 73.37457402144007,
    "qty": 1.3628699223627516,
    "notional_usd": 111019.38387566975,
    "leverage": 1
  }
}