{
  "t": "2025-09-20T08:31:23.247Z",
  "spot": 115851,
  "sigma_d": 0.0012054204738826515,
  "ERI": 0.12054204738826514,
  "percentiles": {
    "p10": 0.05299134663690133,
    "p50": 0.056591805624898135,
    "p90": 0.15480517924503734
  },
  "ema": {
    "fast": 0.01374345369070674,
    "slow": 0.013575042529446066,
    "fast_period": 20,
    "slow_period": 100
  },
  "etv": {
    "horizon_days": 1,
    "risk_budget_usd": 100,
    "expected_move_usd": 139.64916731977905,
    "qty": 0.7160801737615274,
    "notional_usd": 82958.60421044672,
    "leverage": 1
  }
}