{
  "t": "2026-03-12T11:39:03.568Z",
  "spot": 70579,
  "sigma_d": 0.0015426778847945858,
  "ERI": 0.15426778847945857,
  "percentiles": {
    "p10": 0.054270929683564076,
    "p50": 0.12552066687733746,
    "p90": 0.20031514986304544
  },
  "ema": {
    "fast": 0.019540740626646767,
    "slow": 0.023012100336300426,
    "fast_period": 20,
    "slow_period": 100
  },
  "etv": {
    "horizon_days": 1,
    "risk_budget_usd": 100,
    "expected_move_usd": 108.88066243091707,
    "qty": 0.918436734010948,
    "notional_usd": 64822.3462497587,
    "leverage": 1
  }
}