{
  "t": "2025-10-29T19:22:47.605Z",
  "spot": 111052,
  "sigma_d": 0.0015285932698107963,
  "ERI": 0.15285932698107962,
  "percentiles": {
    "p10": 0.05332822699214965,
    "p50": 0.07996762469613919,
    "p90": 0.16627302273485584
  },
  "ema": {
    "fast": 0.021916717728093553,
    "slow": 0.01919976955250952,
    "fast_period": 20,
    "slow_period": 100
  },
  "etv": {
    "horizon_days": 1,
    "risk_budget_usd": 100,
    "expected_move_usd": 169.75333979902854,
    "qty": 0.5890900297949383,
    "notional_usd": 65419.62598878749,
    "leverage": 1
  }
}