{
  "t": "2026-05-02T20:55:01.856Z",
  "spot": 78436,
  "sigma_d": 0.0006879158919258888,
  "ERI": 0.06879158919258888,
  "percentiles": {
    "p10": 0.05384901722666843,
    "p50": 0.06453128013694653,
    "p90": 0.1568619937354151
  },
  "ema": {
    "fast": 0.012769851885849863,
    "slow": 0.01572028412978265,
    "fast_period": 20,
    "slow_period": 100
  },
  "etv": {
    "horizon_days": 1,
    "risk_budget_usd": 100,
    "expected_move_usd": 53.95737089909902,
    "qty": 1.8533149101538193,
    "notional_usd": 145366.60829282497,
    "leverage": 1
  }
}