{
  "t": "2025-12-26T07:31:31.508Z",
  "spot": 89339,
  "sigma_d": 0.0016329291257372882,
  "ERI": 0.16329291257372883,
  "percentiles": {
    "p10": 0.05347560023185655,
    "p50": 0.09140189279267638,
    "p90": 0.16896380694936142
  },
  "ema": {
    "fast": 0.024460272683345247,
    "slow": 0.02387257714353019,
    "fast_period": 20,
    "slow_period": 100
  },
  "etv": {
    "horizon_days": 1,
    "risk_budget_usd": 100,
    "expected_move_usd": 145.8842551642436,
    "qty": 0.6854749327637526,
    "notional_usd": 61239.64501818089,
    "leverage": 1
  }
}