{
  "t": "2026-05-12T22:20:43.508Z",
  "spot": 80640,
  "sigma_d": 0.0016046420253225538,
  "ERI": 0.16046420253225538,
  "percentiles": {
    "p10": 0.05382265092149636,
    "p50": 0.07049161053478306,
    "p90": 0.16692543694463846
  },
  "ema": {
    "fast": 0.024403048396555865,
    "slow": 0.021667251175562098,
    "fast_period": 20,
    "slow_period": 100
  },
  "etv": {
    "horizon_days": 1,
    "risk_budget_usd": 100,
    "expected_move_usd": 129.39833292201075,
    "qty": 0.7728074832329616,
    "notional_usd": 62319.19544790602,
    "leverage": 1
  }
}