{
  "t": "2026-01-11T08:38:03.792Z",
  "spot": 90650,
  "sigma_d": 0.0013752443871796068,
  "ERI": 0.1375244387179607,
  "percentiles": {
    "p10": 0.05340456198130164,
    "p50": 0.1390243472559169,
    "p90": 0.1987794020330305
  },
  "ema": {
    "fast": 0.019012990627244906,
    "slow": 0.02122559237708812,
    "fast_period": 20,
    "slow_period": 100
  },
  "etv": {
    "horizon_days": 1,
    "risk_budget_usd": 100,
    "expected_move_usd": 124.66590369783135,
    "qty": 0.8021439466109574,
    "notional_usd": 72714.34876028329,
    "leverage": 1
  }
}