{
  "t": "2025-10-17T16:33:59.590Z",
  "spot": 106771,
  "sigma_d": 0.0013730666607066008,
  "ERI": 0.13730666607066008,
  "percentiles": {
    "p10": 0.053395721871796115,
    "p50": 0.06383711817251947,
    "p90": 0.1734841896653029
  },
  "ema": {
    "fast": 0.015522311600188311,
    "slow": 0.01672645551313544,
    "fast_period": 20,
    "slow_period": 100
  },
  "etv": {
    "horizon_days": 1,
    "risk_budget_usd": 100,
    "expected_move_usd": 146.60370043030449,
    "qty": 0.6821110224809098,
    "notional_usd": 72829.67598130922,
    "leverage": 1
  }
}