{
  "t": "2025-11-12T07:28:11.714Z",
  "spot": 103437,
  "sigma_d": 0.000639826788434179,
  "ERI": 0.06398267884341789,
  "percentiles": {
    "p10": 0.05326757576903583,
    "p50": 0.05913840403264051,
    "p90": 0.16504340115128893
  },
  "ema": {
    "fast": 0.01323922789943718,
    "slow": 0.014995003637917939,
    "fast_period": 20,
    "slow_period": 100
  },
  "etv": {
    "horizon_days": 1,
    "risk_budget_usd": 100,
    "expected_move_usd": 66.18176351526617,
    "qty": 1.510990259075417,
    "notional_usd": 156292.2994279839,
    "leverage": 1
  }
}