{
  "t": "2026-04-02T03:21:46.852Z",
  "spot": 66723,
  "sigma_d": 0.001812184860551309,
  "ERI": 0.18121848605513088,
  "percentiles": {
    "p10": 0.05452403731817776,
    "p50": 0.07822225994217459,
    "p90": 0.1805426406810253
  },
  "ema": {
    "fast": 0.02400767003567415,
    "slow": 0.028225175627886345,
    "fast_period": 20,
    "slow_period": 100
  },
  "etv": {
    "horizon_days": 1,
    "risk_budget_usd": 100,
    "expected_move_usd": 120.91441045056499,
    "qty": 0.8270312829328503,
    "notional_usd": 55182.00829112857,
    "leverage": 1
  }
}