{
  "t": "2026-02-08T07:47:38.874Z",
  "spot": 69484,
  "sigma_d": 0.0016944399412287012,
  "ERI": 0.16944399412287012,
  "percentiles": {
    "p10": 0.053325303755698696,
    "p50": 0.11635422505462706,
    "p90": 0.20354090018186194
  },
  "ema": {
    "fast": 0.022812138745706416,
    "slow": 0.025418170128534066,
    "fast_period": 20,
    "slow_period": 100
  },
  "etv": {
    "horizon_days": 1,
    "risk_budget_usd": 100,
    "expected_move_usd": 117.73646487633508,
    "qty": 0.8493545317929782,
    "notional_usd": 59016.550287103295,
    "leverage": 1
  }
}