{
  "t": "2026-01-01T08:40:19.572Z",
  "spot": 87608,
  "sigma_d": 0.0017725977417941653,
  "ERI": 0.17725977417941652,
  "percentiles": {
    "p10": 0.054086810364974494,
    "p50": 0.15273999320610962,
    "p90": 0.17868466047654455
  },
  "ema": {
    "fast": 0.03012036538485491,
    "slow": 0.026497840948397123,
    "fast_period": 20,
    "slow_period": 100
  },
  "etv": {
    "horizon_days": 1,
    "risk_budget_usd": 100,
    "expected_move_usd": 155.29374296310323,
    "qty": 0.6439409475999258,
    "notional_usd": 56414.3785373343,
    "leverage": 1
  }
}