{
  "t": "2025-10-14T08:34:12.040Z",
  "spot": 112152,
  "sigma_d": 0.0005415678922596863,
  "ERI": 0.054156789225968636,
  "percentiles": {
    "p10": 0.05308652468458865,
    "p50": 0.060121818415294334,
    "p90": 0.17889867710438903
  },
  "ema": {
    "fast": 0.014496739967754812,
    "slow": 0.017162551139935475,
    "fast_period": 20,
    "slow_period": 100
  },
  "etv": {
    "horizon_days": 1,
    "risk_budget_usd": 100,
    "expected_move_usd": 60.737922252708344,
    "qty": 1.6464178603926631,
    "notional_usd": 184649.05587875796,
    "leverage": 1
  }
}