{
  "t": "2025-10-23T12:58:22.172Z",
  "spot": 109103,
  "sigma_d": 0.0013811435399854462,
  "ERI": 0.1381143539985446,
  "percentiles": {
    "p10": 0.05345662302416434,
    "p50": 0.06914306701103276,
    "p90": 0.15430131115786874
  },
  "ema": {
    "fast": 0.021581976761222258,
    "slow": 0.017800819044222295,
    "fast_period": 20,
    "slow_period": 100
  },
  "etv": {
    "horizon_days": 1,
    "risk_budget_usd": 100,
    "expected_move_usd": 150.68690364303214,
    "qty": 0.6636276782015095,
    "notional_usd": 72403.77057481928,
    "leverage": 1
  }
}