{
  "t": "2025-11-09T13:30:04.485Z",
  "spot": 102468,
  "sigma_d": 0.0006387495240403788,
  "ERI": 0.06387495240403787,
  "percentiles": {
    "p10": 0.05325364294364326,
    "p50": 0.07232678897177433,
    "p90": 0.17405962265194586
  },
  "ema": {
    "fast": 0.01663530060225208,
    "slow": 0.017240446646569076,
    "fast_period": 20,
    "slow_period": 100
  },
  "etv": {
    "horizon_days": 1,
    "risk_budget_usd": 100,
    "expected_move_usd": 65.45138622936953,
    "qty": 1.5278515209679044,
    "notional_usd": 156555.88965053923,
    "leverage": 1
  }
}