{
  "t": "2026-01-27T09:44:30.914Z",
  "spot": 87895,
  "sigma_d": 0.0018832243578601044,
  "ERI": 0.18832243578601043,
  "percentiles": {
    "p10": 0.05320074318355092,
    "p50": 0.11373756091506383,
    "p90": 0.17715036004406545
  },
  "ema": {
    "fast": 0.01962977071699186,
    "slow": 0.02315777372334719,
    "fast_period": 20,
    "slow_period": 100
  },
  "etv": {
    "horizon_days": 1,
    "risk_budget_usd": 100,
    "expected_move_usd": 165.52600493411387,
    "qty": 0.6041346798637718,
    "notional_usd": 53100.41768662622,
    "leverage": 1
  }
}