{
  "t": "2026-03-17T10:06:03.449Z",
  "spot": 73937,
  "sigma_d": 0.0005416940074561443,
  "ERI": 0.05416940074561443,
  "percentiles": {
    "p10": 0.054519215810150484,
    "p50": 0.11789423201361823,
    "p90": 0.19734676601485696
  },
  "ema": {
    "fast": 0.017087072509261815,
    "slow": 0.020911597433619103,
    "fast_period": 20,
    "slow_period": 100
  },
  "etv": {
    "horizon_days": 1,
    "risk_budget_usd": 100,
    "expected_move_usd": 40.05122982928494,
    "qty": 2.496802231198436,
    "notional_usd": 184606.06656811878,
    "leverage": 1
  }
}