{
  "t": "2026-02-12T17:14:20.532Z",
  "spot": 65695,
  "sigma_d": 0.0015504941743409932,
  "ERI": 0.1550494174340993,
  "percentiles": {
    "p10": 0.053937605734690974,
    "p50": 0.12938787957023173,
    "p90": 0.21384409615990388
  },
  "ema": {
    "fast": 0.027034071648575145,
    "slow": 0.03367759742126288,
    "fast_period": 20,
    "slow_period": 100
  },
  "etv": {
    "horizon_days": 1,
    "risk_budget_usd": 100,
    "expected_move_usd": 101.85971478333154,
    "qty": 0.9817423916090146,
    "notional_usd": 64495.56641675421,
    "leverage": 1
  }
}