{
  "t": "2025-11-21T06:43:31.981Z",
  "spot": 85551,
  "sigma_d": 0.0006456638029718392,
  "ERI": 0.06456638029718392,
  "percentiles": {
    "p10": 0.053219647115979735,
    "p50": 0.06105204284144394,
    "p90": 0.15470437097997478
  },
  "ema": {
    "fast": 0.018646782741631125,
    "slow": 0.020062693892391122,
    "fast_period": 20,
    "slow_period": 100
  },
  "etv": {
    "horizon_days": 1,
    "risk_budget_usd": 100,
    "expected_move_usd": 55.23718400804381,
    "qty": 1.8103746922623298,
    "notional_usd": 154879.3652977346,
    "leverage": 1
  }
}