{
  "t": "2025-12-14T13:34:15.473Z",
  "spot": 89257,
  "sigma_d": 0.0005541480756654444,
  "ERI": 0.05541480756654443,
  "percentiles": {
    "p10": 0.053526531170064326,
    "p50": 0.11796545585699258,
    "p90": 0.23609114079235086
  },
  "ema": {
    "fast": 0.012602647450010971,
    "slow": 0.01568997597000445,
    "fast_period": 20,
    "slow_period": 100
  },
  "etv": {
    "horizon_days": 1,
    "risk_budget_usd": 100,
    "expected_move_usd": 49.46159478967057,
    "qty": 2.02177063689996,
    "notional_usd": 180457.18173777973,
    "leverage": 1
  }
}