{
  "t": "2026-03-31T23:46:16.823Z",
  "spot": 68238,
  "sigma_d": 0.0005921933898043321,
  "ERI": 0.05921933898043321,
  "percentiles": {
    "p10": 0.054574932546516984,
    "p50": 0.07910268748539961,
    "p90": 0.18004462645950223
  },
  "ema": {
    "fast": 0.038594155517066936,
    "slow": 0.030711703363963807,
    "fast_period": 20,
    "slow_period": 100
  },
  "etv": {
    "horizon_days": 1,
    "risk_budget_usd": 100,
    "expected_move_usd": 40.41009253346802,
    "qty": 2.4746293247702678,
    "notional_usd": 168863.75586367352,
    "leverage": 1
  }
}