{
  "t": "2026-01-26T08:48:53.186Z",
  "spot": 87975,
  "sigma_d": 0.0005319972301472897,
  "ERI": 0.053199723014728965,
  "percentiles": {
    "p10": 0.053155782724080586,
    "p50": 0.11348331538511958,
    "p90": 0.17387629197248322
  },
  "ema": {
    "fast": 0.023454228066047546,
    "slow": 0.02449155110912301,
    "fast_period": 20,
    "slow_period": 100
  },
  "etv": {
    "horizon_days": 1,
    "risk_budget_usd": 100,
    "expected_move_usd": 46.80245632220781,
    "qty": 2.1366399940968464,
    "notional_usd": 187970.90348067007,
    "leverage": 1
  }
}