{
  "t": "2026-01-17T19:23:51.266Z",
  "spot": 95313,
  "sigma_d": 0.0005490087351473794,
  "ERI": 0.05490087351473794,
  "percentiles": {
    "p10": 0.053352772125954184,
    "p50": 0.07779562994698691,
    "p90": 0.1816707398995454
  },
  "ema": {
    "fast": 0.011289336216141095,
    "slow": 0.014991402731770086,
    "fast_period": 20,
    "slow_period": 100
  },
  "etv": {
    "horizon_days": 1,
    "risk_budget_usd": 100,
    "expected_move_usd": 52.32766957310218,
    "qty": 1.9110348466846816,
    "notional_usd": 182146.46434205706,
    "leverage": 1
  }
}