{
  "t": "2026-03-07T20:37:01.453Z",
  "spot": 67279,
  "sigma_d": 0.0006353347780049981,
  "ERI": 0.06353347780049981,
  "percentiles": {
    "p10": 0.05402606095087451,
    "p50": 0.1221139041757177,
    "p90": 0.20004631532128198
  },
  "ema": {
    "fast": 0.023446863872720106,
    "slow": 0.023360678353856634,
    "fast_period": 20,
    "slow_period": 100
  },
  "etv": {
    "horizon_days": 1,
    "risk_budget_usd": 100,
    "expected_move_usd": 42.74468852939827,
    "qty": 2.339471954070354,
    "notional_usd": 157397.33359789933,
    "leverage": 1
  }
}