{
  "t": "2026-06-07T05:48:22.920Z",
  "spot": 61773,
  "sigma_d": 0.001743502194944127,
  "ERI": 0.1743502194944127,
  "percentiles": {
    "p10": 0.053588654576177557,
    "p50": 0.13464777879566403,
    "p90": 0.1912755055697345
  },
  "ema": {
    "fast": 0.027116405397733526,
    "slow": 0.027743085096608586,
    "fast_period": 20,
    "slow_period": 100
  },
  "etv": {
    "horizon_days": 1,
    "risk_budget_usd": 100,
    "expected_move_usd": 107.70136108828356,
    "qty": 0.9284933726884779,
    "notional_usd": 57355.821111085344,
    "leverage": 1
  }
}