{
  "t": "2026-02-27T11:40:50.130Z",
  "spot": 66150,
  "sigma_d": 0.0005452118300779263,
  "ERI": 0.05452118300779263,
  "percentiles": {
    "p10": 0.0538993222203514,
    "p50": 0.13775709925583685,
    "p90": 0.2043380258057758
  },
  "ema": {
    "fast": 0.021191767573867513,
    "slow": 0.022785033990968644,
    "fast_period": 20,
    "slow_period": 100
  },
  "etv": {
    "horizon_days": 1,
    "risk_budget_usd": 100,
    "expected_move_usd": 36.06576255965482,
    "qty": 2.7727127586611906,
    "notional_usd": 183414.94898543775,
    "leverage": 1
  }
}