{
  "t": "2025-10-04T11:19:31.348Z",
  "spot": 122113,
  "sigma_d": 0.0005311849409157054,
  "ERI": 0.05311849409157054,
  "percentiles": {
    "p10": 0.053077839605073104,
    "p50": 0.1223896437686114,
    "p90": 0.1646905743578683
  },
  "ema": {
    "fast": 0.012462818712113374,
    "slow": 0.01593322833970748,
    "fast_period": 20,
    "slow_period": 100
  },
  "etv": {
    "horizon_days": 1,
    "risk_budget_usd": 100,
    "expected_move_usd": 64.86458669003953,
    "qty": 1.541673278176546,
    "notional_usd": 188258.34901797256,
    "leverage": 1
  }
}