{
  "t": "2025-11-25T02:08:28.123Z",
  "spot": 87769,
  "sigma_d": 0.0019116365782539397,
  "ERI": 0.19116365782539396,
  "percentiles": {
    "p10": 0.053243001301198106,
    "p50": 0.06972702229799049,
    "p90": 0.15787144069038395
  },
  "ema": {
    "fast": 0.023020924846596694,
    "slow": 0.020307897165436146,
    "fast_period": 20,
    "slow_period": 100
  },
  "etv": {
    "horizon_days": 1,
    "risk_budget_usd": 100,
    "expected_move_usd": 167.78243083677003,
    "qty": 0.5960099606453234,
    "notional_usd": 52311.19823587939,
    "leverage": 1
  }
}