{
  "t": "2025-11-25T04:35:45.595Z",
  "spot": 88213,
  "sigma_d": 0.0005459292785342737,
  "ERI": 0.05459292785342737,
  "percentiles": {
    "p10": 0.053243001301198106,
    "p50": 0.07506628126496677,
    "p90": 0.15835363252915538
  },
  "ema": {
    "fast": 0.022819252147121386,
    "slow": 0.02038963987069429,
    "fast_period": 20,
    "slow_period": 100
  },
  "etv": {
    "horizon_days": 1,
    "risk_budget_usd": 100,
    "expected_move_usd": 48.15805944734388,
    "qty": 2.0764956301725612,
    "notional_usd": 183173.90902441213,
    "leverage": 1
  }
}