{
  "t": "2025-10-13T19:20:30.154Z",
  "spot": 115479,
  "sigma_d": 0.0006358950583880996,
  "ERI": 0.06358950583880996,
  "percentiles": {
    "p10": 0.05307968939635492,
    "p50": 0.059407791887562365,
    "p90": 0.17889867710438903
  },
  "ema": {
    "fast": 0.015275566385770413,
    "slow": 0.017582550780980602,
    "fast_period": 20,
    "slow_period": 100
  },
  "etv": {
    "horizon_days": 1,
    "risk_budget_usd": 100,
    "expected_move_usd": 73.43252544759936,
    "qty": 1.3617943736847087,
    "notional_usd": 157258.65247873648,
    "leverage": 1
  }
}