{
  "t": "2025-09-04T15:27:52.570Z",
  "spot": 109507,
  "sigma_d": 0.0017105762190065515,
  "ERI": 0.17105762190065515,
  "percentiles": {
    "p10": 0.05317446364245003,
    "p50": 0.12637543560288647,
    "p90": 0.17526233578247843
  },
  "ema": {
    "fast": 0.021909643181836545,
    "slow": 0.02325227777063169,
    "fast_period": 20,
    "slow_period": 100
  },
  "etv": {
    "horizon_days": 1,
    "risk_budget_usd": 100,
    "expected_move_usd": 187.32007001475043,
    "qty": 0.5338456257897274,
    "notional_usd": 58459.83294335568,
    "leverage": 1
  }
}