{
  "t": "2025-09-07T03:08:32.001Z",
  "spot": 110643,
  "sigma_d": 0.0007560358886351509,
  "ERI": 0.07560358886351509,
  "percentiles": {
    "p10": 0.05327930129887841,
    "p50": 0.12531274524422217,
    "p90": 0.17252084046664445
  },
  "ema": {
    "fast": 0.015677932098910125,
    "slow": 0.021258391252250545,
    "fast_period": 20,
    "slow_period": 100
  },
  "etv": {
    "horizon_days": 1,
    "risk_budget_usd": 100,
    "expected_move_usd": 83.650078826259,
    "qty": 1.1954561358836222,
    "notional_usd": 132268.8532425716,
    "leverage": 1
  }
}