{
  "t": "2026-05-15T20:21:26.026Z",
  "spot": 79101,
  "sigma_d": 0.0005347612938682745,
  "ERI": 0.05347612938682745,
  "percentiles": {
    "p10": 0.053770599917991296,
    "p50": 0.07194589336537743,
    "p90": 0.16858564388101388
  },
  "ema": {
    "fast": 0.01786909198414269,
    "slow": 0.021139418213901872,
    "fast_period": 20,
    "slow_period": 100
  },
  "etv": {
    "horizon_days": 1,
    "risk_budget_usd": 100,
    "expected_move_usd": 42.30015310627438,
    "qty": 2.364057637067205,
    "notional_usd": 186999.32314965298,
    "leverage": 1
  }
}