{
  "t": "2025-09-19T07:25:24.788Z",
  "spot": 116890,
  "sigma_d": 0.001121809262119825,
  "ERI": 0.1121809262119825,
  "percentiles": {
    "p10": 0.052984836736338026,
    "p50": 0.05648444438627068,
    "p90": 0.16300487476072983
  },
  "ema": {
    "fast": 0.013347637835610573,
    "slow": 0.013964986364287967,
    "fast_period": 20,
    "slow_period": 100
  },
  "etv": {
    "horizon_days": 1,
    "risk_budget_usd": 100,
    "expected_move_usd": 131.12828464918636,
    "qty": 0.762611973972928,
    "notional_usd": 89141.71363769556,
    "leverage": 1
  }
}