{
  "t": "2025-10-20T04:33:47.239Z",
  "spot": 110228,
  "sigma_d": 0.0005392364086521899,
  "ERI": 0.05392364086521899,
  "percentiles": {
    "p10": 0.05353697718190404,
    "p50": 0.0690057501104688,
    "p90": 0.1667857514261832
  },
  "ema": {
    "fast": 0.018396022838680273,
    "slow": 0.0176398333294082,
    "fast_period": 20,
    "slow_period": 100
  },
  "etv": {
    "horizon_days": 1,
    "risk_budget_usd": 100,
    "expected_move_usd": 59.438950852913585,
    "qty": 1.6823984704484094,
    "notional_usd": 185447.41860058726,
    "leverage": 1
  }
}