{
  "t": "2026-03-08T17:34:50.145Z",
  "spot": 67098,
  "sigma_d": 0.0005475828271235418,
  "ERI": 0.054758282712354174,
  "percentiles": {
    "p10": 0.05413029206631162,
    "p50": 0.11897828841285799,
    "p90": 0.1981648559903167
  },
  "ema": {
    "fast": 0.019797444602695665,
    "slow": 0.022104012337014433,
    "fast_period": 20,
    "slow_period": 100
  },
  "etv": {
    "horizon_days": 1,
    "risk_budget_usd": 100,
    "expected_move_usd": 36.741712534335406,
    "qty": 2.7217022044508474,
    "notional_usd": 182620.77451424295,
    "leverage": 1
  }
}