{
  "t": "2025-12-02T19:27:22.961Z",
  "spot": 91973,
  "sigma_d": 0.0005338007414657802,
  "ERI": 0.05338007414657802,
  "percentiles": {
    "p10": 0.053720228936632815,
    "p50": 0.14471770183954638,
    "p90": 0.19364217307635428
  },
  "ema": {
    "fast": 0.024196585723786596,
    "slow": 0.025921163824099997,
    "fast_period": 20,
    "slow_period": 100
  },
  "etv": {
    "horizon_days": 1,
    "risk_budget_usd": 100,
    "expected_move_usd": 49.0952555948322,
    "qty": 2.0368566939597734,
    "notional_usd": 187335.82071356225,
    "leverage": 1
  }
}