{
  "t": "2026-02-04T13:22:34.649Z",
  "spot": 75781,
  "sigma_d": 0.001204435217610857,
  "ERI": 0.1204435217610857,
  "percentiles": {
    "p10": 0.05329682557792195,
    "p50": 0.12273795619369712,
    "p90": 0.17841761825716404
  },
  "ema": {
    "fast": 0.017947424668766986,
    "slow": 0.020584260883650975,
    "fast_period": 20,
    "slow_period": 100
  },
  "etv": {
    "horizon_days": 1,
    "risk_budget_usd": 100,
    "expected_move_usd": 91.27330522576835,
    "qty": 1.0956105923045714,
    "notional_usd": 83026.46629543272,
    "leverage": 1
  }
}