{
  "t": "2026-01-13T11:30:41.424Z",
  "spot": 92104,
  "sigma_d": 0.0005354401080395091,
  "ERI": 0.05354401080395091,
  "percentiles": {
    "p10": 0.05339829836591422,
    "p50": 0.13361420820872788,
    "p90": 0.1987794020330305
  },
  "ema": {
    "fast": 0.01666936873580433,
    "slow": 0.01989529341060644,
    "fast_period": 20,
    "slow_period": 100
  },
  "etv": {
    "horizon_days": 1,
    "risk_budget_usd": 100,
    "expected_move_usd": 49.316175710870944,
    "qty": 2.0277322513058658,
    "notional_usd": 186762.25127427545,
    "leverage": 1
  }
}