{
  "t": "2026-02-02T14:55:42.093Z",
  "spot": 78260,
  "sigma_d": 0.0005479286478898637,
  "ERI": 0.054792864788986366,
  "percentiles": {
    "p10": 0.05328279564638317,
    "p50": 0.1301776477818332,
    "p90": 0.1811230867580227
  },
  "ema": {
    "fast": 0.025814421306042744,
    "slow": 0.02247353887260928,
    "fast_period": 20,
    "slow_period": 100
  },
  "etv": {
    "horizon_days": 1,
    "risk_budget_usd": 100,
    "expected_move_usd": 42.88089598386073,
    "qty": 2.3320408239052988,
    "notional_usd": 182505.5148788287,
    "leverage": 1
  }
}