{
  "t": "2026-04-28T20:24:41.072Z",
  "spot": 76369,
  "sigma_d": 0.0006104288306803867,
  "ERI": 0.061042883068038664,
  "percentiles": {
    "p10": 0.053866954478401306,
    "p50": 0.07505803921091844,
    "p90": 0.17139145258988076
  },
  "ema": {
    "fast": 0.01917681701110146,
    "slow": 0.017989136786344388,
    "fast_period": 20,
    "slow_period": 100
  },
  "etv": {
    "horizon_days": 1,
    "risk_budget_usd": 100,
    "expected_move_usd": 46.61783937023045,
    "qty": 2.1451015609243083,
    "notional_usd": 163819.26110622849,
    "leverage": 1
  }
}