{
  "t": "2025-11-19T20:28:12.500Z",
  "spot": 89093,
  "sigma_d": 0.001179854205380257,
  "ERI": 0.1179854205380257,
  "percentiles": {
    "p10": 0.053224207545542655,
    "p50": 0.060565470617481375,
    "p90": 0.15323225809601412
  },
  "ema": {
    "fast": 0.026046039824726856,
    "slow": 0.020965114463555402,
    "fast_period": 20,
    "slow_period": 100
  },
  "etv": {
    "horizon_days": 1,
    "risk_budget_usd": 100,
    "expected_move_usd": 105.11675071994324,
    "qty": 0.951323165100722,
    "notional_usd": 84756.23474831863,
    "leverage": 1
  }
}