{
  "t": "2025-10-04T01:51:54.960Z",
  "spot": 121845,
  "sigma_d": 0.0018538073892250425,
  "ERI": 0.18538073892250426,
  "percentiles": {
    "p10": 0.05311055958599932,
    "p50": 0.13006254535904774,
    "p90": 0.16484149377270527
  },
  "ema": {
    "fast": 0.01565752216278196,
    "slow": 0.01710321583820974,
    "fast_period": 20,
    "slow_period": 100
  },
  "etv": {
    "horizon_days": 1,
    "risk_budget_usd": 100,
    "expected_move_usd": 225.8771613401253,
    "qty": 0.4427185086207996,
    "notional_usd": 53943.03668290133,
    "leverage": 1
  }
}