{
  "t": "2026-01-13T16:46:40.189Z",
  "spot": 93503,
  "sigma_d": 0.0008436098916055648,
  "ERI": 0.08436098916055648,
  "percentiles": {
    "p10": 0.05339829836591422,
    "p50": 0.13067660059951255,
    "p90": 0.1987794020330305
  },
  "ema": {
    "fast": 0.018628153773391727,
    "slow": 0.020127937663981313,
    "fast_period": 20,
    "slow_period": 100
  },
  "etv": {
    "horizon_days": 1,
    "risk_budget_usd": 100,
    "expected_move_usd": 78.88005569479513,
    "qty": 1.2677475835833931,
    "notional_usd": 118538.20230779801,
    "leverage": 1
  }
}