{
  "t": "2025-09-19T05:27:17.755Z",
  "spot": 116949,
  "sigma_d": 0.0005279153431416226,
  "ERI": 0.05279153431416227,
  "percentiles": {
    "p10": 0.052984836736338026,
    "p50": 0.05648444438627068,
    "p90": 0.16726280195947013
  },
  "ema": {
    "fast": 0.012334039172538558,
    "slow": 0.013809545112676385,
    "fast_period": 20,
    "slow_period": 100
  },
  "etv": {
    "horizon_days": 1,
    "risk_budget_usd": 100,
    "expected_move_usd": 61.739171465069624,
    "qty": 1.6197172334354588,
    "notional_usd": 189424.31073304347,
    "leverage": 1
  }
}