{
  "t": "2026-04-09T14:07:32.340Z",
  "spot": 70766,
  "sigma_d": 0.0015637641876311472,
  "ERI": 0.15637641876311473,
  "percentiles": {
    "p10": 0.05443730178255019,
    "p50": 0.13483748244501248,
    "p90": 0.19987809811828794
  },
  "ema": {
    "fast": 0.02288863124486779,
    "slow": 0.024852536937264347,
    "fast_period": 20,
    "slow_period": 100
  },
  "etv": {
    "horizon_days": 1,
    "risk_budget_usd": 100,
    "expected_move_usd": 110.66133650190577,
    "qty": 0.903657981740333,
    "notional_usd": 63948.260735836404,
    "leverage": 1
  }
}