{
  "t": "2025-10-08T03:37:00.470Z",
  "spot": 121422,
  "sigma_d": 0.0017297251772419035,
  "ERI": 0.17297251772419037,
  "percentiles": {
    "p10": 0.05303335139507826,
    "p50": 0.05935497467337816,
    "p90": 0.16751271278825355
  },
  "ema": {
    "fast": 0.01864485364421707,
    "slow": 0.017002432900133906,
    "fast_period": 20,
    "slow_period": 100
  },
  "etv": {
    "horizon_days": 1,
    "risk_budget_usd": 100,
    "expected_move_usd": 210.02669047106642,
    "qty": 0.47612996127164203,
    "notional_usd": 57812.65215752532,
    "leverage": 1
  }
}