{
  "t": "2025-09-05T23:23:42.229Z",
  "spot": 110753,
  "sigma_d": 0.0010768790799578082,
  "ERI": 0.10768790799578082,
  "percentiles": {
    "p10": 0.05326850275583554,
    "p50": 0.12747621120953834,
    "p90": 0.17586205907355468
  },
  "ema": {
    "fast": 0.023534799013851585,
    "slow": 0.023352827425455514,
    "fast_period": 20,
    "slow_period": 100
  },
  "etv": {
    "horizon_days": 1,
    "risk_budget_usd": 100,
    "expected_move_usd": 119.26758874256713,
    "qty": 0.8384507564401658,
    "notional_usd": 92860.93662801768,
    "leverage": 1
  }
}