{
  "t": "2025-12-22T17:29:11.136Z",
  "spot": 89314,
  "sigma_d": 0.0015800354458078635,
  "ERI": 0.15800354458078636,
  "percentiles": {
    "p10": 0.05344267242767624,
    "p50": 0.05633533196261375,
    "p90": 0.16013787741793276
  },
  "ema": {
    "fast": 0.024352989476081697,
    "slow": 0.017666100882250665,
    "fast_period": 20,
    "slow_period": 100
  },
  "etv": {
    "horizon_days": 1,
    "risk_budget_usd": 100,
    "expected_move_usd": 141.1192858068835,
    "qty": 0.7086203662966823,
    "notional_usd": 63289.71939542189,
    "leverage": 1
  }
}