{
  "t": "2025-09-05T12:53:02.077Z",
  "spot": 112768,
  "sigma_d": 0.0010143233270773397,
  "ERI": 0.10143233270773397,
  "percentiles": {
    "p10": 0.05317983146988742,
    "p50": 0.12637543560288647,
    "p90": 0.17867479187819837
  },
  "ema": {
    "fast": 0.02051585470503921,
    "slow": 0.022827819353586305,
    "fast_period": 20,
    "slow_period": 100
  },
  "etv": {
    "horizon_days": 1,
    "risk_budget_usd": 100,
    "expected_move_usd": 114.38321294785744,
    "qty": 0.8742541621521495,
    "notional_usd": 98587.89335757359,
    "leverage": 1
  }
}