{
  "t": "2025-10-30T08:36:05.866Z",
  "spot": 110815,
  "sigma_d": 0.0009814922706054493,
  "ERI": 0.09814922706054494,
  "percentiles": {
    "p10": 0.05332822699214965,
    "p50": 0.08334121322048496,
    "p90": 0.1671939628795067
  },
  "ema": {
    "fast": 0.020868467431326337,
    "slow": 0.019512755638598826,
    "fast_period": 20,
    "slow_period": 100
  },
  "etv": {
    "horizon_days": 1,
    "risk_budget_usd": 100,
    "expected_move_usd": 108.76406596714287,
    "qty": 0.9194213098856524,
    "notional_usd": 101885.67245497857,
    "leverage": 1
  }
}