{
  "t": "2026-02-09T15:05:37.870Z",
  "spot": 69536,
  "sigma_d": 0.0018043605197289193,
  "ERI": 0.18043605197289192,
  "percentiles": {
    "p10": 0.053378093993984715,
    "p50": 0.11074249766340993,
    "p90": 0.20815179264290778
  },
  "ema": {
    "fast": 0.0265517397361573,
    "slow": 0.025096921810148335,
    "fast_period": 20,
    "slow_period": 100
  },
  "etv": {
    "horizon_days": 1,
    "risk_budget_usd": 100,
    "expected_move_usd": 125.46801309987013,
    "qty": 0.7970158889852023,
    "notional_usd": 55421.296856475026,
    "leverage": 1
  }
}