{
  "t": "2025-11-26T17:28:29.054Z",
  "spot": 88102,
  "sigma_d": 0.0005368734875787957,
  "ERI": 0.05368734875787957,
  "percentiles": {
    "p10": 0.053251055307540374,
    "p50": 0.11148004224238497,
    "p90": 0.1718640042560547
  },
  "ema": {
    "fast": 0.02734003298315457,
    "slow": 0.024411458262827885,
    "fast_period": 20,
    "slow_period": 100
  },
  "etv": {
    "horizon_days": 1,
    "risk_budget_usd": 100,
    "expected_move_usd": 47.299628002667056,
    "qty": 2.1141815321330086,
    "notional_usd": 186263.62134398232,
    "leverage": 1
  }
}