{
  "t": "2026-01-16T17:34:42.417Z",
  "spot": 94794,
  "sigma_d": 0.0012158492500208252,
  "ERI": 0.12158492500208253,
  "percentiles": {
    "p10": 0.05349098688402988,
    "p50": 0.10965304482708965,
    "p90": 0.18659743435360027
  },
  "ema": {
    "fast": 0.01608535344722744,
    "slow": 0.01741803856709242,
    "fast_period": 20,
    "slow_period": 100
  },
  "etv": {
    "horizon_days": 1,
    "risk_budget_usd": 100,
    "expected_move_usd": 115.2552138064741,
    "qty": 0.867639707544257,
    "notional_usd": 82247.0384369503,
    "leverage": 1
  }
}