{
  "t": "2025-10-11T18:31:43.186Z",
  "spot": 111992,
  "sigma_d": 0.0005346627721587835,
  "ERI": 0.05346627721587835,
  "percentiles": {
    "p10": 0.0530537025431007,
    "p50": 0.05820542948823999,
    "p90": 0.17889867710438903
  },
  "ema": {
    "fast": 0.013770249585576775,
    "slow": 0.018649488683251978,
    "fast_period": 20,
    "slow_period": 100
  },
  "etv": {
    "horizon_days": 1,
    "risk_budget_usd": 100,
    "expected_move_usd": 59.877953179606486,
    "qty": 1.6700637662086697,
    "notional_usd": 187033.78130524134,
    "leverage": 1
  }
}