{
  "t": "2025-12-04T18:46:46.589Z",
  "spot": 92062,
  "sigma_d": 0.0005347409211972478,
  "ERI": 0.053474092119724786,
  "percentiles": {
    "p10": 0.05547293732741055,
    "p50": 0.16007897460854878,
    "p90": 0.19879044514022692
  },
  "ema": {
    "fast": 0.027370957110947364,
    "slow": 0.029422032103701142,
    "fast_period": 20,
    "slow_period": 100
  },
  "etv": {
    "horizon_days": 1,
    "risk_budget_usd": 100,
    "expected_move_usd": 49.22931868726103,
    "qty": 2.0313098508486327,
    "notional_usd": 187006.44748882682,
    "leverage": 1
  }
}