{
  "t": "2025-09-10T20:28:41.667Z",
  "spot": 113778,
  "sigma_d": 0.0022054855762078727,
  "ERI": 0.22054855762078726,
  "percentiles": {
    "p10": 0.05325286218492442,
    "p50": 0.1399836348089014,
    "p90": 0.18254532882940133
  },
  "ema": {
    "fast": 0.03167171315099483,
    "slow": 0.025962224401177132,
    "fast_period": 20,
    "slow_period": 100
  },
  "etv": {
    "horizon_days": 1,
    "risk_budget_usd": 100,
    "expected_move_usd": 250.93573788977935,
    "qty": 0.3985084023540874,
    "notional_usd": 45341.48900304336,
    "leverage": 1
  }
}