{
  "t": "2025-10-23T19:22:46.704Z",
  "spot": 110315,
  "sigma_d": 0.000544709701285801,
  "ERI": 0.0544709701285801,
  "percentiles": {
    "p10": 0.05344676150788814,
    "p50": 0.06839865656882779,
    "p90": 0.15413916730429963
  },
  "ema": {
    "fast": 0.0194423292370898,
    "slow": 0.01790817988938033,
    "fast_period": 20,
    "slow_period": 100
  },
  "etv": {
    "horizon_days": 1,
    "risk_budget_usd": 100,
    "expected_move_usd": 60.08965069734314,
    "qty": 1.664180084914714,
    "notional_usd": 183584.02606736668,
    "leverage": 1
  }
}