{
  "t": "2026-01-26T07:37:13.561Z",
  "spot": 87728,
  "sigma_d": 0.0017843943897019288,
  "ERI": 0.17843943897019288,
  "percentiles": {
    "p10": 0.053155782724080586,
    "p50": 0.11348331538511958,
    "p90": 0.17387629197248322
  },
  "ema": {
    "fast": 0.02485322125080044,
    "slow": 0.024781000771713472,
    "fast_period": 20,
    "slow_period": 100
  },
  "etv": {
    "horizon_days": 1,
    "risk_budget_usd": 100,
    "expected_move_usd": 156.54135101977081,
    "qty": 0.6388088473017601,
    "notional_usd": 56041.422556088815,
    "leverage": 1
  }
}