{
  "t": "2025-10-12T16:29:50.704Z",
  "spot": 113682,
  "sigma_d": 0.0010875191779991676,
  "ERI": 0.10875191779991676,
  "percentiles": {
    "p10": 0.053072414882093695,
    "p50": 0.059407791887562365,
    "p90": 0.17889867710438903
  },
  "ema": {
    "fast": 0.01820745338665604,
    "slow": 0.018681358616696845,
    "fast_period": 20,
    "slow_period": 100
  },
  "etv": {
    "horizon_days": 1,
    "risk_budget_usd": 100,
    "expected_move_usd": 123.63135519330137,
    "qty": 0.8088562957483315,
    "notional_usd": 91952.40141326182,
    "leverage": 1
  }
}