{
  "t": "2026-03-03T08:56:25.165Z",
  "spot": 67076,
  "sigma_d": 0.0005406386225367561,
  "ERI": 0.054063862253675606,
  "percentiles": {
    "p10": 0.05381082110670648,
    "p50": 0.12851879151989454,
    "p90": 0.20426277773914303
  },
  "ema": {
    "fast": 0.018914469395261722,
    "slow": 0.020552005170016353,
    "fast_period": 20,
    "slow_period": 100
  },
  "etv": {
    "horizon_days": 1,
    "risk_budget_usd": 100,
    "expected_move_usd": 36.26387624527545,
    "qty": 2.7575651131069656,
    "notional_usd": 184966.43752676283,
    "leverage": 1
  }
}