{
  "t": "2026-01-03T19:24:11.912Z",
  "spot": 90062,
  "sigma_d": 0.0005333491257217385,
  "ERI": 0.05333491257217385,
  "percentiles": {
    "p10": 0.05354676100809286,
    "p50": 0.15436762722774566,
    "p90": 0.18753190808595477
  },
  "ema": {
    "fast": 0.019675510650461487,
    "slow": 0.024023669324723298,
    "fast_period": 20,
    "slow_period": 100
  },
  "etv": {
    "horizon_days": 1,
    "risk_budget_usd": 100,
    "expected_move_usd": 48.03448896075121,
    "qty": 2.081837491426412,
    "notional_usd": 187494.44815284552,
    "leverage": 1
  }
}