{
  "t": "2026-01-12T09:43:47.543Z",
  "spot": 90708,
  "sigma_d": 0.0014516140340347298,
  "ERI": 0.14516140340347297,
  "percentiles": {
    "p10": 0.05344432580036459,
    "p50": 0.14220696866911925,
    "p90": 0.1987794020330305
  },
  "ema": {
    "fast": 0.021374255079244533,
    "slow": 0.021733379584738595,
    "fast_period": 20,
    "slow_period": 100
  },
  "etv": {
    "horizon_days": 1,
    "risk_budget_usd": 100,
    "expected_move_usd": 131.67300579922227,
    "qty": 0.7594571065878307,
    "notional_usd": 68888.83522436894,
    "leverage": 1
  }
}