{
  "t": "2025-10-29T17:28:23.159Z",
  "spot": 111157,
  "sigma_d": 0.0014992788480159339,
  "ERI": 0.1499278848015934,
  "percentiles": {
    "p10": 0.05332822699214965,
    "p50": 0.08143627878733373,
    "p90": 0.16627302273485584
  },
  "ema": {
    "fast": 0.02219644506430742,
    "slow": 0.019155092125148,
    "fast_period": 20,
    "slow_period": 100
  },
  "etv": {
    "horizon_days": 1,
    "risk_budget_usd": 100,
    "expected_move_usd": 166.65533890890717,
    "qty": 0.6000407826997934,
    "notional_usd": 66698.73328256093,
    "leverage": 1
  }
}