{
  "t": "2026-04-18T23:48:14.900Z",
  "spot": 75762,
  "sigma_d": 0.0013975813969850568,
  "ERI": 0.13975813969850567,
  "percentiles": {
    "p10": 0.05406966177620679,
    "p50": 0.1245366929064368,
    "p90": 0.19987809811828794
  },
  "ema": {
    "fast": 0.023934584101096425,
    "slow": 0.021238990233110225,
    "fast_period": 20,
    "slow_period": 100
  },
  "etv": {
    "horizon_days": 1,
    "risk_budget_usd": 100,
    "expected_move_usd": 105.88356179838188,
    "qty": 0.9444336618597601,
    "notional_usd": 71552.18308981914,
    "leverage": 1
  }
}