{
  "t": "2026-05-08T16:24:59.886Z",
  "spot": 79931,
  "sigma_d": 0.0018227514053317008,
  "ERI": 0.18227514053317007,
  "percentiles": {
    "p10": 0.05383554500253685,
    "p50": 0.06705326137325243,
    "p90": 0.15965331787103468
  },
  "ema": {
    "fast": 0.020259013474013064,
    "slow": 0.01968821641618161,
    "fast_period": 20,
    "slow_period": 100
  },
  "etv": {
    "horizon_days": 1,
    "risk_budget_usd": 100,
    "expected_move_usd": 145.69434257956817,
    "qty": 0.6863684493815325,
    "notional_usd": 54862.116527515274,
    "leverage": 1
  }
}