{
  "t": "2026-03-06T19:00:29.587Z",
  "spot": 68201,
  "sigma_d": 0.000572603704705109,
  "ERI": 0.0572603704705109,
  "percentiles": {
    "p10": 0.05386149441018994,
    "p50": 0.11897828841285799,
    "p90": 0.2049084395448796
  },
  "ema": {
    "fast": 0.025347850717554316,
    "slow": 0.02434835053238656,
    "fast_period": 20,
    "slow_period": 100
  },
  "etv": {
    "horizon_days": 1,
    "risk_budget_usd": 100,
    "expected_move_usd": 39.05214526459314,
    "qty": 2.5606787878735457,
    "notional_usd": 174640.8540117637,
    "leverage": 1
  }
}