{
  "t": "2026-03-03T11:43:20.476Z",
  "spot": 67033,
  "sigma_d": 0.0005378812368023148,
  "ERI": 0.053788123680231475,
  "percentiles": {
    "p10": 0.053794387692419815,
    "p50": 0.1298344122557385,
    "p90": 0.20426277773914303
  },
  "ema": {
    "fast": 0.019655926236104335,
    "slow": 0.02065054950437466,
    "fast_period": 20,
    "slow_period": 100
  },
  "etv": {
    "horizon_days": 1,
    "risk_budget_usd": 100,
    "expected_move_usd": 36.05579294656957,
    "qty": 2.7734794280682777,
    "notional_usd": 185914.64650170086,
    "leverage": 1
  }
}