{
  "t": "2025-10-09T05:28:12.123Z",
  "spot": 121938,
  "sigma_d": 0.0005302740238668841,
  "ERI": 0.05302740238668841,
  "percentiles": {
    "p10": 0.05302796107930348,
    "p50": 0.05832497088768654,
    "p90": 0.1741446829234355
  },
  "ema": {
    "fast": 0.02221125027193494,
    "slow": 0.019250353476321525,
    "fast_period": 20,
    "slow_period": 100
  },
  "etv": {
    "horizon_days": 1,
    "risk_budget_usd": 100,
    "expected_move_usd": 64.66055392228012,
    "qty": 1.546537942130789,
    "notional_usd": 188581.74358754416,
    "leverage": 1
  }
}