{
  "t": "2026-01-22T08:48:18.238Z",
  "spot": 89737,
  "sigma_d": 0.0018303670794570218,
  "ERI": 0.18303670794570218,
  "percentiles": {
    "p10": 0.0532104042688585,
    "p50": 0.07088878849156359,
    "p90": 0.16050489041143537
  },
  "ema": {
    "fast": 0.02662544649748684,
    "slow": 0.021961443955665218,
    "fast_period": 20,
    "slow_period": 100
  },
  "etv": {
    "horizon_days": 1,
    "risk_budget_usd": 100,
    "expected_move_usd": 164.25165060923476,
    "qty": 0.6088218878110786,
    "notional_usd": 54633.84974650276,
    "leverage": 1
  }
}