{
  "t": "2025-09-21T13:27:41.904Z",
  "spot": 115739,
  "sigma_d": 0.0005917258231942019,
  "ERI": 0.05917258231942019,
  "percentiles": {
    "p10": 0.05298946810701005,
    "p50": 0.0565692123224132,
    "p90": 0.13241392699508792
  },
  "ema": {
    "fast": 0.012436606472376408,
    "slow": 0.013832824101803927,
    "fast_period": 20,
    "slow_period": 100
  },
  "etv": {
    "horizon_days": 1,
    "risk_budget_usd": 100,
    "expected_move_usd": 68.48575505067373,
    "qty": 1.4601576623636312,
    "notional_usd": 168997.1876843043,
    "leverage": 1
  }
}