{
  "t": "2026-03-16T13:49:29.742Z",
  "spot": 74337,
  "sigma_d": 0.0006062072189673554,
  "ERI": 0.06062072189673554,
  "percentiles": {
    "p10": 0.05447808823599011,
    "p50": 0.12306224525008284,
    "p90": 0.19734676601485696
  },
  "ema": {
    "fast": 0.018694970876870224,
    "slow": 0.022023001400696122,
    "fast_period": 20,
    "slow_period": 100
  },
  "etv": {
    "horizon_days": 1,
    "risk_budget_usd": 100,
    "expected_move_usd": 45.0636260363763,
    "qty": 2.219084632010702,
    "notional_usd": 164960.09428977955,
    "leverage": 1
  }
}