{
  "t": "2026-02-04T14:54:25.314Z",
  "spot": 74877,
  "sigma_d": 0.0016743413007068123,
  "ERI": 0.16743413007068123,
  "percentiles": {
    "p10": 0.053325303755698696,
    "p50": 0.12420443097221887,
    "p90": 0.17841761825716404
  },
  "ema": {
    "fast": 0.01928464571317325,
    "slow": 0.020810082363876357,
    "fast_period": 20,
    "slow_period": 100
  },
  "etv": {
    "horizon_days": 1,
    "risk_budget_usd": 100,
    "expected_move_usd": 125.36965357302398,
    "qty": 0.7976411926651218,
    "notional_usd": 59724.97958318632,
    "leverage": 1
  }
}