{
  "t": "2026-04-17T18:01:07.903Z",
  "spot": 77545,
  "sigma_d": 0.0015118797967664521,
  "ERI": 0.1511879796766452,
  "percentiles": {
    "p10": 0.05407933589544059,
    "p50": 0.11208584969589191,
    "p90": 0.19987809811828794
  },
  "ema": {
    "fast": 0.023111006390381484,
    "slow": 0.021222235130282027,
    "fast_period": 20,
    "slow_period": 100
  },
  "etv": {
    "horizon_days": 1,
    "risk_budget_usd": 100,
    "expected_move_usd": 117.23871884025453,
    "qty": 0.8529605320598613,
    "notional_usd": 66142.82445858195,
    "leverage": 1
  }
}