{
  "t": "2025-10-04T18:33:36.528Z",
  "spot": 121760,
  "sigma_d": 0.0018111552322041592,
  "ERI": 0.1811155232204159,
  "percentiles": {
    "p10": 0.053061205084992416,
    "p50": 0.1290063623087725,
    "p90": 0.1660063402777824
  },
  "ema": {
    "fast": 0.017688924843900975,
    "slow": 0.016613857685546508,
    "fast_period": 20,
    "slow_period": 100
  },
  "etv": {
    "horizon_days": 1,
    "risk_budget_usd": 100,
    "expected_move_usd": 220.52626107317843,
    "qty": 0.45346073303630924,
    "notional_usd": 55213.37885450101,
    "leverage": 1
  }
}