{
  "t": "2026-05-27T12:29:41.268Z",
  "spot": 75772,
  "sigma_d": 0.00116102859505525,
  "ERI": 0.116102859505525,
  "percentiles": {
    "p10": 0.053762489352285274,
    "p50": 0.1145166805782364,
    "p90": 0.17136324826956448
  },
  "ema": {
    "fast": 0.022104341406491732,
    "slow": 0.021928383931436556,
    "fast_period": 20,
    "slow_period": 100
  },
  "etv": {
    "horizon_days": 1,
    "risk_budget_usd": 100,
    "expected_move_usd": 87.97345870452641,
    "qty": 1.136706473436116,
    "notional_usd": 86130.52290520139,
    "leverage": 1
  }
}