{
  "t": "2026-03-08T21:34:05.396Z",
  "spot": 66944,
  "sigma_d": 0.0019236874969563052,
  "ERI": 0.19236874969563053,
  "percentiles": {
    "p10": 0.05413029206631162,
    "p50": 0.11661569501010319,
    "p90": 0.19653453609424024
  },
  "ema": {
    "fast": 0.021473567816724316,
    "slow": 0.022303295484282597,
    "fast_period": 20,
    "slow_period": 100
  },
  "etv": {
    "horizon_days": 1,
    "risk_budget_usd": 100,
    "expected_move_usd": 128.7793357962429,
    "qty": 0.7765220979103503,
    "notional_usd": 51983.49532251049,
    "leverage": 1
  }
}