{
  "t": "2026-02-22T22:38:00.943Z",
  "spot": 67548,
  "sigma_d": 0.001993044589202575,
  "ERI": 0.1993044589202575,
  "percentiles": {
    "p10": 0.053944514416704635,
    "p50": 0.1485763547084176,
    "p90": 0.20613082654930917
  },
  "ema": {
    "fast": 0.02795408925031779,
    "slow": 0.02481434810882624,
    "fast_period": 20,
    "slow_period": 100
  },
  "etv": {
    "horizon_days": 1,
    "risk_budget_usd": 100,
    "expected_move_usd": 134.62617591145553,
    "qty": 0.7427975972946793,
    "notional_usd": 50174.492102061,
    "leverage": 1
  }
}