{
  "t": "2025-11-03T06:43:34.482Z",
  "spot": 107432,
  "sigma_d": 0.0014896690358427512,
  "ERI": 0.1489669035842751,
  "percentiles": {
    "p10": 0.0532309346792926,
    "p50": 0.0855497426876933,
    "p90": 0.17408365096621453
  },
  "ema": {
    "fast": 0.01817312064804663,
    "slow": 0.017869625244967054,
    "fast_period": 20,
    "slow_period": 100
  },
  "etv": {
    "horizon_days": 1,
    "risk_budget_usd": 100,
    "expected_move_usd": 160.03812385865845,
    "qty": 0.6248511141527592,
    "notional_usd": 67129.00489565922,
    "leverage": 1
  }
}