{
  "t": "2025-12-09T08:41:24.519Z",
  "spot": 90466,
  "sigma_d": 0.0007909158421283306,
  "ERI": 0.07909158421283306,
  "percentiles": {
    "p10": 0.054975763476535364,
    "p50": 0.1780258829591334,
    "p90": 0.22974408004008293
  },
  "ema": {
    "fast": 0.026102468360383827,
    "slow": 0.031958792114634704,
    "fast_period": 20,
    "slow_period": 100
  },
  "etv": {
    "horizon_days": 1,
    "risk_budget_usd": 100,
    "expected_move_usd": 71.55099257398156,
    "qty": 1.397604650929238,
    "notional_usd": 126435.70235096444,
    "leverage": 1
  }
}