{
  "t": "2026-02-28T13:46:30.145Z",
  "spot": 64066,
  "sigma_d": 0.0005419331239148183,
  "ERI": 0.05419331239148183,
  "percentiles": {
    "p10": 0.053870915533750396,
    "p50": 0.1344358846359208,
    "p90": 0.20604456074113697
  },
  "ema": {
    "fast": 0.024047576117485547,
    "slow": 0.023205081238391278,
    "fast_period": 20,
    "slow_period": 100
  },
  "etv": {
    "horizon_days": 1,
    "risk_budget_usd": 100,
    "expected_move_usd": 34.719487516726744,
    "qty": 2.880226845278842,
    "notional_usd": 184524.6130696343,
    "leverage": 1
  }
}