{
  "t": "2026-01-19T10:42:26.121Z",
  "spot": 92934,
  "sigma_d": 0.0013650828975962266,
  "ERI": 0.13650828975962265,
  "percentiles": {
    "p10": 0.053224260542978366,
    "p50": 0.0656061767003833,
    "p90": 0.16733474182037117
  },
  "ema": {
    "fast": 0.015134252123346549,
    "slow": 0.013840710941076981,
    "fast_period": 20,
    "slow_period": 100
  },
  "etv": {
    "horizon_days": 1,
    "risk_budget_usd": 100,
    "expected_move_usd": 126.86261400520772,
    "qty": 0.7882542921265598,
    "notional_usd": 73255.62438448971,
    "leverage": 1
  }
}