{
  "t": "2025-11-16T10:29:02.417Z",
  "spot": 96452,
  "sigma_d": 0.0005563380642828368,
  "ERI": 0.05563380642828368,
  "percentiles": {
    "p10": 0.0532670744943802,
    "p50": 0.05964898786323708,
    "p90": 0.1494451189889508
  },
  "ema": {
    "fast": 0.013930043353697146,
    "slow": 0.015084090450634446,
    "fast_period": 20,
    "slow_period": 100
  },
  "etv": {
    "horizon_days": 1,
    "risk_budget_usd": 100,
    "expected_move_usd": 53.65991897620818,
    "qty": 1.863588352497106,
    "notional_usd": 179746.82377505087,
    "leverage": 1
  }
}