{
  "t": "2026-01-24T11:26:25.351Z",
  "spot": 89492,
  "sigma_d": 0.0017180324766055877,
  "ERI": 0.17180324766055877,
  "percentiles": {
    "p10": 0.053155782724080586,
    "p50": 0.0771798468496408,
    "p90": 0.17188924640986158
  },
  "ema": {
    "fast": 0.031214842648712746,
    "slow": 0.026049514010001443,
    "fast_period": 20,
    "slow_period": 100
  },
  "etv": {
    "horizon_days": 1,
    "risk_budget_usd": 100,
    "expected_move_usd": 153.75016239638725,
    "qty": 0.6504058170825695,
    "notional_usd": 58206.11738235331,
    "leverage": 1
  }
}