{
  "t": "2025-10-02T20:28:54.201Z",
  "spot": 120638,
  "sigma_d": 0.0005849594230819351,
  "ERI": 0.05849594230819351,
  "percentiles": {
    "p10": 0.053220802800163065,
    "p50": 0.12222228747241046,
    "p90": 0.16422337553643407
  },
  "ema": {
    "fast": 0.018688681988199212,
    "slow": 0.019189697629443857,
    "fast_period": 20,
    "slow_period": 100
  },
  "etv": {
    "horizon_days": 1,
    "risk_budget_usd": 100,
    "expected_move_usd": 70.56833488175849,
    "qty": 1.4170661695157756,
    "notional_usd": 170952.02855804414,
    "leverage": 1
  }
}