{
  "t": "2025-12-10T13:03:17.243Z",
  "spot": 91974,
  "sigma_d": 0.0005327777867929185,
  "ERI": 0.05327777867929185,
  "percentiles": {
    "p10": 0.05430633974588055,
    "p50": 0.17079010532679223,
    "p90": 0.23052115009549
  },
  "ema": {
    "fast": 0.02170769190165521,
    "slow": 0.028205132048172266,
    "fast_period": 20,
    "slow_period": 100
  },
  "etv": {
    "horizon_days": 1,
    "risk_budget_usd": 100,
    "expected_move_usd": 49.00170416249188,
    "qty": 2.0407453518023666,
    "notional_usd": 187695.51298667086,
    "leverage": 1
  }
}