{
  "t": "2025-10-16T18:38:31.154Z",
  "spot": 108224,
  "sigma_d": 0.0005379874924037104,
  "ERI": 0.05379874924037104,
  "percentiles": {
    "p10": 0.05329631678182161,
    "p50": 0.06620958635712752,
    "p90": 0.1750558040786427
  },
  "ema": {
    "fast": 0.016590484095129927,
    "slow": 0.017894677629564634,
    "fast_period": 20,
    "slow_period": 100
  },
  "etv": {
    "horizon_days": 1,
    "risk_budget_usd": 100,
    "expected_move_usd": 58.22315837789916,
    "qty": 1.7175296357326924,
    "notional_usd": 185877.9272975349,
    "leverage": 1
  }
}