{
  "t": "2026-02-21T06:57:40.065Z",
  "spot": 67764,
  "sigma_d": 0.0021107771197091873,
  "ERI": 0.21107771197091874,
  "percentiles": {
    "p10": 0.054499241533814274,
    "p50": 0.15060974786808676,
    "p90": 0.20776710349831726
  },
  "ema": {
    "fast": 0.030345936377456383,
    "slow": 0.027381617208453106,
    "fast_period": 20,
    "slow_period": 100
  },
  "etv": {
    "horizon_days": 1,
    "risk_budget_usd": 100,
    "expected_move_usd": 143.03470073997337,
    "qty": 0.6991310464010596,
    "notional_usd": 47375.9162283214,
    "leverage": 1
  }
}