{
  "t": "2025-11-27T03:49:50.827Z",
  "spot": 91044,
  "sigma_d": 0.0017258281293443406,
  "ERI": 0.17258281293443406,
  "percentiles": {
    "p10": 0.053251055307540374,
    "p50": 0.11061046986722971,
    "p90": 0.17237031892924887
  },
  "ema": {
    "fast": 0.02401781526200251,
    "slow": 0.02377615124887508,
    "fast_period": 20,
    "slow_period": 100
  },
  "etv": {
    "horizon_days": 1,
    "risk_budget_usd": 100,
    "expected_move_usd": 157.12629620802613,
    "qty": 0.63643070837491,
    "notional_usd": 57943.19741328531,
    "leverage": 1
  }
}