{
  "t": "2025-11-03T09:34:09.911Z",
  "spot": 107385,
  "sigma_d": 0.0014665350492120356,
  "ERI": 0.14665350492120358,
  "percentiles": {
    "p10": 0.0532309346792926,
    "p50": 0.087539477946314,
    "p90": 0.17408365096621453
  },
  "ema": {
    "fast": 0.020844063042082254,
    "slow": 0.018492287586152515,
    "fast_period": 20,
    "slow_period": 100
  },
  "etv": {
    "horizon_days": 1,
    "risk_budget_usd": 100,
    "expected_move_usd": 157.48386625963445,
    "qty": 0.6349856805975023,
    "notional_usd": 68187.93731096278,
    "leverage": 1
  }
}