{
  "t": "2026-02-18T05:36:29.953Z",
  "spot": 67669,
  "sigma_d": 0.001976440596448692,
  "ERI": 0.1976440596448692,
  "percentiles": {
    "p10": 0.054571174073048796,
    "p50": 0.15060974786808676,
    "p90": 0.214143311615601
  },
  "ema": {
    "fast": 0.02890821018129954,
    "slow": 0.0270670261918114,
    "fast_period": 20,
    "slow_period": 100
  },
  "etv": {
    "horizon_days": 1,
    "risk_budget_usd": 100,
    "expected_move_usd": 133.74375872108655,
    "qty": 0.7476984418281765,
    "notional_usd": 50596.00586007087,
    "leverage": 1
  }
}