{
  "t": "2026-06-29T16:09:36.877Z",
  "spot": 59763,
  "sigma_d": 0.001724066972943384,
  "ERI": 0.1724066972943384,
  "percentiles": {
    "p10": 0.05392230850878508,
    "p50": 0.14305779062751967,
    "p90": 0.19868732007533244
  },
  "ema": {
    "fast": 0.023013944236683147,
    "slow": 0.02149355603830804,
    "fast_period": 20,
    "slow_period": 100
  },
  "etv": {
    "horizon_days": 1,
    "risk_budget_usd": 100,
    "expected_move_usd": 103.03541450401546,
    "qty": 0.9705400854781133,
    "notional_usd": 58002.38712842848,
    "leverage": 1
  }
}