{
  "t": "2025-11-14T08:36:24.646Z",
  "spot": 96917,
  "sigma_d": 0.0013591061749607415,
  "ERI": 0.13591061749607417,
  "percentiles": {
    "p10": 0.0532336208874702,
    "p50": 0.06172733045465951,
    "p90": 0.1610780015509636
  },
  "ema": {
    "fast": 0.016629301538036205,
    "slow": 0.015414210295460168,
    "fast_period": 20,
    "slow_period": 100
  },
  "etv": {
    "horizon_days": 1,
    "risk_budget_usd": 100,
    "expected_move_usd": 131.7204931586702,
    "qty": 0.7591833100680866,
    "notional_usd": 73577.76886186875,
    "leverage": 1
  }
}