{
  "t": "2025-12-16T02:21:32.337Z",
  "spot": 85950,
  "sigma_d": 0.0005311339193470565,
  "ERI": 0.053113391934705656,
  "percentiles": {
    "p10": 0.05346685205138347,
    "p50": 0.0713843095307968,
    "p90": 0.23609114079235086
  },
  "ema": {
    "fast": 0.01736123553894661,
    "slow": 0.017719795353363894,
    "fast_period": 20,
    "slow_period": 100
  },
  "etv": {
    "horizon_days": 1,
    "risk_budget_usd": 100,
    "expected_move_usd": 45.650960367879506,
    "qty": 2.1905344201775225,
    "notional_usd": 188276.43341425806,
    "leverage": 1
  }
}