{
  "t": "2026-01-05T21:31:00.779Z",
  "spot": 93893,
  "sigma_d": 0.002224621421827255,
  "ERI": 0.2224621421827255,
  "percentiles": {
    "p10": 0.0534720724614225,
    "p50": 0.15665089986151995,
    "p90": 0.18957278245069095
  },
  "ema": {
    "fast": 0.02514500763376039,
    "slow": 0.025686514743643685,
    "fast_period": 20,
    "slow_period": 100
  },
  "etv": {
    "horizon_days": 1,
    "risk_budget_usd": 100,
    "expected_move_usd": 208.87637915962645,
    "qty": 0.47875207528170766,
    "notional_usd": 44951.468604425376,
    "leverage": 1
  }
}