{
  "t": "2025-12-04T13:03:02.553Z",
  "spot": 92994,
  "sigma_d": 0.0018084823586209408,
  "ERI": 0.1808482358620941,
  "percentiles": {
    "p10": 0.05470794955994625,
    "p50": 0.16007897460854878,
    "p90": 0.19879044514022692
  },
  "ema": {
    "fast": 0.036133034422433805,
    "slow": 0.030934586610330873,
    "fast_period": 20,
    "slow_period": 100
  },
  "etv": {
    "horizon_days": 1,
    "risk_budget_usd": 100,
    "expected_move_usd": 168.17800845759578,
    "qty": 0.5946080639028015,
    "notional_usd": 55294.98229457712,
    "leverage": 1
  }
}