{
  "t": "2026-04-03T15:49:02.618Z",
  "spot": 66825,
  "sigma_d": 0.0019347082772385696,
  "ERI": 0.19347082772385696,
  "percentiles": {
    "p10": 0.05449477142951271,
    "p50": 0.09717007235747127,
    "p90": 0.1850628025270296
  },
  "ema": {
    "fast": 0.03100253922313352,
    "slow": 0.02887879123457757,
    "fast_period": 20,
    "slow_period": 100
  },
  "etv": {
    "horizon_days": 1,
    "risk_budget_usd": 100,
    "expected_move_usd": 129.28688062646742,
    "qty": 0.7734736851523057,
    "notional_usd": 51687.37901030283,
    "leverage": 1
  }
}