{
  "t": "2025-11-13T21:25:37.801Z",
  "spot": 98413,
  "sigma_d": 0.0005964133299445964,
  "ERI": 0.059641332994459645,
  "percentiles": {
    "p10": 0.0532336208874702,
    "p50": 0.06018836358307369,
    "p90": 0.1610780015509636
  },
  "ema": {
    "fast": 0.012988362365767772,
    "slow": 0.014791779967026523,
    "fast_period": 20,
    "slow_period": 100
  },
  "etv": {
    "horizon_days": 1,
    "risk_budget_usd": 100,
    "expected_move_usd": 58.69482503983757,
    "qty": 1.7037277124879004,
    "notional_usd": 167668.95536907174,
    "leverage": 1
  }
}