{
  "t": "2025-10-02T12:52:50.150Z",
  "spot": 119321,
  "sigma_d": 0.001498442001610635,
  "ERI": 0.1498442001610635,
  "percentiles": {
    "p10": 0.053226844763579396,
    "p50": 0.10203877839138649,
    "p90": 0.16338634325204687
  },
  "ema": {
    "fast": 0.016192496620355584,
    "slow": 0.018742154270925567,
    "fast_period": 20,
    "slow_period": 100
  },
  "etv": {
    "horizon_days": 1,
    "risk_budget_usd": 100,
    "expected_move_usd": 178.79559807418258,
    "qty": 0.559297885837826,
    "notional_usd": 66735.98303605524,
    "leverage": 1
  }
}