{
  "t": "2025-12-06T23:26:25.721Z",
  "spot": 88971,
  "sigma_d": 0.0017656450484221844,
  "ERI": 0.17656450484221844,
  "percentiles": {
    "p10": 0.05680949289426833,
    "p50": 0.17079010532679223,
    "p90": 0.21947189551806998
  },
  "ema": {
    "fast": 0.04171800770459526,
    "slow": 0.03386843773982037,
    "fast_period": 20,
    "slow_period": 100
  },
  "etv": {
    "horizon_days": 1,
    "risk_budget_usd": 100,
    "expected_move_usd": 157.09120560317015,
    "qty": 0.6365728725299309,
    "notional_usd": 56636.525041860485,
    "leverage": 1
  }
}