{
  "t": "2026-01-01T14:31:32.948Z",
  "spot": 87764,
  "sigma_d": 0.0018795894062080868,
  "ERI": 0.18795894062080867,
  "percentiles": {
    "p10": 0.054174551914166716,
    "p50": 0.15390227048872285,
    "p90": 0.18224074151717726
  },
  "ema": {
    "fast": 0.03283535839193417,
    "slow": 0.02758069621120997,
    "fast_period": 20,
    "slow_period": 100
  },
  "etv": {
    "horizon_days": 1,
    "risk_budget_usd": 100,
    "expected_move_usd": 164.96028464644652,
    "qty": 0.6062065194317918,
    "notional_usd": 53203.10897141178,
    "leverage": 1
  }
}