{
  "t": "2025-10-12T06:35:20.217Z",
  "spot": 111940,
  "sigma_d": 0.001646075271470879,
  "ERI": 0.1646075271470879,
  "percentiles": {
    "p10": 0.05306572622015328,
    "p50": 0.05832497088768654,
    "p90": 0.17889867710438903
  },
  "ema": {
    "fast": 0.015966206786299873,
    "slow": 0.018363620997140326,
    "fast_period": 20,
    "slow_period": 100
  },
  "etv": {
    "horizon_days": 1,
    "risk_budget_usd": 100,
    "expected_move_usd": 184.2616658884502,
    "qty": 0.5427064794938888,
    "notional_usd": 60750.563314545914,
    "leverage": 1
  }
}