{
  "t": "2026-04-07T05:52:52.169Z",
  "spot": 68651,
  "sigma_d": 0.0019243725968380693,
  "ERI": 0.19243725968380693,
  "percentiles": {
    "p10": 0.054447932990906334,
    "p50": 0.14708471971513642,
    "p90": 0.19915519960275294
  },
  "ema": {
    "fast": 0.031095673072217483,
    "slow": 0.027070562160055867,
    "fast_period": 20,
    "slow_period": 100
  },
  "etv": {
    "horizon_days": 1,
    "risk_budget_usd": 100,
    "expected_move_usd": 132.1101031455303,
    "qty": 0.756944379112638,
    "notional_usd": 51964.98857046171,
    "leverage": 1
  }
}