{
  "t": "2026-02-06T15:53:19.785Z",
  "spot": 68754,
  "sigma_d": 0.0021032703454782484,
  "ERI": 0.21032703454782484,
  "percentiles": {
    "p10": 0.053325303755698696,
    "p50": 0.1192314162774235,
    "p90": 0.18808640660926498
  },
  "ema": {
    "fast": 0.029387818643050245,
    "slow": 0.026572175247059782,
    "fast_period": 20,
    "slow_period": 100
  },
  "etv": {
    "horizon_days": 1,
    "risk_budget_usd": 100,
    "expected_move_usd": 144.60824933301149,
    "qty": 0.691523481276056,
    "notional_usd": 47545.00543165395,
    "leverage": 1
  }
}