{
  "t": "2026-03-03T15:55:58.807Z",
  "spot": 67570,
  "sigma_d": 0.0014217067145486553,
  "ERI": 0.14217067145486553,
  "percentiles": {
    "p10": 0.05381082110670648,
    "p50": 0.1298344122557385,
    "p90": 0.20370664970164232
  },
  "ema": {
    "fast": 0.020508927996990035,
    "slow": 0.020758890211817455,
    "fast_period": 20,
    "slow_period": 100
  },
  "etv": {
    "horizon_days": 1,
    "risk_budget_usd": 100,
    "expected_move_usd": 96.06472270205263,
    "qty": 1.0409648535618297,
    "notional_usd": 70337.99515517283,
    "leverage": 1
  }
}