{
  "t": "2026-06-03T11:21:00.549Z",
  "spot": 67230,
  "sigma_d": 0.001934161718185178,
  "ERI": 0.1934161718185178,
  "percentiles": {
    "p10": 0.05372410378425222,
    "p50": 0.12922065069513813,
    "p90": 0.18874203976010132
  },
  "ema": {
    "fast": 0.033895479347753395,
    "slow": 0.029284073353062358,
    "fast_period": 20,
    "slow_period": 100
  },
  "etv": {
    "horizon_days": 1,
    "risk_budget_usd": 100,
    "expected_move_usd": 130.0336923135895,
    "qty": 0.7690314580842618,
    "notional_usd": 51701.984927004916,
    "leverage": 1
  }
}