{
  "t": "2025-12-28T23:28:27.690Z",
  "spot": 87657,
  "sigma_d": 0.0017367320193880363,
  "ERI": 0.17367320193880362,
  "percentiles": {
    "p10": 0.053569632478717585,
    "p50": 0.1330893945751141,
    "p90": 0.1729526563094172
  },
  "ema": {
    "fast": 0.032937912762712275,
    "slow": 0.028788441442387392,
    "fast_period": 20,
    "slow_period": 100
  },
  "etv": {
    "horizon_days": 1,
    "risk_budget_usd": 100,
    "expected_move_usd": 152.2367186234971,
    "qty": 0.6568717514682783,
    "notional_usd": 57579.40711845487,
    "leverage": 1
  }
}