{
  "t": "2025-12-29T23:28:36.013Z",
  "spot": 87225,
  "sigma_d": 0.0014789367152880097,
  "ERI": 0.14789367152880098,
  "percentiles": {
    "p10": 0.05362830260438192,
    "p50": 0.1445405544435025,
    "p90": 0.17495049970996973
  },
  "ema": {
    "fast": 0.02960851623555199,
    "slow": 0.028731368054942762,
    "fast_period": 20,
    "slow_period": 100
  },
  "etv": {
    "horizon_days": 1,
    "risk_budget_usd": 100,
    "expected_move_usd": 129.00025499099664,
    "qty": 0.7751922661469106,
    "notional_usd": 67616.14541466428,
    "leverage": 1
  }
}