{
  "t": "2025-09-06T10:25:45.114Z",
  "spot": 110719,
  "sigma_d": 0.0009388571149637246,
  "ERI": 0.09388571149637245,
  "percentiles": {
    "p10": 0.05339761501824244,
    "p50": 0.12761357573944415,
    "p90": 0.1746452618395195
  },
  "ema": {
    "fast": 0.023685700735263743,
    "slow": 0.023556115273302296,
    "fast_period": 20,
    "slow_period": 100
  },
  "etv": {
    "horizon_days": 1,
    "risk_budget_usd": 100,
    "expected_move_usd": 103.94932091166862,
    "qty": 0.9620072466368051,
    "notional_usd": 106512.48034038043,
    "leverage": 1
  }
}