{
  "t": "2026-04-19T19:05:13.734Z",
  "spot": 74895,
  "sigma_d": 0.0015280525359675009,
  "ERI": 0.1528052535967501,
  "percentiles": {
    "p10": 0.05401963308775988,
    "p50": 0.10629160211253103,
    "p90": 0.1991818570099999
  },
  "ema": {
    "fast": 0.01877826110414104,
    "slow": 0.02005133813148679,
    "fast_period": 20,
    "slow_period": 100
  },
  "etv": {
    "horizon_days": 1,
    "risk_budget_usd": 100,
    "expected_move_usd": 114.44349468128598,
    "qty": 0.8737936592943992,
    "notional_usd": 65442.77611285403,
    "leverage": 1
  }
}