{
  "t": "2025-09-08T06:40:27.593Z",
  "spot": 111132,
  "sigma_d": 0.0015609140527332696,
  "ERI": 0.15609140527332696,
  "percentiles": {
    "p10": 0.05332451311356649,
    "p50": 0.13141163649845491,
    "p90": 0.16914804321610402
  },
  "ema": {
    "fast": 0.028410247260432606,
    "slow": 0.023958226866148756,
    "fast_period": 20,
    "slow_period": 100
  },
  "etv": {
    "horizon_days": 1,
    "risk_budget_usd": 100,
    "expected_move_usd": 173.4675005083537,
    "qty": 0.5764768599705757,
    "notional_usd": 64065.02640225002,
    "leverage": 1
  }
}