{
  "t": "2026-04-17T22:56:48.487Z",
  "spot": 77396,
  "sigma_d": 0.000741474024512529,
  "ERI": 0.07414740245125291,
  "percentiles": {
    "p10": 0.05407933589544059,
    "p50": 0.1118857296021491,
    "p90": 0.19987809811828794
  },
  "ema": {
    "fast": 0.020057231530247802,
    "slow": 0.020644448436681916,
    "fast_period": 20,
    "slow_period": 100
  },
  "etv": {
    "horizon_days": 1,
    "risk_budget_usd": 100,
    "expected_move_usd": 57.3871236011717,
    "qty": 1.7425511809056458,
    "notional_usd": 134866.49119737337,
    "leverage": 1
  }
}