{
  "t": "2026-01-13T23:28:12.267Z",
  "spot": 95339,
  "sigma_d": 0.0005880877359302837,
  "ERI": 0.058808773593028364,
  "percentiles": {
    "p10": 0.0534528370192192,
    "p50": 0.13001940007998203,
    "p90": 0.19857218208486496
  },
  "ema": {
    "fast": 0.016877389494703937,
    "slow": 0.019537221884373988,
    "fast_period": 20,
    "slow_period": 100
  },
  "etv": {
    "horizon_days": 1,
    "risk_budget_usd": 100,
    "expected_move_usd": 56.06769665585731,
    "qty": 1.7835581977586579,
    "notional_usd": 170042.6550161127,
    "leverage": 1
  }
}