{
  "t": "2026-05-02T08:42:08.857Z",
  "spot": 78312,
  "sigma_d": 0.000575434913600788,
  "ERI": 0.0575434913600788,
  "percentiles": {
    "p10": 0.05382385284426585,
    "p50": 0.06439628613808543,
    "p90": 0.15840923794502682
  },
  "ema": {
    "fast": 0.013230003993633334,
    "slow": 0.016400453000159344,
    "fast_period": 20,
    "slow_period": 100
  },
  "etv": {
    "horizon_days": 1,
    "risk_budget_usd": 100,
    "expected_move_usd": 45.06345895390491,
    "qty": 2.2190928597445057,
    "notional_usd": 173781.60003231172,
    "leverage": 1
  }
}