{
  "t": "2026-01-16T02:26:12.116Z",
  "spot": 95450,
  "sigma_d": 0.0005872817081164767,
  "ERI": 0.058728170811647676,
  "percentiles": {
    "p10": 0.05349098688402988,
    "p50": 0.11742930767534866,
    "p90": 0.18823140886079134
  },
  "ema": {
    "fast": 0.016639149001851837,
    "slow": 0.018139972322789952,
    "fast_period": 20,
    "slow_period": 100
  },
  "etv": {
    "horizon_days": 1,
    "risk_budget_usd": 100,
    "expected_move_usd": 56.0560390397177,
    "qty": 1.7839291129568828,
    "notional_usd": 170276.03383173447,
    "leverage": 1
  }
}