{
  "t": "2025-12-31T13:00:38.800Z",
  "spot": 88669,
  "sigma_d": 0.001001339540195807,
  "ERI": 0.10013395401958071,
  "percentiles": {
    "p10": 0.053791252786646315,
    "p50": 0.14846657565223587,
    "p90": 0.1770085932382241
  },
  "ema": {
    "fast": 0.0164451350522501,
    "slow": 0.023972255770633142,
    "fast_period": 20,
    "slow_period": 100
  },
  "etv": {
    "horizon_days": 1,
    "risk_budget_usd": 100,
    "expected_move_usd": 88.78777568962202,
    "qty": 1.1262811712906613,
    "notional_usd": 99866.22517717164,
    "leverage": 1
  }
}