{
  "t": "2026-03-16T15:14:37.645Z",
  "spot": 73531,
  "sigma_d": 0.000864661672089826,
  "ERI": 0.0864661672089826,
  "percentiles": {
    "p10": 0.05447808823599011,
    "p50": 0.11914563596688335,
    "p90": 0.19734676601485696
  },
  "ema": {
    "fast": 0.0184877677505332,
    "slow": 0.021914017968015634,
    "fast_period": 20,
    "slow_period": 100
  },
  "etv": {
    "horizon_days": 1,
    "risk_budget_usd": 100,
    "expected_move_usd": 63.579437410436995,
    "qty": 1.5728355593090593,
    "notional_usd": 115652.17151155444,
    "leverage": 1
  }
}