{
  "t": "2026-01-10T19:24:08.334Z",
  "spot": 90478,
  "sigma_d": 0.0007053203109148921,
  "ERI": 0.07053203109148921,
  "percentiles": {
    "p10": 0.05340456198130164,
    "p50": 0.14407363508003143,
    "p90": 0.1987794020330305
  },
  "ema": {
    "fast": 0.017285115019296884,
    "slow": 0.02173728178134692,
    "fast_period": 20,
    "slow_period": 100
  },
  "etv": {
    "horizon_days": 1,
    "risk_budget_usd": 100,
    "expected_move_usd": 63.8159710909576,
    "qty": 1.5670058496401928,
    "notional_usd": 141779.55526374537,
    "leverage": 1
  }
}