{
  "t": "2025-11-21T17:26:52.604Z",
  "spot": 85300,
  "sigma_d": 0.0005457973130985483,
  "ERI": 0.05457973130985483,
  "percentiles": {
    "p10": 0.053206729976011155,
    "p50": 0.06105204284144394,
    "p90": 0.15387473844989635
  },
  "ema": {
    "fast": 0.019965644594588626,
    "slow": 0.0200666952531119,
    "fast_period": 20,
    "slow_period": 100
  },
  "etv": {
    "horizon_days": 1,
    "risk_budget_usd": 100,
    "expected_move_usd": 46.55651080730617,
    "qty": 2.147927288062723,
    "notional_usd": 183218.1976717503,
    "leverage": 1
  }
}