{
  "t": "2025-12-07T19:22:12.263Z",
  "spot": 91416,
  "sigma_d": 0.002245189464661981,
  "ERI": 0.2245189464661981,
  "percentiles": {
    "p10": 0.05680949289426833,
    "p50": 0.17447902662563997,
    "p90": 0.22534340876629033
  },
  "ema": {
    "fast": 0.03788720334510759,
    "slow": 0.035190169471815046,
    "fast_period": 20,
    "slow_period": 100
  },
  "etv": {
    "horizon_days": 1,
    "risk_budget_usd": 100,
    "expected_move_usd": 205.24624010153966,
    "qty": 0.48721964383137,
    "notional_usd": 44539.67096048852,
    "leverage": 1
  }
}