{
  "t": "2026-01-25T13:40:11.783Z",
  "spot": 88651,
  "sigma_d": 0.000823853150743921,
  "ERI": 0.08238531507439209,
  "percentiles": {
    "p10": 0.053155782724080586,
    "p50": 0.10309769217185591,
    "p90": 0.17188924640986158
  },
  "ema": {
    "fast": 0.0206818147766873,
    "slow": 0.02492143020473009,
    "fast_period": 20,
    "slow_period": 100
  },
  "etv": {
    "horizon_days": 1,
    "risk_budget_usd": 100,
    "expected_move_usd": 73.03540566659933,
    "qty": 1.369198939710034,
    "notional_usd": 121380.85520423422,
    "leverage": 1
  }
}