{
  "t": "2025-10-13T08:38:04.642Z",
  "spot": 115412,
  "sigma_d": 0.0005952395713651354,
  "ERI": 0.059523957136513546,
  "percentiles": {
    "p10": 0.05307968939635492,
    "p50": 0.05911661710347376,
    "p90": 0.17889867710438903
  },
  "ema": {
    "fast": 0.01733330193960187,
    "slow": 0.01829725576465989,
    "fast_period": 20,
    "slow_period": 100
  },
  "etv": {
    "horizon_days": 1,
    "risk_budget_usd": 100,
    "expected_move_usd": 68.69778941039301,
    "qty": 1.4556509148003443,
    "notional_usd": 167999.58337893733,
    "leverage": 1
  }
}