{
  "t": "2026-01-04T10:32:29.373Z",
  "spot": 91438,
  "sigma_d": 0.0018910042196478838,
  "ERI": 0.18910042196478838,
  "percentiles": {
    "p10": 0.0534720724614225,
    "p50": 0.15428850315115827,
    "p90": 0.18787584504762198
  },
  "ema": {
    "fast": 0.02672502132726499,
    "slow": 0.024801988908227043,
    "fast_period": 20,
    "slow_period": 100
  },
  "etv": {
    "horizon_days": 1,
    "risk_budget_usd": 100,
    "expected_move_usd": 172.9096438361632,
    "qty": 0.5783367415570692,
    "notional_usd": 52881.95497449529,
    "leverage": 1
  }
}