{
  "t": "2025-09-20T10:27:20.249Z",
  "spot": 115780,
  "sigma_d": 0.000962690915606685,
  "ERI": 0.0962690915606685,
  "percentiles": {
    "p10": 0.05299134663690133,
    "p50": 0.056591805624898135,
    "p90": 0.15480517924503734
  },
  "ema": {
    "fast": 0.014894707569548691,
    "slow": 0.013833298552772958,
    "fast_period": 20,
    "slow_period": 100
  },
  "etv": {
    "horizon_days": 1,
    "risk_budget_usd": 100,
    "expected_move_usd": 111.46035420894198,
    "qty": 0.8971799947140078,
    "notional_usd": 103875.49978798782,
    "leverage": 1
  }
}