{
  "t": "2025-09-03T13:33:41.646Z",
  "spot": 111358,
  "sigma_d": 0.001592893047268238,
  "ERI": 0.15928930472682382,
  "percentiles": {
    "p10": 0.05503257470377938,
    "p50": 0.12837022033096818,
    "p90": 0.17422578123687968
  },
  "ema": {
    "fast": 0.025524045117825033,
    "slow": 0.02462664617063739,
    "fast_period": 20,
    "slow_period": 100
  },
  "etv": {
    "horizon_days": 1,
    "risk_budget_usd": 100,
    "expected_move_usd": 177.38138395769647,
    "qty": 0.5637570176126764,
    "notional_usd": 62778.85396731242,
    "leverage": 1
  }
}