{
  "t": "2025-11-17T23:27:39.418Z",
  "spot": 91826,
  "sigma_d": 0.0015980701239444873,
  "ERI": 0.15980701239444872,
  "percentiles": {
    "p10": 0.05319566311840973,
    "p50": 0.056958214388138695,
    "p90": 0.1424876968944481
  },
  "ema": {
    "fast": 0.01689943448570603,
    "slow": 0.014899655994137218,
    "fast_period": 20,
    "slow_period": 100
  },
  "etv": {
    "horizon_days": 1,
    "risk_budget_usd": 100,
    "expected_move_usd": 146.7443872013265,
    "qty": 0.6814570690380453,
    "notional_usd": 62575.476821487544,
    "leverage": 1
  }
}