{
  "t": "2025-09-27T10:26:15.072Z",
  "spot": 109326,
  "sigma_d": 0.0014513185316445108,
  "ERI": 0.14513185316445107,
  "percentiles": {
    "p10": 0.05322833357554802,
    "p50": 0.06501778301258343,
    "p90": 0.15812231731472098
  },
  "ema": {
    "fast": 0.028328026719827128,
    "slow": 0.023774101734402236,
    "fast_period": 20,
    "slow_period": 100
  },
  "etv": {
    "horizon_days": 1,
    "risk_budget_usd": 100,
    "expected_move_usd": 158.6668497905678,
    "qty": 0.630251373440608,
    "notional_usd": 68902.86165276791,
    "leverage": 1
  }
}