{
  "t": "2025-12-04T21:28:10.008Z",
  "spot": 92395,
  "sigma_d": 0.0005945353530354781,
  "ERI": 0.059453535303547814,
  "percentiles": {
    "p10": 0.056387259206409204,
    "p50": 0.16052103918602734,
    "p90": 0.19879044514022692
  },
  "ema": {
    "fast": 0.025039097752508926,
    "slow": 0.028816345800195275,
    "fast_period": 20,
    "slow_period": 100
  },
  "etv": {
    "horizon_days": 1,
    "risk_budget_usd": 100,
    "expected_move_usd": 54.932093943713,
    "qty": 1.8204294215047858,
    "notional_usd": 168198.57639993468,
    "leverage": 1
  }
}