{
  "t": "2026-03-27T19:08:17.599Z",
  "spot": 65693,
  "sigma_d": 0.0016677098574211166,
  "ERI": 0.16677098574211166,
  "percentiles": {
    "p10": 0.05450823009131296,
    "p50": 0.0763183428898416,
    "p90": 0.17925429187722577
  },
  "ema": {
    "fast": 0.022088674309387143,
    "slow": 0.021077154844926466,
    "fast_period": 20,
    "slow_period": 100
  },
  "etv": {
    "horizon_days": 1,
    "risk_budget_usd": 100,
    "expected_move_usd": 109.55686366356541,
    "qty": 0.9127680060930434,
    "notional_usd": 59962.4686242703,
    "leverage": 1
  }
}