{
  "t": "2025-11-06T18:40:55.558Z",
  "spot": 101707,
  "sigma_d": 0.001076472821198328,
  "ERI": 0.10764728211983281,
  "percentiles": {
    "p10": 0.05319919859665046,
    "p50": 0.06252787349656241,
    "p90": 0.17421358582124233
  },
  "ema": {
    "fast": 0.02211546654991864,
    "slow": 0.020797743485291505,
    "fast_period": 20,
    "slow_period": 100
  },
  "etv": {
    "horizon_days": 1,
    "risk_budget_usd": 100,
    "expected_move_usd": 109.48482122561835,
    "qty": 0.9133686193260276,
    "notional_usd": 92895.98216579229,
    "leverage": 1
  }
}