{
  "t": "2025-12-04T20:34:01.334Z",
  "spot": 92087,
  "sigma_d": 0.0005352404076659947,
  "ERI": 0.053524040766599466,
  "percentiles": {
    "p10": 0.05612559540681501,
    "p50": 0.16052103918602734,
    "p90": 0.19879044514022692
  },
  "ema": {
    "fast": 0.02647915204529301,
    "slow": 0.029169027897753563,
    "fast_period": 20,
    "slow_period": 100
  },
  "etv": {
    "horizon_days": 1,
    "risk_budget_usd": 100,
    "expected_move_usd": 49.28868342073845,
    "qty": 2.0288632817878134,
    "notional_usd": 186831.93302999437,
    "leverage": 1
  }
}