{
  "t": "2026-02-11T05:41:55.213Z",
  "spot": 67505,
  "sigma_d": 0.0017128828631260415,
  "ERI": 0.17128828631260415,
  "percentiles": {
    "p10": 0.0534703685954422,
    "p50": 0.11900800859295206,
    "p90": 0.21384409615990388
  },
  "ema": {
    "fast": 0.055054821786603196,
    "slow": 0.03912085444774445,
    "fast_period": 20,
    "slow_period": 100
  },
  "etv": {
    "horizon_days": 1,
    "risk_budget_usd": 100,
    "expected_move_usd": 115.62815767532344,
    "qty": 0.8648412463752444,
    "notional_usd": 58381.10833656087,
    "leverage": 1
  }
}