{
  "t": "2025-09-25T12:56:26.246Z",
  "spot": 111324,
  "sigma_d": 0.0014587977172671148,
  "ERI": 0.1458797717267115,
  "percentiles": {
    "p10": 0.05314733399594723,
    "p50": 0.05848312101940154,
    "p90": 0.13858432710584712
  },
  "ema": {
    "fast": 0.022738031232762454,
    "slow": 0.01812639791747281,
    "fast_period": 20,
    "slow_period": 100
  },
  "etv": {
    "horizon_days": 1,
    "risk_budget_usd": 100,
    "expected_move_usd": 162.39919707704428,
    "qty": 0.6157665912138637,
    "notional_usd": 68549.60000029216,
    "leverage": 1
  }
}