{
  "t": "2026-04-04T08:55:05.671Z",
  "spot": 66920,
  "sigma_d": 0.0020630133632676523,
  "ERI": 0.20630133632676523,
  "percentiles": {
    "p10": 0.05449477142951271,
    "p50": 0.1382565996426494,
    "p90": 0.19089807337258247
  },
  "ema": {
    "fast": 0.0331601058501456,
    "slow": 0.030055269650164525,
    "fast_period": 20,
    "slow_period": 100
  },
  "etv": {
    "horizon_days": 1,
    "risk_budget_usd": 100,
    "expected_move_usd": 138.05685426987128,
    "qty": 0.7243392624644456,
    "notional_usd": 48472.7834441207,
    "leverage": 1
  }
}