{
  "t": "2025-09-14T07:22:41.818Z",
  "spot": 115796,
  "sigma_d": 0.0011802662393563853,
  "ERI": 0.11802662393563854,
  "percentiles": {
    "p10": 0.052988903364013996,
    "p50": 0.10096231635353005,
    "p90": 0.18254532882940133
  },
  "ema": {
    "fast": 0.017281250349618655,
    "slow": 0.017229430587018164,
    "fast_period": 20,
    "slow_period": 100
  },
  "etv": {
    "horizon_days": 1,
    "risk_budget_usd": 100,
    "expected_move_usd": 136.670109452512,
    "qty": 0.7316888850136353,
    "notional_usd": 84726.64612903891,
    "leverage": 1
  }
}