{
  "t": "2026-03-24T23:42:21.078Z",
  "spot": 70729,
  "sigma_d": 0.0016549798008128039,
  "ERI": 0.1654979800812804,
  "percentiles": {
    "p10": 0.05452403731817776,
    "p50": 0.0763183428898416,
    "p90": 0.18009306209280207
  },
  "ema": {
    "fast": 0.017475466736707933,
    "slow": 0.019599816298863027,
    "fast_period": 20,
    "slow_period": 100
  },
  "etv": {
    "horizon_days": 1,
    "risk_budget_usd": 100,
    "expected_move_usd": 117.0550663316888,
    "qty": 0.8542987769246883,
    "notional_usd": 60423.69819310628,
    "leverage": 1
  }
}