{
  "t": "2026-02-14T07:41:48.889Z",
  "spot": 68946,
  "sigma_d": 0.0019275512197586499,
  "ERI": 0.19275512197586497,
  "percentiles": {
    "p10": 0.05414287707453823,
    "p50": 0.13946145543819322,
    "p90": 0.21384409615990388
  },
  "ema": {
    "fast": 0.030609118038444322,
    "slow": 0.0310384646854249,
    "fast_period": 20,
    "slow_period": 100
  },
  "etv": {
    "horizon_days": 1,
    "risk_budget_usd": 100,
    "expected_move_usd": 132.89694639747987,
    "qty": 0.7524627368104547,
    "notional_usd": 51879.29585213361,
    "leverage": 1
  }
}