{
  "t": "2026-02-25T13:39:16.984Z",
  "spot": 66267,
  "sigma_d": 0.0005725506445178217,
  "ERI": 0.057255064451782176,
  "percentiles": {
    "p10": 0.05384441578003304,
    "p50": 0.13919789091211854,
    "p90": 0.20415164213746478
  },
  "ema": {
    "fast": 0.019408847505758504,
    "slow": 0.023354459023990245,
    "fast_period": 20,
    "slow_period": 100
  },
  "etv": {
    "horizon_days": 1,
    "risk_budget_usd": 100,
    "expected_move_usd": 37.94121356026249,
    "qty": 2.6356563382235727,
    "notional_usd": 174657.0385650615,
    "leverage": 1
  }
}