{
  "t": "2026-02-16T05:41:23.497Z",
  "spot": 68305,
  "sigma_d": 0.0005737775720050765,
  "ERI": 0.05737775720050765,
  "percentiles": {
    "p10": 0.05448011542492735,
    "p50": 0.14999924022051095,
    "p90": 0.214143311615601
  },
  "ema": {
    "fast": 0.021645126189154165,
    "slow": 0.027583978485399934,
    "fast_period": 20,
    "slow_period": 100
  },
  "etv": {
    "horizon_days": 1,
    "risk_budget_usd": 100,
    "expected_move_usd": 39.19187705580675,
    "qty": 2.5515491349803514,
    "notional_usd": 174283.5636648329,
    "leverage": 1
  }
}