{
  "t": "2025-12-03T16:41:29.571Z",
  "spot": 92690,
  "sigma_d": 0.0014856899574107725,
  "ERI": 0.14856899574107726,
  "percentiles": {
    "p10": 0.05460196427651429,
    "p50": 0.1527857727524835,
    "p90": 0.19620974040623906
  },
  "ema": {
    "fast": 0.029645816262481948,
    "slow": 0.02823974805514281,
    "fast_period": 20,
    "slow_period": 100
  },
  "etv": {
    "horizon_days": 1,
    "risk_budget_usd": 100,
    "expected_move_usd": 137.7086021524045,
    "qty": 0.7261710484093671,
    "notional_usd": 67308.79447706424,
    "leverage": 1
  }
}