{
  "t": "2026-04-10T16:04:01.691Z",
  "spot": 72436,
  "sigma_d": 0.0009106741108648376,
  "ERI": 0.09106741108648377,
  "percentiles": {
    "p10": 0.054322397312232845,
    "p50": 0.13483748244501248,
    "p90": 0.19987809811828794
  },
  "ema": {
    "fast": 0.020448562237466657,
    "slow": 0.023362471525709406,
    "fast_period": 20,
    "slow_period": 100
  },
  "etv": {
    "horizon_days": 1,
    "risk_budget_usd": 100,
    "expected_move_usd": 65.96558989460537,
    "qty": 1.5159418745405313,
    "notional_usd": 109808.76562421792,
    "leverage": 1
  }
}