{
  "t": "2025-11-07T08:37:02.304Z",
  "spot": 101661,
  "sigma_d": 0.000969389253049152,
  "ERI": 0.0969389253049152,
  "percentiles": {
    "p10": 0.05319869966278887,
    "p50": 0.06075315371018493,
    "p90": 0.17421358582124233
  },
  "ema": {
    "fast": 0.017150568113148423,
    "slow": 0.0194757896956229,
    "fast_period": 20,
    "slow_period": 100
  },
  "etv": {
    "horizon_days": 1,
    "risk_budget_usd": 100,
    "expected_move_usd": 98.54908085422984,
    "qty": 1.0147228074903742,
    "notional_usd": 103157.73533227894,
    "leverage": 1
  }
}