{
  "t": "2025-12-25T20:32:53.139Z",
  "spot": 87676,
  "sigma_d": 0.001689729007064612,
  "ERI": 0.1689729007064612,
  "percentiles": {
    "p10": 0.05347560023185655,
    "p50": 0.07910511916410837,
    "p90": 0.168844288009431
  },
  "ema": {
    "fast": 0.023129733180131354,
    "slow": 0.023705975619284985,
    "fast_period": 20,
    "slow_period": 100
  },
  "etv": {
    "horizon_days": 1,
    "risk_budget_usd": 100,
    "expected_move_usd": 148.1486804233969,
    "qty": 0.6749975748296111,
    "notional_usd": 59181.08737076098,
    "leverage": 1
  }
}