{
  "t": "2025-09-26T23:23:01.875Z",
  "spot": 109555,
  "sigma_d": 0.0015758091391255226,
  "ERI": 0.15758091391255225,
  "percentiles": {
    "p10": 0.0532142017920837,
    "p50": 0.061908243100459066,
    "p90": 0.15703880558044492
  },
  "ema": {
    "fast": 0.027005352766256284,
    "slow": 0.02255282460756507,
    "fast_period": 20,
    "slow_period": 100
  },
  "etv": {
    "horizon_days": 1,
    "risk_budget_usd": 100,
    "expected_move_usd": 172.6377702368966,
    "qty": 0.5792475184473144,
    "notional_usd": 63459.461883495525,
    "leverage": 1
  }
}