{
  "t": "2025-12-03T22:31:15.734Z",
  "spot": 93420,
  "sigma_d": 0.00201897880100323,
  "ERI": 0.201897880100323,
  "percentiles": {
    "p10": 0.05469344189059992,
    "p50": 0.15423733562278857,
    "p90": 0.19716666354364104
  },
  "ema": {
    "fast": 0.031801112148851764,
    "slow": 0.028872549613173794,
    "fast_period": 20,
    "slow_period": 100
  },
  "etv": {
    "horizon_days": 1,
    "risk_budget_usd": 100,
    "expected_move_usd": 188.61299958972177,
    "qty": 0.5301861495099693,
    "notional_usd": 49529.99008722133,
    "leverage": 1
  }
}