{
  "t": "2025-11-11T23:25:39.812Z",
  "spot": 103081,
  "sigma_d": 0.0005363246299475069,
  "ERI": 0.0536324629947507,
  "percentiles": {
    "p10": 0.05326757576903583,
    "p50": 0.05960139217519267,
    "p90": 0.16541896134996933
  },
  "ema": {
    "fast": 0.01486377260342845,
    "slow": 0.015483425731346867,
    "fast_period": 20,
    "slow_period": 100
  },
  "etv": {
    "horizon_days": 1,
    "risk_budget_usd": 100,
    "expected_move_usd": 55.28487917961896,
    "qty": 1.8088128523371267,
    "notional_usd": 186454.23763176336,
    "leverage": 1
  }
}