{
  "t": "2026-01-04T02:37:06.248Z",
  "spot": 91195,
  "sigma_d": 0.0017000660861049132,
  "ERI": 0.17000660861049133,
  "percentiles": {
    "p10": 0.0534720724614225,
    "p50": 0.15413276165968248,
    "p90": 0.18753190808595477
  },
  "ema": {
    "fast": 0.019039205710080193,
    "slow": 0.02338095850758965,
    "fast_period": 20,
    "slow_period": 100
  },
  "etv": {
    "horizon_days": 1,
    "risk_budget_usd": 100,
    "expected_move_usd": 155.03752672233756,
    "qty": 0.6450051294941882,
    "notional_usd": 58821.24278422249,
    "leverage": 1
  }
}