{
  "t": "2026-06-06T16:16:36.063Z",
  "spot": 60765,
  "sigma_d": 0.001711684323386664,
  "ERI": 0.1711684323386664,
  "percentiles": {
    "p10": 0.05358223458961014,
    "p50": 0.13136064077908452,
    "p90": 0.1912755055697345
  },
  "ema": {
    "fast": 0.02509386356324565,
    "slow": 0.0275209044327321,
    "fast_period": 20,
    "slow_period": 100
  },
  "etv": {
    "horizon_days": 1,
    "risk_budget_usd": 100,
    "expected_move_usd": 104.01049791059064,
    "qty": 0.9614414122501543,
    "notional_usd": 58421.98741538063,
    "leverage": 1
  }
}