{
  "t": "2026-04-22T23:00:31.743Z",
  "spot": 78593,
  "sigma_d": 0.0009439142785406694,
  "ERI": 0.09439142785406694,
  "percentiles": {
    "p10": 0.05393220563953715,
    "p50": 0.08427465481953109,
    "p90": 0.18786021523181073
  },
  "ema": {
    "fast": 0.018222416304397807,
    "slow": 0.01790023740995999,
    "fast_period": 20,
    "slow_period": 100
  },
  "etv": {
    "horizon_days": 1,
    "risk_budget_usd": 100,
    "expected_move_usd": 74.18505489334683,
    "qty": 1.3479804004157763,
    "notional_usd": 105941.8236098771,
    "leverage": 1
  }
}