{
  "t": "2026-01-12T17:34:07.981Z",
  "spot": 91450,
  "sigma_d": 0.0006969751020825957,
  "ERI": 0.06969751020825957,
  "percentiles": {
    "p10": 0.05340456198130164,
    "p50": 0.14133480688279906,
    "p90": 0.1987794020330305
  },
  "ema": {
    "fast": 0.018499159017329892,
    "slow": 0.021013564538591677,
    "fast_period": 20,
    "slow_period": 100
  },
  "etv": {
    "horizon_days": 1,
    "risk_budget_usd": 100,
    "expected_move_usd": 63.738373085453375,
    "qty": 1.5689135941065053,
    "notional_usd": 143477.1481810399,
    "leverage": 1
  }
}