{
  "t": "2026-05-12T09:47:16.043Z",
  "spot": 80904,
  "sigma_d": 0.0019127874355879529,
  "ERI": 0.1912787435587953,
  "percentiles": {
    "p10": 0.053770599917991296,
    "p50": 0.06936848161653471,
    "p90": 0.16589876932528408
  },
  "ema": {
    "fast": 0.023237836556029984,
    "slow": 0.021220868574670027,
    "fast_period": 20,
    "slow_period": 100
  },
  "etv": {
    "horizon_days": 1,
    "risk_budget_usd": 100,
    "expected_move_usd": 154.75215468880774,
    "qty": 0.6461945567161294,
    "notional_usd": 52279.72441656173,
    "leverage": 1
  }
}