{
  "t": "2025-10-28T07:27:26.356Z",
  "spot": 114207,
  "sigma_d": 0.0005349136547114377,
  "ERI": 0.05349136547114377,
  "percentiles": {
    "p10": 0.05335280878794368,
    "p50": 0.0789652386867423,
    "p90": 0.16627302273485584
  },
  "ema": {
    "fast": 0.013303150188292425,
    "slow": 0.019080325331618086,
    "fast_period": 20,
    "slow_period": 100
  },
  "etv": {
    "horizon_days": 1,
    "risk_budget_usd": 100,
    "expected_move_usd": 61.09088376362916,
    "qty": 1.636905440538669,
    "notional_usd": 186946.05964759976,
    "leverage": 1
  }
}