{
  "t": "2025-09-23T10:30:07.186Z",
  "spot": 112953,
  "sigma_d": 0.0009189910527854472,
  "ERI": 0.09189910527854472,
  "percentiles": {
    "p10": 0.053055649044120544,
    "p50": 0.05738683368706431,
    "p90": 0.12723204531788404
  },
  "ema": {
    "fast": 0.017664833502014466,
    "slow": 0.014400583404773553,
    "fast_period": 20,
    "slow_period": 100
  },
  "etv": {
    "horizon_days": 1,
    "risk_budget_usd": 100,
    "expected_move_usd": 103.80279638527462,
    "qty": 0.9633651836202933,
    "notional_usd": 108814.987585463,
    "leverage": 1
  }
}