{
  "t": "2025-10-28T16:37:48.606Z",
  "spot": 115172,
  "sigma_d": 0.0005335833470753401,
  "ERI": 0.053358334707534004,
  "percentiles": {
    "p10": 0.05333903843381573,
    "p50": 0.07773558348133729,
    "p90": 0.16627302273485584
  },
  "ema": {
    "fast": 0.011561723826620088,
    "slow": 0.017650836261288362,
    "fast_period": 20,
    "slow_period": 100
  },
  "etv": {
    "horizon_days": 1,
    "risk_budget_usd": 100,
    "expected_move_usd": 61.45386124936107,
    "qty": 1.6272370517815054,
    "notional_usd": 187412.14572777954,
    "leverage": 1
  }
}