{
  "t": "2026-03-09T05:01:06.339Z",
  "spot": 67168,
  "sigma_d": 0.0005615210974888603,
  "ERI": 0.056152109748886035,
  "percentiles": {
    "p10": 0.054146726067878494,
    "p50": 0.11661569501010319,
    "p90": 0.19653453609424024
  },
  "ema": {
    "fast": 0.021063000611944202,
    "slow": 0.02214215436468527,
    "fast_period": 20,
    "slow_period": 100
  },
  "etv": {
    "horizon_days": 1,
    "risk_budget_usd": 100,
    "expected_move_usd": 37.716249076131774,
    "qty": 2.6513771239060904,
    "notional_usd": 178087.69865852428,
    "leverage": 1
  }
}