{
  "t": "2026-03-03T18:04:57.998Z",
  "spot": 68306,
  "sigma_d": 0.0006430986811303698,
  "ERI": 0.06430986811303697,
  "percentiles": {
    "p10": 0.05381082110670648,
    "p50": 0.12851879151989454,
    "p90": 0.20370664970164232
  },
  "ema": {
    "fast": 0.0188754774735005,
    "slow": 0.020394718923888062,
    "fast_period": 20,
    "slow_period": 100
  },
  "etv": {
    "horizon_days": 1,
    "risk_budget_usd": 100,
    "expected_move_usd": 43.92749851329104,
    "qty": 2.2764783651348424,
    "notional_usd": 155497.13120890054,
    "leverage": 1
  }
}