{
  "t": "2026-05-19T23:17:30.837Z",
  "spot": 76743,
  "sigma_d": 0.001171450992010834,
  "ERI": 0.1171450992010834,
  "percentiles": {
    "p10": 0.05363576496625867,
    "p50": 0.06855050811474131,
    "p90": 0.16858564388101388
  },
  "ema": {
    "fast": 0.019984991143874878,
    "slow": 0.018888654686024367,
    "fast_period": 20,
    "slow_period": 100
  },
  "etv": {
    "horizon_days": 1,
    "risk_budget_usd": 100,
    "expected_move_usd": 89.90066347988744,
    "qty": 1.1123388429983276,
    "notional_usd": 85364.21982822065,
    "leverage": 1
  }
}