{
  "t": "2026-06-01T22:15:05.849Z",
  "spot": 70890,
  "sigma_d": 0.0017064420796867135,
  "ERI": 0.17064420796867136,
  "percentiles": {
    "p10": 0.05363724261418767,
    "p50": 0.12526526435499416,
    "p90": 0.18382600068353896
  },
  "ema": {
    "fast": 0.03356517843850025,
    "slow": 0.028347406222516358,
    "fast_period": 20,
    "slow_period": 100
  },
  "etv": {
    "horizon_days": 1,
    "risk_budget_usd": 100,
    "expected_move_usd": 120.96967902899112,
    "qty": 0.8266534292120787,
    "notional_usd": 58601.46159684426,
    "leverage": 1
  }
}