{
  "t": "2025-09-04T03:00:32.450Z",
  "spot": 111481,
  "sigma_d": 0.0016893586780670946,
  "ERI": 0.16893586780670947,
  "percentiles": {
    "p10": 0.05317046798421914,
    "p50": 0.12673156019817625,
    "p90": 0.17944990747280895
  },
  "ema": {
    "fast": 0.023367965141325275,
    "slow": 0.0238220137524237,
    "fast_period": 20,
    "slow_period": 100
  },
  "etv": {
    "horizon_days": 1,
    "risk_budget_usd": 100,
    "expected_move_usd": 188.33139478959777,
    "qty": 0.5309789167744398,
    "notional_usd": 59194.06062093132,
    "leverage": 1
  }
}