{
  "t": "2026-02-09T23:50:02.724Z",
  "spot": 70208,
  "sigma_d": 0.0005882575285614052,
  "ERI": 0.058825752856140515,
  "percentiles": {
    "p10": 0.05340961907639863,
    "p50": 0.11523327938748165,
    "p90": 0.20815179264290778
  },
  "ema": {
    "fast": 0.025432049692154193,
    "slow": 0.02510259483570408,
    "fast_period": 20,
    "slow_period": 100
  },
  "etv": {
    "horizon_days": 1,
    "risk_budget_usd": 100,
    "expected_move_usd": 41.300384565239135,
    "qty": 2.4212849602414104,
    "notional_usd": 169993.57448862895,
    "leverage": 1
  }
}