{
  "t": "2025-12-07T10:29:01.248Z",
  "spot": 89242,
  "sigma_d": 0.0020583211857992186,
  "ERI": 0.20583211857992187,
  "percentiles": {
    "p10": 0.05726589601349984,
    "p50": 0.17325320857320503,
    "p90": 0.22333335387827316
  },
  "ema": {
    "fast": 0.04183655286712173,
    "slow": 0.03526664526140249,
    "fast_period": 20,
    "slow_period": 100
  },
  "etv": {
    "horizon_days": 1,
    "risk_budget_usd": 100,
    "expected_move_usd": 183.68869926309387,
    "qty": 0.544399303828549,
    "notional_usd": 48583.28267226736,
    "leverage": 1
  }
}