{
  "t": "2025-11-26T11:26:15.706Z",
  "spot": 86886,
  "sigma_d": 0.0013137268388748958,
  "ERI": 0.13137268388748957,
  "percentiles": {
    "p10": 0.05324971043115481,
    "p50": 0.1087414702157155,
    "p90": 0.17150051085280027
  },
  "ema": {
    "fast": 0.029256890537177543,
    "slow": 0.024315842691597103,
    "fast_period": 20,
    "slow_period": 100
  },
  "etv": {
    "horizon_days": 1,
    "risk_budget_usd": 100,
    "expected_move_usd": 114.14447012248421,
    "qty": 0.8760827387668776,
    "notional_usd": 76119.32484049893,
    "leverage": 1
  }
}