{
  "t": "2026-04-06T22:51:55.774Z",
  "spot": 69183,
  "sigma_d": 0.0005674215861316544,
  "ERI": 0.05674215861316544,
  "percentiles": {
    "p10": 0.054447932990906334,
    "p50": 0.13121058199854568,
    "p90": 0.19875453638369717
  },
  "ema": {
    "fast": 0.028251345385371256,
    "slow": 0.026311819239579422,
    "fast_period": 20,
    "slow_period": 100
  },
  "etv": {
    "horizon_days": 1,
    "risk_budget_usd": 100,
    "expected_move_usd": 39.25592759334625,
    "qty": 2.5473859906178773,
    "notional_usd": 176235.8049889166,
    "leverage": 1
  }
}