{
  "t": "2026-02-11T10:05:11.257Z",
  "spot": 66711,
  "sigma_d": 0.001160295519442334,
  "ERI": 0.1160295519442334,
  "percentiles": {
    "p10": 0.05349649353083592,
    "p50": 0.1192314162774235,
    "p90": 0.21384409615990388
  },
  "ema": {
    "fast": 0.047920637881832574,
    "slow": 0.038467838011564164,
    "fast_period": 20,
    "slow_period": 100
  },
  "etv": {
    "horizon_days": 1,
    "risk_budget_usd": 100,
    "expected_move_usd": 77.40447439751755,
    "qty": 1.2919149800881164,
    "notional_usd": 86184.94023665834,
    "leverage": 1
  }
}