{
  "t": "2026-04-03T22:49:05.417Z",
  "spot": 66910,
  "sigma_d": 0.0020403890898946678,
  "ERI": 0.20403890898946678,
  "percentiles": {
    "p10": 0.05449477142951271,
    "p50": 0.1283117751035755,
    "p90": 0.18787080085780478
  },
  "ema": {
    "fast": 0.033231147066572445,
    "slow": 0.0296116604808717,
    "fast_period": 20,
    "slow_period": 100
  },
  "etv": {
    "horizon_days": 1,
    "risk_budget_usd": 100,
    "expected_move_usd": 136.52243400485222,
    "qty": 0.7324803482220794,
    "notional_usd": 49010.26009953934,
    "leverage": 1
  }
}