{
  "t": "2025-10-27T09:33:12.746Z",
  "spot": 115112,
  "sigma_d": 0.0005326175539263904,
  "ERI": 0.05326175539263904,
  "percentiles": {
    "p10": 0.05341609331223806,
    "p50": 0.08768487187207169,
    "p90": 0.1653919243145472
  },
  "ema": {
    "fast": 0.017432478994921848,
    "slow": 0.0224414925715197,
    "fast_period": 20,
    "slow_period": 100
  },
  "etv": {
    "horizon_days": 1,
    "risk_budget_usd": 100,
    "expected_move_usd": 61.310671867574655,
    "qty": 1.631037418999268,
    "notional_usd": 187751.97937584374,
    "leverage": 1
  }
}