{
  "t": "2025-10-17T09:29:18.952Z",
  "spot": 105017,
  "sigma_d": 0.0005345601220218059,
  "ERI": 0.05345601220218059,
  "percentiles": {
    "p10": 0.05330059894401798,
    "p50": 0.06383711817251947,
    "p90": 0.1750558040786427
  },
  "ema": {
    "fast": 0.013831526682445791,
    "slow": 0.016796664693379152,
    "fast_period": 20,
    "slow_period": 100
  },
  "etv": {
    "horizon_days": 1,
    "risk_budget_usd": 100,
    "expected_move_usd": 56.137900334363984,
    "qty": 1.7813277554804892,
    "notional_usd": 187069.69689729452,
    "leverage": 1
  }
}