{
  "t": "2026-02-24T16:11:29.756Z",
  "spot": 64193,
  "sigma_d": 0.0005589797428218,
  "ERI": 0.05589797428218,
  "percentiles": {
    "p10": 0.05390808737665968,
    "p50": 0.14674393686951087,
    "p90": 0.20604456074113697
  },
  "ema": {
    "fast": 0.03006540355006875,
    "slow": 0.025759512944213157,
    "fast_period": 20,
    "slow_period": 100
  },
  "etv": {
    "horizon_days": 1,
    "risk_budget_usd": 100,
    "expected_move_usd": 35.88258663095981,
    "qty": 2.7868670959667976,
    "notional_usd": 178897.35949139664,
    "leverage": 1
  }
}