{
  "t": "2026-02-19T10:01:07.707Z",
  "spot": 66814,
  "sigma_d": 0.0013195116976365189,
  "ERI": 0.1319511697636519,
  "percentiles": {
    "p10": 0.05497562937063896,
    "p50": 0.15339849650525722,
    "p90": 0.2113078144435478
  },
  "ema": {
    "fast": 0.024205801002604485,
    "slow": 0.02607883886935676,
    "fast_period": 20,
    "slow_period": 100
  },
  "etv": {
    "horizon_days": 1,
    "risk_budget_usd": 100,
    "expected_move_usd": 88.16185456588637,
    "qty": 1.134277409344498,
    "notional_usd": 75785.6108279433,
    "leverage": 1
  }
}