{
  "t": "2026-04-30T14:20:57.610Z",
  "spot": 76154,
  "sigma_d": 0.0005444613356808054,
  "ERI": 0.05444613356808054,
  "percentiles": {
    "p10": 0.05383554500253685,
    "p50": 0.07361145589257492,
    "p90": 0.16428419524546545
  },
  "ema": {
    "fast": 0.020796628973317254,
    "slow": 0.018594911822525963,
    "fast_period": 20,
    "slow_period": 100
  },
  "etv": {
    "horizon_days": 1,
    "risk_budget_usd": 100,
    "expected_move_usd": 41.46290855743605,
    "qty": 2.411794142745101,
    "notional_usd": 183667.77114661044,
    "leverage": 1
  }
}