{
  "t": "2026-01-11T13:37:43.218Z",
  "spot": 90726,
  "sigma_d": 0.0014734527299726313,
  "ERI": 0.14734527299726313,
  "percentiles": {
    "p10": 0.05344432580036459,
    "p50": 0.13796794184540834,
    "p90": 0.1987794020330305
  },
  "ema": {
    "fast": 0.021871508648985225,
    "slow": 0.021688958153916964,
    "fast_period": 20,
    "slow_period": 100
  },
  "etv": {
    "horizon_days": 1,
    "risk_budget_usd": 100,
    "expected_move_usd": 133.68047237949693,
    "qty": 0.7480524134902546,
    "notional_usd": 67867.80326631684,
    "leverage": 1
  }
}