{
  "t": "2025-11-18T14:31:21.086Z",
  "spot": 91391,
  "sigma_d": 0.0015360372044940559,
  "ERI": 0.1536037204494056,
  "percentiles": {
    "p10": 0.05319566311840973,
    "p50": 0.05747881927895469,
    "p90": 0.14595806171830447
  },
  "ema": {
    "fast": 0.02276718741122366,
    "slow": 0.01691850251170136,
    "fast_period": 20,
    "slow_period": 100
  },
  "etv": {
    "horizon_days": 1,
    "risk_budget_usd": 100,
    "expected_move_usd": 140.37997615591627,
    "qty": 0.7123523079169972,
    "notional_usd": 65102.58977284229,
    "leverage": 1
  }
}