{
  "t": "2025-12-19T07:31:02.737Z",
  "spot": 87877,
  "sigma_d": 0.0016681249734373988,
  "ERI": 0.16681249734373987,
  "percentiles": {
    "p10": 0.053432222807870106,
    "p50": 0.059232800531953345,
    "p90": 0.19644302740232308
  },
  "ema": {
    "fast": 0.01686568843354995,
    "slow": 0.016600595344610926,
    "fast_period": 20,
    "slow_period": 100
  },
  "etv": {
    "horizon_days": 1,
    "risk_budget_usd": 100,
    "expected_move_usd": 146.5898182907583,
    "qty": 0.6821756187844628,
    "notional_usd": 59947.546851922234,
    "leverage": 1
  }
}