{
  "t": "2025-11-05T12:58:20.977Z",
  "spot": 102542,
  "sigma_d": 0.000652041933613961,
  "ERI": 0.0652041933613961,
  "percentiles": {
    "p10": 0.053203071539855706,
    "p50": 0.08022614718478621,
    "p90": 0.17408365096621453
  },
  "ema": {
    "fast": 0.017086081749557183,
    "slow": 0.018255928994188205,
    "fast_period": 20,
    "slow_period": 100
  },
  "etv": {
    "horizon_days": 1,
    "risk_budget_usd": 100,
    "expected_move_usd": 66.86168395664279,
    "qty": 1.4956249092506573,
    "notional_usd": 153364.3694443809,
    "leverage": 1
  }
}