{
  "t": "2025-10-15T19:22:26.423Z",
  "spot": 111401,
  "sigma_d": 0.001452171914880429,
  "ERI": 0.1452171914880429,
  "percentiles": {
    "p10": 0.05316663243911282,
    "p50": 0.06383711817251947,
    "p90": 0.17876486664125607
  },
  "ema": {
    "fast": 0.018340856557544673,
    "slow": 0.01774633532188205,
    "fast_period": 20,
    "slow_period": 100
  },
  "etv": {
    "horizon_days": 1,
    "risk_budget_usd": 100,
    "expected_move_usd": 161.77340348959467,
    "qty": 0.618148582170567,
    "notional_usd": 68862.37020238333,
    "leverage": 1
  }
}