{
  "t": "2026-04-06T19:15:12.998Z",
  "spot": 69627,
  "sigma_d": 0.0018219543590062778,
  "ERI": 0.18219543590062778,
  "percentiles": {
    "p10": 0.054447932990906334,
    "p50": 0.12824869292217872,
    "p90": 0.19807308950971728
  },
  "ema": {
    "fast": 0.028753585669501067,
    "slow": 0.026228841498590626,
    "fast_period": 20,
    "slow_period": 100
  },
  "etv": {
    "horizon_days": 1,
    "risk_budget_usd": 100,
    "expected_move_usd": 126.85721615453011,
    "qty": 0.7882878328197412,
    "notional_usd": 54886.11693574012,
    "leverage": 1
  }
}