{
  "t": "2025-10-20T16:34:37.052Z",
  "spot": 110820,
  "sigma_d": 0.0007767090126010391,
  "ERI": 0.07767090126010391,
  "percentiles": {
    "p10": 0.053560319126119374,
    "p50": 0.06916771120433968,
    "p90": 0.1628745668981314
  },
  "ema": {
    "fast": 0.019516938941131247,
    "slow": 0.018215590689742395,
    "fast_period": 20,
    "slow_period": 100
  },
  "etv": {
    "horizon_days": 1,
    "risk_budget_usd": 100,
    "expected_move_usd": 86.07489277644716,
    "qty": 1.1617789668320468,
    "notional_usd": 128748.34510432743,
    "leverage": 1
  }
}