{
  "t": "2026-01-16T05:36:14.300Z",
  "spot": 95315,
  "sigma_d": 0.0005446719523473843,
  "ERI": 0.054467195234738426,
  "percentiles": {
    "p10": 0.05349098688402988,
    "p50": 0.11742930767534866,
    "p90": 0.18823140886079134
  },
  "ema": {
    "fast": 0.015516225250961071,
    "slow": 0.017838467520004855,
    "fast_period": 20,
    "slow_period": 100
  },
  "etv": {
    "horizon_days": 1,
    "risk_budget_usd": 100,
    "expected_move_usd": 51.91540713799093,
    "qty": 1.9262104549079317,
    "notional_usd": 183596.74950954953,
    "leverage": 1
  }
}