{
  "t": "2026-06-23T12:13:38.960Z",
  "spot": 62358,
  "sigma_d": 0.0006378267804274763,
  "ERI": 0.06378267804274763,
  "percentiles": {
    "p10": 0.05373280586965143,
    "p50": 0.143493231688732,
    "p90": 0.19868732007533244
  },
  "ema": {
    "fast": 0.015126966149079801,
    "slow": 0.021261958782912163,
    "fast_period": 20,
    "slow_period": 100
  },
  "etv": {
    "horizon_days": 1,
    "risk_budget_usd": 100,
    "expected_move_usd": 39.773602373896566,
    "qty": 2.514230394821618,
    "notional_usd": 156782.37896028647,
    "leverage": 1
  }
}