{
  "t": "2025-11-02T19:19:24.774Z",
  "spot": 110175,
  "sigma_d": 0.0005363332743263058,
  "ERI": 0.05363332743263058,
  "percentiles": {
    "p10": 0.05324979297825574,
    "p50": 0.07731941018991764,
    "p90": 0.1738178699415084
  },
  "ema": {
    "fast": 0.012430137375532868,
    "slow": 0.017358407172531596,
    "fast_period": 20,
    "slow_period": 100
  },
  "etv": {
    "horizon_days": 1,
    "risk_budget_usd": 100,
    "expected_move_usd": 59.090518498900735,
    "qty": 1.6923188785669618,
    "notional_usd": 186451.23244611503,
    "leverage": 1
  }
}