{
  "t": "2026-04-08T21:56:02.389Z",
  "spot": 71592,
  "sigma_d": 0.0017521867003208206,
  "ERI": 0.17521867003208205,
  "percentiles": {
    "p10": 0.054445904877183184,
    "p50": 0.13121058199854568,
    "p90": 0.19940652751423743
  },
  "ema": {
    "fast": 0.024588211688318238,
    "slow": 0.025429294155045756,
    "fast_period": 20,
    "slow_period": 100
  },
  "etv": {
    "horizon_days": 1,
    "risk_budget_usd": 100,
    "expected_move_usd": 125.4425502493682,
    "qty": 0.7971776705847358,
    "notional_usd": 57071.5437925024,
    "leverage": 1
  }
}