{
  "t": "2025-09-10T10:29:10.800Z",
  "spot": 112308,
  "sigma_d": 0.000539694367437242,
  "ERI": 0.0539694367437242,
  "percentiles": {
    "p10": 0.05325286218492442,
    "p50": 0.13325179721567082,
    "p90": 0.17446087151565937
  },
  "ema": {
    "fast": 0.025351623774733115,
    "slow": 0.02421814247923627,
    "fast_period": 20,
    "slow_period": 100
  },
  "etv": {
    "horizon_days": 1,
    "risk_budget_usd": 100,
    "expected_move_usd": 60.61199501814178,
    "qty": 1.6498384514495685,
    "notional_usd": 185290.05680539814,
    "leverage": 1
  }
}