{
  "t": "2025-11-10T12:59:17.194Z",
  "spot": 105904,
  "sigma_d": 0.0016745472260591935,
  "ERI": 0.16745472260591934,
  "percentiles": {
    "p10": 0.05325364294364326,
    "p50": 0.06565107092162531,
    "p90": 0.17405962265194586
  },
  "ema": {
    "fast": 0.01617889694522031,
    "slow": 0.016805683735106228,
    "fast_period": 20,
    "slow_period": 100
  },
  "etv": {
    "horizon_days": 1,
    "risk_budget_usd": 100,
    "expected_move_usd": 177.34124942857284,
    "qty": 0.5638846028333452,
    "notional_usd": 59717.634978462585,
    "leverage": 1
  }
}