{
  "t": "2026-01-20T15:41:52.226Z",
  "spot": 90537,
  "sigma_d": 0.0006089939973048478,
  "ERI": 0.060899399730484784,
  "percentiles": {
    "p10": 0.053239858924143325,
    "p50": 0.06739932992250483,
    "p90": 0.1538078957004861
  },
  "ema": {
    "fast": 0.022759132164678553,
    "slow": 0.017670399716937693,
    "fast_period": 20,
    "slow_period": 100
  },
  "etv": {
    "horizon_days": 1,
    "risk_budget_usd": 100,
    "expected_move_usd": 55.13648953398901,
    "qty": 1.8136809369837517,
    "notional_usd": 164205.23099169793,
    "leverage": 1
  }
}