{
  "t": "2026-04-06T17:01:17.214Z",
  "spot": 69832,
  "sigma_d": 0.002109283643892676,
  "ERI": 0.21092836438926763,
  "percentiles": {
    "p10": 0.054447932990906334,
    "p50": 0.11599821139361766,
    "p90": 0.19807308950971728
  },
  "ema": {
    "fast": 0.027593806579195652,
    "slow": 0.025913621980215563,
    "fast_period": 20,
    "slow_period": 100
  },
  "etv": {
    "horizon_days": 1,
    "risk_budget_usd": 100,
    "expected_move_usd": 147.29549542031336,
    "qty": 0.6789073875928531,
    "notional_usd": 47409.46069038411,
    "leverage": 1
  }
}