{
  "t": "2025-10-10T09:28:52.063Z",
  "spot": 121706,
  "sigma_d": 0.0007562502083945071,
  "ERI": 0.07562502083945072,
  "percentiles": {
    "p10": 0.05302796107930348,
    "p50": 0.05842266849913825,
    "p90": 0.17877112334487313
  },
  "ema": {
    "fast": 0.027078994813937583,
    "slow": 0.022884752734821295,
    "fast_period": 20,
    "slow_period": 100
  },
  "etv": {
    "horizon_days": 1,
    "risk_budget_usd": 100,
    "expected_move_usd": 92.04018786286188,
    "qty": 1.0864819197131375,
    "notional_usd": 132231.3685206071,
    "leverage": 1
  }
}