{
  "t": "2026-01-29T13:21:24.063Z",
  "spot": 87943,
  "sigma_d": 0.0005314363322373564,
  "ERI": 0.05314363322373564,
  "percentiles": {
    "p10": 0.05321509494893661,
    "p50": 0.11760864696000489,
    "p90": 0.17810142383398367
  },
  "ema": {
    "fast": 0.014827085308872924,
    "slow": 0.018400205239598306,
    "fast_period": 20,
    "slow_period": 100
  },
  "etv": {
    "horizon_days": 1,
    "risk_budget_usd": 100,
    "expected_move_usd": 46.73610536594983,
    "qty": 2.1396733685228346,
    "notional_usd": 188169.29504800364,
    "leverage": 1
  }
}