{
  "t": "2026-02-22T11:31:47.571Z",
  "spot": 68211,
  "sigma_d": 0.0005526867011577042,
  "ERI": 0.05526867011577042,
  "percentiles": {
    "p10": 0.054034794498154355,
    "p50": 0.142506202727415,
    "p90": 0.20613082654930917
  },
  "ema": {
    "fast": 0.01557840049215322,
    "slow": 0.022692527213086403,
    "fast_period": 20,
    "slow_period": 100
  },
  "etv": {
    "horizon_days": 1,
    "risk_budget_usd": 100,
    "expected_move_usd": 37.69931257266816,
    "qty": 2.6525682612180987,
    "notional_usd": 180934.33366594772,
    "leverage": 1
  }
}