{
  "t": "2025-09-21T07:21:50.183Z",
  "spot": 115688,
  "sigma_d": 0.0005744943546442948,
  "ERI": 0.057449435464429474,
  "percentiles": {
    "p10": 0.05298946810701005,
    "p50": 0.05648444438627068,
    "p90": 0.13463561511313799
  },
  "ema": {
    "fast": 0.013564365539867266,
    "slow": 0.014188981775857448,
    "fast_period": 20,
    "slow_period": 100
  },
  "etv": {
    "horizon_days": 1,
    "risk_budget_usd": 100,
    "expected_move_usd": 66.46210290008918,
    "qty": 1.5046168513555387,
    "notional_usd": 174066.11429961957,
    "leverage": 1
  }
}