{
  "t": "2026-01-07T09:37:57.125Z",
  "spot": 91781,
  "sigma_d": 0.002234783573126965,
  "ERI": 0.2234783573126965,
  "percentiles": {
    "p10": 0.05356725749908423,
    "p50": 0.16005799842790008,
    "p90": 0.19383896160937975
  },
  "ema": {
    "fast": 0.02810682981673117,
    "slow": 0.0270344832492253,
    "fast_period": 20,
    "slow_period": 100
  },
  "etv": {
    "horizon_days": 1,
    "risk_budget_usd": 100,
    "expected_move_usd": 205.11067112516596,
    "qty": 0.4875416742163375,
    "notional_usd": 44747.06240124967,
    "leverage": 1
  }
}