{
  "t": "2025-10-01T16:33:54.252Z",
  "spot": 117914,
  "sigma_d": 0.0005294283525311668,
  "ERI": 0.052942835253116674,
  "percentiles": {
    "p10": 0.053220802800163065,
    "p50": 0.0988402339060325,
    "p90": 0.16338634325204687
  },
  "ema": {
    "fast": 0.015437463942367544,
    "slow": 0.01922918307192701,
    "fast_period": 20,
    "slow_period": 100
  },
  "etv": {
    "horizon_days": 1,
    "risk_budget_usd": 100,
    "expected_move_usd": 62.42701476036,
    "qty": 1.6018706065614745,
    "notional_usd": 188882.97070208972,
    "leverage": 1
  }
}