{
  "t": "2025-11-21T09:30:25.752Z",
  "spot": 83122,
  "sigma_d": 0.001344979075834803,
  "ERI": 0.1344979075834803,
  "percentiles": {
    "p10": 0.05320919855820688,
    "p50": 0.06105204284144394,
    "p90": 0.15470437097997478
  },
  "ema": {
    "fast": 0.01792850850068404,
    "slow": 0.019794516183718653,
    "fast_period": 20,
    "slow_period": 100
  },
  "etv": {
    "horizon_days": 1,
    "risk_budget_usd": 100,
    "expected_move_usd": 111.79735074154048,
    "qty": 0.8944755786850954,
    "notional_usd": 74350.5990514625,
    "leverage": 1
  }
}