{
  "t": "2026-03-06T15:50:57.656Z",
  "spot": 68603,
  "sigma_d": 0.0016619787798943717,
  "ERI": 0.16619787798943716,
  "percentiles": {
    "p10": 0.05386149441018994,
    "p50": 0.11948813499443772,
    "p90": 0.20724108929956897
  },
  "ema": {
    "fast": 0.02553380080182106,
    "slow": 0.024289972574269764,
    "fast_period": 20,
    "slow_period": 100
  },
  "etv": {
    "horizon_days": 1,
    "risk_budget_usd": 100,
    "expected_move_usd": 114.01673023709358,
    "qty": 0.8770642676040059,
    "notional_usd": 60169.239950437615,
    "leverage": 1
  }
}