{
  "t": "2025-09-19T23:23:03.606Z",
  "spot": 115568,
  "sigma_d": 0.0005933026940073883,
  "ERI": 0.05933026940073883,
  "percentiles": {
    "p10": 0.05298946810701005,
    "p50": 0.05657759926584558,
    "p90": 0.16255208016838107
  },
  "ema": {
    "fast": 0.011953330513033841,
    "slow": 0.013378433823424239,
    "fast_period": 20,
    "slow_period": 100
  },
  "etv": {
    "horizon_days": 1,
    "risk_budget_usd": 100,
    "expected_move_usd": 68.56680574104585,
    "qty": 1.4584316553649432,
    "notional_usd": 168548.02954721576,
    "leverage": 1
  }
}