{
  "t": "2025-10-02T04:30:13.916Z",
  "spot": 118622,
  "sigma_d": 0.000583005470852901,
  "ERI": 0.058300547085290096,
  "percentiles": {
    "p10": 0.053226844763579396,
    "p50": 0.1012069656429265,
    "p90": 0.16338634325204687
  },
  "ema": {
    "fast": 0.01840224274209176,
    "slow": 0.019622118495835554,
    "fast_period": 20,
    "slow_period": 100
  },
  "etv": {
    "horizon_days": 1,
    "risk_budget_usd": 100,
    "expected_move_usd": 69.15727496351282,
    "qty": 1.4459794729153181,
    "notional_usd": 171524.97703616088,
    "leverage": 1
  }
}