{
  "t": "2025-12-19T05:33:14.757Z",
  "spot": 86734,
  "sigma_d": 0.0014404203314541536,
  "ERI": 0.14404203314541536,
  "percentiles": {
    "p10": 0.053432222807870106,
    "p50": 0.05931721137292813,
    "p90": 0.19813258325269936
  },
  "ema": {
    "fast": 0.01581865592265027,
    "slow": 0.016414613311824054,
    "fast_period": 20,
    "slow_period": 100
  },
  "etv": {
    "horizon_days": 1,
    "risk_budget_usd": 100,
    "expected_move_usd": 124.93341702834456,
    "qty": 0.8004263581241219,
    "notional_usd": 69424.17974553759,
    "leverage": 1
  }
}