{
  "t": "2026-04-07T03:25:52.445Z",
  "spot": 68768,
  "sigma_d": 0.002094833547191485,
  "ERI": 0.20948335471914853,
  "percentiles": {
    "p10": 0.054447932990906334,
    "p50": 0.14198875212945583,
    "p90": 0.19915519960275294
  },
  "ema": {
    "fast": 0.030498892675564947,
    "slow": 0.02687471317661424,
    "fast_period": 20,
    "slow_period": 100
  },
  "etv": {
    "horizon_days": 1,
    "risk_budget_usd": 100,
    "expected_move_usd": 144.05751337326404,
    "qty": 0.6941671951597023,
    "notional_usd": 47736.48967674241,
    "leverage": 1
  }
}