{
  "t": "2026-03-23T19:09:46.116Z",
  "spot": 70937,
  "sigma_d": 0.0018430116052168628,
  "ERI": 0.18430116052168627,
  "percentiles": {
    "p10": 0.05450823009131296,
    "p50": 0.08478427287911353,
    "p90": 0.18476688659265902
  },
  "ema": {
    "fast": 0.02090908197018906,
    "slow": 0.020401828020230984,
    "fast_period": 20,
    "slow_period": 100
  },
  "etv": {
    "horizon_days": 1,
    "risk_budget_usd": 100,
    "expected_move_usd": 130.7377142392686,
    "qty": 0.7648902275971093,
    "notional_usd": 54259.01807505615,
    "leverage": 1
  }
}