{
  "t": "2026-01-19T04:17:53.486Z",
  "spot": 92567,
  "sigma_d": 0.0006048902307782976,
  "ERI": 0.06048902307782976,
  "percentiles": {
    "p10": 0.053224260542978366,
    "p50": 0.06698888183763547,
    "p90": 0.16733474182037117
  },
  "ema": {
    "fast": 0.010820493098832712,
    "slow": 0.013116377716834222,
    "fast_period": 20,
    "slow_period": 100
  },
  "etv": {
    "horizon_days": 1,
    "risk_budget_usd": 100,
    "expected_move_usd": 55.992873992454676,
    "qty": 1.7859415470167777,
    "notional_usd": 165319.25118270205,
    "leverage": 1
  }
}