{
  "t": "2026-04-20T20:05:07.435Z",
  "spot": 76239,
  "sigma_d": 0.0005546861408245723,
  "ERI": 0.05546861408245723,
  "percentiles": {
    "p10": 0.05399299657713042,
    "p50": 0.08655337219319403,
    "p90": 0.19658994448358139
  },
  "ema": {
    "fast": 0.014916078234619138,
    "slow": 0.01874898415204564,
    "fast_period": 20,
    "slow_period": 100
  },
  "etv": {
    "horizon_days": 1,
    "risk_budget_usd": 100,
    "expected_move_usd": 42.28871669032456,
    "qty": 2.364696964731481,
    "notional_usd": 180282.13189416338,
    "leverage": 1
  }
}