{
  "t": "2026-05-02T13:42:28.748Z",
  "spot": 78305,
  "sigma_d": 0.0005731897174975261,
  "ERI": 0.05731897174975261,
  "percentiles": {
    "p10": 0.05383554500253685,
    "p50": 0.06439628613808543,
    "p90": 0.15840923794502682
  },
  "ema": {
    "fast": 0.01256943009336567,
    "slow": 0.016067187773732027,
    "fast_period": 20,
    "slow_period": 100
  },
  "etv": {
    "horizon_days": 1,
    "risk_budget_usd": 100,
    "expected_move_usd": 44.883620828643785,
    "qty": 2.2279842435568855,
    "notional_usd": 174462.30619172193,
    "leverage": 1
  }
}