{
  "t": "2026-06-24T23:18:00.225Z",
  "spot": 60809,
  "sigma_d": 0.0016857381942212834,
  "ERI": 0.16857381942212835,
  "percentiles": {
    "p10": 0.05373280586965143,
    "p50": 0.1410536529501481,
    "p90": 0.19868732007533244
  },
  "ema": {
    "fast": 0.019310962182919906,
    "slow": 0.021133309029444745,
    "fast_period": 20,
    "slow_period": 100
  },
  "etv": {
    "horizon_days": 1,
    "risk_budget_usd": 100,
    "expected_move_usd": 102.50805385240201,
    "qty": 0.9755331043937945,
    "notional_usd": 59321.192545082245,
    "leverage": 1
  }
}