{
  "t": "2025-11-21T11:24:16.531Z",
  "spot": 82950,
  "sigma_d": 0.0012167538648353432,
  "ERI": 0.12167538648353432,
  "percentiles": {
    "p10": 0.053206729976011155,
    "p50": 0.060565470617481375,
    "p90": 0.15470437097997478
  },
  "ema": {
    "fast": 0.017761816204238563,
    "slow": 0.019675018659613065,
    "fast_period": 20,
    "slow_period": 100
  },
  "etv": {
    "horizon_days": 1,
    "risk_budget_usd": 100,
    "expected_move_usd": 100.92973308809172,
    "qty": 0.9907883132190566,
    "notional_usd": 82185.89058152074,
    "leverage": 1
  }
}