{
  "t": "2025-09-21T18:33:54.857Z",
  "spot": 115583,
  "sigma_d": 0.0005525880557638035,
  "ERI": 0.055258805576380354,
  "percentiles": {
    "p10": 0.05298946810701005,
    "p50": 0.05643424363405366,
    "p90": 0.1266884368912886
  },
  "ema": {
    "fast": 0.011690930875393519,
    "slow": 0.01352126669970401,
    "fast_period": 20,
    "slow_period": 100
  },
  "etv": {
    "horizon_days": 1,
    "risk_budget_usd": 100,
    "expected_move_usd": 63.8697852493477,
    "qty": 1.5656855524032203,
    "notional_usd": 180966.6332034214,
    "leverage": 1
  }
}