{
  "t": "2026-02-26T07:56:47.616Z",
  "spot": 67882,
  "sigma_d": 0.0023635307243043816,
  "ERI": 0.23635307243043815,
  "percentiles": {
    "p10": 0.05384441578003304,
    "p50": 0.14137489787473978,
    "p90": 0.2043380258057758
  },
  "ema": {
    "fast": 0.02482794930625273,
    "slow": 0.024363242149628147,
    "fast_period": 20,
    "slow_period": 100
  },
  "etv": {
    "horizon_days": 1,
    "risk_budget_usd": 100,
    "expected_move_usd": 160.44119262723004,
    "qty": 0.6232813304519654,
    "notional_usd": 42309.58327374032,
    "leverage": 1
  }
}