{
  "t": "2026-01-30T07:50:18.191Z",
  "spot": 82470,
  "sigma_d": 0.0005788523348036923,
  "ERI": 0.05788523348036923,
  "percentiles": {
    "p10": 0.05319605953792245,
    "p50": 0.12321127572530995,
    "p90": 0.17810142383398367
  },
  "ema": {
    "fast": 0.015149902318425128,
    "slow": 0.01762133393284812,
    "fast_period": 20,
    "slow_period": 100
  },
  "etv": {
    "horizon_days": 1,
    "risk_budget_usd": 100,
    "expected_move_usd": 47.7379520512605,
    "qty": 2.0947693753728913,
    "notional_usd": 172755.63038700234,
    "leverage": 1
  }
}