{
  "t": "2025-12-08T13:43:18.964Z",
  "spot": 91457,
  "sigma_d": 0.002288958711033845,
  "ERI": 0.2288958711033845,
  "percentiles": {
    "p10": 0.05726589601349984,
    "p50": 0.17950689573047635,
    "p90": 0.2288703831044655
  },
  "ema": {
    "fast": 0.034753132879661384,
    "slow": 0.03507393178289346,
    "fast_period": 20,
    "slow_period": 100
  },
  "etv": {
    "horizon_days": 1,
    "risk_budget_usd": 100,
    "expected_move_usd": 209.34129683502235,
    "qty": 0.4776888340326275,
    "notional_usd": 43687.98769412201,
    "leverage": 1
  }
}