{
  "t": "2025-11-05T10:33:38.286Z",
  "spot": 101790,
  "sigma_d": 0.0012123846932590946,
  "ERI": 0.12123846932590945,
  "percentiles": {
    "p10": 0.053203071539855706,
    "p50": 0.0855497426876933,
    "p90": 0.17408365096621453
  },
  "ema": {
    "fast": 0.018173513041069463,
    "slow": 0.01850441769724651,
    "fast_period": 20,
    "slow_period": 100
  },
  "etv": {
    "horizon_days": 1,
    "risk_budget_usd": 100,
    "expected_move_usd": 123.40863792684324,
    "qty": 0.81031604983178,
    "notional_usd": 82482.07071237688,
    "leverage": 1
  }
}