{
  "t": "2026-04-03T16:54:24.181Z",
  "spot": 67037,
  "sigma_d": 0.0005408495898921569,
  "ERI": 0.054084958989215684,
  "percentiles": {
    "p10": 0.054484343440830654,
    "p50": 0.09717007235747127,
    "p90": 0.1850628025270296
  },
  "ema": {
    "fast": 0.029034003764392437,
    "slow": 0.028511546198375086,
    "fast_period": 20,
    "slow_period": 100
  },
  "etv": {
    "horizon_days": 1,
    "risk_budget_usd": 100,
    "expected_move_usd": 36.256933957600516,
    "qty": 2.758093117221156,
    "notional_usd": 184894.28829915464,
    "leverage": 1
  }
}