{
  "t": "2026-01-26T13:08:46.595Z",
  "spot": 87665,
  "sigma_d": 0.0017454395090351481,
  "ERI": 0.17454395090351482,
  "percentiles": {
    "p10": 0.053155782724080586,
    "p50": 0.11539308497534154,
    "p90": 0.17475698816719507
  },
  "ema": {
    "fast": 0.026879098407426857,
    "slow": 0.02521069025542703,
    "fast_period": 20,
    "slow_period": 100
  },
  "etv": {
    "horizon_days": 1,
    "risk_budget_usd": 100,
    "expected_move_usd": 153.01395455956626,
    "qty": 0.653535164736046,
    "notional_usd": 57292.16021658547,
    "leverage": 1
  }
}