{
  "t": "2026-02-10T21:55:21.822Z",
  "spot": 68605,
  "sigma_d": 0.0019774319161105524,
  "ERI": 0.19774319161105525,
  "percentiles": {
    "p10": 0.05341006987788778,
    "p50": 0.11728714424123207,
    "p90": 0.21276200157652067
  },
  "ema": {
    "fast": 0.06711884078310218,
    "slow": 0.03979715952220193,
    "fast_period": 20,
    "slow_period": 100
  },
  "etv": {
    "horizon_days": 1,
    "risk_budget_usd": 100,
    "expected_move_usd": 135.66171660476445,
    "qty": 0.7371276326344819,
    "notional_usd": 50570.64123688863,
    "leverage": 1
  }
}