{
  "t": "2025-11-14T19:23:35.560Z",
  "spot": 95631,
  "sigma_d": 0.0010132970875912967,
  "ERI": 0.10132970875912967,
  "percentiles": {
    "p10": 0.053236849069581316,
    "p50": 0.06148209556784391,
    "p90": 0.1575548989878094
  },
  "ema": {
    "fast": 0.01639956671626966,
    "slow": 0.015410861921098848,
    "fast_period": 20,
    "slow_period": 100
  },
  "etv": {
    "horizon_days": 1,
    "risk_budget_usd": 100,
    "expected_move_usd": 96.90261378344329,
    "qty": 1.031963907841317,
    "notional_usd": 98687.74047077299,
    "leverage": 1
  }
}