{
  "t": "2025-12-25T19:24:44.338Z",
  "spot": 88035,
  "sigma_d": 0.000532955510238808,
  "ERI": 0.053295551023880804,
  "percentiles": {
    "p10": 0.05347560023185655,
    "p50": 0.07765288350102216,
    "p90": 0.16845248536397592
  },
  "ema": {
    "fast": 0.022166312740964523,
    "slow": 0.023532718008518697,
    "fast_period": 20,
    "slow_period": 100
  },
  "etv": {
    "horizon_days": 1,
    "risk_budget_usd": 100,
    "expected_move_usd": 46.918738343873464,
    "qty": 2.1313446083542815,
    "notional_usd": 187632.92259646917,
    "leverage": 1
  }
}