{
  "t": "2026-04-11T19:01:58.354Z",
  "spot": 73578,
  "sigma_d": 0.0014675699742720462,
  "ERI": 0.14675699742720463,
  "percentiles": {
    "p10": 0.05426802383736037,
    "p50": 0.15192902997351015,
    "p90": 0.19987809811828794
  },
  "ema": {
    "fast": 0.024361828669525087,
    "slow": 0.02362215205313732,
    "fast_period": 20,
    "slow_period": 100
  },
  "etv": {
    "horizon_days": 1,
    "risk_budget_usd": 100,
    "expected_move_usd": 107.98086356698862,
    "qty": 0.9260900190704857,
    "notional_usd": 68139.85142316819,
    "leverage": 1
  }
}