{
  "t": "2025-11-15T09:25:50.617Z",
  "spot": 96019,
  "sigma_d": 0.0005346275394262502,
  "ERI": 0.053462753942625015,
  "percentiles": {
    "p10": 0.053236346634995435,
    "p50": 0.060171330158129796,
    "p90": 0.15323225809601412
  },
  "ema": {
    "fast": 0.015001070651058209,
    "slow": 0.015259985418510598,
    "fast_period": 20,
    "slow_period": 100
  },
  "etv": {
    "horizon_days": 1,
    "risk_budget_usd": 100,
    "expected_move_usd": 51.33440170816912,
    "qty": 1.9480114050708117,
    "notional_usd": 187046.10710349426,
    "leverage": 1
  }
}