{
  "t": "2025-12-04T17:34:20.566Z",
  "spot": 92036,
  "sigma_d": 0.0005341540472986037,
  "ERI": 0.05341540472986037,
  "percentiles": {
    "p10": 0.05612559540681501,
    "p50": 0.16007897460854878,
    "p90": 0.19879044514022692
  },
  "ema": {
    "fast": 0.029176719864225643,
    "slow": 0.029810028490547556,
    "fast_period": 20,
    "slow_period": 100
  },
  "etv": {
    "horizon_days": 1,
    "risk_budget_usd": 100,
    "expected_move_usd": 49.161401897174294,
    "qty": 2.034116118355604,
    "notional_usd": 187211.91106897636,
    "leverage": 1
  }
}