{
  "t": "2026-04-12T03:40:25.445Z",
  "spot": 71680,
  "sigma_d": 0.0016437739156219368,
  "ERI": 0.1643773915621937,
  "percentiles": {
    "p10": 0.05425876852944911,
    "p50": 0.14960145229136984,
    "p90": 0.19987809811828794
  },
  "ema": {
    "fast": 0.02239623832420384,
    "slow": 0.023214477415992432,
    "fast_period": 20,
    "slow_period": 100
  },
  "etv": {
    "horizon_days": 1,
    "risk_budget_usd": 100,
    "expected_move_usd": 117.82571427178043,
    "qty": 0.8487111715642726,
    "notional_usd": 60835.61677772706,
    "leverage": 1
  }
}