{
  "t": "2025-11-03T08:38:29.819Z",
  "spot": 107235,
  "sigma_d": 0.0013703702114682156,
  "ERI": 0.13703702114682156,
  "percentiles": {
    "p10": 0.0532309346792926,
    "p50": 0.087539477946314,
    "p90": 0.17408365096621453
  },
  "ema": {
    "fast": 0.020088899912330625,
    "slow": 0.018299846673252105,
    "fast_period": 20,
    "slow_period": 100
  },
  "etv": {
    "horizon_days": 1,
    "risk_budget_usd": 100,
    "expected_move_usd": 146.9516496267941,
    "qty": 0.6804959335534176,
    "notional_usd": 72972.98143460075,
    "leverage": 1
  }
}