{
  "t": "2025-11-07T07:27:31.612Z",
  "spot": 101737,
  "sigma_d": 0.0011906655699774921,
  "ERI": 0.1190665569977492,
  "percentiles": {
    "p10": 0.05319869966278887,
    "p50": 0.06075315371018493,
    "p90": 0.17421358582124233
  },
  "ema": {
    "fast": 0.01700640100135414,
    "slow": 0.01949509543340934,
    "fast_period": 20,
    "slow_period": 100
  },
  "etv": {
    "horizon_days": 1,
    "risk_budget_usd": 100,
    "expected_move_usd": 121.13474309280012,
    "qty": 0.8255269912397551,
    "notional_usd": 83986.63950775897,
    "leverage": 1
  }
}