{
  "t": "2026-03-11T07:08:12.606Z",
  "spot": 69900,
  "sigma_d": 0.00220349281244219,
  "ERI": 0.220349281244219,
  "percentiles": {
    "p10": 0.05419529100797898,
    "p50": 0.12971240166634865,
    "p90": 0.2018480908839584
  },
  "ema": {
    "fast": 0.027864537231460245,
    "slow": 0.025426268303391165,
    "fast_period": 20,
    "slow_period": 100
  },
  "etv": {
    "horizon_days": 1,
    "risk_budget_usd": 100,
    "expected_move_usd": 154.0241475897091,
    "qty": 0.6492488454887015,
    "notional_usd": 45382.49429966024,
    "leverage": 1
  }
}