{
  "t": "2025-11-17T06:43:25.568Z",
  "spot": 94880,
  "sigma_d": 0.000963819502655276,
  "ERI": 0.0963819502655276,
  "percentiles": {
    "p10": 0.05320919855820688,
    "p50": 0.058013850088667385,
    "p90": 0.14886908107009372
  },
  "ema": {
    "fast": 0.013367890206561244,
    "slow": 0.014428189682702383,
    "fast_period": 20,
    "slow_period": 100
  },
  "etv": {
    "horizon_days": 1,
    "risk_budget_usd": 100,
    "expected_move_usd": 91.44719441193259,
    "qty": 1.0935272606564668,
    "notional_usd": 103753.86649108557,
    "leverage": 1
  }
}