{
  "t": "2026-01-06T20:35:34.183Z",
  "spot": 92504,
  "sigma_d": 0.0006597461470476406,
  "ERI": 0.06597461470476405,
  "percentiles": {
    "p10": 0.05356725749908423,
    "p50": 0.15916612665315766,
    "p90": 0.1933901658985861
  },
  "ema": {
    "fast": 0.025542204690213316,
    "slow": 0.02647992866035594,
    "fast_period": 20,
    "slow_period": 100
  },
  "etv": {
    "horizon_days": 1,
    "risk_budget_usd": 100,
    "expected_move_usd": 61.02915758649494,
    "qty": 1.6385610412248073,
    "notional_usd": 151573.45055745958,
    "leverage": 1
  }
}