{
  "t": "2026-05-14T23:07:52.828Z",
  "spot": 81327,
  "sigma_d": 0.000583031340512724,
  "ERI": 0.0583031340512724,
  "percentiles": {
    "p10": 0.05384851089601218,
    "p50": 0.07597831084980788,
    "p90": 0.16858564388101388
  },
  "ema": {
    "fast": 0.02177205277281946,
    "slow": 0.022124375849403195,
    "fast_period": 20,
    "slow_period": 100
  },
  "etv": {
    "horizon_days": 1,
    "risk_budget_usd": 100,
    "expected_move_usd": 47.416189829878306,
    "qty": 2.1089843017497607,
    "notional_usd": 171517.3663084028,
    "leverage": 1
  }
}