{
  "t": "2026-04-18T20:50:23.114Z",
  "spot": 75813,
  "sigma_d": 0.0014387050415920221,
  "ERI": 0.14387050415920222,
  "percentiles": {
    "p10": 0.05406966177620679,
    "p50": 0.11416875983849342,
    "p90": 0.19987809811828794
  },
  "ema": {
    "fast": 0.022809917667334055,
    "slow": 0.020873162170036576,
    "fast_period": 20,
    "slow_period": 100
  },
  "etv": {
    "horizon_days": 1,
    "risk_budget_usd": 100,
    "expected_move_usd": 109.07254531821597,
    "qty": 0.916820999347296,
    "notional_usd": 69506.95042351655,
    "leverage": 1
  }
}