{
  "t": "2026-03-07T11:30:40.172Z",
  "spot": 68118,
  "sigma_d": 0.000550681206888355,
  "ERI": 0.0550681206888355,
  "percentiles": {
    "p10": 0.05402606095087451,
    "p50": 0.11827463951610584,
    "p90": 0.19923154664482842
  },
  "ema": {
    "fast": 0.02129985263700672,
    "slow": 0.02289601713752359,
    "fast_period": 20,
    "slow_period": 100
  },
  "etv": {
    "horizon_days": 1,
    "risk_budget_usd": 100,
    "expected_move_usd": 37.51130245082096,
    "qty": 2.665863179000638,
    "notional_usd": 181593.26802716547,
    "leverage": 1
  }
}