{
  "t": "2026-04-02T05:46:36.706Z",
  "spot": 66560,
  "sigma_d": 0.001719621003305666,
  "ERI": 0.1719621003305666,
  "percentiles": {
    "p10": 0.05452403731817776,
    "p50": 0.0789785017177849,
    "p90": 0.1805426406810253
  },
  "ema": {
    "fast": 0.024850112235946624,
    "slow": 0.028316821915225925,
    "fast_period": 20,
    "slow_period": 100
  },
  "etv": {
    "horizon_days": 1,
    "risk_budget_usd": 100,
    "expected_move_usd": 114.45797398002513,
    "qty": 0.8736831216097859,
    "notional_usd": 58152.34857434735,
    "leverage": 1
  }
}