{
  "t": "2026-03-14T13:13:14.220Z",
  "spot": 70755,
  "sigma_d": 0.0019803111158272564,
  "ERI": 0.19803111158272566,
  "percentiles": {
    "p10": 0.054315493939741846,
    "p50": 0.10950066580563272,
    "p90": 0.1972862893315377
  },
  "ema": {
    "fast": 0.026858745658189437,
    "slow": 0.022742395640241893,
    "fast_period": 20,
    "slow_period": 100
  },
  "etv": {
    "horizon_days": 1,
    "risk_budget_usd": 100,
    "expected_move_usd": 140.11691300035753,
    "qty": 0.713689717098926,
    "notional_usd": 50497.11593333451,
    "leverage": 1
  }
}