{
  "t": "2026-05-08T00:02:34.868Z",
  "spot": 80017,
  "sigma_d": 0.000534682782767065,
  "ERI": 0.0534682782767065,
  "percentiles": {
    "p10": 0.05384851089601218,
    "p50": 0.06626903063970768,
    "p90": 0.15954952557265467
  },
  "ema": {
    "fast": 0.019613318996437784,
    "slow": 0.019483945924764712,
    "fast_period": 20,
    "slow_period": 100
  },
  "etv": {
    "horizon_days": 1,
    "risk_budget_usd": 100,
    "expected_move_usd": 42.78371222867224,
    "qty": 2.3373380847719725,
    "notional_usd": 187026.78152919892,
    "leverage": 1
  }
}