{
  "t": "2025-10-22T23:23:27.982Z",
  "spot": 107614,
  "sigma_d": 0.001412879136267333,
  "ERI": 0.14128791362673332,
  "percentiles": {
    "p10": 0.05346227522836622,
    "p50": 0.06717884148631442,
    "p90": 0.15166512005479355
  },
  "ema": {
    "fast": 0.01664052144425949,
    "slow": 0.01671301710066029,
    "fast_period": 20,
    "slow_period": 100
  },
  "etv": {
    "horizon_days": 1,
    "risk_budget_usd": 100,
    "expected_move_usd": 152.0455753702728,
    "qty": 0.6576975341536411,
    "notional_usd": 70777.46244040993,
    "leverage": 1
  }
}