{
  "t": "2025-12-06T06:39:44.591Z",
  "spot": 89721,
  "sigma_d": 0.0023885473933192725,
  "ERI": 0.23885473933192725,
  "percentiles": {
    "p10": 0.05612559540681501,
    "p50": 0.1654354353082474,
    "p90": 0.20355956039760376
  },
  "ema": {
    "fast": 0.03686166743521888,
    "slow": 0.030007539612952404,
    "fast_period": 20,
    "slow_period": 100
  },
  "etv": {
    "horizon_days": 1,
    "risk_budget_usd": 100,
    "expected_move_usd": 214.30286067599846,
    "qty": 0.4666293286265955,
    "notional_usd": 41866.449993706774,
    "leverage": 1
  }
}