{
  "t": "2026-02-09T03:16:19.852Z",
  "spot": 70703,
  "sigma_d": 0.0020087970429297935,
  "ERI": 0.20087970429297936,
  "percentiles": {
    "p10": 0.05335916484553838,
    "p50": 0.10844198421636134,
    "p90": 0.20645432599677974
  },
  "ema": {
    "fast": 0.023321682162003306,
    "slow": 0.024433611333688616,
    "fast_period": 20,
    "slow_period": 100
  },
  "etv": {
    "horizon_days": 1,
    "risk_budget_usd": 100,
    "expected_move_usd": 142.0279773262652,
    "qty": 0.7040866305536482,
    "notional_usd": 49781.037040034586,
    "leverage": 1
  }
}