{
  "t": "2025-09-19T03:06:09.756Z",
  "spot": 117169,
  "sigma_d": 0.0005299775041902677,
  "ERI": 0.05299775041902677,
  "percentiles": {
    "p10": 0.0529892658871037,
    "p50": 0.05657759926584558,
    "p90": 0.16726280195947013
  },
  "ema": {
    "fast": 0.012831690874808972,
    "slow": 0.01396140923775173,
    "fast_period": 20,
    "slow_period": 100
  },
  "etv": {
    "horizon_days": 1,
    "risk_budget_usd": 100,
    "expected_move_usd": 62.096934188469476,
    "qty": 1.6103854611644997,
    "notional_usd": 188687.25409918325,
    "leverage": 1
  }
}