{
  "t": "2025-11-17T13:39:09.315Z",
  "spot": 94234,
  "sigma_d": 0.0005343907901850988,
  "ERI": 0.05343907901850988,
  "percentiles": {
    "p10": 0.05320919855820688,
    "p50": 0.05747881927895469,
    "p90": 0.14578427031148916
  },
  "ema": {
    "fast": 0.012188849677280005,
    "slow": 0.013993181211397449,
    "fast_period": 20,
    "slow_period": 100
  },
  "etv": {
    "horizon_days": 1,
    "risk_budget_usd": 100,
    "expected_move_usd": 50.357781722302605,
    "qty": 1.9857904097414145,
    "notional_usd": 187128.97347157245,
    "leverage": 1
  }
}