{
  "t": "2026-03-10T10:56:01.353Z",
  "spot": 70861,
  "sigma_d": 0.0022292001803264545,
  "ERI": 0.22292001803264544,
  "percentiles": {
    "p10": 0.054146726067878494,
    "p50": 0.12552066687733746,
    "p90": 0.19993868461551884
  },
  "ema": {
    "fast": 0.02878605196187995,
    "slow": 0.024924330904240885,
    "fast_period": 20,
    "slow_period": 100
  },
  "etv": {
    "horizon_days": 1,
    "risk_budget_usd": 100,
    "expected_move_usd": 157.96335397811288,
    "qty": 0.6330582219332708,
    "notional_usd": 44859.1386644135,
    "leverage": 1
  }
}