{
  "t": "2025-09-18T08:33:55.956Z",
  "spot": 117339,
  "sigma_d": 0.0005383756230626873,
  "ERI": 0.05383756230626873,
  "percentiles": {
    "p10": 0.0529892658871037,
    "p50": 0.0591710600056696,
    "p90": 0.1721120054796441
  },
  "ema": {
    "fast": 0.014863308791419847,
    "slow": 0.014590524067545806,
    "fast_period": 20,
    "slow_period": 100
  },
  "etv": {
    "horizon_days": 1,
    "risk_budget_usd": 100,
    "expected_move_usd": 63.17245723455266,
    "qty": 1.582968343762703,
    "notional_usd": 185743.9224887718,
    "leverage": 1
  }
}