{
  "t": "2025-10-08T12:56:12.253Z",
  "spot": 122649,
  "sigma_d": 0.0006198104328962724,
  "ERI": 0.06198104328962724,
  "percentiles": {
    "p10": 0.05303335139507826,
    "p50": 0.059010435665234263,
    "p90": 0.1714533243446884
  },
  "ema": {
    "fast": 0.02027165034781851,
    "slow": 0.017959575130435994,
    "fast_period": 20,
    "slow_period": 100
  },
  "etv": {
    "horizon_days": 1,
    "risk_budget_usd": 100,
    "expected_move_usd": 76.0191297842949,
    "qty": 1.3154583627009553,
    "notional_usd": 161339.65272690947,
    "leverage": 1
  }
}