{
  "t": "2025-10-06T11:22:25.457Z",
  "spot": 123930,
  "sigma_d": 0.0005296514030285715,
  "ERI": 0.05296514030285715,
  "percentiles": {
    "p10": 0.053039327442426724,
    "p50": 0.1148614682621436,
    "p90": 0.16656770331533927
  },
  "ema": {
    "fast": 0.018670321587804545,
    "slow": 0.017596080488780988,
    "fast_period": 20,
    "slow_period": 100
  },
  "etv": {
    "horizon_days": 1,
    "risk_budget_usd": 100,
    "expected_move_usd": 65.63969837733086,
    "qty": 1.5234683045791648,
    "notional_usd": 188803.4269864959,
    "leverage": 1
  }
}