{
  "t": "2026-01-03T06:44:54.756Z",
  "spot": 89913,
  "sigma_d": 0.0021798668665873795,
  "ERI": 0.21798668665873794,
  "percentiles": {
    "p10": 0.05401088104376773,
    "p50": 0.15428850315115827,
    "p90": 0.1842337379281317
  },
  "ema": {
    "fast": 0.020912336727163916,
    "slow": 0.024415235192081174,
    "fast_period": 20,
    "slow_period": 100
  },
  "etv": {
    "horizon_days": 1,
    "risk_budget_usd": 100,
    "expected_move_usd": 195.99836957547106,
    "qty": 0.5102083257967819,
    "notional_usd": 45874.36119736605,
    "leverage": 1
  }
}