{
  "t": "2026-01-23T09:40:12.938Z",
  "spot": 88979,
  "sigma_d": 0.0013535347701175203,
  "ERI": 0.13535347701175204,
  "percentiles": {
    "p10": 0.053155782724080586,
    "p50": 0.07614346456973885,
    "p90": 0.1676164696449817
  },
  "ema": {
    "fast": 0.029069554802396105,
    "slow": 0.023800973206907057,
    "fast_period": 20,
    "slow_period": 100
  },
  "etv": {
    "horizon_days": 1,
    "risk_budget_usd": 100,
    "expected_move_usd": 120.43617031028684,
    "qty": 0.8303153424952328,
    "notional_usd": 73880.62885988332,
    "leverage": 1
  }
}