{
  "t": "2025-09-09T22:24:54.759Z",
  "spot": 111458,
  "sigma_d": 0.0018536880213904823,
  "ERI": 0.18536880213904822,
  "percentiles": {
    "p10": 0.053205070140419086,
    "p50": 0.1299100540011464,
    "p90": 0.1686325121630417
  },
  "ema": {
    "fast": 0.027522345625934648,
    "slow": 0.023630052033837695,
    "fast_period": 20,
    "slow_period": 100
  },
  "etv": {
    "horizon_days": 1,
    "risk_budget_usd": 100,
    "expected_move_usd": 206.60835948814037,
    "qty": 0.48400752151434684,
    "notional_usd": 53946.51033294607,
    "leverage": 1
  }
}