{
  "t": "2026-04-22T23:56:33.731Z",
  "spot": 78238,
  "sigma_d": 0.0005554048680117447,
  "ERI": 0.055540486801174474,
  "percentiles": {
    "p10": 0.05393220563953715,
    "p50": 0.08316566843193629,
    "p90": 0.18728725967505003
  },
  "ema": {
    "fast": 0.017497519047252764,
    "slow": 0.017755895978166226,
    "fast_period": 20,
    "slow_period": 100
  },
  "etv": {
    "horizon_days": 1,
    "risk_budget_usd": 100,
    "expected_move_usd": 43.45376606350288,
    "qty": 2.3012965056667594,
    "notional_usd": 180048.8360103559,
    "leverage": 1
  }
}