{
  "t": "2025-09-10T01:55:52.753Z",
  "spot": 110976,
  "sigma_d": 0.0015672025408586083,
  "ERI": 0.15672025408586082,
  "percentiles": {
    "p10": 0.053278535330940194,
    "p50": 0.1307138252810724,
    "p90": 0.16891842807457422
  },
  "ema": {
    "fast": 0.028408693423839986,
    "slow": 0.023978337828358808,
    "fast_period": 20,
    "slow_period": 100
  },
  "etv": {
    "horizon_days": 1,
    "risk_budget_usd": 100,
    "expected_move_usd": 173.9218691743249,
    "qty": 0.5749708215231304,
    "notional_usd": 63807.96188935092,
    "leverage": 1
  }
}