{
  "t": "2025-09-25T08:35:15.625Z",
  "spot": 111968,
  "sigma_d": 0.0005303893543330483,
  "ERI": 0.05303893543330483,
  "percentiles": {
    "p10": 0.05314733399594723,
    "p50": 0.05803147163733843,
    "p90": 0.13720811986450998
  },
  "ema": {
    "fast": 0.021315798957185474,
    "slow": 0.017540904338019782,
    "fast_period": 20,
    "slow_period": 100
  },
  "etv": {
    "horizon_days": 1,
    "risk_budget_usd": 100,
    "expected_move_usd": 59.38663522596275,
    "qty": 1.6838805502198555,
    "notional_usd": 188540.73744701679,
    "leverage": 1
  }
}