{
  "t": "2026-02-19T08:59:21.613Z",
  "spot": 66913,
  "sigma_d": 0.001404645287884138,
  "ERI": 0.14046452878841378,
  "percentiles": {
    "p10": 0.05497562937063896,
    "p50": 0.15339849650525722,
    "p90": 0.2113078144435478
  },
  "ema": {
    "fast": 0.024100176309526943,
    "slow": 0.026096406612437884,
    "fast_period": 20,
    "slow_period": 100
  },
  "etv": {
    "horizon_days": 1,
    "risk_budget_usd": 100,
    "expected_move_usd": 93.98903014819132,
    "qty": 1.063953951246558,
    "notional_usd": 71192.35073976094,
    "leverage": 1
  }
}