{
  "t": "2026-01-03T09:30:10.513Z",
  "spot": 89782,
  "sigma_d": 0.0020931348461565562,
  "ERI": 0.20931348461565563,
  "percentiles": {
    "p10": 0.05401088104376773,
    "p50": 0.15428850315115827,
    "p90": 0.18500178430078476
  },
  "ema": {
    "fast": 0.02551201886774881,
    "slow": 0.025238909192597192,
    "fast_period": 20,
    "slow_period": 100
  },
  "etv": {
    "horizon_days": 1,
    "risk_budget_usd": 100,
    "expected_move_usd": 187.92583275762794,
    "qty": 0.5321248203751328,
    "notional_usd": 47775.23062292017,
    "leverage": 1
  }
}