{
  "t": "2025-10-17T01:59:45.931Z",
  "spot": 108645,
  "sigma_d": 0.00082712441027315,
  "ERI": 0.08271244102731501,
  "percentiles": {
    "p10": 0.05329143581060586,
    "p50": 0.06418654814324723,
    "p90": 0.1750558040786427
  },
  "ema": {
    "fast": 0.015237404223161144,
    "slow": 0.01742123896263005,
    "fast_period": 20,
    "slow_period": 100
  },
  "etv": {
    "horizon_days": 1,
    "risk_budget_usd": 100,
    "expected_move_usd": 89.86293155412639,
    "qty": 1.1128058952736015,
    "notional_usd": 120900.79649200043,
    "leverage": 1
  }
}