{
  "t": "2025-10-18T20:26:52.180Z",
  "spot": 107185,
  "sigma_d": 0.001143569093911075,
  "ERI": 0.1143569093911075,
  "percentiles": {
    "p10": 0.053468635435826535,
    "p50": 0.06620958635712752,
    "p90": 0.17162130398015038
  },
  "ema": {
    "fast": 0.01782829214809479,
    "slow": 0.01707212010248464,
    "fast_period": 20,
    "slow_period": 100
  },
  "etv": {
    "horizon_days": 1,
    "risk_budget_usd": 100,
    "expected_move_usd": 122.57345333085857,
    "qty": 0.815837339020491,
    "notional_usd": 87445.52518291133,
    "leverage": 1
  }
}