{
  "t": "2025-11-30T23:26:46.369Z",
  "spot": 90849,
  "sigma_d": 0.00162704778710767,
  "ERI": 0.162704778710767,
  "percentiles": {
    "p10": 0.053686371751819624,
    "p50": 0.14353821770823838,
    "p90": 0.19269846184236292
  },
  "ema": {
    "fast": 0.03494462862421311,
    "slow": 0.03039714457752569,
    "fast_period": 20,
    "slow_period": 100
  },
  "etv": {
    "horizon_days": 1,
    "risk_budget_usd": 100,
    "expected_move_usd": 147.81566441094472,
    "qty": 0.6765182864651501,
    "notional_usd": 61461.00980707242,
    "leverage": 1
  }
}