{
  "t": "2025-12-10T15:34:52.569Z",
  "spot": 91886,
  "sigma_d": 0.002752649488527976,
  "ERI": 0.2752649488527976,
  "percentiles": {
    "p10": 0.05403674132904217,
    "p50": 0.17234246616050525,
    "p90": 0.23075387938608483
  },
  "ema": {
    "fast": 0.026487642315732186,
    "slow": 0.028835621319918084,
    "fast_period": 20,
    "slow_period": 100
  },
  "etv": {
    "horizon_days": 1,
    "risk_budget_usd": 100,
    "expected_move_usd": 252.92995090288161,
    "qty": 0.39536638362926557,
    "notional_usd": 36328.635526158694,
    "leverage": 1
  }
}