{
  "t": "2025-12-08T20:33:43.282Z",
  "spot": 90399,
  "sigma_d": 0.0006449762143096475,
  "ERI": 0.06449762143096475,
  "percentiles": {
    "p10": 0.056747908516380535,
    "p50": 0.17883457053016139,
    "p90": 0.22939006231008505
  },
  "ema": {
    "fast": 0.026892812465645264,
    "slow": 0.03324511366327853,
    "fast_period": 20,
    "slow_period": 100
  },
  "etv": {
    "horizon_days": 1,
    "risk_budget_usd": 100,
    "expected_move_usd": 58.305204797377826,
    "qty": 1.7151127476100954,
    "notional_usd": 155044.47727120502,
    "leverage": 1
  }
}