{
  "t": "2026-06-07T00:14:56.065Z",
  "spot": 60797,
  "sigma_d": 0.0017803202558899554,
  "ERI": 0.17803202558899556,
  "percentiles": {
    "p10": 0.053588654576177557,
    "p50": 0.13354572846998677,
    "p90": 0.1912755055697345
  },
  "ema": {
    "fast": 0.026464494106530314,
    "slow": 0.02763063100433474,
    "fast_period": 20,
    "slow_period": 100
  },
  "etv": {
    "horizon_days": 1,
    "risk_budget_usd": 100,
    "expected_move_usd": 108.23813059734162,
    "qty": 0.923888831487783,
    "notional_usd": 56169.669287962744,
    "leverage": 1
  }
}