{
  "t": "2026-03-09T16:10:16.567Z",
  "spot": 68937,
  "sigma_d": 0.0020735538924057197,
  "ERI": 0.20735538924057198,
  "percentiles": {
    "p10": 0.054146726067878494,
    "p50": 0.1221139041757177,
    "p90": 0.1981648559903167
  },
  "ema": {
    "fast": 0.02585791449715196,
    "slow": 0.0232869429830678,
    "fast_period": 20,
    "slow_period": 100
  },
  "etv": {
    "horizon_days": 1,
    "risk_budget_usd": 100,
    "expected_move_usd": 142.9445846807731,
    "qty": 0.6995717971640698,
    "notional_usd": 48226.38098109948,
    "leverage": 1
  }
}