{
  "t": "2026-02-02T11:01:45.928Z",
  "spot": 77438,
  "sigma_d": 0.0018330747175384437,
  "ERI": 0.18330747175384438,
  "percentiles": {
    "p10": 0.05328279564638317,
    "p50": 0.1306301513539015,
    "p90": 0.18065070013253867
  },
  "ema": {
    "fast": 0.02503733329188157,
    "slow": 0.022080443005608616,
    "fast_period": 20,
    "slow_period": 100
  },
  "etv": {
    "horizon_days": 1,
    "risk_budget_usd": 100,
    "expected_move_usd": 141.949639976742,
    "qty": 0.7044751928668835,
    "notional_usd": 54553.149985225726,
    "leverage": 1
  }
}