{
  "t": "2026-04-04T20:47:26.126Z",
  "spot": 67266,
  "sigma_d": 0.0006226801267050013,
  "ERI": 0.06226801267050013,
  "percentiles": {
    "p10": 0.05448882042209865,
    "p50": 0.14153082214104995,
    "p90": 0.19089807337258247
  },
  "ema": {
    "fast": 0.02039888413916936,
    "slow": 0.026818461178358732,
    "fast_period": 20,
    "slow_period": 100
  },
  "etv": {
    "horizon_days": 1,
    "risk_budget_usd": 100,
    "expected_move_usd": 41.88520140293862,
    "qty": 2.3874780746066584,
    "notional_usd": 160596.1001664915,
    "leverage": 1
  }
}