{
  "t": "2026-06-29T21:42:11.021Z",
  "spot": 60377,
  "sigma_d": 0.0007429788742005217,
  "ERI": 0.07429788742005217,
  "percentiles": {
    "p10": 0.05392230850878508,
    "p50": 0.1429233575290237,
    "p90": 0.19868732007533244
  },
  "ema": {
    "fast": 0.021085545684771556,
    "slow": 0.02113334981919644,
    "fast_period": 20,
    "slow_period": 100
  },
  "etv": {
    "horizon_days": 1,
    "risk_budget_usd": 100,
    "expected_move_usd": 44.8588354876049,
    "qty": 2.229215246294821,
    "notional_usd": 134593.32892554242,
    "leverage": 1
  }
}