{
  "t": "2025-10-15T22:25:23.060Z",
  "spot": 111283,
  "sigma_d": 0.0013940988717931532,
  "ERI": 0.13940988717931532,
  "percentiles": {
    "p10": 0.053173381619860925,
    "p50": 0.06415282752674276,
    "p90": 0.17876486664125607
  },
  "ema": {
    "fast": 0.019296282986060107,
    "slow": 0.017995551448506605,
    "fast_period": 20,
    "slow_period": 100
  },
  "etv": {
    "horizon_days": 1,
    "risk_budget_usd": 100,
    "expected_move_usd": 155.13950474975746,
    "qty": 0.6445811475375123,
    "notional_usd": 71730.92384141698,
    "leverage": 1
  }
}