{
  "t": "2026-01-02T09:34:37.306Z",
  "spot": 89087,
  "sigma_d": 0.001565352615592187,
  "ERI": 0.15653526155921868,
  "percentiles": {
    "p10": 0.05457459372408138,
    "p50": 0.15390227048872285,
    "p90": 0.18372789989009
  },
  "ema": {
    "fast": 0.023413633349785825,
    "slow": 0.025482970851298525,
    "fast_period": 20,
    "slow_period": 100
  },
  "etv": {
    "horizon_days": 1,
    "risk_budget_usd": 100,
    "expected_move_usd": 139.45256846526115,
    "qty": 0.7170896965222328,
    "notional_usd": 63883.36979407615,
    "leverage": 1
  }
}