{
  "t": "2025-12-11T23:28:00.092Z",
  "spot": 92568,
  "sigma_d": 0.0010075556762763331,
  "ERI": 0.10075556762763331,
  "percentiles": {
    "p10": 0.053526531170064326,
    "p50": 0.16765447658281735,
    "p90": 0.2363877997195679
  },
  "ema": {
    "fast": 0.014911485314193538,
    "slow": 0.022548752829523032,
    "fast_period": 20,
    "slow_period": 100
  },
  "etv": {
    "horizon_days": 1,
    "risk_budget_usd": 100,
    "expected_move_usd": 93.26741384154761,
    "qty": 1.0721858351287665,
    "notional_usd": 99250.09838619966,
    "leverage": 1
  }
}