{
  "t": "2025-12-21T13:34:34.157Z",
  "spot": 87902,
  "sigma_d": 0.0017722000072036763,
  "ERI": 0.17722000072036762,
  "percentiles": {
    "p10": 0.05343540167561071,
    "p50": 0.056579794435358065,
    "p90": 0.15538792609863833
  },
  "ema": {
    "fast": 0.014123715356132317,
    "slow": 0.014504033485361771,
    "fast_period": 20,
    "slow_period": 100
  },
  "etv": {
    "horizon_days": 1,
    "risk_budget_usd": 100,
    "expected_move_usd": 155.77992503321755,
    "qty": 0.641931237151877,
    "notional_usd": 56427.039608124294,
    "leverage": 1
  }
}