{
  "t": "2026-04-04T09:51:36.840Z",
  "spot": 66967,
  "sigma_d": 0.0005387480138595279,
  "ERI": 0.05387480138595279,
  "percentiles": {
    "p10": 0.05449477142951271,
    "p50": 0.1382565996426494,
    "p90": 0.19089807337258247
  },
  "ema": {
    "fast": 0.030982263993238827,
    "slow": 0.02966393295120334,
    "fast_period": 20,
    "slow_period": 100
  },
  "etv": {
    "horizon_days": 1,
    "risk_budget_usd": 100,
    "expected_move_usd": 36.078338244131004,
    "qty": 2.771746285079174,
    "notional_usd": 185615.53347289705,
    "leverage": 1
  }
}