{
  "t": "2025-12-22T16:37:51.770Z",
  "spot": 89563,
  "sigma_d": 0.0017295410763368524,
  "ERI": 0.17295410763368524,
  "percentiles": {
    "p10": 0.05344267242767624,
    "p50": 0.056215551444068465,
    "p90": 0.16013787741793276
  },
  "ema": {
    "fast": 0.023738932072828612,
    "slow": 0.017413162823165105,
    "fast_period": 20,
    "slow_period": 100
  },
  "etv": {
    "horizon_days": 1,
    "risk_budget_usd": 100,
    "expected_move_usd": 154.90288741995752,
    "qty": 0.64556575842831,
    "notional_usd": 57818.806022114724,
    "leverage": 1
  }
}