{
  "t": "2026-03-03T21:45:27.555Z",
  "spot": 68030,
  "sigma_d": 0.0005412772783444498,
  "ERI": 0.05412772783444498,
  "percentiles": {
    "p10": 0.053823047335928374,
    "p50": 0.1280303060096105,
    "p90": 0.20370664970164232
  },
  "ema": {
    "fast": 0.01822230970743217,
    "slow": 0.020202106838113777,
    "fast_period": 20,
    "slow_period": 100
  },
  "etv": {
    "horizon_days": 1,
    "risk_budget_usd": 100,
    "expected_move_usd": 36.82309324577292,
    "qty": 2.715687118747946,
    "notional_usd": 184748.19468842278,
    "leverage": 1
  }
}