{
  "t": "2025-11-23T07:26:08.272Z",
  "spot": 85642,
  "sigma_d": 0.000833449841107592,
  "ERI": 0.0833449841107592,
  "percentiles": {
    "p10": 0.05317644544024231,
    "p50": 0.06381370646172169,
    "p90": 0.15387473844989635
  },
  "ema": {
    "fast": 0.014419040459564767,
    "slow": 0.017936564223872555,
    "fast_period": 20,
    "slow_period": 100
  },
  "etv": {
    "horizon_days": 1,
    "risk_budget_usd": 100,
    "expected_move_usd": 71.37831129213639,
    "qty": 1.400985792318917,
    "notional_usd": 119983.2252257767,
    "leverage": 1
  }
}