{
  "t": "2025-09-27T12:48:21.400Z",
  "spot": 109440,
  "sigma_d": 0.0015218460032744604,
  "ERI": 0.15218460032744605,
  "percentiles": {
    "p10": 0.05322833357554802,
    "p50": 0.06501778301258343,
    "p90": 0.15812231731472098
  },
  "ema": {
    "fast": 0.028379355207712013,
    "slow": 0.02396299861360536,
    "fast_period": 20,
    "slow_period": 100
  },
  "etv": {
    "horizon_days": 1,
    "risk_budget_usd": 100,
    "expected_move_usd": 166.55082659835696,
    "qty": 0.6004173142962144,
    "notional_usd": 65709.6708765777,
    "leverage": 1
  }
}