{
  "t": "2025-12-25T12:59:29.288Z",
  "spot": 87508,
  "sigma_d": 0.0015872273895291267,
  "ERI": 0.15872273895291267,
  "percentiles": {
    "p10": 0.053513537385819904,
    "p50": 0.07564751132794578,
    "p90": 0.16845248536397592
  },
  "ema": {
    "fast": 0.029886804604950294,
    "slow": 0.024723345924559263,
    "fast_period": 20,
    "slow_period": 100
  },
  "etv": {
    "horizon_days": 1,
    "risk_budget_usd": 100,
    "expected_move_usd": 138.89509440291482,
    "qty": 0.7199678320525439,
    "notional_usd": 63002.94504725401,
    "leverage": 1
  }
}