{
  "t": "2026-03-10T19:48:52.496Z",
  "spot": 69997,
  "sigma_d": 0.0005429743478422477,
  "ERI": 0.054297434784224774,
  "percentiles": {
    "p10": 0.05419529100797898,
    "p50": 0.12971240166634865,
    "p90": 0.2018480908839584
  },
  "ema": {
    "fast": 0.02650814528241009,
    "slow": 0.025015964826842957,
    "fast_period": 20,
    "slow_period": 100
  },
  "etv": {
    "horizon_days": 1,
    "risk_budget_usd": 100,
    "expected_move_usd": 38.006575425913816,
    "qty": 2.6311236642440967,
    "notional_usd": 184170.76312609404,
    "leverage": 1
  }
}