{
  "t": "2025-10-15T02:01:54.184Z",
  "spot": 112777,
  "sigma_d": 0.0016193443687992613,
  "ERI": 0.16193443687992612,
  "percentiles": {
    "p10": 0.05311129209683805,
    "p50": 0.06160208341213005,
    "p90": 0.17889867710438903
  },
  "ema": {
    "fast": 0.019590161999509637,
    "slow": 0.01807718090509261,
    "fast_period": 20,
    "slow_period": 100
  },
  "etv": {
    "horizon_days": 1,
    "risk_budget_usd": 100,
    "expected_move_usd": 182.6247998800743,
    "qty": 0.5475707574528093,
    "notional_usd": 61753.38731325547,
    "leverage": 1
  }
}