{
  "t": "2026-01-16T20:31:14.700Z",
  "spot": 95065,
  "sigma_d": 0.0005305648782899091,
  "ERI": 0.05305648782899091,
  "percentiles": {
    "p10": 0.05345214576861427,
    "p50": 0.10698953991161572,
    "p90": 0.18659743435360027
  },
  "ema": {
    "fast": 0.01578914424944209,
    "slow": 0.017274830540340565,
    "fast_period": 20,
    "slow_period": 100
  },
  "etv": {
    "horizon_days": 1,
    "risk_budget_usd": 100,
    "expected_move_usd": 50.43815015463021,
    "qty": 1.982626240126295,
    "notional_usd": 188478.36351760625,
    "leverage": 1
  }
}