{
  "t": "2025-12-20T15:27:46.269Z",
  "spot": 88020,
  "sigma_d": 0.0005364412771159428,
  "ERI": 0.05364412771159428,
  "percentiles": {
    "p10": 0.05343540167561071,
    "p50": 0.05723932675017833,
    "p90": 0.16100352583535604
  },
  "ema": {
    "fast": 0.012303858592123398,
    "slow": 0.015364033020807934,
    "fast_period": 20,
    "slow_period": 100
  },
  "etv": {
    "horizon_days": 1,
    "risk_budget_usd": 100,
    "expected_move_usd": 47.21756121174529,
    "qty": 2.1178560991651803,
    "notional_usd": 186413.69384851918,
    "leverage": 1
  }
}