{
  "t": "2025-09-19T15:27:10.488Z",
  "spot": 115718,
  "sigma_d": 0.0007240367843682037,
  "ERI": 0.07240367843682037,
  "percentiles": {
    "p10": 0.05298893573212414,
    "p50": 0.05648444438627068,
    "p90": 0.16255208016838107
  },
  "ema": {
    "fast": 0.012673050637498212,
    "slow": 0.013713823328006653,
    "fast_period": 20,
    "slow_period": 100
  },
  "etv": {
    "horizon_days": 1,
    "risk_budget_usd": 100,
    "expected_move_usd": 83.7840886135198,
    "qty": 1.1935440446369374,
    "notional_usd": 138114.52975729713,
    "leverage": 1
  }
}