{
  "t": "2025-12-10T22:31:20.863Z",
  "spot": 92337,
  "sigma_d": 0.0005825904371973938,
  "ERI": 0.058259043719739376,
  "percentiles": {
    "p10": 0.05403674132904217,
    "p50": 0.17370885261531033,
    "p90": 0.23341496849964974
  },
  "ema": {
    "fast": 0.02361997975953148,
    "slow": 0.02776977055398912,
    "fast_period": 20,
    "slow_period": 100
  },
  "etv": {
    "horizon_days": 1,
    "risk_budget_usd": 100,
    "expected_move_usd": 53.79465319949575,
    "qty": 1.8589208044367012,
    "notional_usd": 171647.17031927168,
    "leverage": 1
  }
}