{
  "t": "2025-09-28T05:26:02.316Z",
  "spot": 109409,
  "sigma_d": 0.0015110730142358147,
  "ERI": 0.15110730142358147,
  "percentiles": {
    "p10": 0.05325785444457995,
    "p50": 0.07140512456423934,
    "p90": 0.15854476589254068
  },
  "ema": {
    "fast": 0.02905313685244234,
    "slow": 0.025301116602545186,
    "fast_period": 20,
    "slow_period": 100
  },
  "etv": {
    "horizon_days": 1,
    "risk_budget_usd": 100,
    "expected_move_usd": 165.32498741452625,
    "qty": 0.6048692430822077,
    "notional_usd": 66178.13901638126,
    "leverage": 1
  }
}