{
  "t": "2025-11-05T07:27:44.713Z",
  "spot": 101745,
  "sigma_d": 0.0011500559778445877,
  "ERI": 0.11500559778445878,
  "percentiles": {
    "p10": 0.053203071539855706,
    "p50": 0.0855497426876933,
    "p90": 0.17408365096621453
  },
  "ema": {
    "fast": 0.017098398174899745,
    "slow": 0.018347188364021248,
    "fast_period": 20,
    "slow_period": 100
  },
  "etv": {
    "horizon_days": 1,
    "risk_budget_usd": 100,
    "expected_move_usd": 117.01244546579758,
    "qty": 0.8546099485565382,
    "notional_usd": 86952.28921588497,
    "leverage": 1
  }
}