{
  "t": "2025-10-13T06:41:20.554Z",
  "spot": 115199,
  "sigma_d": 0.0005461012074331713,
  "ERI": 0.054610120743317135,
  "percentiles": {
    "p10": 0.05307968939635492,
    "p50": 0.05911661710347376,
    "p90": 0.17889867710438903
  },
  "ema": {
    "fast": 0.01856815863210355,
    "slow": 0.018563345622928704,
    "fast_period": 20,
    "slow_period": 100
  },
  "etv": {
    "horizon_days": 1,
    "risk_budget_usd": 100,
    "expected_move_usd": 62.9103129950939,
    "qty": 1.5895644964888118,
    "notional_usd": 183116.24043101462,
    "leverage": 1
  }
}