{
  "t": "2026-06-12T17:41:00.972Z",
  "spot": 63795,
  "sigma_d": 0.0017302615824319766,
  "ERI": 0.17302615824319767,
  "percentiles": {
    "p10": 0.053588654576177557,
    "p50": 0.14048764061428648,
    "p90": 0.19825940003545983
  },
  "ema": {
    "fast": 0.024810084505096832,
    "slow": 0.02668228513199634,
    "fast_period": 20,
    "slow_period": 100
  },
  "etv": {
    "horizon_days": 1,
    "risk_budget_usd": 100,
    "expected_move_usd": 110.38203765124796,
    "qty": 0.9059445008249439,
    "notional_usd": 57794.7294301273,
    "leverage": 1
  }
}