{
  "t": "2025-09-14T19:18:24.871Z",
  "spot": 115483,
  "sigma_d": 0.0005774313012222989,
  "ERI": 0.057743130122229896,
  "percentiles": {
    "p10": 0.0529892658871037,
    "p50": 0.09346357294388218,
    "p90": 0.18254532882940133
  },
  "ema": {
    "fast": 0.014009472970055547,
    "slow": 0.016356626533697394,
    "fast_period": 20,
    "slow_period": 100
  },
  "etv": {
    "horizon_days": 1,
    "risk_budget_usd": 100,
    "expected_move_usd": 66.68349895905475,
    "qty": 1.4996213690196787,
    "notional_usd": 173180.77455849954,
    "leverage": 1
  }
}