{
  "t": "2026-02-27T16:53:07.866Z",
  "spot": 65526,
  "sigma_d": 0.001345125167847948,
  "ERI": 0.13451251678479478,
  "percentiles": {
    "p10": 0.05390808737665968,
    "p50": 0.13721258527232172,
    "p90": 0.2043380258057758
  },
  "ema": {
    "fast": 0.020606768030099806,
    "slow": 0.022506126601656334,
    "fast_period": 20,
    "slow_period": 100
  },
  "etv": {
    "horizon_days": 1,
    "risk_budget_usd": 100,
    "expected_move_usd": 88.14067174840464,
    "qty": 1.134550009846164,
    "notional_usd": 74342.52394517974,
    "leverage": 1
  }
}