{
  "t": "2026-03-22T17:36:14.882Z",
  "spot": 68802,
  "sigma_d": 0.0017727482348645265,
  "ERI": 0.17727482348645265,
  "percentiles": {
    "p10": 0.054484500135043024,
    "p50": 0.08529499920613051,
    "p90": 0.18579135225810978
  },
  "ema": {
    "fast": 0.025148144336458223,
    "slow": 0.02077320714253264,
    "fast_period": 20,
    "slow_period": 100
  },
  "etv": {
    "horizon_days": 1,
    "risk_budget_usd": 100,
    "expected_move_usd": 121.96862405514915,
    "qty": 0.8198829885527293,
    "notional_usd": 56409.58937840488,
    "leverage": 1
  }
}