{
  "t": "2026-03-19T09:58:04.730Z",
  "spot": 70467,
  "sigma_d": 0.0008183053007308039,
  "ERI": 0.08183053007308039,
  "percentiles": {
    "p10": 0.054484500135043024,
    "p50": 0.08743388947239925,
    "p90": 0.1921725726004723
  },
  "ema": {
    "fast": 0.013679868140566098,
    "slow": 0.017817989524493174,
    "fast_period": 20,
    "slow_period": 100
  },
  "etv": {
    "horizon_days": 1,
    "risk_budget_usd": 100,
    "expected_move_usd": 57.66351962659756,
    "qty": 1.7341986865795571,
    "notional_usd": 122203.77884720165,
    "leverage": 1
  }
}