{
  "t": "2025-10-11T16:28:51.084Z",
  "spot": 112035,
  "sigma_d": 0.0005354560702729741,
  "ERI": 0.05354560702729741,
  "percentiles": {
    "p10": 0.0530537025431007,
    "p50": 0.05842266849913825,
    "p90": 0.17889867710438903
  },
  "ema": {
    "fast": 0.014549864124715352,
    "slow": 0.018992134122350388,
    "fast_period": 20,
    "slow_period": 100
  },
  "etv": {
    "horizon_days": 1,
    "risk_budget_usd": 100,
    "expected_move_usd": 59.98982083303265,
    "qty": 1.6669494692828994,
    "notional_usd": 186756.68379110965,
    "leverage": 1
  }
}