{
  "t": "2026-04-08T05:53:35.649Z",
  "spot": 71778,
  "sigma_d": 0.002001011999723489,
  "ERI": 0.2001011999723489,
  "percentiles": {
    "p10": 0.054445904877183184,
    "p50": 0.12826401826142741,
    "p90": 0.1991818570099999
  },
  "ema": {
    "fast": 0.02173581748976195,
    "slow": 0.02503500297526178,
    "fast_period": 20,
    "slow_period": 100
  },
  "etv": {
    "horizon_days": 1,
    "risk_budget_usd": 100,
    "expected_move_usd": 143.6286393161526,
    "qty": 0.6962399732819436,
    "notional_usd": 49974.71280223135,
    "leverage": 1
  }
}