{
  "t": "2025-09-25T17:24:51.846Z",
  "spot": 110109,
  "sigma_d": 0.0005322667526809376,
  "ERI": 0.053226675268093764,
  "percentiles": {
    "p10": 0.05314733399594723,
    "p50": 0.05879906454242367,
    "p90": 0.13964634194417375
  },
  "ema": {
    "fast": 0.02295575069103545,
    "slow": 0.018690556898132767,
    "fast_period": 20,
    "slow_period": 100
  },
  "etv": {
    "horizon_days": 1,
    "risk_budget_usd": 100,
    "expected_move_usd": 58.60735987094536,
    "qty": 1.706270342499681,
    "notional_usd": 187875.72114229738,
    "leverage": 1
  }
}