{
  "t": "2025-12-11T04:44:46.908Z",
  "spot": 90148,
  "sigma_d": 0.0005392092973219115,
  "ERI": 0.05392092973219115,
  "percentiles": {
    "p10": 0.05375239634717526,
    "p50": 0.17447902662563997,
    "p90": 0.2363877997195679
  },
  "ema": {
    "fast": 0.022939991551700883,
    "slow": 0.027264071546987487,
    "fast_period": 20,
    "slow_period": 100
  },
  "etv": {
    "horizon_days": 1,
    "risk_budget_usd": 100,
    "expected_move_usd": 48.608639734975675,
    "qty": 2.0572474470633333,
    "notional_usd": 185456.74285786538,
    "leverage": 1
  }
}