{
  "t": "2026-03-22T07:03:56.588Z",
  "spot": 69159,
  "sigma_d": 0.0005574093943275661,
  "ERI": 0.055740939432756605,
  "percentiles": {
    "p10": 0.054484500135043024,
    "p50": 0.08048350358252519,
    "p90": 0.18579135225810978
  },
  "ema": {
    "fast": 0.016546202501004137,
    "slow": 0.0188960868574084,
    "fast_period": 20,
    "slow_period": 100
  },
  "etv": {
    "horizon_days": 1,
    "risk_budget_usd": 100,
    "expected_move_usd": 38.54987630230014,
    "qty": 2.5940420460968725,
    "notional_usd": 179401.3538660136,
    "leverage": 1
  }
}