{
  "t": "2025-09-11T01:59:06.139Z",
  "spot": 113944,
  "sigma_d": 0.000528733582177793,
  "ERI": 0.052873358217779304,
  "percentiles": {
    "p10": 0.053205070140419086,
    "p50": 0.14075671954734875,
    "p90": 0.18377967877481816
  },
  "ema": {
    "fast": 0.029705300746726573,
    "slow": 0.025990121980748813,
    "fast_period": 20,
    "slow_period": 100
  },
  "etv": {
    "horizon_days": 1,
    "risk_budget_usd": 100,
    "expected_move_usd": 60.24601928766645,
    "qty": 1.6598607041987914,
    "notional_usd": 189131.1680792271,
    "leverage": 1
  }
}