{
  "t": "2026-03-05T09:58:24.740Z",
  "spot": 72559,
  "sigma_d": 0.0015990176376184228,
  "ERI": 0.15990176376184229,
  "percentiles": {
    "p10": 0.05384467929998492,
    "p50": 0.12734720108041842,
    "p90": 0.20724108929956897
  },
  "ema": {
    "fast": 0.029701618299168057,
    "slow": 0.024259001676797145,
    "fast_period": 20,
    "slow_period": 100
  },
  "etv": {
    "horizon_days": 1,
    "risk_budget_usd": 100,
    "expected_move_usd": 116.02312076795513,
    "qty": 0.8618971747881081,
    "notional_usd": 62538.397105450334,
    "leverage": 1
  }
}