{
  "t": "2026-02-06T08:57:03.088Z",
  "spot": 64915,
  "sigma_d": 0.0018935287586935442,
  "ERI": 0.18935287586935443,
  "percentiles": {
    "p10": 0.053325303755698696,
    "p50": 0.12104305647063257,
    "p90": 0.18480761513040744
  },
  "ema": {
    "fast": 0.032354128051417595,
    "slow": 0.026643241405231485,
    "fast_period": 20,
    "slow_period": 100
  },
  "etv": {
    "horizon_days": 1,
    "risk_budget_usd": 100,
    "expected_move_usd": 122.91841937059142,
    "qty": 0.8135477214241276,
    "notional_usd": 52811.45033624724,
    "leverage": 1
  }
}