{
  "t": "2026-03-15T15:39:25.655Z",
  "spot": 71535,
  "sigma_d": 0.0009209178546971381,
  "ERI": 0.0920917854697138,
  "percentiles": {
    "p10": 0.05446261163699834,
    "p50": 0.1286518586948384,
    "p90": 0.19734676601485696
  },
  "ema": {
    "fast": 0.02359513330792378,
    "slow": 0.023637417993449955,
    "fast_period": 20,
    "slow_period": 100
  },
  "etv": {
    "horizon_days": 1,
    "risk_budget_usd": 100,
    "expected_move_usd": 65.87785873575977,
    "qty": 1.517960691483709,
    "notional_usd": 108587.31806528712,
    "leverage": 1
  }
}