{
  "t": "2025-09-11T17:23:57.277Z",
  "spot": 114423,
  "sigma_d": 0.0005526783269050251,
  "ERI": 0.05526783269050251,
  "percentiles": {
    "p10": 0.05309866591739323,
    "p50": 0.1361410415948221,
    "p90": 0.18254532882940133
  },
  "ema": {
    "fast": 0.015877700659797035,
    "slow": 0.022546314104584683,
    "fast_period": 20,
    "slow_period": 100
  },
  "etv": {
    "horizon_days": 1,
    "risk_budget_usd": 100,
    "expected_move_usd": 63.239112199453686,
    "qty": 1.581299871582699,
    "notional_usd": 180937.07520610717,
    "leverage": 1
  }
}