{
  "t": "2026-03-28T07:11:15.796Z",
  "spot": 66374,
  "sigma_d": 0.0007888810555674052,
  "ERI": 0.07888810555674053,
  "percentiles": {
    "p10": 0.05450823009131296,
    "p50": 0.07487476151610337,
    "p90": 0.1781806660837669
  },
  "ema": {
    "fast": 0.01676870577616069,
    "slow": 0.01980368320077174,
    "fast_period": 20,
    "slow_period": 100
  },
  "etv": {
    "horizon_days": 1,
    "risk_budget_usd": 100,
    "expected_move_usd": 52.361191182230954,
    "qty": 1.909811403105274,
    "notional_usd": 126761.82206970945,
    "leverage": 1
  }
}