{
  "t": "2025-12-29T08:45:12.869Z",
  "spot": 89597,
  "sigma_d": 0.001842361596857289,
  "ERI": 0.1842361596857289,
  "percentiles": {
    "p10": 0.05354711358270366,
    "p50": 0.13670482672662373,
    "p90": 0.17462748869021416
  },
  "ema": {
    "fast": 0.030287112809680418,
    "slow": 0.028490625547297192,
    "fast_period": 20,
    "slow_period": 100
  },
  "etv": {
    "horizon_days": 1,
    "risk_budget_usd": 100,
    "expected_move_usd": 165.07007199362252,
    "qty": 0.6058033342583354,
    "notional_usd": 54278.16133954408,
    "leverage": 1
  }
}