{
  "t": "2025-09-30T04:31:24.814Z",
  "spot": 114245,
  "sigma_d": 0.0005339737097525677,
  "ERI": 0.05339737097525677,
  "percentiles": {
    "p10": 0.053211083611777586,
    "p50": 0.07829336590386185,
    "p90": 0.16233955785490828
  },
  "ema": {
    "fast": 0.01394470415576661,
    "slow": 0.02104837028621511,
    "fast_period": 20,
    "slow_period": 100
  },
  "etv": {
    "horizon_days": 1,
    "risk_budget_usd": 100,
    "expected_move_usd": 61.00382647068209,
    "qty": 1.6392414342739487,
    "notional_usd": 187275.13765862727,
    "leverage": 1
  }
}