{
  "t": "2026-02-24T18:06:32.737Z",
  "spot": 64248,
  "sigma_d": 0.0005772906574329088,
  "ERI": 0.05772906574329088,
  "percentiles": {
    "p10": 0.05390808737665968,
    "p50": 0.14674393686951087,
    "p90": 0.20604456074113697
  },
  "ema": {
    "fast": 0.028252424404745048,
    "slow": 0.02546782204480636,
    "fast_period": 20,
    "slow_period": 100
  },
  "etv": {
    "horizon_days": 1,
    "risk_budget_usd": 100,
    "expected_move_usd": 37.08977015874952,
    "qty": 2.6961612210586825,
    "notional_usd": 173222.96613057822,
    "leverage": 1
  }
}