{
  "t": "2026-01-15T16:48:56.998Z",
  "spot": 96723,
  "sigma_d": 0.0011334919316339032,
  "ERI": 0.11334919316339032,
  "percentiles": {
    "p10": 0.05334681048361781,
    "p50": 0.11588436061530116,
    "p90": 0.18823140886079134
  },
  "ema": {
    "fast": 0.01769709742741865,
    "slow": 0.01847695578922766,
    "fast_period": 20,
    "slow_period": 100
  },
  "etv": {
    "horizon_days": 1,
    "risk_budget_usd": 100,
    "expected_move_usd": 109.63474010342603,
    "qty": 0.912119642967759,
    "notional_usd": 88222.94822677056,
    "leverage": 1
  }
}