{
  "t": "2025-09-01T21:36:24.373Z",
  "spot": 107832.09,
  "sigma_d": 0.0016876147048535694,
  "ERI": 0.16876147048535695,
  "percentiles": {
    "p10": 0.061396648057895784,
    "p50": 0.12332846702775226,
    "p90": 0.18192427646012233
  },
  "ema": {
    "fast": 0.023093032231017,
    "slow": 0.0256489596809719,
    "fast_period": 20,
    "slow_period": 100
  },
  "etv": {
    "horizon_days": 1,
    "risk_budget_usd": 100,
    "expected_move_usd": 181.97902073909353,
    "qty": 0.5495138922819666,
    "notional_usd": 59255.23148879932,
    "leverage": 1
  }
}