{
  "t": "2025-10-21T04:32:09.480Z",
  "spot": 108242,
  "sigma_d": 0.0005380347826108937,
  "ERI": 0.05380347826108937,
  "percentiles": {
    "p10": 0.0535469747406237,
    "p50": 0.06839865656882779,
    "p90": 0.15636180716216913
  },
  "ema": {
    "fast": 0.017173696268232102,
    "slow": 0.017757551877382528,
    "fast_period": 20,
    "slow_period": 100
  },
  "etv": {
    "horizon_days": 1,
    "risk_budget_usd": 100,
    "expected_move_usd": 58.23796093936836,
    "qty": 1.7170930847683725,
    "notional_usd": 185861.58968149818,
    "leverage": 1
  }
}