{
  "t": "2025-10-15T11:23:39.509Z",
  "spot": 112065,
  "sigma_d": 0.0005334452768495974,
  "ERI": 0.05334452768495974,
  "percentiles": {
    "p10": 0.0531428192483909,
    "p50": 0.06226845104888895,
    "p90": 0.17876486664125607
  },
  "ema": {
    "fast": 0.016196450171426027,
    "slow": 0.017408480588603267,
    "fast_period": 20,
    "slow_period": 100
  },
  "etv": {
    "horizon_days": 1,
    "risk_budget_usd": 100,
    "expected_move_usd": 59.78054495015013,
    "qty": 1.6727850186609727,
    "notional_usd": 187460.6531162419,
    "leverage": 1
  }
}