{
  "t": "2026-04-02T22:46:56.400Z",
  "spot": 66963,
  "sigma_d": 0.0021024219550576395,
  "ERI": 0.21024219550576395,
  "percentiles": {
    "p10": 0.054487761828111145,
    "p50": 0.08221945908394312,
    "p90": 0.18176742045623412
  },
  "ema": {
    "fast": 0.02540549006535574,
    "slow": 0.02764293995853056,
    "fast_period": 20,
    "slow_period": 100
  },
  "etv": {
    "horizon_days": 1,
    "risk_budget_usd": 100,
    "expected_move_usd": 140.78448137652472,
    "qty": 0.7103055608277762,
    "notional_usd": 47564.191269710376,
    "leverage": 1
  }
}