{
  "t": "2025-09-09T23:23:03.666Z",
  "spot": 111435,
  "sigma_d": 0.0018390496818506475,
  "ERI": 0.18390496818506474,
  "percentiles": {
    "p10": 0.05325286218492442,
    "p50": 0.13048597303149068,
    "p90": 0.16891842807457422
  },
  "ema": {
    "fast": 0.028247359836646405,
    "slow": 0.02385787268343315,
    "fast_period": 20,
    "slow_period": 100
  },
  "etv": {
    "horizon_days": 1,
    "risk_budget_usd": 100,
    "expected_move_usd": 204.9345012970269,
    "qty": 0.4879607843828234,
    "notional_usd": 54375.91000769993,
    "leverage": 1
  }
}