{
  "t": "2025-12-25T15:30:01.847Z",
  "spot": 88012,
  "sigma_d": 0.0005325685505967745,
  "ERI": 0.05325685505967745,
  "percentiles": {
    "p10": 0.053494718441764406,
    "p50": 0.07765288350102216,
    "p90": 0.16845248536397592
  },
  "ema": {
    "fast": 0.028033517134720413,
    "slow": 0.024638556287005505,
    "fast_period": 20,
    "slow_period": 100
  },
  "etv": {
    "horizon_days": 1,
    "risk_budget_usd": 100,
    "expected_move_usd": 46.87242327512332,
    "qty": 2.1334506093921792,
    "notional_usd": 187769.25503382448,
    "leverage": 1
  }
}