{
  "t": "2026-01-24T13:38:30.005Z",
  "spot": 89392,
  "sigma_d": 0.0016571653452455003,
  "ERI": 0.16571653452455004,
  "percentiles": {
    "p10": 0.053155782724080586,
    "p50": 0.08135766480236106,
    "p90": 0.17188924640986158
  },
  "ema": {
    "fast": 0.03129227327368049,
    "slow": 0.0262687626859719,
    "fast_period": 20,
    "slow_period": 100
  },
  "etv": {
    "horizon_days": 1,
    "risk_budget_usd": 100,
    "expected_move_usd": 148.13732454218575,
    "qty": 0.6750493186578548,
    "notional_usd": 60344.00869346296,
    "leverage": 1
  }
}