{
  "t": "2026-05-03T17:59:02.881Z",
  "spot": 78719,
  "sigma_d": 0.001576947923474158,
  "ERI": 0.1576947923474158,
  "percentiles": {
    "p10": 0.053866954478401306,
    "p50": 0.06459775606316089,
    "p90": 0.15537776703125428
  },
  "ema": {
    "fast": 0.02170825165571414,
    "slow": 0.01767777076238556,
    "fast_period": 20,
    "slow_period": 100
  },
  "etv": {
    "horizon_days": 1,
    "risk_budget_usd": 100,
    "expected_move_usd": 124.13576358796224,
    "qty": 0.8055696207897436,
    "notional_usd": 63413.634978947826,
    "leverage": 1
  }
}