{
  "t": "2025-11-25T09:33:32.703Z",
  "spot": 86776,
  "sigma_d": 0.001225217993044071,
  "ERI": 0.1225217993044071,
  "percentiles": {
    "p10": 0.05324408983257281,
    "p50": 0.08597810098868043,
    "p90": 0.1596840914658432
  },
  "ema": {
    "fast": 0.024996342073093772,
    "slow": 0.02112307483674065,
    "fast_period": 20,
    "slow_period": 100
  },
  "etv": {
    "horizon_days": 1,
    "risk_budget_usd": 100,
    "expected_move_usd": 106.3195165643923,
    "qty": 0.9405610863498904,
    "notional_usd": 81618.12882909809,
    "leverage": 1
  }
}