{
  "t": "2026-04-22T20:12:32.873Z",
  "spot": 78791,
  "sigma_d": 0.0015029097162452204,
  "ERI": 0.15029097162452204,
  "percentiles": {
    "p10": 0.05393220563953715,
    "p50": 0.08316566843193629,
    "p90": 0.1883248268772469
  },
  "ema": {
    "fast": 0.01713370676058402,
    "slow": 0.01767781962782762,
    "fast_period": 20,
    "slow_period": 100
  },
  "etv": {
    "horizon_days": 1,
    "risk_budget_usd": 100,
    "expected_move_usd": 118.41575945267716,
    "qty": 0.8444821910715633,
    "notional_usd": 66537.59631671954,
    "leverage": 1
  }
}