{
  "t": "2025-10-09T21:24:21.149Z",
  "spot": 121451,
  "sigma_d": 0.0017891155467717607,
  "ERI": 0.17891155467717607,
  "percentiles": {
    "p10": 0.05302796107930348,
    "p50": 0.05820542948823999,
    "p90": 0.17648319877950042
  },
  "ema": {
    "fast": 0.026020917852350944,
    "slow": 0.021470180799852776,
    "fast_period": 20,
    "slow_period": 100
  },
  "etv": {
    "horizon_days": 1,
    "risk_budget_usd": 100,
    "expected_move_usd": 217.2898722709771,
    "qty": 0.46021473046517486,
    "notional_usd": 55893.53922972595,
    "leverage": 1
  }
}