{
  "t": "2026-05-17T07:40:54.222Z",
  "spot": 78094,
  "sigma_d": 0.0005333632694438685,
  "ERI": 0.05333632694438685,
  "percentiles": {
    "p10": 0.05370156727196636,
    "p50": 0.06887344292677278,
    "p90": 0.16858564388101388
  },
  "ema": {
    "fast": 0.01363466207058683,
    "slow": 0.018985678051088417,
    "fast_period": 20,
    "slow_period": 100
  },
  "etv": {
    "horizon_days": 1,
    "risk_budget_usd": 100,
    "expected_move_usd": 41.652471163949464,
    "qty": 2.40081793962205,
    "notional_usd": 187489.47617684436,
    "leverage": 1
  }
}