{
  "t": "2025-10-12T19:19:38.179Z",
  "spot": 114366,
  "sigma_d": 0.0005716887076480826,
  "ERI": 0.05716887076480826,
  "percentiles": {
    "p10": 0.053072414882093695,
    "p50": 0.05935497467337816,
    "p90": 0.17889867710438903
  },
  "ema": {
    "fast": 0.01631963856534147,
    "slow": 0.018230953653655558,
    "fast_period": 20,
    "slow_period": 100
  },
  "etv": {
    "horizon_days": 1,
    "risk_budget_usd": 100,
    "expected_move_usd": 65.38175073888061,
    "qty": 1.5294787745800287,
    "notional_usd": 174920.36953361955,
    "leverage": 1
  }
}