{
  "t": "2025-11-21T03:47:55.303Z",
  "spot": 85958,
  "sigma_d": 0.0005294687099294247,
  "ERI": 0.052946870992942464,
  "percentiles": {
    "p10": 0.053219647115979735,
    "p50": 0.06105204284144394,
    "p90": 0.15470437097997478
  },
  "ema": {
    "fast": 0.020640717513553848,
    "slow": 0.020495366365616798,
    "fast_period": 20,
    "slow_period": 100
  },
  "etv": {
    "horizon_days": 1,
    "risk_budget_usd": 100,
    "expected_move_usd": 45.51207136811348,
    "qty": 2.1972192649983775,
    "notional_usd": 188868.57358073053,
    "leverage": 1
  }
}