{
  "t": "2026-02-03T15:59:59.961Z",
  "spot": 78044,
  "sigma_d": 0.0005318891875394764,
  "ERI": 0.053188918753947635,
  "percentiles": {
    "p10": 0.053269282265723826,
    "p50": 0.12508908313715572,
    "p90": 0.18147850404587113
  },
  "ema": {
    "fast": 0.019483487964116298,
    "slow": 0.02148902538511393,
    "fast_period": 20,
    "slow_period": 100
  },
  "etv": {
    "horizon_days": 1,
    "risk_budget_usd": 100,
    "expected_move_usd": 41.51075975233089,
    "qty": 2.4090139664183057,
    "notional_usd": 188009.08599515024,
    "leverage": 1
  }
}