{
  "t": "2026-02-19T03:11:27.876Z",
  "spot": 66773,
  "sigma_d": 0.0012814135347757633,
  "ERI": 0.12814135347757633,
  "percentiles": {
    "p10": 0.05481559727921908,
    "p50": 0.15494272563287464,
    "p90": 0.21367779299147685
  },
  "ema": {
    "fast": 0.023236648271385312,
    "slow": 0.02607280314919509,
    "fast_period": 20,
    "slow_period": 100
  },
  "etv": {
    "horizon_days": 1,
    "risk_budget_usd": 100,
    "expected_move_usd": 85.56382595758204,
    "qty": 1.1687181923068124,
    "notional_usd": 78038.81985490279,
    "leverage": 1
  }
}