{
  "t": "2026-01-09T13:47:52.262Z",
  "spot": 90509,
  "sigma_d": 0.0007475281221183643,
  "ERI": 0.07475281221183643,
  "percentiles": {
    "p10": 0.05339829836591422,
    "p50": 0.16012713810519758,
    "p90": 0.1987794020330305
  },
  "ema": {
    "fast": 0.021474703608911367,
    "slow": 0.0256040237883866,
    "fast_period": 20,
    "slow_period": 100
  },
  "etv": {
    "horizon_days": 1,
    "risk_budget_usd": 100,
    "expected_move_usd": 67.65802280481103,
    "qty": 1.4780213174200119,
    "notional_usd": 133774.23141836785,
    "leverage": 1
  }
}