{
  "t": "2025-09-09T03:07:04.064Z",
  "spot": 111321,
  "sigma_d": 0.0017262757417047068,
  "ERI": 0.17262757417047067,
  "percentiles": {
    "p10": 0.053198117090557134,
    "p50": 0.12761357573944415,
    "p90": 0.17352299215334777
  },
  "ema": {
    "fast": 0.018845301997655696,
    "slow": 0.021767616627530732,
    "fast_period": 20,
    "slow_period": 100
  },
  "etv": {
    "horizon_days": 1,
    "risk_budget_usd": 100,
    "expected_move_usd": 192.17074184230967,
    "qty": 0.5203705779626818,
    "notional_usd": 57928.1731093837,
    "leverage": 1
  }
}