{
  "t": "2026-01-30T21:37:19.745Z",
  "spot": 84133,
  "sigma_d": 0.0005288154628560794,
  "ERI": 0.05288154628560794,
  "percentiles": {
    "p10": 0.05326564146959715,
    "p50": 0.12938787957023173,
    "p90": 0.17810142383398367
  },
  "ema": {
    "fast": 0.01816859065976863,
    "slow": 0.017881949902431797,
    "fast_period": 20,
    "slow_period": 100
  },
  "etv": {
    "horizon_days": 1,
    "risk_budget_usd": 100,
    "expected_move_usd": 44.49083133647053,
    "qty": 2.2476541120063733,
    "notional_usd": 189101.88340543222,
    "leverage": 1
  }
}