{
  "t": "2026-06-07T14:15:33.905Z",
  "spot": 61782,
  "sigma_d": 0.0017772871209693804,
  "ERI": 0.17772871209693802,
  "percentiles": {
    "p10": 0.053588654576177557,
    "p50": 0.1372329781221463,
    "p90": 0.1912755055697345
  },
  "ema": {
    "fast": 0.028553813741270202,
    "slow": 0.028027559715574923,
    "fast_period": 20,
    "slow_period": 100
  },
  "etv": {
    "horizon_days": 1,
    "risk_budget_usd": 100,
    "expected_move_usd": 109.80435290773026,
    "qty": 0.9107107081996197,
    "notional_usd": 56265.528973988905,
    "leverage": 1
  }
}