{
  "t": "2025-11-28T19:22:51.770Z",
  "spot": 90948,
  "sigma_d": 0.0016539147571700507,
  "ERI": 0.16539147571700508,
  "percentiles": {
    "p10": 0.05343918699013833,
    "p50": 0.13602666267233576,
    "p90": 0.18871080301347765
  },
  "ema": {
    "fast": 0.03162066223096953,
    "slow": 0.02894286746415275,
    "fast_period": 20,
    "slow_period": 100
  },
  "etv": {
    "horizon_days": 1,
    "risk_budget_usd": 100,
    "expected_move_usd": 150.42023933510177,
    "qty": 0.6648041542948416,
    "notional_usd": 60462.608224807256,
    "leverage": 1
  }
}