{
  "t": "2026-01-13T07:34:03.452Z",
  "spot": 91896,
  "sigma_d": 0.0016539273027083392,
  "ERI": 0.16539273027083393,
  "percentiles": {
    "p10": 0.05340456198130164,
    "p50": 0.1376151641200012,
    "p90": 0.1987794020330305
  },
  "ema": {
    "fast": 0.019754380792381877,
    "slow": 0.020685402230240308,
    "fast_period": 20,
    "slow_period": 100
  },
  "etv": {
    "horizon_days": 1,
    "risk_budget_usd": 100,
    "expected_move_usd": 151.98930340968553,
    "qty": 0.657941037669283,
    "notional_usd": 60462.14959765643,
    "leverage": 1
  }
}