{
  "t": "2025-10-19T18:34:31.181Z",
  "spot": 109339,
  "sigma_d": 0.0014588218185840236,
  "ERI": 0.14588218185840235,
  "percentiles": {
    "p10": 0.053543295858698166,
    "p50": 0.06780233308143463,
    "p90": 0.1675279233019219
  },
  "ema": {
    "fast": 0.018315507131512778,
    "slow": 0.017439286282490963,
    "fast_period": 20,
    "slow_period": 100
  },
  "etv": {
    "horizon_days": 1,
    "risk_budget_usd": 100,
    "expected_move_usd": 159.50611882215856,
    "qty": 0.6269351968340166,
    "notional_usd": 68548.46748663453,
    "leverage": 1
  }
}