{
  "t": "2025-11-15T02:03:26.365Z",
  "spot": 95449,
  "sigma_d": 0.0006331128755402146,
  "ERI": 0.06331128755402146,
  "percentiles": {
    "p10": 0.053236346634995435,
    "p50": 0.060955529918967036,
    "p90": 0.15306261027553256
  },
  "ema": {
    "fast": 0.016357365160981952,
    "slow": 0.015561520413298996,
    "fast_period": 20,
    "slow_period": 100
  },
  "etv": {
    "horizon_days": 1,
    "risk_budget_usd": 100,
    "expected_move_usd": 60.42999085743794,
    "qty": 1.6548074653182185,
    "notional_usd": 157949.71775715865,
    "leverage": 1
  }
}