{
  "t": "2025-10-12T23:23:01.789Z",
  "spot": 114905,
  "sigma_d": 0.001737176536426411,
  "ERI": 0.1737176536426411,
  "percentiles": {
    "p10": 0.05307968939635492,
    "p50": 0.05935497467337816,
    "p90": 0.17889867710438903
  },
  "ema": {
    "fast": 0.01834477233817853,
    "slow": 0.01854805346886361,
    "fast_period": 20,
    "slow_period": 100
  },
  "etv": {
    "horizon_days": 1,
    "risk_budget_usd": 100,
    "expected_move_usd": 199.61026991807677,
    "qty": 0.5009762275309863,
    "notional_usd": 57564.673424447974,
    "leverage": 1
  }
}