{
  "t": "2026-05-24T13:55:45.673Z",
  "spot": 76756,
  "sigma_d": 0.0012040124526124002,
  "ERI": 0.12040124526124002,
  "percentiles": {
    "p10": 0.05372729504333167,
    "p50": 0.09605386861734876,
    "p90": 0.17040385624602597
  },
  "ema": {
    "fast": 0.02200919875840486,
    "slow": 0.021537935726806044,
    "fast_period": 20,
    "slow_period": 100
  },
  "etv": {
    "horizon_days": 1,
    "risk_budget_usd": 100,
    "expected_move_usd": 92.4151798127174,
    "qty": 1.0820733152567956,
    "notional_usd": 83055.6193858506,
    "leverage": 1
  }
}