{
  "t": "2025-11-11T05:30:30.930Z",
  "spot": 105427,
  "sigma_d": 0.0006208432829429942,
  "ERI": 0.06208432829429942,
  "percentiles": {
    "p10": 0.053262511273042906,
    "p50": 0.06505709154789563,
    "p90": 0.1726969419789878
  },
  "ema": {
    "fast": 0.015389723599421215,
    "slow": 0.016357647298721273,
    "fast_period": 20,
    "slow_period": 100
  },
  "etv": {
    "horizon_days": 1,
    "risk_budget_usd": 100,
    "expected_move_usd": 65.45364479083105,
    "qty": 1.5277988005032885,
    "notional_usd": 161071.2441406602,
    "leverage": 1
  }
}