{
  "t": "2026-04-04T18:58:28.704Z",
  "spot": 67293,
  "sigma_d": 0.000658713881159687,
  "ERI": 0.0658713881159687,
  "percentiles": {
    "p10": 0.054452243879093226,
    "p50": 0.14153082214104995,
    "p90": 0.19089807337258247
  },
  "ema": {
    "fast": 0.021883320693663125,
    "slow": 0.027350738939875035,
    "fast_period": 20,
    "slow_period": 100
  },
  "etv": {
    "horizon_days": 1,
    "risk_budget_usd": 100,
    "expected_move_usd": 44.32683320487882,
    "qty": 2.2559698667802315,
    "notional_usd": 151810.98024524213,
    "leverage": 1
  }
}