{
  "t": "2026-05-02T15:00:34.505Z",
  "spot": 78411,
  "sigma_d": 0.0006504458374375054,
  "ERI": 0.06504458374375055,
  "percentiles": {
    "p10": 0.05383554500253685,
    "p50": 0.06453128013694653,
    "p90": 0.15840923794502682
  },
  "ema": {
    "fast": 0.012555841539305756,
    "slow": 0.01599509990248459,
    "fast_period": 20,
    "slow_period": 100
  },
  "etv": {
    "horizon_days": 1,
    "risk_budget_usd": 100,
    "expected_move_usd": 51.00210855931224,
    "qty": 1.960703249821648,
    "notional_usd": 153740.70252176523,
    "leverage": 1
  }
}