{
  "t": "2026-03-20T16:58:31.181Z",
  "spot": 69837,
  "sigma_d": 0.0017265680887862266,
  "ERI": 0.17265680887862267,
  "percentiles": {
    "p10": 0.05443286575319259,
    "p50": 0.07817728378782064,
    "p90": 0.1890082260991306
  },
  "ema": {
    "fast": 0.01811075699064187,
    "slow": 0.017445810115284684,
    "fast_period": 20,
    "slow_period": 100
  },
  "etv": {
    "horizon_days": 1,
    "risk_budget_usd": 100,
    "expected_move_usd": 120.5783356165637,
    "qty": 0.8293363769591053,
    "notional_usd": 57918.36455769304,
    "leverage": 1
  }
}