{
  "t": "2025-09-28T07:21:57.663Z",
  "spot": 109455,
  "sigma_d": 0.0015403107454329457,
  "ERI": 0.15403107454329457,
  "percentiles": {
    "p10": 0.05325785444457995,
    "p50": 0.07140512456423934,
    "p90": 0.15854476589254068
  },
  "ema": {
    "fast": 0.0289927484245297,
    "slow": 0.025434019098000922,
    "fast_period": 20,
    "slow_period": 100
  },
  "etv": {
    "horizon_days": 1,
    "risk_budget_usd": 100,
    "expected_move_usd": 168.59471264136306,
    "qty": 0.5931384112425954,
    "notional_usd": 64921.96480255828,
    "leverage": 1
  }
}