{
  "t": "2025-09-08T12:56:42.324Z",
  "spot": 112016,
  "sigma_d": 0.0005291613815166533,
  "ERI": 0.052916138151665335,
  "percentiles": {
    "p10": 0.053279556621524476,
    "p50": 0.13141163649845491,
    "p90": 0.17362968272418952
  },
  "ema": {
    "fast": 0.025317371605629337,
    "slow": 0.023858724253005795,
    "fast_period": 20,
    "slow_period": 100
  },
  "etv": {
    "horizon_days": 1,
    "risk_budget_usd": 100,
    "expected_move_usd": 59.27454131196944,
    "qty": 1.6870649318682585,
    "notional_usd": 188978.26540815484,
    "leverage": 1
  }
}