{
  "t": "2026-02-27T22:36:49.577Z",
  "spot": 65175,
  "sigma_d": 0.0005504645470050678,
  "ERI": 0.055046454700506786,
  "percentiles": {
    "p10": 0.053943606700607674,
    "p50": 0.1355413182937448,
    "p90": 0.2043380258057758
  },
  "ema": {
    "fast": 0.01897203007933626,
    "slow": 0.021873530559856493,
    "fast_period": 20,
    "slow_period": 100
  },
  "etv": {
    "horizon_days": 1,
    "risk_budget_usd": 100,
    "expected_move_usd": 35.876526851055296,
    "qty": 2.7873378160366307,
    "notional_usd": 181664.7421601874,
    "leverage": 1
  }
}