{
  "t": "2025-12-17T10:37:12.468Z",
  "spot": 86701,
  "sigma_d": 0.000749520758668697,
  "ERI": 0.07495207586686971,
  "percentiles": {
    "p10": 0.053479676731447205,
    "p50": 0.0691167262557773,
    "p90": 0.23609114079235086
  },
  "ema": {
    "fast": 0.018172985990762665,
    "slow": 0.01779178808418651,
    "fast_period": 20,
    "slow_period": 100
  },
  "etv": {
    "horizon_days": 1,
    "risk_budget_usd": 100,
    "expected_move_usd": 64.9841992973347,
    "qty": 1.5388356105220407,
    "notional_usd": 133418.58626787143,
    "leverage": 1
  }
}