{
  "t": "2025-11-27T15:30:07.510Z",
  "spot": 90897,
  "sigma_d": 0.0016027132593521094,
  "ERI": 0.16027132593521093,
  "percentiles": {
    "p10": 0.053251055307540374,
    "p50": 0.11791869508309363,
    "p90": 0.1771849206663354
  },
  "ema": {
    "fast": 0.030295241539209084,
    "slow": 0.02585847279052283,
    "fast_period": 20,
    "slow_period": 100
  },
  "etv": {
    "horizon_days": 1,
    "risk_budget_usd": 100,
    "expected_move_usd": 145.6818271353287,
    "qty": 0.6864274149108981,
    "notional_usd": 62394.192733155905,
    "leverage": 1
  }
}