{
  "t": "2026-06-28T20:20:38.926Z",
  "spot": 59598,
  "sigma_d": 0.0015449424024155728,
  "ERI": 0.15449424024155728,
  "percentiles": {
    "p10": 0.05392230850878508,
    "p50": 0.1435891506791817,
    "p90": 0.19868732007533244
  },
  "ema": {
    "fast": 0.020778252286833332,
    "slow": 0.021006675969352455,
    "fast_period": 20,
    "slow_period": 100
  },
  "etv": {
    "horizon_days": 1,
    "risk_budget_usd": 100,
    "expected_move_usd": 92.07547729916331,
    "qty": 1.0860655077039574,
    "notional_usd": 64727.33212814045,
    "leverage": 1
  }
}