{
  "t": "2026-02-15T07:03:11.396Z",
  "spot": 70364,
  "sigma_d": 0.0005906017060828644,
  "ERI": 0.059060170608286444,
  "percentiles": {
    "p10": 0.05438969856350501,
    "p50": 0.14724866946707083,
    "p90": 0.21463973143315265
  },
  "ema": {
    "fast": 0.028867392502275546,
    "slow": 0.03060396315029499,
    "fast_period": 20,
    "slow_period": 100
  },
  "etv": {
    "horizon_days": 1,
    "risk_budget_usd": 100,
    "expected_move_usd": 41.55709844681467,
    "qty": 2.4063277692012432,
    "notional_usd": 169318.84715207628,
    "leverage": 1
  }
}