{
  "t": "2025-09-13T20:24:42.449Z",
  "spot": 115947,
  "sigma_d": 0.0005297938686509057,
  "ERI": 0.05297938686509057,
  "percentiles": {
    "p10": 0.0529892658871037,
    "p50": 0.10534209015785478,
    "p90": 0.18254532882940133
  },
  "ema": {
    "fast": 0.013975926559287144,
    "slow": 0.01692548493362923,
    "fast_period": 20,
    "slow_period": 100
  },
  "etv": {
    "horizon_days": 1,
    "risk_budget_usd": 100,
    "expected_move_usd": 61.42800968846657,
    "qty": 1.6279218634488093,
    "notional_usd": 188752.65630129908,
    "leverage": 1
  }
}