{
  "t": "2026-02-09T13:42:08.585Z",
  "spot": 69107,
  "sigma_d": 0.0005575655666719762,
  "ERI": 0.055756556667197615,
  "percentiles": {
    "p10": 0.053378093993984715,
    "p50": 0.10952870428817138,
    "p90": 0.20815179264290778
  },
  "ema": {
    "fast": 0.02571800083189753,
    "slow": 0.02490752105223971,
    "fast_period": 20,
    "slow_period": 100
  },
  "etv": {
    "horizon_days": 1,
    "risk_budget_usd": 100,
    "expected_move_usd": 38.53168361600026,
    "qty": 2.595266819809427,
    "notional_usd": 179351.1041165701,
    "leverage": 1
  }
}