{
  "t": "2026-03-25T17:15:29.396Z",
  "spot": 71129,
  "sigma_d": 0.0005490325064020212,
  "ERI": 0.05490325064020212,
  "percentiles": {
    "p10": 0.05452403731817776,
    "p50": 0.07487476151610337,
    "p90": 0.17792662870208797
  },
  "ema": {
    "fast": 0.018803111589912568,
    "slow": 0.019460147895830466,
    "fast_period": 20,
    "slow_period": 100
  },
  "etv": {
    "horizon_days": 1,
    "risk_budget_usd": 100,
    "expected_move_usd": 39.05213314786936,
    "qty": 2.5606795823765616,
    "notional_usd": 182138.57801486246,
    "leverage": 1
  }
}