{
  "t": "2025-09-28T10:26:49.350Z",
  "spot": 109483,
  "sigma_d": 0.0015511622415522617,
  "ERI": 0.15511622415522616,
  "percentiles": {
    "p10": 0.05325785444457995,
    "p50": 0.07167588909050038,
    "p90": 0.15869777998706425
  },
  "ema": {
    "fast": 0.02918228513940474,
    "slow": 0.025684880616963182,
    "fast_period": 20,
    "slow_period": 100
  },
  "etv": {
    "horizon_days": 1,
    "risk_budget_usd": 100,
    "expected_move_usd": 169.82589569186626,
    "qty": 0.5888383487842217,
    "notional_usd": 64467.78893994295,
    "leverage": 1
  }
}