{
  "t": "2025-10-05T03:38:47.440Z",
  "spot": 124047,
  "sigma_d": 0.0005304455050743524,
  "ERI": 0.05304455050743524,
  "percentiles": {
    "p10": 0.05305755290999211,
    "p50": 0.12334555883091006,
    "p90": 0.16656770331533927
  },
  "ema": {
    "fast": 0.0152272765949353,
    "slow": 0.016216305507007936,
    "fast_period": 20,
    "slow_period": 100
  },
  "etv": {
    "horizon_days": 1,
    "risk_budget_usd": 100,
    "expected_move_usd": 65.8001735679582,
    "qty": 1.519752830085172,
    "notional_usd": 188520.77931357533,
    "leverage": 1
  }
}