{
  "t": "2026-05-09T07:18:13.912Z",
  "spot": 80184,
  "sigma_d": 0.0005445001753438162,
  "ERI": 0.054450017534381626,
  "percentiles": {
    "p10": 0.05383554500253685,
    "p50": 0.06626903063970768,
    "p90": 0.15868307530017645
  },
  "ema": {
    "fast": 0.016334955389629,
    "slow": 0.018758377988037214,
    "fast_period": 20,
    "slow_period": 100
  },
  "etv": {
    "horizon_days": 1,
    "risk_budget_usd": 100,
    "expected_move_usd": 43.660202059768565,
    "qty": 2.2904154191294204,
    "notional_usd": 183654.66996747346,
    "leverage": 1
  }
}