{
  "t": "2025-12-17T23:28:53.139Z",
  "spot": 85951,
  "sigma_d": 0.0005302515383647045,
  "ERI": 0.053025153836470454,
  "percentiles": {
    "p10": 0.0534462812423811,
    "p50": 0.06443116796635101,
    "p90": 0.2288703831044655
  },
  "ema": {
    "fast": 0.01606310285238764,
    "slow": 0.017456748968678885,
    "fast_period": 20,
    "slow_period": 100
  },
  "etv": {
    "horizon_days": 1,
    "risk_budget_usd": 100,
    "expected_move_usd": 45.57564997398472,
    "qty": 2.194154116443354,
    "notional_usd": 188589.7404624227,
    "leverage": 1
  }
}