{
  "t": "2025-12-02T09:36:16.642Z",
  "spot": 86791,
  "sigma_d": 0.0013502355708688244,
  "ERI": 0.13502355708688243,
  "percentiles": {
    "p10": 0.05366689722950273,
    "p50": 0.14161534426444672,
    "p90": 0.19269846184236292
  },
  "ema": {
    "fast": 0.022657646371973407,
    "slow": 0.025830019443874155,
    "fast_period": 20,
    "slow_period": 100
  },
  "etv": {
    "horizon_days": 1,
    "risk_budget_usd": 100,
    "expected_move_usd": 117.18829543127615,
    "qty": 0.853327541218858,
    "notional_usd": 74061.1506299259,
    "leverage": 1
  }
}