{
  "t": "2025-12-04T16:41:47.073Z",
  "spot": 92598,
  "sigma_d": 0.0010372629566792915,
  "ERI": 0.10372629566792915,
  "percentiles": {
    "p10": 0.05612559540681501,
    "p50": 0.16007897460854878,
    "p90": 0.19879044514022692
  },
  "ema": {
    "fast": 0.031173743139963787,
    "slow": 0.030206089697534105,
    "fast_period": 20,
    "slow_period": 100
  },
  "etv": {
    "horizon_days": 1,
    "risk_budget_usd": 100,
    "expected_move_usd": 96.04847526258904,
    "qty": 1.041140941869278,
    "notional_usd": 96407.56893521141,
    "leverage": 1
  }
}