{
  "t": "2025-09-14T15:23:33.394Z",
  "spot": 115441,
  "sigma_d": 0.0005625386059634135,
  "ERI": 0.05625386059634135,
  "percentiles": {
    "p10": 0.052988903364013996,
    "p50": 0.0944975158277713,
    "p90": 0.18254532882940133
  },
  "ema": {
    "fast": 0.015373723856484845,
    "slow": 0.016782701899636984,
    "fast_period": 20,
    "slow_period": 100
  },
  "etv": {
    "horizon_days": 1,
    "risk_budget_usd": 100,
    "expected_move_usd": 64.94001921102242,
    "qty": 1.5398825133551357,
    "notional_usd": 177765.57722423022,
    "leverage": 1
  }
}