{
  "t": "2026-05-08T10:45:46.372Z",
  "spot": 80122,
  "sigma_d": 0.0005388904423198382,
  "ERI": 0.05388904423198382,
  "percentiles": {
    "p10": 0.05384851089601218,
    "p50": 0.06774592943579333,
    "p90": 0.15965331787103468
  },
  "ema": {
    "fast": 0.020573301398668316,
    "slow": 0.01974926712789594,
    "fast_period": 20,
    "slow_period": 100
  },
  "etv": {
    "horizon_days": 1,
    "risk_budget_usd": 100,
    "expected_move_usd": 43.17698001955007,
    "qty": 2.316048967637873,
    "notional_usd": 185566.47538508163,
    "leverage": 1
  }
}