{
  "t": "2026-04-22T12:05:43.581Z",
  "spot": 78363,
  "sigma_d": 0.0005900796708988723,
  "ERI": 0.05900796708988723,
  "percentiles": {
    "p10": 0.05393220563953715,
    "p50": 0.07903926748637044,
    "p90": 0.1883248268772469
  },
  "ema": {
    "fast": 0.013206120507096715,
    "slow": 0.01707322399008799,
    "fast_period": 20,
    "slow_period": 100
  },
  "etv": {
    "horizon_days": 1,
    "risk_budget_usd": 100,
    "expected_move_usd": 46.24041325064833,
    "qty": 2.162610430359809,
    "notional_usd": 169468.64115428572,
    "leverage": 1
  }
}