{
  "t": "2026-04-14T06:07:37.134Z",
  "spot": 74308,
  "sigma_d": 0.0006407791772685265,
  "ERI": 0.06407791772685266,
  "percentiles": {
    "p10": 0.054169814553664764,
    "p50": 0.15575503972949067,
    "p90": 0.2000791444040298
  },
  "ema": {
    "fast": 0.022868806003577824,
    "slow": 0.023691268840927898,
    "fast_period": 20,
    "slow_period": 100
  },
  "etv": {
    "horizon_days": 1,
    "risk_budget_usd": 100,
    "expected_move_usd": 47.61501910446967,
    "qty": 2.1001776725237713,
    "notional_usd": 156060.0024898964,
    "leverage": 1
  }
}