{
  "t": "2026-01-12T08:47:09.261Z",
  "spot": 90380,
  "sigma_d": 0.0006013112407216931,
  "ERI": 0.06013112407216931,
  "percentiles": {
    "p10": 0.05344432580036459,
    "p50": 0.1421010625361297,
    "p90": 0.1987794020330305
  },
  "ema": {
    "fast": 0.020704908542320447,
    "slow": 0.021612174178773248,
    "fast_period": 20,
    "slow_period": 100
  },
  "etv": {
    "horizon_days": 1,
    "risk_budget_usd": 100,
    "expected_move_usd": 54.34650993642662,
    "qty": 1.8400445606714737,
    "notional_usd": 166303.2273934878,
    "leverage": 1
  }
}