{
  "t": "2025-10-07T20:28:52.402Z",
  "spot": 122161,
  "sigma_d": 0.0005319998471732687,
  "ERI": 0.05319998471732687,
  "percentiles": {
    "p10": 0.05303335139507826,
    "p50": 0.06043817736619754,
    "p90": 0.16677554255564458
  },
  "ema": {
    "fast": 0.018327553907699037,
    "slow": 0.0168197639003051,
    "fast_period": 20,
    "slow_period": 100
  },
  "etv": {
    "horizon_days": 1,
    "risk_budget_usd": 100,
    "expected_move_usd": 64.98963333053368,
    "qty": 1.538706942558139,
    "notional_usd": 187969.97880984482,
    "leverage": 1
  }
}