{
  "t": "2026-04-13T14:04:08.691Z",
  "spot": 71611,
  "sigma_d": 0.0015968179972058207,
  "ERI": 0.15968179972058208,
  "percentiles": {
    "p10": 0.05421656349717345,
    "p50": 0.15447834560126147,
    "p90": 0.2000791444040298
  },
  "ema": {
    "fast": 0.02634628206629133,
    "slow": 0.02427586385579326,
    "fast_period": 20,
    "slow_period": 100
  },
  "etv": {
    "horizon_days": 1,
    "risk_budget_usd": 100,
    "expected_move_usd": 114.34973359790602,
    "qty": 0.874510126552942,
    "notional_usd": 62624.54467258273,
    "leverage": 1
  }
}