{
  "t": "2026-02-01T09:41:20.879Z",
  "spot": 78735,
  "sigma_d": 0.0011435132161357069,
  "ERI": 0.11435132161357069,
  "percentiles": {
    "p10": 0.053293381778060284,
    "p50": 0.1315586964732487,
    "p90": 0.17983346138817385
  },
  "ema": {
    "fast": 0.02340653583723613,
    "slow": 0.020957799311412853,
    "fast_period": 20,
    "slow_period": 100
  },
  "etv": {
    "horizon_days": 1,
    "risk_budget_usd": 100,
    "expected_move_usd": 90.03451307244488,
    "qty": 1.1106851871297014,
    "notional_usd": 87449.79820865704,
    "leverage": 1
  }
}