{
  "t": "2026-05-24T07:53:41.865Z",
  "spot": 76725,
  "sigma_d": 0.0011776432108163168,
  "ERI": 0.11776432108163168,
  "percentiles": {
    "p10": 0.05372729504333167,
    "p50": 0.09228662772960329,
    "p90": 0.17040385624602597
  },
  "ema": {
    "fast": 0.020741268443471496,
    "slow": 0.021281827812241326,
    "fast_period": 20,
    "slow_period": 100
  },
  "etv": {
    "horizon_days": 1,
    "risk_budget_usd": 100,
    "expected_move_usd": 90.3546753498819,
    "qty": 1.1067495911281664,
    "notional_usd": 84915.36237930857,
    "leverage": 1
  }
}