{
  "t": "2026-01-17T21:27:00.369Z",
  "spot": 95328,
  "sigma_d": 0.0005397385364904393,
  "ERI": 0.05397385364904393,
  "percentiles": {
    "p10": 0.053410283991749706,
    "p50": 0.07779562994698691,
    "p90": 0.1816707398995454
  },
  "ema": {
    "fast": 0.011106481072260956,
    "slow": 0.014806662682859652,
    "fast_period": 20,
    "slow_period": 100
  },
  "etv": {
    "horizon_days": 1,
    "risk_budget_usd": 100,
    "expected_move_usd": 51.452195206560596,
    "qty": 1.9435516715766705,
    "notional_usd": 185274.89374806086,
    "leverage": 1
  }
}