{
  "t": "2025-09-28T22:25:09.791Z",
  "spot": 111712,
  "sigma_d": 0.001706412724246525,
  "ERI": 0.1706412724246525,
  "percentiles": {
    "p10": 0.053230818692507224,
    "p50": 0.07807883285058062,
    "p90": 0.15927385513873782
  },
  "ema": {
    "fast": 0.022425525913135402,
    "slow": 0.024573120702861308,
    "fast_period": 20,
    "slow_period": 100
  },
  "etv": {
    "horizon_days": 1,
    "risk_budget_usd": 100,
    "expected_move_usd": 190.6267782510278,
    "qty": 0.524585270325004,
    "notional_usd": 58602.46971854685,
    "leverage": 1
  }
}