{
  "t": "2025-11-28T11:25:06.869Z",
  "spot": 91201,
  "sigma_d": 0.0017292182402047708,
  "ERI": 0.1729218240204771,
  "percentiles": {
    "p10": 0.05338620237532711,
    "p50": 0.13216254420198284,
    "p90": 0.1854265601686449
  },
  "ema": {
    "fast": 0.034791103946321573,
    "slow": 0.028848635070487655,
    "fast_period": 20,
    "slow_period": 100
  },
  "etv": {
    "horizon_days": 1,
    "risk_budget_usd": 100,
    "expected_move_usd": 157.70643272491532,
    "qty": 0.6340895439213207,
    "notional_usd": 57829.600495168364,
    "leverage": 1
  }
}