{
  "t": "2025-09-04T20:27:55.491Z",
  "spot": 110347,
  "sigma_d": 0.000543741394598752,
  "ERI": 0.0543741394598752,
  "percentiles": {
    "p10": 0.053167804212065226,
    "p50": 0.12683239243297995,
    "p90": 0.1799666512025494
  },
  "ema": {
    "fast": 0.0226246994389184,
    "slow": 0.02340493776487038,
    "fast_period": 20,
    "slow_period": 100
  },
  "etv": {
    "horizon_days": 1,
    "risk_budget_usd": 100,
    "expected_move_usd": 60.00023166978849,
    "qty": 1.6666602314196117,
    "notional_usd": 183910.9565564599,
    "leverage": 1
  }
}