{
  "t": "2026-05-18T23:15:51.637Z",
  "spot": 77046,
  "sigma_d": 0.001398510000101315,
  "ERI": 0.13985100001013148,
  "percentiles": {
    "p10": 0.05363576496625867,
    "p50": 0.06683525419701924,
    "p90": 0.16858564388101388
  },
  "ema": {
    "fast": 0.01753260315239694,
    "slow": 0.01836575806160234,
    "fast_period": 20,
    "slow_period": 100
  },
  "etv": {
    "horizon_days": 1,
    "risk_budget_usd": 100,
    "expected_move_usd": 107.74960146780592,
    "qty": 0.9280776785970629,
    "notional_usd": 71504.67282518931,
    "leverage": 1
  }
}