{
  "t": "2025-11-23T11:22:42.123Z",
  "spot": 85935,
  "sigma_d": 0.000532751352745797,
  "ERI": 0.0532751352745797,
  "percentiles": {
    "p10": 0.05317644544024231,
    "p50": 0.06347801081702348,
    "p90": 0.1536037204494056
  },
  "ema": {
    "fast": 0.013049131486670513,
    "slow": 0.017346738053738882,
    "fast_period": 20,
    "slow_period": 100
  },
  "etv": {
    "horizon_days": 1,
    "risk_budget_usd": 100,
    "expected_move_usd": 45.781987498210064,
    "qty": 2.1842651545852982,
    "notional_usd": 187704.82605928762,
    "leverage": 1
  }
}