{
  "t": "2026-03-04T22:46:24.286Z",
  "spot": 72986,
  "sigma_d": 0.00210949997383668,
  "ERI": 0.21094999738366801,
  "percentiles": {
    "p10": 0.05384467929998492,
    "p50": 0.12734720108041842,
    "p90": 0.20724108929956897
  },
  "ema": {
    "fast": 0.0342540730160049,
    "slow": 0.024069077926916257,
    "fast_period": 20,
    "slow_period": 100
  },
  "etv": {
    "horizon_days": 1,
    "risk_budget_usd": 100,
    "expected_move_usd": 153.96396509044393,
    "qty": 0.6495026283666858,
    "notional_usd": 47404.59883397093,
    "leverage": 1
  }
}