{
  "t": "2025-09-18T22:24:28.514Z",
  "spot": 117331,
  "sigma_d": 0.0005359293988335165,
  "ERI": 0.053592939883351655,
  "percentiles": {
    "p10": 0.0529892658871037,
    "p50": 0.05680307768826553,
    "p90": 0.16726280195947013
  },
  "ema": {
    "fast": 0.012997402175923805,
    "slow": 0.014048601232992097,
    "fast_period": 20,
    "slow_period": 100
  },
  "etv": {
    "horizon_days": 1,
    "risk_budget_usd": 100,
    "expected_move_usd": 62.88113229453533,
    "qty": 1.5903021518696552,
    "notional_usd": 186591.7417810185,
    "leverage": 1
  }
}