{
  "t": "2025-09-20T02:59:49.626Z",
  "spot": 115648,
  "sigma_d": 0.0006621753571751666,
  "ERI": 0.06621753571751667,
  "percentiles": {
    "p10": 0.05298946810701005,
    "p50": 0.05657759926584558,
    "p90": 0.15816145853142322
  },
  "ema": {
    "fast": 0.012294348686079247,
    "slow": 0.013398217866489042,
    "fast_period": 20,
    "slow_period": 100
  },
  "etv": {
    "horizon_days": 1,
    "risk_budget_usd": 100,
    "expected_move_usd": 76.57925570659367,
    "qty": 1.3058366665659529,
    "notional_usd": 151017.39881501932,
    "leverage": 1
  }
}