{
  "t": "2025-10-27T11:24:39.896Z",
  "spot": 115253,
  "sigma_d": 0.0005369064311718766,
  "ERI": 0.05369064311718766,
  "percentiles": {
    "p10": 0.05341609331223806,
    "p50": 0.08714317321282641,
    "p90": 0.1653919243145472
  },
  "ema": {
    "fast": 0.016151894079821306,
    "slow": 0.021968465710061984,
    "fast_period": 20,
    "slow_period": 100
  },
  "etv": {
    "horizon_days": 1,
    "risk_budget_usd": 100,
    "expected_move_usd": 61.88007691185229,
    "qty": 1.6160290192019195,
    "notional_usd": 186252.19255007882,
    "leverage": 1
  }
}