{
  "t": "2025-11-27T05:31:30.888Z",
  "spot": 91488,
  "sigma_d": 0.0019226974340948813,
  "ERI": 0.19226974340948813,
  "percentiles": {
    "p10": 0.053251055307540374,
    "p50": 0.11315995261389244,
    "p90": 0.1725643010137948
  },
  "ema": {
    "fast": 0.02587287582815621,
    "slow": 0.02418249866637773,
    "fast_period": 20,
    "slow_period": 100
  },
  "etv": {
    "horizon_days": 1,
    "risk_budget_usd": 100,
    "expected_move_usd": 175.9037428504725,
    "qty": 0.5684927357401672,
    "notional_usd": 52010.26340739642,
    "leverage": 1
  }
}