{
  "t": "2026-04-17T03:38:30.424Z",
  "spot": 74805,
  "sigma_d": 0.0016344542839491123,
  "ERI": 0.16344542839491122,
  "percentiles": {
    "p10": 0.05407933589544059,
    "p50": 0.11208584969589191,
    "p90": 0.2000791444040298
  },
  "ema": {
    "fast": 0.017698710706872296,
    "slow": 0.020165903990940245,
    "fast_period": 20,
    "slow_period": 100
  },
  "etv": {
    "horizon_days": 1,
    "risk_budget_usd": 100,
    "expected_move_usd": 122.26535271081335,
    "qty": 0.8178931952744111,
    "notional_usd": 61182.50047250232,
    "leverage": 1
  }
}