{
  "t": "2025-12-08T04:41:51.179Z",
  "spot": 91231,
  "sigma_d": 0.0020711779235656584,
  "ERI": 0.20711779235656586,
  "percentiles": {
    "p10": 0.056747908516380535,
    "p50": 0.1780258829591334,
    "p90": 0.22727037736812017
  },
  "ema": {
    "fast": 0.0370585611225685,
    "slow": 0.03534411958773579,
    "fast_period": 20,
    "slow_period": 100
  },
  "etv": {
    "horizon_days": 1,
    "risk_budget_usd": 100,
    "expected_move_usd": 188.9556331448186,
    "qty": 0.5292247621078247,
    "notional_usd": 48281.70427185895,
    "leverage": 1
  }
}