{
  "t": "2026-03-06T11:38:56.639Z",
  "spot": 70610,
  "sigma_d": 0.001736802200320848,
  "ERI": 0.1736802200320848,
  "percentiles": {
    "p10": 0.05386149441018994,
    "p50": 0.12152092574223748,
    "p90": 0.20724108929956897
  },
  "ema": {
    "fast": 0.025971878458775414,
    "slow": 0.02432514094242289,
    "fast_period": 20,
    "slow_period": 100
  },
  "etv": {
    "horizon_days": 1,
    "risk_budget_usd": 100,
    "expected_move_usd": 122.63560336465508,
    "qty": 0.8154238838997802,
    "notional_usd": 57577.080442163475,
    "leverage": 1
  }
}