{
  "t": "2026-01-26T20:38:33.797Z",
  "spot": 87720,
  "sigma_d": 0.001778587793393475,
  "ERI": 0.1778587793393475,
  "percentiles": {
    "p10": 0.05320074318355092,
    "p50": 0.11964486966001202,
    "p90": 0.17569521563504106
  },
  "ema": {
    "fast": 0.023496472994198055,
    "slow": 0.024478512259118644,
    "fast_period": 20,
    "slow_period": 100
  },
  "etv": {
    "horizon_days": 1,
    "risk_budget_usd": 100,
    "expected_move_usd": 156.0177212364756,
    "qty": 0.640952830277724,
    "notional_usd": 56224.38227196195,
    "leverage": 1
  }
}