{
  "t": "2026-03-01T11:30:25.452Z",
  "spot": 66563,
  "sigma_d": 0.0013807606413277055,
  "ERI": 0.13807606413277054,
  "percentiles": {
    "p10": 0.05390242635999399,
    "p50": 0.1323031060720305,
    "p90": 0.2043974653983321
  },
  "ema": {
    "fast": 0.022410308571302544,
    "slow": 0.02318055427443709,
    "fast_period": 20,
    "slow_period": 100
  },
  "etv": {
    "horizon_days": 1,
    "risk_budget_usd": 100,
    "expected_move_usd": 91.90757056869606,
    "qty": 1.088049650112939,
    "notional_usd": 72423.84886046757,
    "leverage": 1
  }
}