{
  "t": "2025-10-11T06:35:03.587Z",
  "spot": 112699,
  "sigma_d": 0.0010557634097187955,
  "ERI": 0.10557634097187955,
  "percentiles": {
    "p10": 0.053044902435149865,
    "p50": 0.05879774690067448,
    "p90": 0.17889867710438903
  },
  "ema": {
    "fast": 0.016358141959704628,
    "slow": 0.020106325045060682,
    "fast_period": 20,
    "slow_period": 100
  },
  "etv": {
    "horizon_days": 1,
    "risk_budget_usd": 100,
    "expected_move_usd": 118.98348051189853,
    "qty": 0.8404528054631907,
    "notional_usd": 94718.19072289612,
    "leverage": 1
  }
}