{
  "t": "2026-06-15T18:00:36.829Z",
  "spot": 66829,
  "sigma_d": 0.0019200641621976125,
  "ERI": 0.19200641621976125,
  "percentiles": {
    "p10": 0.05358765594495179,
    "p50": 0.13816153898121358,
    "p90": 0.19825940003545983
  },
  "ema": {
    "fast": 0.025001196877644145,
    "slow": 0.025602651426324667,
    "fast_period": 20,
    "slow_period": 100
  },
  "etv": {
    "horizon_days": 1,
    "risk_budget_usd": 100,
    "expected_move_usd": 128.31596789550426,
    "qty": 0.7793262338280165,
    "notional_usd": 52081.59288049251,
    "leverage": 1
  }
}