{
  "t": "2026-03-12T15:02:37.515Z",
  "spot": 69577,
  "sigma_d": 0.001435677876086732,
  "ERI": 0.1435677876086732,
  "percentiles": {
    "p10": 0.05425470625274574,
    "p50": 0.1218077685082281,
    "p90": 0.20031514986304544
  },
  "ema": {
    "fast": 0.019497988619767346,
    "slow": 0.022853328726704026,
    "fast_period": 20,
    "slow_period": 100
  },
  "etv": {
    "horizon_days": 1,
    "risk_budget_usd": 100,
    "expected_move_usd": 99.89015958448655,
    "qty": 1.0010996119734952,
    "notional_usd": 69653.50770227988,
    "leverage": 1
  }
}