{
  "t": "2026-06-14T21:24:18.036Z",
  "spot": 64644,
  "sigma_d": 0.0015966542487986764,
  "ERI": 0.15966542487986765,
  "percentiles": {
    "p10": 0.05358765594495179,
    "p50": 0.13816153898121358,
    "p90": 0.19825940003545983
  },
  "ema": {
    "fast": 0.02365664657968106,
    "slow": 0.02542879674209885,
    "fast_period": 20,
    "slow_period": 100
  },
  "etv": {
    "horizon_days": 1,
    "risk_budget_usd": 100,
    "expected_move_usd": 103.21411725934163,
    "qty": 0.9688597127535794,
    "notional_usd": 62630.967271242385,
    "leverage": 1
  }
}