{
  "t": "2026-02-13T09:57:59.524Z",
  "spot": 66904,
  "sigma_d": 0.0017283267166443572,
  "ERI": 0.17283267166443572,
  "percentiles": {
    "p10": 0.054073581412087644,
    "p50": 0.13133625124467407,
    "p90": 0.21384409615990388
  },
  "ema": {
    "fast": 0.024844216457797053,
    "slow": 0.03181103422197741,
    "fast_period": 20,
    "slow_period": 100
  },
  "etv": {
    "horizon_days": 1,
    "risk_budget_usd": 100,
    "expected_move_usd": 115.63197065037407,
    "qty": 0.8648127281542313,
    "notional_usd": 57859.43076443069,
    "leverage": 1
  }
}