{
  "t": "2025-10-03T08:33:36.448Z",
  "spot": 119738,
  "sigma_d": 0.0017340458349934353,
  "ERI": 0.17340458349934354,
  "percentiles": {
    "p10": 0.05311055958599932,
    "p50": 0.1278830909502729,
    "p90": 0.1646477231667502
  },
  "ema": {
    "fast": 0.01526499879013471,
    "slow": 0.017896515286121618,
    "fast_period": 20,
    "slow_period": 100
  },
  "etv": {
    "horizon_days": 1,
    "risk_budget_usd": 100,
    "expected_move_usd": 207.63118019044396,
    "qty": 0.4816232316758869,
    "notional_usd": 57668.60251440734,
    "leverage": 1
  }
}