{
  "t": "2025-10-17T21:23:57.113Z",
  "spot": 107398,
  "sigma_d": 0.0005844839061716103,
  "ERI": 0.05844839061716103,
  "percentiles": {
    "p10": 0.05342161993206069,
    "p50": 0.06396552290551205,
    "p90": 0.1734841896653029
  },
  "ema": {
    "fast": 0.015894376338326452,
    "slow": 0.016731017015156554,
    "fast_period": 20,
    "slow_period": 100
  },
  "etv": {
    "horizon_days": 1,
    "risk_budget_usd": 100,
    "expected_move_usd": 62.7724025550186,
    "qty": 1.59305675630867,
    "notional_usd": 171091.10951403854,
    "leverage": 1
  }
}