{
  "t": "2025-11-03T18:36:46.532Z",
  "spot": 107298,
  "sigma_d": 0.0014246184622854683,
  "ERI": 0.14246184622854682,
  "percentiles": {
    "p10": 0.0532309346792926,
    "p50": 0.09368269124855544,
    "p90": 0.17419728214191088
  },
  "ema": {
    "fast": 0.023098059013999164,
    "slow": 0.019621841589651544,
    "fast_period": 20,
    "slow_period": 100
  },
  "etv": {
    "horizon_days": 1,
    "risk_budget_usd": 100,
    "expected_move_usd": 152.8587117663062,
    "qty": 0.6541988928500342,
    "notional_usd": 70194.23280502297,
    "leverage": 1
  }
}