{
  "t": "2025-12-18T19:24:47.439Z",
  "spot": 85525,
  "sigma_d": 0.0007634294678902187,
  "ERI": 0.07634294678902187,
  "percentiles": {
    "p10": 0.05343540167561071,
    "p50": 0.060095470786947505,
    "p90": 0.20708121408004976
  },
  "ema": {
    "fast": 0.01536820920247456,
    "slow": 0.0166064481774922,
    "fast_period": 20,
    "slow_period": 100
  },
  "etv": {
    "horizon_days": 1,
    "risk_budget_usd": 100,
    "expected_move_usd": 65.29230524131096,
    "qty": 1.5315740442983963,
    "notional_usd": 130987.87013862035,
    "leverage": 1
  }
}