{
  "t": "2025-12-26T09:32:51.848Z",
  "spot": 88667,
  "sigma_d": 0.0008332155852347826,
  "ERI": 0.08332155852347826,
  "percentiles": {
    "p10": 0.05347560023185655,
    "p50": 0.08663157231057605,
    "p90": 0.16896380694936142
  },
  "ema": {
    "fast": 0.022639726953198228,
    "slow": 0.023499634489194593,
    "fast_period": 20,
    "slow_period": 100
  },
  "etv": {
    "horizon_days": 1,
    "risk_budget_usd": 100,
    "expected_move_usd": 73.87872629601247,
    "qty": 1.353569627057815,
    "notional_usd": 120016.95812233529,
    "leverage": 1
  }
}