{
  "t": "2026-01-31T06:55:20.124Z",
  "spot": 83635,
  "sigma_d": 0.0014892407127461683,
  "ERI": 0.14892407127461682,
  "percentiles": {
    "p10": 0.053293381778060284,
    "p50": 0.13226479636402128,
    "p90": 0.17810142383398367
  },
  "ema": {
    "fast": 0.020724364030010576,
    "slow": 0.01855792910867503,
    "fast_period": 20,
    "slow_period": 100
  },
  "etv": {
    "horizon_days": 1,
    "risk_budget_usd": 100,
    "expected_move_usd": 124.55264701052579,
    "qty": 0.8028733423188439,
    "notional_usd": 67148.3119848365,
    "leverage": 1
  }
}