{
  "t": "2025-10-07T04:30:59.683Z",
  "spot": 124460,
  "sigma_d": 0.0005477578585181945,
  "ERI": 0.054775785851819456,
  "percentiles": {
    "p10": 0.053037795264180385,
    "p50": 0.06879066121992908,
    "p90": 0.1646905743578683
  },
  "ema": {
    "fast": 0.012966909382735111,
    "slow": 0.015958225823713142,
    "fast_period": 20,
    "slow_period": 100
  },
  "etv": {
    "horizon_days": 1,
    "risk_budget_usd": 100,
    "expected_move_usd": 68.17394307117449,
    "qty": 1.4668360886152454,
    "notional_usd": 182562.41958905343,
    "leverage": 1
  }
}