{
  "t": "2026-04-19T09:57:34.000Z",
  "spot": 75023,
  "sigma_d": 0.0005395008876014293,
  "ERI": 0.05395008876014293,
  "percentiles": {
    "p10": 0.05403037442671786,
    "p50": 0.11208584969589191,
    "p90": 0.19987809811828794
  },
  "ema": {
    "fast": 0.02031468192708423,
    "slow": 0.02062229566177475,
    "fast_period": 20,
    "slow_period": 100
  },
  "etv": {
    "horizon_days": 1,
    "risk_budget_usd": 100,
    "expected_move_usd": 40.47497509052203,
    "qty": 2.4706624223078735,
    "notional_usd": 185356.5069088036,
    "leverage": 1
  }
}