{
  "t": "2025-09-13T08:30:09.998Z",
  "spot": 115887,
  "sigma_d": 0.001347594595785775,
  "ERI": 0.1347594595785775,
  "percentiles": {
    "p10": 0.0530057462145154,
    "p50": 0.12450093019739451,
    "p90": 0.18254532882940133
  },
  "ema": {
    "fast": 0.017550305719334146,
    "slow": 0.01817211296111752,
    "fast_period": 20,
    "slow_period": 100
  },
  "etv": {
    "horizon_days": 1,
    "risk_budget_usd": 100,
    "expected_move_usd": 156.1686949218261,
    "qty": 0.6403331989811232,
    "notional_usd": 74206.29343032542,
    "leverage": 1
  }
}