{
  "t": "2025-12-13T15:28:02.470Z",
  "spot": 90118,
  "sigma_d": 0.0005378634353084276,
  "ERI": 0.05378634353084276,
  "percentiles": {
    "p10": 0.05357517086506139,
    "p50": 0.15484648606158047,
    "p90": 0.2363877997195679
  },
  "ema": {
    "fast": 0.012386340894112132,
    "slow": 0.017609019096285452,
    "fast_period": 20,
    "slow_period": 100
  },
  "etv": {
    "horizon_days": 1,
    "risk_budget_usd": 100,
    "expected_move_usd": 48.47117706312488,
    "qty": 2.0630817334963463,
    "notional_usd": 185920.79965922373,
    "leverage": 1
  }
}