{
  "t": "2025-09-01T23:38:51.933Z",
  "spot": 108865.98,
  "sigma_d": 0.0012945109139886292,
  "ERI": 0.1294510913988629,
  "percentiles": {
    "p10": 0.05527621727787278,
    "p50": 0.123146452653576,
    "p90": 0.1808782908205555
  },
  "ema": {
    "fast": 0.019445063856706746,
    "slow": 0.0242937810489958,
    "fast_period": 20,
    "slow_period": 100
  },
  "etv": {
    "horizon_days": 1,
    "risk_budget_usd": 100,
    "expected_move_usd": 140.92819927206781,
    "qty": 0.7095811946546325,
    "notional_usd": 77249.25214564733,
    "leverage": 1
  }
}