{
  "t": "2026-06-26T18:00:51.999Z",
  "spot": 59958,
  "sigma_d": 0.0005400903129386117,
  "ERI": 0.05400903129386117,
  "percentiles": {
    "p10": 0.05380774518072851,
    "p50": 0.1410536529501481,
    "p90": 0.19868732007533244
  },
  "ema": {
    "fast": 0.021533510456210596,
    "slow": 0.02156078826816666,
    "fast_period": 20,
    "slow_period": 100
  },
  "etv": {
    "horizon_days": 1,
    "risk_budget_usd": 100,
    "expected_move_usd": 32.38273498317328,
    "qty": 3.088065293186694,
    "notional_usd": 185154.2188488878,
    "leverage": 1
  }
}