{
  "t": "2025-11-16T18:36:12.732Z",
  "spot": 94676,
  "sigma_d": 0.0006172989032164801,
  "ERI": 0.06172989032164801,
  "percentiles": {
    "p10": 0.053236346634995435,
    "p50": 0.05920731545558415,
    "p90": 0.1494451189889508
  },
  "ema": {
    "fast": 0.012224159294031273,
    "slow": 0.014457693349236774,
    "fast_period": 20,
    "slow_period": 100
  },
  "etv": {
    "horizon_days": 1,
    "risk_budget_usd": 100,
    "expected_move_usd": 58.443390960923466,
    "qty": 1.7110574584363558,
    "notional_usd": 161996.07593492043,
    "leverage": 1
  }
}