{
  "t": "2026-01-06T19:26:35.275Z",
  "spot": 92160,
  "sigma_d": 0.0005360426326634098,
  "ERI": 0.053604263266340976,
  "percentiles": {
    "p10": 0.05356725749908423,
    "p50": 0.15916612665315766,
    "p90": 0.1933901658985861
  },
  "ema": {
    "fast": 0.026904075453251228,
    "slow": 0.02676024171528529,
    "fast_period": 20,
    "slow_period": 100
  },
  "etv": {
    "horizon_days": 1,
    "risk_budget_usd": 100,
    "expected_move_usd": 49.401689026259845,
    "qty": 2.024222288165982,
    "notional_usd": 186552.32607737693,
    "leverage": 1
  }
}