{
  "t": "2025-09-30T14:27:32.816Z",
  "spot": 113154,
  "sigma_d": 0.001471121189054012,
  "ERI": 0.14711211890540118,
  "percentiles": {
    "p10": 0.05322340161543687,
    "p50": 0.08818146241560487,
    "p90": 0.16309236047815828
  },
  "ema": {
    "fast": 0.01966610803864396,
    "slow": 0.021174355312361722,
    "fast_period": 20,
    "slow_period": 100
  },
  "etv": {
    "horizon_days": 1,
    "risk_budget_usd": 100,
    "expected_move_usd": 166.46324702621766,
    "qty": 0.6007332055961289,
    "notional_usd": 67975.36514602437,
    "leverage": 1
  }
}