{
  "t": "2026-06-19T12:16:23.880Z",
  "spot": 62566,
  "sigma_d": 0.0013318895514280152,
  "ERI": 0.13318895514280152,
  "percentiles": {
    "p10": 0.05379319813894951,
    "p50": 0.14008205459216813,
    "p90": 0.19868732007533244
  },
  "ema": {
    "fast": 0.023513030945708596,
    "slow": 0.024771496283182703,
    "fast_period": 20,
    "slow_period": 100
  },
  "etv": {
    "horizon_days": 1,
    "risk_budget_usd": 100,
    "expected_move_usd": 83.3310016746452,
    "qty": 1.2000335768245856,
    "notional_usd": 75081.30076760703,
    "leverage": 1
  }
}