{
  "t": "2026-02-17T22:47:25.807Z",
  "spot": 67584,
  "sigma_d": 0.0019087113724456813,
  "ERI": 0.19087113724456814,
  "percentiles": {
    "p10": 0.054499241533814274,
    "p50": 0.15030349327932357,
    "p90": 0.214143311615601
  },
  "ema": {
    "fast": 0.026643503348840754,
    "slow": 0.0265580681797633,
    "fast_period": 20,
    "slow_period": 100
  },
  "etv": {
    "horizon_days": 1,
    "risk_budget_usd": 100,
    "expected_move_usd": 128.99834939536893,
    "qty": 0.7752037174794271,
    "notional_usd": 52391.3680421296,
    "leverage": 1
  }
}