{
  "t": "2025-09-27T07:21:49.175Z",
  "spot": 109592,
  "sigma_d": 0.0015950697894653162,
  "ERI": 0.15950697894653162,
  "percentiles": {
    "p10": 0.05322833357554802,
    "p50": 0.06491333499948532,
    "p90": 0.15812231731472098
  },
  "ema": {
    "fast": 0.028647105178064413,
    "slow": 0.023548110894659247,
    "fast_period": 20,
    "slow_period": 100
  },
  "etv": {
    "horizon_days": 1,
    "risk_budget_usd": 100,
    "expected_move_usd": 174.80688836708293,
    "qty": 0.5720598366238668,
    "notional_usd": 62693.18161528282,
    "leverage": 1
  }
}