{
  "t": "2026-02-04T05:59:38.681Z",
  "spot": 76127,
  "sigma_d": 0.0005340365305618078,
  "ERI": 0.05340365305618078,
  "percentiles": {
    "p10": 0.05328279564638317,
    "p50": 0.12420443097221887,
    "p90": 0.17895333699434185
  },
  "ema": {
    "fast": 0.019170734045557615,
    "slow": 0.02119496712820424,
    "fast_period": 20,
    "slow_period": 100
  },
  "etv": {
    "horizon_days": 1,
    "risk_budget_usd": 100,
    "expected_move_usd": 40.654598962078744,
    "qty": 2.4597463153744714,
    "notional_usd": 187253.1077505124,
    "leverage": 1
  }
}