{
  "t": "2025-09-10T09:27:37.674Z",
  "spot": 112389,
  "sigma_d": 0.0005528209002955696,
  "ERI": 0.05528209002955696,
  "percentiles": {
    "p10": 0.05325286218492442,
    "p50": 0.13325179721567082,
    "p90": 0.17446087151565937
  },
  "ema": {
    "fast": 0.026934863497090244,
    "slow": 0.02449909795533518,
    "fast_period": 20,
    "slow_period": 100
  },
  "etv": {
    "horizon_days": 1,
    "risk_budget_usd": 100,
    "expected_move_usd": 62.130988163318776,
    "qty": 1.6095028094054769,
    "notional_usd": 180890.41124627212,
    "leverage": 1
  }
}