{
  "t": "2025-12-05T08:38:53.300Z",
  "spot": 92038,
  "sigma_d": 0.0005339433821899575,
  "ERI": 0.053394338218995745,
  "percentiles": {
    "p10": 0.05469765865276163,
    "p50": 0.16007897460854878,
    "p90": 0.19879044514022692
  },
  "ema": {
    "fast": 0.016685266718748006,
    "slow": 0.025869047909072847,
    "fast_period": 20,
    "slow_period": 100
  },
  "etv": {
    "horizon_days": 1,
    "risk_budget_usd": 100,
    "expected_move_usd": 49.14308100999931,
    "qty": 2.034874451189836,
    "notional_usd": 187285.77473861014,
    "leverage": 1
  }
}