{
  "t": "2025-12-13T07:29:33.351Z",
  "spot": 90372,
  "sigma_d": 0.0005995939446175533,
  "ERI": 0.05995939446175533,
  "percentiles": {
    "p10": 0.053551471445083224,
    "p50": 0.15484648606158047,
    "p90": 0.2363877997195679
  },
  "ema": {
    "fast": 0.012704512260199433,
    "slow": 0.018515649240788867,
    "fast_period": 20,
    "slow_period": 100
  },
  "etv": {
    "horizon_days": 1,
    "risk_budget_usd": 100,
    "expected_move_usd": 54.186503962977525,
    "qty": 1.8454779822725629,
    "notional_usd": 166779.53621393605,
    "leverage": 1
  }
}