{
  "t": "2025-10-10T15:27:16.202Z",
  "spot": 119444,
  "sigma_d": 0.0005597151490481488,
  "ERI": 0.05597151490481488,
  "percentiles": {
    "p10": 0.05302796107930348,
    "p50": 0.05832497088768654,
    "p90": 0.17877112334487313
  },
  "ema": {
    "fast": 0.0196790147790859,
    "slow": 0.021507537787603597,
    "fast_period": 20,
    "slow_period": 100
  },
  "etv": {
    "horizon_days": 1,
    "risk_budget_usd": 100,
    "expected_move_usd": 66.85461626290709,
    "qty": 1.4957830227721007,
    "notional_usd": 178662.3073719908,
    "leverage": 1
  }
}