{
  "t": "2025-11-22T14:25:45.825Z",
  "spot": 84384,
  "sigma_d": 0.0005524537405027538,
  "ERI": 0.05524537405027538,
  "percentiles": {
    "p10": 0.05317644544024231,
    "p50": 0.06292681740175486,
    "p90": 0.15387473844989635
  },
  "ema": {
    "fast": 0.019541373567229275,
    "slow": 0.019654491073106982,
    "fast_period": 20,
    "slow_period": 100
  },
  "etv": {
    "horizon_days": 1,
    "risk_budget_usd": 100,
    "expected_move_usd": 46.618256438584375,
    "qty": 2.145082369859576,
    "notional_usd": 181010.63069823044,
    "leverage": 1
  }
}