{
  "t": "2026-04-11T22:47:45.980Z",
  "spot": 73363,
  "sigma_d": 0.0006973997790677382,
  "ERI": 0.06973997790677382,
  "percentiles": {
    "p10": 0.05426802383736037,
    "p50": 0.15253112310637804,
    "p90": 0.19987809811828794
  },
  "ema": {
    "fast": 0.022614854164692638,
    "slow": 0.02330530753782333,
    "fast_period": 20,
    "slow_period": 100
  },
  "etv": {
    "horizon_days": 1,
    "risk_budget_usd": 100,
    "expected_move_usd": 51.163339991746476,
    "qty": 1.9545244703753062,
    "notional_usd": 143389.7787201436,
    "leverage": 1
  }
}