{
  "t": "2026-01-13T14:37:39.559Z",
  "spot": 92464,
  "sigma_d": 0.0007389890197848239,
  "ERI": 0.07389890197848238,
  "percentiles": {
    "p10": 0.05339829836591422,
    "p50": 0.13218404914001167,
    "p90": 0.1987794020330305
  },
  "ema": {
    "fast": 0.017746027946353774,
    "slow": 0.02001553527550396,
    "fast_period": 20,
    "slow_period": 100
  },
  "etv": {
    "horizon_days": 1,
    "risk_budget_usd": 100,
    "expected_move_usd": 68.32988072538396,
    "qty": 1.4634885783263318,
    "notional_usd": 135320.00790636594,
    "leverage": 1
  }
}