{
  "t": "2026-01-21T18:56:30.012Z",
  "spot": 88377,
  "sigma_d": 0.0005575257577371441,
  "ERI": 0.05575257577371441,
  "percentiles": {
    "p10": 0.053224260542978366,
    "p50": 0.06970236315359736,
    "p90": 0.15316776893703304
  },
  "ema": {
    "fast": 0.025353356969719087,
    "slow": 0.020787853311594145,
    "fast_period": 20,
    "slow_period": 100
  },
  "etv": {
    "horizon_days": 1,
    "risk_budget_usd": 100,
    "expected_move_usd": 49.272453891535584,
    "qty": 2.0295315557072104,
    "notional_usd": 179363.91029873613,
    "leverage": 1
  }
}