{
  "t": "2025-11-06T15:31:47.801Z",
  "spot": 102393,
  "sigma_d": 0.0005653540223594808,
  "ERI": 0.05653540223594808,
  "percentiles": {
    "p10": 0.053203071539855706,
    "p50": 0.06537543829479164,
    "p90": 0.17438267887051415
  },
  "ema": {
    "fast": 0.02492910246629491,
    "slow": 0.021230048178022525,
    "fast_period": 20,
    "slow_period": 100
  },
  "etv": {
    "horizon_days": 1,
    "risk_budget_usd": 100,
    "expected_move_usd": 57.88829441145432,
    "qty": 1.7274649567186604,
    "notional_usd": 176880.3193132938,
    "leverage": 1
  }
}