{
  "t": "2025-09-26T22:25:18.296Z",
  "spot": 109524,
  "sigma_d": 0.0015566309997410888,
  "ERI": 0.15566309997410888,
  "percentiles": {
    "p10": 0.0532142017920837,
    "p50": 0.06188454095109681,
    "p90": 0.15562908186727947
  },
  "ema": {
    "fast": 0.026678990812052474,
    "slow": 0.022400239421229165,
    "fast_period": 20,
    "slow_period": 100
  },
  "etv": {
    "horizon_days": 1,
    "risk_budget_usd": 100,
    "expected_move_usd": 170.488453615643,
    "qty": 0.5865499855224483,
    "notional_usd": 64241.300614360625,
    "leverage": 1
  }
}