{
  "t": "2025-10-25T23:23:22.985Z",
  "spot": 111590,
  "sigma_d": 0.0016844206711076784,
  "ERI": 0.16844206711076784,
  "percentiles": {
    "p10": 0.05342083320674494,
    "p50": 0.08389696192946029,
    "p90": 0.16181207359021388
  },
  "ema": {
    "fast": 0.030131493818255736,
    "slow": 0.023335007770990547,
    "fast_period": 20,
    "slow_period": 100
  },
  "etv": {
    "horizon_days": 1,
    "risk_budget_usd": 100,
    "expected_move_usd": 187.96450268890584,
    "qty": 0.5320153463524273,
    "notional_usd": 59367.59249946736,
    "leverage": 1
  }
}