{
  "t": "2026-05-14T00:12:25.473Z",
  "spot": 79445,
  "sigma_d": 0.0017229276756283605,
  "ERI": 0.17229276756283604,
  "percentiles": {
    "p10": 0.05383554500253685,
    "p50": 0.07194589336537743,
    "p90": 0.16780214463831453
  },
  "ema": {
    "fast": 0.026420694914811048,
    "slow": 0.02248537387594504,
    "fast_period": 20,
    "slow_period": 100
  },
  "etv": {
    "horizon_days": 1,
    "risk_budget_usd": 100,
    "expected_move_usd": 136.8779891902951,
    "qty": 0.7305776523424424,
    "notional_usd": 58040.74159034534,
    "leverage": 1
  }
}