{
  "t": "2025-09-11T08:34:11.400Z",
  "spot": 114175,
  "sigma_d": 0.0005330656681915235,
  "ERI": 0.05330656681915235,
  "percentiles": {
    "p10": 0.053177465421514386,
    "p50": 0.1391060608347297,
    "p90": 0.18254532882940133
  },
  "ema": {
    "fast": 0.022841609824968336,
    "slow": 0.02480617275418033,
    "fast_period": 20,
    "slow_period": 100
  },
  "etv": {
    "horizon_days": 1,
    "risk_budget_usd": 100,
    "expected_move_usd": 60.862772665767196,
    "qty": 1.6430404928996256,
    "notional_usd": 187594.14827681475,
    "leverage": 1
  }
}