{
  "t": "2026-02-18T14:58:47.645Z",
  "spot": 67186,
  "sigma_d": 0.0016180699863163478,
  "ERI": 0.16180699863163478,
  "percentiles": {
    "p10": 0.05452060877894781,
    "p50": 0.15423343427548059,
    "p90": 0.21367779299147685
  },
  "ema": {
    "fast": 0.028957352685655083,
    "slow": 0.027246351776754878,
    "fast_period": 20,
    "slow_period": 100
  },
  "etv": {
    "horizon_days": 1,
    "risk_budget_usd": 100,
    "expected_move_usd": 108.71165010065015,
    "qty": 0.9198646134744114,
    "notional_usd": 61802.02392089181,
    "leverage": 1
  }
}