{
  "t": "2026-03-09T23:38:12.122Z",
  "spot": 68556,
  "sigma_d": 0.0017065352627685737,
  "ERI": 0.17065352627685737,
  "percentiles": {
    "p10": 0.054146726067878494,
    "p50": 0.1221139041757177,
    "p90": 0.198063974278973
  },
  "ema": {
    "fast": 0.028921993421037125,
    "slow": 0.024368418158814648,
    "fast_period": 20,
    "slow_period": 100
  },
  "etv": {
    "horizon_days": 1,
    "risk_budget_usd": 100,
    "expected_move_usd": 116.99323147436235,
    "qty": 0.854750302558433,
    "notional_usd": 58598.26174219593,
    "leverage": 1
  }
}