{
  "t": "2026-06-25T11:47:39.036Z",
  "spot": 61223,
  "sigma_d": 0.0005637693533439731,
  "ERI": 0.05637693533439731,
  "percentiles": {
    "p10": 0.05373280586965143,
    "p50": 0.14051795836614983,
    "p90": 0.19868732007533244
  },
  "ema": {
    "fast": 0.02015027036543624,
    "slow": 0.021246525195899674,
    "fast_period": 20,
    "slow_period": 100
  },
  "etv": {
    "horizon_days": 1,
    "risk_budget_usd": 100,
    "expected_move_usd": 34.51565111977806,
    "qty": 2.89723637699821,
    "notional_usd": 177377.5027089614,
    "leverage": 1
  }
}