{
  "t": "2025-10-04T16:29:41.996Z",
  "spot": 121738,
  "sigma_d": 0.0018027656412756652,
  "ERI": 0.1802765641275665,
  "percentiles": {
    "p10": 0.053061205084992416,
    "p50": 0.1148614682621436,
    "p90": 0.16484149377270527
  },
  "ema": {
    "fast": 0.013888510419046658,
    "slow": 0.01586967307278933,
    "fast_period": 20,
    "slow_period": 100
  },
  "etv": {
    "horizon_days": 1,
    "risk_budget_usd": 100,
    "expected_move_usd": 219.4650836376169,
    "qty": 0.45565334741412017,
    "notional_usd": 55470.32720750016,
    "leverage": 1
  }
}