{
  "t": "2026-03-29T10:49:09.961Z",
  "spot": 66507,
  "sigma_d": 0.001556681654512556,
  "ERI": 0.1556681654512556,
  "percentiles": {
    "p10": 0.05452403731817776,
    "p50": 0.08221945908394312,
    "p90": 0.1808465333534499
  },
  "ema": {
    "fast": 0.0281846958209965,
    "slow": 0.022537989718976525,
    "fast_period": 20,
    "slow_period": 100
  },
  "etv": {
    "horizon_days": 1,
    "risk_budget_usd": 100,
    "expected_move_usd": 103.53022679666657,
    "qty": 0.9659014868807355,
    "notional_usd": 64239.21018797708,
    "leverage": 1
  }
}