{
  "t": "2025-12-10T13:47:04.006Z",
  "spot": 92057,
  "sigma_d": 0.0005340254306982793,
  "ERI": 0.053402543069827925,
  "percentiles": {
    "p10": 0.05403674132904217,
    "p50": 0.17079010532679223,
    "p90": 0.23052115009549
  },
  "ema": {
    "fast": 0.020611963294641787,
    "slow": 0.027848645107179038,
    "fast_period": 20,
    "slow_period": 100
  },
  "etv": {
    "horizon_days": 1,
    "risk_budget_usd": 100,
    "expected_move_usd": 49.160779073791495,
    "qty": 2.0341418887991507,
    "notional_usd": 187256.99985718343,
    "leverage": 1
  }
}