{
  "t": "2025-12-18T05:34:01.961Z",
  "spot": 86506,
  "sigma_d": 0.0005836741915318042,
  "ERI": 0.058367419153180417,
  "percentiles": {
    "p10": 0.0534462812423811,
    "p50": 0.06305808172224878,
    "p90": 0.22724751555344974
  },
  "ema": {
    "fast": 0.015236315396893256,
    "slow": 0.017150889714391597,
    "fast_period": 20,
    "slow_period": 100
  },
  "etv": {
    "horizon_days": 1,
    "risk_budget_usd": 100,
    "expected_move_usd": 50.49131961265025,
    "qty": 1.980538452295584,
    "notional_usd": 171328.4593542818,
    "leverage": 1
  }
}