{
  "t": "2026-03-19T17:11:45.902Z",
  "spot": 69213,
  "sigma_d": 0.0005674476325541455,
  "ERI": 0.05674476325541455,
  "percentiles": {
    "p10": 0.05447715046447988,
    "p50": 0.0830721690225067,
    "p90": 0.1921725726004723
  },
  "ema": {
    "fast": 0.01338493777195373,
    "slow": 0.01726467941850406,
    "fast_period": 20,
    "slow_period": 100
  },
  "etv": {
    "horizon_days": 1,
    "risk_budget_usd": 100,
    "expected_move_usd": 39.27475299197007,
    "qty": 2.5461649630347907,
    "notional_usd": 176227.71558652696,
    "leverage": 1
  }
}