{
  "t": "2026-01-04T13:36:51.879Z",
  "spot": 91188,
  "sigma_d": 0.0017121334418259099,
  "ERI": 0.171213344182591,
  "percentiles": {
    "p10": 0.05354676100809286,
    "p50": 0.15436762722774566,
    "p90": 0.18787584504762198
  },
  "ema": {
    "fast": 0.028517332097029106,
    "slow": 0.02531950681977587,
    "fast_period": 20,
    "slow_period": 100
  },
  "etv": {
    "horizon_days": 1,
    "risk_budget_usd": 100,
    "expected_move_usd": 156.12602429322106,
    "qty": 0.6405082077296064,
    "notional_usd": 58406.66244644734,
    "leverage": 1
  }
}