{
  "t": "2026-04-26T08:21:30.181Z",
  "spot": 78061,
  "sigma_d": 0.0005384708291170349,
  "ERI": 0.05384708291170349,
  "percentiles": {
    "p10": 0.053890490425231995,
    "p50": 0.0806968861786595,
    "p90": 0.17676166108011923
  },
  "ema": {
    "fast": 0.01574652248982515,
    "slow": 0.01755238280051004,
    "fast_period": 20,
    "slow_period": 100
  },
  "etv": {
    "horizon_days": 1,
    "risk_budget_usd": 100,
    "expected_move_usd": 42.03357139170486,
    "qty": 2.3790507608338642,
    "notional_usd": 185711.0814414523,
    "leverage": 1
  }
}