{
  "t": "2025-12-08T17:30:52.030Z",
  "spot": 90021,
  "sigma_d": 0.0005347106168302218,
  "ERI": 0.053471061683022174,
  "percentiles": {
    "p10": 0.05680949289426833,
    "p50": 0.17984316616617907,
    "p90": 0.22939006231008505
  },
  "ema": {
    "fast": 0.03239131319679565,
    "slow": 0.034611321911417456,
    "fast_period": 20,
    "slow_period": 100
  },
  "etv": {
    "horizon_days": 1,
    "risk_budget_usd": 100,
    "expected_move_usd": 48.135184437673395,
    "qty": 2.0774824313695612,
    "notional_usd": 187017.04595431927,
    "leverage": 1
  }
}