{
  "t": "2025-11-09T21:23:18.977Z",
  "spot": 104547,
  "sigma_d": 0.0008041408010314844,
  "ERI": 0.08041408010314843,
  "percentiles": {
    "p10": 0.05325364294364326,
    "p50": 0.06865441177132983,
    "p90": 0.17405962265194586
  },
  "ema": {
    "fast": 0.015309391571561208,
    "slow": 0.016768406373901774,
    "fast_period": 20,
    "slow_period": 100
  },
  "etv": {
    "horizon_days": 1,
    "risk_budget_usd": 100,
    "expected_move_usd": 84.0705083254386,
    "qty": 1.1894777608920601,
    "notional_usd": 124356.3314679822,
    "leverage": 1
  }
}