{
  "t": "2025-10-16T05:27:41.960Z",
  "spot": 111133,
  "sigma_d": 0.0013197094240946364,
  "ERI": 0.13197094240946364,
  "percentiles": {
    "p10": 0.05320081886340807,
    "p50": 0.06418654814324723,
    "p90": 0.1750558040786427
  },
  "ema": {
    "fast": 0.021811288559979925,
    "slow": 0.01869619596695002,
    "fast_period": 20,
    "slow_period": 100
  },
  "etv": {
    "horizon_days": 1,
    "risk_budget_usd": 100,
    "expected_move_usd": 146.66326742790923,
    "qty": 0.6818339844307229,
    "notional_usd": 75774.25619173952,
    "leverage": 1
  }
}