{
  "t": "2025-09-20T22:24:16.839Z",
  "spot": 115803,
  "sigma_d": 0.0006186330785611225,
  "ERI": 0.06186330785611225,
  "percentiles": {
    "p10": 0.0529892658871037,
    "p50": 0.0565692123224132,
    "p90": 0.13745324915610957
  },
  "ema": {
    "fast": 0.0161276550652554,
    "slow": 0.014663605716614424,
    "fast_period": 20,
    "slow_period": 100
  },
  "etv": {
    "horizon_days": 1,
    "risk_budget_usd": 100,
    "expected_move_usd": 71.63956639661367,
    "qty": 1.3958766786272299,
    "notional_usd": 161646.70701506909,
    "leverage": 1
  }
}