{
  "t": "2026-05-20T04:22:41.188Z",
  "spot": 76737,
  "sigma_d": 0.0011690645688579668,
  "ERI": 0.11690645688579668,
  "percentiles": {
    "p10": 0.05366701955909296,
    "p50": 0.06887344292677278,
    "p90": 0.16858564388101388
  },
  "ema": {
    "fast": 0.02020879648515726,
    "slow": 0.01895689810268408,
    "fast_period": 20,
    "slow_period": 100
  },
  "etv": {
    "horizon_days": 1,
    "risk_budget_usd": 100,
    "expected_move_usd": 89.7105078204538,
    "qty": 1.1146966217172636,
    "notional_usd": 85538.47466071765,
    "leverage": 1
  }
}