{
  "t": "2026-02-24T21:48:00.541Z",
  "spot": 64048,
  "sigma_d": 0.000540259470947308,
  "ERI": 0.054025947094730804,
  "percentiles": {
    "p10": 0.05390808737665968,
    "p50": 0.14412029146112365,
    "p90": 0.20604456074113697
  },
  "ema": {
    "fast": 0.024783533050580807,
    "slow": 0.02486263045474974,
    "fast_period": 20,
    "slow_period": 100
  },
  "etv": {
    "horizon_days": 1,
    "risk_budget_usd": 100,
    "expected_move_usd": 34.602538595233185,
    "qty": 2.8899613745037747,
    "notional_usd": 185096.24611421776,
    "leverage": 1
  }
}