{
  "t": "2025-09-01T22:45:12.697Z",
  "spot": 108063.08,
  "sigma_d": 0.0005302319985961546,
  "ERI": 0.05302319985961546,
  "percentiles": {
    "p10": 0.056063276136111236,
    "p50": 0.12332846702775226,
    "p90": 0.1809602052345928
  },
  "ema": {
    "fast": 0.020398307016277154,
    "slow": 0.024785851885949065,
    "fast_period": 20,
    "slow_period": 100
  },
  "etv": {
    "horizon_days": 1,
    "risk_budget_usd": 100,
    "expected_move_usd": 57.29850288285614,
    "qty": 1.745246297349948,
    "notional_usd": 188596.69025023124,
    "leverage": 1
  }
}