{
  "t": "2026-04-05T14:48:57.579Z",
  "spot": 66898,
  "sigma_d": 0.0020957637727123534,
  "ERI": 0.20957637727123535,
  "percentiles": {
    "p10": 0.054445904877183184,
    "p50": 0.1411086692092422,
    "p90": 0.19342048328149297
  },
  "ema": {
    "fast": 0.02214708981047576,
    "slow": 0.0256689278689598,
    "fast_period": 20,
    "slow_period": 100
  },
  "etv": {
    "horizon_days": 1,
    "risk_budget_usd": 100,
    "expected_move_usd": 140.20240486691102,
    "qty": 0.7132545272310151,
    "notional_usd": 47715.30136270045,
    "leverage": 1
  }
}