{
  "t": "2026-06-15T21:17:08.572Z",
  "spot": 66485,
  "sigma_d": 0.0015191274731948512,
  "ERI": 0.15191274731948512,
  "percentiles": {
    "p10": 0.05358765594495179,
    "p50": 0.13816153898121358,
    "p90": 0.19825940003545983
  },
  "ema": {
    "fast": 0.025384215234449333,
    "slow": 0.025670378915389497,
    "fast_period": 20,
    "slow_period": 100
  },
  "etv": {
    "horizon_days": 1,
    "risk_budget_usd": 100,
    "expected_move_usd": 100.99919005535969,
    "qty": 0.9901069498199737,
    "notional_usd": 65827.26055878095,
    "leverage": 1
  }
}