{
  "t": "2026-01-12T23:25:18.918Z",
  "spot": 91093,
  "sigma_d": 0.0005350980584120205,
  "ERI": 0.053509805841202046,
  "percentiles": {
    "p10": 0.05340456198130164,
    "p50": 0.13850138525289535,
    "p90": 0.1987794020330305
  },
  "ema": {
    "fast": 0.016980891202333485,
    "slow": 0.020439348649725162,
    "fast_period": 20,
    "slow_period": 100
  },
  "etv": {
    "horizon_days": 1,
    "risk_budget_usd": 100,
    "expected_move_usd": 48.74368743492618,
    "qty": 2.051547703146219,
    "notional_usd": 186881.63492269852,
    "leverage": 1
  }
}