{
  "t": "2025-09-22T15:29:02.845Z",
  "spot": 112761,
  "sigma_d": 0.0006354960151400995,
  "ERI": 0.06354960151400996,
  "percentiles": {
    "p10": 0.05302717817697743,
    "p50": 0.0565210491272727,
    "p90": 0.12363324476900656
  },
  "ema": {
    "fast": 0.01389033456826903,
    "slow": 0.013406859198229409,
    "fast_period": 20,
    "slow_period": 100
  },
  "etv": {
    "horizon_days": 1,
    "risk_budget_usd": 100,
    "expected_move_usd": 71.65916616321276,
    "qty": 1.395494887175179,
    "notional_usd": 157357.39897276036,
    "leverage": 1
  }
}