{
  "t": "2025-12-02T14:34:40.409Z",
  "spot": 88719,
  "sigma_d": 0.0015415822302487097,
  "ERI": 0.15415822302487098,
  "percentiles": {
    "p10": 0.053686371751819624,
    "p50": 0.14353821770823838,
    "p90": 0.19269846184236292
  },
  "ema": {
    "fast": 0.026306100827408647,
    "slow": 0.026397518116105564,
    "fast_period": 20,
    "slow_period": 100
  },
  "etv": {
    "horizon_days": 1,
    "risk_budget_usd": 100,
    "expected_move_usd": 136.7676338854353,
    "qty": 0.7311671421015147,
    "notional_usd": 64868.41768010428,
    "leverage": 1
  }
}