{
  "t": "2025-11-04T10:34:49.513Z",
  "spot": 103718,
  "sigma_d": 0.0016210413930206552,
  "ERI": 0.16210413930206552,
  "percentiles": {
    "p10": 0.0532309346792926,
    "p50": 0.08789356153450428,
    "p90": 0.17408365096621453
  },
  "ema": {
    "fast": 0.02007661079512104,
    "slow": 0.019281084383970127,
    "fast_period": 20,
    "slow_period": 100
  },
  "etv": {
    "horizon_days": 1,
    "risk_budget_usd": 100,
    "expected_move_usd": 168.1311712013163,
    "qty": 0.5947737072518359,
    "notional_usd": 61688.73936874591,
    "leverage": 1
  }
}