{
  "t": "2025-11-30T05:30:30.907Z",
  "spot": 90717,
  "sigma_d": 0.0014679231262844504,
  "ERI": 0.14679231262844505,
  "percentiles": {
    "p10": 0.053686371751819624,
    "p50": 0.14161534426444672,
    "p90": 0.18871080301347765
  },
  "ema": {
    "fast": 0.027582376748195397,
    "slow": 0.027686886286468478,
    "fast_period": 20,
    "slow_period": 100
  },
  "etv": {
    "horizon_days": 1,
    "risk_budget_usd": 100,
    "expected_move_usd": 133.1655822471465,
    "qty": 0.7509447885295664,
    "notional_usd": 68123.45838103667,
    "leverage": 1
  }
}