{
  "t": "2025-11-07T22:27:43.963Z",
  "spot": 103946,
  "sigma_d": 0.0015851860704409575,
  "ERI": 0.15851860704409576,
  "percentiles": {
    "p10": 0.053197830803752205,
    "p50": 0.061954357444852864,
    "p90": 0.17421358582124233
  },
  "ema": {
    "fast": 0.015565689310963344,
    "slow": 0.018129731896659593,
    "fast_period": 20,
    "slow_period": 100
  },
  "etv": {
    "horizon_days": 1,
    "risk_budget_usd": 100,
    "expected_move_usd": 164.77375127805576,
    "qty": 0.6068927800960844,
    "notional_usd": 63084.076919867584,
    "leverage": 1
  }
}