{
  "t": "2026-02-06T14:53:32.460Z",
  "spot": 68355,
  "sigma_d": 0.0009161303479336661,
  "ERI": 0.0916130347933666,
  "percentiles": {
    "p10": 0.053325303755698696,
    "p50": 0.1192314162774235,
    "p90": 0.18765554934482404
  },
  "ema": {
    "fast": 0.028251491812932027,
    "slow": 0.026297210635299915,
    "fast_period": 20,
    "slow_period": 100
  },
  "etv": {
    "horizon_days": 1,
    "risk_budget_usd": 100,
    "expected_move_usd": 62.622089933005746,
    "qty": 1.5968805912894606,
    "notional_usd": 109154.77281759107,
    "leverage": 1
  }
}