{
  "t": "2025-11-02T04:32:30.537Z",
  "spot": 110073,
  "sigma_d": 0.0005329703285974183,
  "ERI": 0.05329703285974183,
  "percentiles": {
    "p10": 0.05323239890335014,
    "p50": 0.07596143210605713,
    "p90": 0.1738178699415084
  },
  "ema": {
    "fast": 0.012728965578410857,
    "slow": 0.018898602088007102,
    "fast_period": 20,
    "slow_period": 100
  },
  "etv": {
    "horizon_days": 1,
    "risk_budget_usd": 100,
    "expected_move_usd": 58.66564297970362,
    "qty": 1.7045751980353596,
    "notional_usd": 187627.70577334613,
    "leverage": 1
  }
}