{
  "t": "2026-03-06T19:42:34.043Z",
  "spot": 68254,
  "sigma_d": 0.000606407268274566,
  "ERI": 0.060640726827456595,
  "percentiles": {
    "p10": 0.05386149441018994,
    "p50": 0.11827463951610584,
    "p90": 0.20456283597365923
  },
  "ema": {
    "fast": 0.02403714061047613,
    "slow": 0.02409561873161125,
    "fast_period": 20,
    "slow_period": 100
  },
  "etv": {
    "horizon_days": 1,
    "risk_budget_usd": 100,
    "expected_move_usd": 41.38972168881222,
    "qty": 2.416058768209363,
    "notional_usd": 164905.67516536184,
    "leverage": 1
  }
}