{
  "t": "2026-01-04T08:38:29.787Z",
  "spot": 91276,
  "sigma_d": 0.0017679724217406576,
  "ERI": 0.17679724217406576,
  "percentiles": {
    "p10": 0.0534720724614225,
    "p50": 0.15428850315115827,
    "p90": 0.1877732901069638
  },
  "ema": {
    "fast": 0.024940121241296652,
    "slow": 0.024397106644777806,
    "fast_period": 20,
    "slow_period": 100
  },
  "etv": {
    "horizon_days": 1,
    "risk_budget_usd": 100,
    "expected_move_usd": 161.37345076680026,
    "qty": 0.6196806198592689,
    "notional_usd": 56561.96825827463,
    "leverage": 1
  }
}