{
  "t": "2026-01-18T04:11:49.036Z",
  "spot": 95110,
  "sigma_d": 0.0005313619876117634,
  "ERI": 0.05313619876117634,
  "percentiles": {
    "p10": 0.05332734014365314,
    "p50": 0.07678511873104807,
    "p90": 0.18152269553982192
  },
  "ema": {
    "fast": 0.010788787835190624,
    "slow": 0.014448170755914909,
    "fast_period": 20,
    "slow_period": 100
  },
  "etv": {
    "horizon_days": 1,
    "risk_budget_usd": 100,
    "expected_move_usd": 50.53783864175481,
    "qty": 1.9787154078524267,
    "notional_usd": 188195.6224408443,
    "leverage": 1
  }
}