{
  "t": "2026-01-19T06:54:52.087Z",
  "spot": 92564,
  "sigma_d": 0.0006049843998721238,
  "ERI": 0.06049843998721238,
  "percentiles": {
    "p10": 0.053224260542978366,
    "p50": 0.06590492851918264,
    "p90": 0.16733474182037117
  },
  "ema": {
    "fast": 0.011012491774920898,
    "slow": 0.013068382821908366,
    "fast_period": 20,
    "slow_period": 100
  },
  "etv": {
    "horizon_days": 1,
    "risk_budget_usd": 100,
    "expected_move_usd": 55.99977598976327,
    "qty": 1.785721428926429,
    "notional_usd": 165293.51834714596,
    "leverage": 1
  }
}