{
  "t": "2026-01-03T15:29:05.293Z",
  "spot": 90008,
  "sigma_d": 0.0005324669292870866,
  "ERI": 0.053246692928708664,
  "percentiles": {
    "p10": 0.05364991682522945,
    "p50": 0.15440752354104997,
    "p90": 0.18753190808595477
  },
  "ema": {
    "fast": 0.024344130026313967,
    "slow": 0.02517567782421822,
    "fast_period": 20,
    "slow_period": 100
  },
  "etv": {
    "horizon_days": 1,
    "risk_budget_usd": 100,
    "expected_move_usd": 47.92628337127209,
    "qty": 2.0865377610303466,
    "notional_usd": 187805.09079481944,
    "leverage": 1
  }
}