{
  "t": "2026-01-03T16:36:08.538Z",
  "spot": 90068,
  "sigma_d": 0.0005334188560813724,
  "ERI": 0.05334188560813724,
  "percentiles": {
    "p10": 0.053570355594861736,
    "p50": 0.15440752354104997,
    "p90": 0.18753190808595477
  },
  "ema": {
    "fast": 0.022996208398686914,
    "slow": 0.0248789505987135,
    "fast_period": 20,
    "slow_period": 100
  },
  "etv": {
    "horizon_days": 1,
    "risk_budget_usd": 100,
    "expected_move_usd": 48.043969529537044,
    "qty": 2.0814266801688985,
    "notional_usd": 187469.93822945235,
    "leverage": 1
  }
}