{
  "t": "2025-10-13T15:28:24.659Z",
  "spot": 114461,
  "sigma_d": 0.0006255585880815066,
  "ERI": 0.06255585880815066,
  "percentiles": {
    "p10": 0.05307968939635492,
    "p50": 0.059479393550670834,
    "p90": 0.17889867710438903
  },
  "ema": {
    "fast": 0.016044171294168918,
    "slow": 0.017894747888040873,
    "fast_period": 20,
    "slow_period": 100
  },
  "etv": {
    "horizon_days": 1,
    "risk_budget_usd": 100,
    "expected_move_usd": 71.60206155039732,
    "qty": 1.396607832717424,
    "notional_usd": 159857.12914066907,
    "leverage": 1
  }
}