{
  "t": "2026-03-15T23:38:56.525Z",
  "spot": 72519,
  "sigma_d": 0.0008525473778629404,
  "ERI": 0.08525473778629404,
  "percentiles": {
    "p10": 0.05444318992145619,
    "p50": 0.11914563596688335,
    "p90": 0.19734676601485696
  },
  "ema": {
    "fast": 0.019435937822788525,
    "slow": 0.022525243806690323,
    "fast_period": 20,
    "slow_period": 100
  },
  "etv": {
    "horizon_days": 1,
    "risk_budget_usd": 100,
    "expected_move_usd": 61.825883295242576,
    "qty": 1.6174455530616718,
    "notional_usd": 117295.53406247938,
    "leverage": 1
  }
}