{
  "t": "2025-09-25T09:28:44.529Z",
  "spot": 112079,
  "sigma_d": 0.0005311056375624354,
  "ERI": 0.05311056375624354,
  "percentiles": {
    "p10": 0.05314733399594723,
    "p50": 0.05803147163733843,
    "p90": 0.13720811986450998
  },
  "ema": {
    "fast": 0.02025208086207055,
    "slow": 0.01739448561763283,
    "fast_period": 20,
    "slow_period": 100
  },
  "etv": {
    "horizon_days": 1,
    "risk_budget_usd": 100,
    "expected_move_usd": 59.52578875236019,
    "qty": 1.6799441401107853,
    "notional_usd": 188286.4592794767,
    "leverage": 1
  }
}