{
  "t": "2026-02-14T07:00:04.909Z",
  "spot": 68892,
  "sigma_d": 0.0018647718132555082,
  "ERI": 0.18647718132555083,
  "percentiles": {
    "p10": 0.05414287707453823,
    "p50": 0.13888816320896322,
    "p90": 0.21384409615990388
  },
  "ema": {
    "fast": 0.02995472895343359,
    "slow": 0.030921548530664873,
    "fast_period": 20,
    "slow_period": 100
  },
  "etv": {
    "horizon_days": 1,
    "risk_budget_usd": 100,
    "expected_move_usd": 128.46785975879848,
    "qty": 0.7784048102595654,
    "notional_usd": 53625.86418840198,
    "leverage": 1
  }
}