{
  "t": "2026-01-21T21:38:43.715Z",
  "spot": 90043,
  "sigma_d": 0.0005321472036204823,
  "ERI": 0.05321472036204823,
  "percentiles": {
    "p10": 0.05321564735994288,
    "p50": 0.06970236315359736,
    "p90": 0.15435015486030443
  },
  "ema": {
    "fast": 0.025656977389731342,
    "slow": 0.02116313271050379,
    "fast_period": 20,
    "slow_period": 100
  },
  "etv": {
    "horizon_days": 1,
    "risk_budget_usd": 100,
    "expected_move_usd": 47.91613065559909,
    "qty": 2.0869798673594446,
    "notional_usd": 187917.92819664648,
    "leverage": 1
  }
}