{
  "t": "2026-04-06T20:51:03.253Z",
  "spot": 69899,
  "sigma_d": 0.002202168250774886,
  "ERI": 0.2202168250774886,
  "percentiles": {
    "p10": 0.054447932990906334,
    "p50": 0.12946702786428838,
    "p90": 0.19875453638369717
  },
  "ema": {
    "fast": 0.030022040877823255,
    "slow": 0.026542574644299405,
    "fast_period": 20,
    "slow_period": 100
  },
  "etv": {
    "horizon_days": 1,
    "risk_budget_usd": 100,
    "expected_move_usd": 153.92935856091376,
    "qty": 0.6496486501009322,
    "notional_usd": 45409.79099340506,
    "leverage": 1
  }
}