{
  "t": "2026-02-28T18:48:12.741Z",
  "spot": 65683,
  "sigma_d": 0.0014165110900490512,
  "ERI": 0.14165110900490513,
  "percentiles": {
    "p10": 0.053870915533750396,
    "p50": 0.1344358846359208,
    "p90": 0.20604456074113697
  },
  "ema": {
    "fast": 0.025124053829954335,
    "slow": 0.023592585863466124,
    "fast_period": 20,
    "slow_period": 100
  },
  "etv": {
    "horizon_days": 1,
    "risk_budget_usd": 100,
    "expected_move_usd": 93.04069792769182,
    "qty": 1.0747984723600925,
    "notional_usd": 70595.98806002796,
    "leverage": 1
  }
}