{
  "t": "2026-05-08T12:16:31.880Z",
  "spot": 80221,
  "sigma_d": 0.0005507437189688207,
  "ERI": 0.05507437189688207,
  "percentiles": {
    "p10": 0.05384851089601218,
    "p50": 0.06774592943579333,
    "p90": 0.15965331787103468
  },
  "ema": {
    "fast": 0.019616029263266308,
    "slow": 0.019566547857580125,
    "fast_period": 20,
    "slow_period": 100
  },
  "etv": {
    "horizon_days": 1,
    "risk_budget_usd": 100,
    "expected_move_usd": 44.181211879397765,
    "qty": 2.26340554607175,
    "notional_usd": 181572.65631142186,
    "leverage": 1
  }
}