{
  "t": "2025-09-17T14:27:42.245Z",
  "spot": 115792,
  "sigma_d": 0.0006044990993063451,
  "ERI": 0.06044990993063452,
  "percentiles": {
    "p10": 0.05298946810701005,
    "p50": 0.05968274100385858,
    "p90": 0.1721120054796441
  },
  "ema": {
    "fast": 0.013039796875124826,
    "slow": 0.014727526327883083,
    "fast_period": 20,
    "slow_period": 100
  },
  "etv": {
    "horizon_days": 1,
    "risk_budget_usd": 100,
    "expected_move_usd": 69.99615970688032,
    "qty": 1.4286498062003026,
    "notional_usd": 165426.21835954543,
    "leverage": 1
  }
}