{
  "t": "2025-10-21T06:39:35.737Z",
  "spot": 108006,
  "sigma_d": 0.0005323642065393114,
  "ERI": 0.05323642065393114,
  "percentiles": {
    "p10": 0.053543295858698166,
    "p50": 0.06780233308143463,
    "p90": 0.15636180716216913
  },
  "ema": {
    "fast": 0.017347264397501238,
    "slow": 0.017785317132021368,
    "fast_period": 20,
    "slow_period": 100
  },
  "etv": {
    "horizon_days": 1,
    "risk_budget_usd": 100,
    "expected_move_usd": 57.49852849148486,
    "qty": 1.7391749427954373,
    "notional_usd": 187841.328871564,
    "leverage": 1
  }
}