{
  "t": "2026-01-16T04:07:10.831Z",
  "spot": 95341,
  "sigma_d": 0.0005494201000678984,
  "ERI": 0.05494201000678984,
  "percentiles": {
    "p10": 0.05349098688402988,
    "p50": 0.11742930767534866,
    "p90": 0.18823140886079134
  },
  "ema": {
    "fast": 0.016054149694375644,
    "slow": 0.01798861952973177,
    "fast_period": 20,
    "slow_period": 100
  },
  "etv": {
    "horizon_days": 1,
    "risk_budget_usd": 100,
    "expected_move_usd": 52.382261760573506,
    "qty": 1.909043188266202,
    "notional_usd": 182010.08661248797,
    "leverage": 1
  }
}