{
  "t": "2026-01-24T21:27:20.312Z",
  "spot": 89186,
  "sigma_d": 0.0015268014584257925,
  "ERI": 0.15268014584257925,
  "percentiles": {
    "p10": 0.053155782724080586,
    "p50": 0.09108009357655274,
    "p90": 0.17188924640986158
  },
  "ema": {
    "fast": 0.03036282209787791,
    "slow": 0.02676819633166947,
    "fast_period": 20,
    "slow_period": 100
  },
  "etv": {
    "horizon_days": 1,
    "risk_budget_usd": 100,
    "expected_move_usd": 136.16931487116273,
    "qty": 0.7343798424381843,
    "notional_usd": 65496.40062769191,
    "leverage": 1
  }
}