{
  "t": "2026-02-19T05:34:25.064Z",
  "spot": 66713,
  "sigma_d": 0.001223425630891954,
  "ERI": 0.12234256308919539,
  "percentiles": {
    "p10": 0.05481559727921908,
    "p50": 0.15423343427548059,
    "p90": 0.21367779299147685
  },
  "ema": {
    "fast": 0.02324968308927613,
    "slow": 0.02601935187612665,
    "fast_period": 20,
    "slow_period": 100
  },
  "etv": {
    "horizon_days": 1,
    "risk_budget_usd": 100,
    "expected_move_usd": 81.61839411369492,
    "qty": 1.2252140107130678,
    "notional_usd": 81737.7022967009,
    "leverage": 1
  }
}