{
  "t": "2026-04-11T20:48:55.707Z",
  "spot": 73347,
  "sigma_d": 0.0006611798469625403,
  "ERI": 0.06611798469625403,
  "percentiles": {
    "p10": 0.05426802383736037,
    "p50": 0.15328363037935133,
    "p90": 0.19987809811828794
  },
  "ema": {
    "fast": 0.023830169836594986,
    "slow": 0.023550763030570774,
    "fast_period": 20,
    "slow_period": 100
  },
  "etv": {
    "horizon_days": 1,
    "risk_budget_usd": 100,
    "expected_move_usd": 48.49555823516144,
    "qty": 2.0620445178728875,
    "notional_usd": 151244.77925242268,
    "leverage": 1
  }
}