{
  "t": "2025-09-13T07:21:27.279Z",
  "spot": 115904,
  "sigma_d": 0.0013589327934554114,
  "ERI": 0.13589327934554113,
  "percentiles": {
    "p10": 0.0530057462145154,
    "p50": 0.12344711171037746,
    "p90": 0.18254532882940133
  },
  "ema": {
    "fast": 0.016687626468459206,
    "slow": 0.01801911001886442,
    "fast_period": 20,
    "slow_period": 100
  },
  "etv": {
    "horizon_days": 1,
    "risk_budget_usd": 100,
    "expected_move_usd": 157.505746492656,
    "qty": 0.6348974702625386,
    "notional_usd": 73587.15639330927,
    "leverage": 1
  }
}