{
  "t": "2026-05-16T21:00:51.564Z",
  "spot": 78226,
  "sigma_d": 0.0005403932265451791,
  "ERI": 0.05403932265451791,
  "percentiles": {
    "p10": 0.05372729504333167,
    "p50": 0.07049161053478306,
    "p90": 0.16858564388101388
  },
  "ema": {
    "fast": 0.015844562901270617,
    "slow": 0.019905664905494228,
    "fast_period": 20,
    "slow_period": 100
  },
  "etv": {
    "horizon_days": 1,
    "risk_budget_usd": 100,
    "expected_move_usd": 42.27280053972318,
    "qty": 2.365587297818874,
    "notional_usd": 185050.43195917926,
    "leverage": 1
  }
}