{
  "t": "2026-06-26T15:29:51.575Z",
  "spot": 60084,
  "sigma_d": 0.0005426889168312964,
  "ERI": 0.054268891683129636,
  "percentiles": {
    "p10": 0.05380774518072851,
    "p50": 0.1410536529501481,
    "p90": 0.19868732007533244
  },
  "ema": {
    "fast": 0.022714047247335646,
    "slow": 0.02178790700205846,
    "fast_period": 20,
    "slow_period": 100
  },
  "etv": {
    "horizon_days": 1,
    "risk_budget_usd": 100,
    "expected_move_usd": 32.606920878891614,
    "qty": 3.0668335833186844,
    "notional_usd": 184267.62902011984,
    "leverage": 1
  }
}