{
  "t": "2025-11-28T09:30:54.834Z",
  "spot": 91588,
  "sigma_d": 0.002017409757130543,
  "ERI": 0.2017409757130543,
  "percentiles": {
    "p10": 0.05338620237532711,
    "p50": 0.13160801031896913,
    "p90": 0.18439762540017993
  },
  "ema": {
    "fast": 0.03465905527964878,
    "slow": 0.028577752559960125,
    "fast_period": 20,
    "slow_period": 100
  },
  "etv": {
    "horizon_days": 1,
    "risk_budget_usd": 100,
    "expected_move_usd": 184.77052483607218,
    "qty": 0.5412118631406155,
    "notional_usd": 49568.512121322696,
    "leverage": 1
  }
}