{
  "t": "2025-09-13T11:19:02.112Z",
  "spot": 115945,
  "sigma_d": 0.0005298438531807408,
  "ERI": 0.052984385318074076,
  "percentiles": {
    "p10": 0.052991708312562766,
    "p50": 0.12242677449246558,
    "p90": 0.18254532882940133
  },
  "ema": {
    "fast": 0.015629439327063295,
    "slow": 0.017704601812242163,
    "fast_period": 20,
    "slow_period": 100
  },
  "etv": {
    "horizon_days": 1,
    "risk_budget_usd": 100,
    "expected_move_usd": 61.43274555704099,
    "qty": 1.6277963664695547,
    "notional_usd": 188734.84971031253,
    "leverage": 1
  }
}