{
  "t": "2026-03-27T17:07:23.943Z",
  "spot": 65988,
  "sigma_d": 0.0005430492246124717,
  "ERI": 0.05430492246124717,
  "percentiles": {
    "p10": 0.05450823009131296,
    "p50": 0.07558714635529357,
    "p90": 0.17925429187722577
  },
  "ema": {
    "fast": 0.021059950332590945,
    "slow": 0.020859288233936072,
    "fast_period": 20,
    "slow_period": 100
  },
  "etv": {
    "horizon_days": 1,
    "risk_budget_usd": 100,
    "expected_move_usd": 35.834732233727784,
    "qty": 2.7905887323996694,
    "notional_usd": 184145.3692735894,
    "leverage": 1
  }
}