{
  "t": "2026-02-01T11:31:53.856Z",
  "spot": 78358,
  "sigma_d": 0.0005580572380568955,
  "ERI": 0.05580572380568955,
  "percentiles": {
    "p10": 0.053293381778060284,
    "p50": 0.1301776477818332,
    "p90": 0.17983346138817385
  },
  "ema": {
    "fast": 0.021170329780007054,
    "slow": 0.02057114080461769,
    "fast_period": 20,
    "slow_period": 100
  },
  "etv": {
    "horizon_days": 1,
    "risk_budget_usd": 100,
    "expected_move_usd": 43.72824905966222,
    "qty": 2.2868512266192362,
    "notional_usd": 179193.0884154301,
    "leverage": 1
  }
}