{
  "t": "2026-02-15T11:32:48.234Z",
  "spot": 70335,
  "sigma_d": 0.0005767975102269237,
  "ERI": 0.05767975102269238,
  "percentiles": {
    "p10": 0.05438969856350501,
    "p50": 0.14412029146112365,
    "p90": 0.214143311615601
  },
  "ema": {
    "fast": 0.023001332043658024,
    "slow": 0.029068295764634187,
    "fast_period": 20,
    "slow_period": 100
  },
  "etv": {
    "horizon_days": 1,
    "risk_budget_usd": 100,
    "expected_move_usd": 40.569052881810684,
    "qty": 2.4649330683496298,
    "notional_usd": 173371.06736237122,
    "leverage": 1
  }
}