{
  "t": "2026-01-22T13:10:59.107Z",
  "spot": 89947,
  "sigma_d": 0.0005312231322517078,
  "ERI": 0.053122313225170775,
  "percentiles": {
    "p10": 0.053155782724080586,
    "p50": 0.07011962359521218,
    "p90": 0.16050489041143537
  },
  "ema": {
    "fast": 0.02119071166616676,
    "slow": 0.021053473431994565,
    "fast_period": 20,
    "slow_period": 100
  },
  "etv": {
    "horizon_days": 1,
    "risk_budget_usd": 100,
    "expected_move_usd": 47.78192707664436,
    "qty": 2.092841501339942,
    "notional_usd": 188244.81452102377,
    "leverage": 1
  }
}