{
  "t": "2026-03-07T18:48:50.264Z",
  "spot": 67622,
  "sigma_d": 0.001600880600463066,
  "ERI": 0.1600880600463066,
  "percentiles": {
    "p10": 0.05402606095087451,
    "p50": 0.1221139041757177,
    "p90": 0.20004631532128198
  },
  "ema": {
    "fast": 0.026042448807605832,
    "slow": 0.02383587036353477,
    "fast_period": 20,
    "slow_period": 100
  },
  "etv": {
    "horizon_days": 1,
    "risk_budget_usd": 100,
    "expected_move_usd": 108.25474796451346,
    "qty": 0.9237470123045374,
    "notional_usd": 62465.62046605743,
    "leverage": 1
  }
}