{
  "t": "2026-01-02T11:27:04.809Z",
  "spot": 89425,
  "sigma_d": 0.0018262797312194347,
  "ERI": 0.18262797312194348,
  "percentiles": {
    "p10": 0.05464251548649124,
    "p50": 0.15428850315115827,
    "p90": 0.18417305966555714
  },
  "ema": {
    "fast": 0.025610204080890566,
    "slow": 0.025877670809104553,
    "fast_period": 20,
    "slow_period": 100
  },
  "etv": {
    "horizon_days": 1,
    "risk_budget_usd": 100,
    "expected_move_usd": 163.31506496429796,
    "qty": 0.612313383470538,
    "notional_usd": 54756.12431685286,
    "leverage": 1
  }
}