{
  "t": "2026-05-25T04:46:36.560Z",
  "spot": 77146,
  "sigma_d": 0.0015120257442610583,
  "ERI": 0.15120257442610582,
  "percentiles": {
    "p10": 0.05372729504333167,
    "p50": 0.08745293254718091,
    "p90": 0.17040385624602597
  },
  "ema": {
    "fast": 0.02098261250208855,
    "slow": 0.021246422258926867,
    "fast_period": 20,
    "slow_period": 100
  },
  "etv": {
    "horizon_days": 1,
    "risk_budget_usd": 100,
    "expected_move_usd": 116.6467380667636,
    "qty": 0.8572892963604716,
    "notional_usd": 66136.44005702494,
    "leverage": 1
  }
}