{
  "t": "2025-09-15T05:28:17.318Z",
  "spot": 116361,
  "sigma_d": 0.0005490098628671481,
  "ERI": 0.05490098628671481,
  "percentiles": {
    "p10": 0.05298946810701005,
    "p50": 0.0851971929733373,
    "p90": 0.17769865078352132
  },
  "ema": {
    "fast": 0.012777478854248063,
    "slow": 0.015625426586338486,
    "fast_period": 20,
    "slow_period": 100
  },
  "etv": {
    "horizon_days": 1,
    "risk_budget_usd": 100,
    "expected_move_usd": 63.88333665308422,
    "qty": 1.5653534276558816,
    "notional_usd": 182146.09019546604,
    "leverage": 1
  }
}