{
  "t": "2026-04-10T11:07:48.488Z",
  "spot": 71994,
  "sigma_d": 0.0005358517656764838,
  "ERI": 0.05358517656764838,
  "percentiles": {
    "p10": 0.05436556547792105,
    "p50": 0.130096964044926,
    "p90": 0.19987809811828794
  },
  "ema": {
    "fast": 0.02024903890728401,
    "slow": 0.023517853152127857,
    "fast_period": 20,
    "slow_period": 100
  },
  "etv": {
    "horizon_days": 1,
    "risk_budget_usd": 100,
    "expected_move_usd": 38.57811201811277,
    "qty": 2.592143440120893,
    "notional_usd": 186618.7748280636,
    "leverage": 1
  }
}