{
  "t": "2026-04-26T23:52:31.091Z",
  "spot": 78751,
  "sigma_d": 0.0014949718773536356,
  "ERI": 0.14949718773536355,
  "percentiles": {
    "p10": 0.05382265092149636,
    "p50": 0.07048670448053392,
    "p90": 0.1726360543811301
  },
  "ema": {
    "fast": 0.013668582177586276,
    "slow": 0.016287610922538512,
    "fast_period": 20,
    "slow_period": 100
  },
  "etv": {
    "horizon_days": 1,
    "risk_budget_usd": 100,
    "expected_move_usd": 117.73053031347615,
    "qty": 0.8493973460727153,
    "notional_usd": 66890.8904005724,
    "leverage": 1
  }
}