{
  "t": "2025-11-19T17:27:12.777Z",
  "spot": 89422,
  "sigma_d": 0.001382031238386698,
  "ERI": 0.13820312383866978,
  "percentiles": {
    "p10": 0.053223914333599694,
    "p50": 0.05974414356601343,
    "p90": 0.15323225809601412
  },
  "ema": {
    "fast": 0.027452769911988504,
    "slow": 0.02089946208082887,
    "fast_period": 20,
    "slow_period": 100
  },
  "etv": {
    "horizon_days": 1,
    "risk_budget_usd": 100,
    "expected_move_usd": 123.5839973990153,
    "qty": 0.8091662521412888,
    "notional_usd": 72357.26459897832,
    "leverage": 1
  }
}