{
  "t": "2025-11-02T03:50:10.893Z",
  "spot": 109964,
  "sigma_d": 0.0005319264317034983,
  "ERI": 0.05319264317034983,
  "percentiles": {
    "p10": 0.05323239890335014,
    "p50": 0.07731941018991764,
    "p90": 0.1738178699415084
  },
  "ema": {
    "fast": 0.012997026815014008,
    "slow": 0.019074687305326823,
    "fast_period": 20,
    "slow_period": 100
  },
  "etv": {
    "horizon_days": 1,
    "risk_budget_usd": 100,
    "expected_move_usd": 58.49275813584349,
    "qty": 1.709613346796883,
    "notional_usd": 187995.92206717245,
    "leverage": 1
  }
}