{
  "t": "2025-11-22T22:28:07.923Z",
  "spot": 84600,
  "sigma_d": 0.0007053823882291528,
  "ERI": 0.07053823882291528,
  "percentiles": {
    "p10": 0.05317644544024231,
    "p50": 0.06381370646172169,
    "p90": 0.15387473844989635
  },
  "ema": {
    "fast": 0.016127437537774424,
    "slow": 0.018698050816153552,
    "fast_period": 20,
    "slow_period": 100
  },
  "etv": {
    "horizon_days": 1,
    "risk_budget_usd": 100,
    "expected_move_usd": 59.675350044186324,
    "qty": 1.6757337816360605,
    "notional_usd": 141767.0779264107,
    "leverage": 1
  }
}