{
  "t": "2025-09-19T16:32:16.587Z",
  "spot": 115999,
  "sigma_d": 0.0005280777351487544,
  "ERI": 0.05280777351487544,
  "percentiles": {
    "p10": 0.052984836736338026,
    "p50": 0.05643424363405366,
    "p90": 0.16255208016838107
  },
  "ema": {
    "fast": 0.012426942097173646,
    "slow": 0.013642042885156825,
    "fast_period": 20,
    "slow_period": 100
  },
  "etv": {
    "horizon_days": 1,
    "risk_budget_usd": 100,
    "expected_move_usd": 61.25648919952037,
    "qty": 1.6324801063000358,
    "notional_usd": 189366.05985069784,
    "leverage": 1
  }
}