{
  "t": "2026-02-24T05:00:52.517Z",
  "spot": 63303,
  "sigma_d": 0.0019759519313953403,
  "ERI": 0.19759519313953403,
  "percentiles": {
    "p10": 0.05390808737665968,
    "p50": 0.14328323063116183,
    "p90": 0.2043974653983321
  },
  "ema": {
    "fast": 0.022796349715043806,
    "slow": 0.023792442933533418,
    "fast_period": 20,
    "slow_period": 100
  },
  "etv": {
    "horizon_days": 1,
    "risk_budget_usd": 100,
    "expected_move_usd": 125.08368511311923,
    "qty": 0.7994647735998917,
    "notional_usd": 50608.51856319394,
    "leverage": 1
  }
}