{
  "t": "2026-01-24T04:03:28.635Z",
  "spot": 89643,
  "sigma_d": 0.0017992678151927007,
  "ERI": 0.17992678151927008,
  "percentiles": {
    "p10": 0.053155782724080586,
    "p50": 0.07614346456973885,
    "p90": 0.16994488178272643
  },
  "ema": {
    "fast": 0.02902297235050664,
    "slow": 0.024825529505344,
    "fast_period": 20,
    "slow_period": 100
  },
  "etv": {
    "horizon_days": 1,
    "risk_budget_usd": 100,
    "expected_move_usd": 161.29176475731927,
    "qty": 0.6199944563224334,
    "notional_usd": 55578.1630481119,
    "leverage": 1
  }
}