{
  "t": "2026-02-16T20:45:00.791Z",
  "spot": 68200,
  "sigma_d": 0.000549657111928811,
  "ERI": 0.0549657111928811,
  "percentiles": {
    "p10": 0.054499241533814274,
    "p50": 0.14861770264271928,
    "p90": 0.214143311615601
  },
  "ema": {
    "fast": 0.025078657479484876,
    "slow": 0.0274877090271296,
    "fast_period": 20,
    "slow_period": 100
  },
  "etv": {
    "horizon_days": 1,
    "risk_budget_usd": 100,
    "expected_move_usd": 37.48661503354491,
    "qty": 2.6676188263601546,
    "notional_usd": 181931.60395776253,
    "leverage": 1
  }
}