{
  "t": "2026-02-22T10:38:30.446Z",
  "spot": 68066,
  "sigma_d": 0.0005380970759759325,
  "ERI": 0.05380970759759325,
  "percentiles": {
    "p10": 0.054034794498154355,
    "p50": 0.1427811269139188,
    "p90": 0.20613082654930917
  },
  "ema": {
    "fast": 0.016106751638743613,
    "slow": 0.022937647669925634,
    "fast_period": 20,
    "slow_period": 100
  },
  "etv": {
    "horizon_days": 1,
    "risk_budget_usd": 100,
    "expected_move_usd": 36.626115573377824,
    "qty": 2.730292263717049,
    "notional_usd": 185840.07322216465,
    "leverage": 1
  }
}