{
  "t": "2025-11-25T07:28:41.204Z",
  "spot": 87786,
  "sigma_d": 0.0019220074436256261,
  "ERI": 0.19220074436256263,
  "percentiles": {
    "p10": 0.05324408983257281,
    "p50": 0.08296661539639821,
    "p90": 0.15856078798010745
  },
  "ema": {
    "fast": 0.024459621824973906,
    "slow": 0.02085926167480548,
    "fast_period": 20,
    "slow_period": 100
  },
  "etv": {
    "horizon_days": 1,
    "risk_budget_usd": 100,
    "expected_move_usd": 168.7253454461192,
    "qty": 0.592679183649584,
    "notional_usd": 52028.93481586238,
    "leverage": 1
  }
}