{
  "t": "2026-05-06T23:05:27.499Z",
  "spot": 81151,
  "sigma_d": 0.0005419664331608974,
  "ERI": 0.05419664331608974,
  "percentiles": {
    "p10": 0.05388969189655521,
    "p50": 0.06774592943579333,
    "p90": 0.15811177469139334
  },
  "ema": {
    "fast": 0.0193513791852957,
    "slow": 0.019250323817554652,
    "fast_period": 20,
    "slow_period": 100
  },
  "etv": {
    "horizon_days": 1,
    "risk_budget_usd": 100,
    "expected_move_usd": 43.98111801743998,
    "qty": 2.2737030004636685,
    "notional_usd": 184513.27219062715,
    "leverage": 1
  }
}