{
  "t": "2025-10-20T05:29:13.180Z",
  "spot": 110638,
  "sigma_d": 0.0006091500943382186,
  "ERI": 0.06091500943382186,
  "percentiles": {
    "p10": 0.05353697718190404,
    "p50": 0.06839865656882779,
    "p90": 0.1667857514261832
  },
  "ema": {
    "fast": 0.01775238220752995,
    "slow": 0.017520981109253618,
    "fast_period": 20,
    "slow_period": 100
  },
  "etv": {
    "horizon_days": 1,
    "risk_budget_usd": 100,
    "expected_move_usd": 67.39514813739183,
    "qty": 1.4837863372024924,
    "notional_usd": 164163.15277540937,
    "leverage": 1
  }
}