{
  "t": "2026-01-12T15:36:49.958Z",
  "spot": 91293,
  "sigma_d": 0.0005569975955440487,
  "ERI": 0.05569975955440487,
  "percentiles": {
    "p10": 0.05344432580036459,
    "p50": 0.1421010625361297,
    "p90": 0.1987794020330305
  },
  "ema": {
    "fast": 0.01997675534452012,
    "slow": 0.021390854649776095,
    "fast_period": 20,
    "slow_period": 100
  },
  "etv": {
    "horizon_days": 1,
    "risk_budget_usd": 100,
    "expected_move_usd": 50.84998149000284,
    "qty": 1.9665690541039844,
    "notional_usd": 179533.98865631505,
    "leverage": 1
  }
}