{
  "t": "2025-10-23T21:22:25.037Z",
  "spot": 109691,
  "sigma_d": 0.0017111896081342937,
  "ERI": 0.17111896081342937,
  "percentiles": {
    "p10": 0.05342730066077581,
    "p50": 0.06780233308143463,
    "p90": 0.15430131115786874
  },
  "ema": {
    "fast": 0.019907387057375426,
    "slow": 0.018051218114090616,
    "fast_period": 20,
    "slow_period": 100
  },
  "etv": {
    "horizon_days": 1,
    "risk_budget_usd": 100,
    "expected_move_usd": 187.7020993058588,
    "qty": 0.5327590920389811,
    "notional_usd": 58438.87756484788,
    "leverage": 1
  }
}