{
  "t": "2026-03-18T13:48:46.415Z",
  "spot": 72328,
  "sigma_d": 0.0005998889014625688,
  "ERI": 0.05998889014625688,
  "percentiles": {
    "p10": 0.054494713739090164,
    "p50": 0.09761515689787026,
    "p90": 0.19734676601485696
  },
  "ema": {
    "fast": 0.013924423389246711,
    "slow": 0.01908380843389048,
    "fast_period": 20,
    "slow_period": 100
  },
  "etv": {
    "horizon_days": 1,
    "risk_budget_usd": 100,
    "expected_move_usd": 43.388764464984675,
    "qty": 2.304744125191704,
    "notional_usd": 166697.53308686556,
    "leverage": 1
  }
}