{
  "t": "2026-01-11T21:27:25.608Z",
  "spot": 90537,
  "sigma_d": 0.0009294712859759107,
  "ERI": 0.09294712859759106,
  "percentiles": {
    "p10": 0.05346494524880328,
    "p50": 0.14077568933971735,
    "p90": 0.1987794020330305
  },
  "ema": {
    "fast": 0.022340725749749768,
    "slow": 0.021942178935955806,
    "fast_period": 20,
    "slow_period": 100
  },
  "etv": {
    "horizon_days": 1,
    "risk_budget_usd": 100,
    "expected_move_usd": 84.15154181840103,
    "qty": 1.1883323565930608,
    "notional_usd": 107588.04656886595,
    "leverage": 1
  }
}