{
  "t": "2025-09-24T01:57:56.110Z",
  "spot": 112452,
  "sigma_d": 0.000547433577317466,
  "ERI": 0.0547433577317466,
  "percentiles": {
    "p10": 0.05305961072462763,
    "p50": 0.057795007155739514,
    "p90": 0.12739675149585625
  },
  "ema": {
    "fast": 0.014923643295658741,
    "slow": 0.014483550670238671,
    "fast_period": 20,
    "slow_period": 100
  },
  "etv": {
    "horizon_days": 1,
    "risk_budget_usd": 100,
    "expected_move_usd": 61.56000063650369,
    "qty": 1.6244314321969364,
    "notional_usd": 182670.5634134099,
    "leverage": 1
  }
}