{
  "t": "2026-02-15T10:40:27.208Z",
  "spot": 70306,
  "sigma_d": 0.0005668020077264767,
  "ERI": 0.056680200772647675,
  "percentiles": {
    "p10": 0.05438969856350501,
    "p50": 0.14539558626542315,
    "p90": 0.214143311615601
  },
  "ema": {
    "fast": 0.02426255636825061,
    "slow": 0.02943291384149491,
    "fast_period": 20,
    "slow_period": 100
  },
  "etv": {
    "horizon_days": 1,
    "risk_budget_usd": 100,
    "expected_move_usd": 39.84958195521767,
    "qty": 2.509436613723537,
    "notional_usd": 176428.45056444698,
    "leverage": 1
  }
}