{
  "t": "2025-11-26T13:42:45.569Z",
  "spot": 87006,
  "sigma_d": 0.0014116911056957276,
  "ERI": 0.14116911056957276,
  "percentiles": {
    "p10": 0.053251055307540374,
    "p50": 0.10991186484597748,
    "p90": 0.17150051085280027
  },
  "ema": {
    "fast": 0.028006999674236123,
    "slow": 0.024231819354295445,
    "fast_period": 20,
    "slow_period": 100
  },
  "etv": {
    "horizon_days": 1,
    "risk_budget_usd": 100,
    "expected_move_usd": 122.82559634216248,
    "qty": 0.8141625441119302,
    "notional_usd": 70837.0263130026,
    "leverage": 1
  }
}