{
  "t": "2025-11-15T19:20:01.034Z",
  "spot": 96030,
  "sigma_d": 0.0005348867498904343,
  "ERI": 0.05348867498904343,
  "percentiles": {
    "p10": 0.053236346634995435,
    "p50": 0.05990872503902782,
    "p90": 0.15212465809505404
  },
  "ema": {
    "fast": 0.01652095441643693,
    "slow": 0.015776646848970115,
    "fast_period": 20,
    "slow_period": 100
  },
  "etv": {
    "horizon_days": 1,
    "risk_budget_usd": 100,
    "expected_move_usd": 51.3651745919784,
    "qty": 1.9468443511455873,
    "notional_usd": 186955.46304051075,
    "leverage": 1
  }
}