{
  "t": "2025-09-10T16:33:45.606Z",
  "spot": 113689,
  "sigma_d": 0.00213921473316199,
  "ERI": 0.21392147331619898,
  "percentiles": {
    "p10": 0.05325286218492442,
    "p50": 0.1380806412931807,
    "p90": 0.17769865078352132
  },
  "ema": {
    "fast": 0.027611865144328306,
    "slow": 0.024795463174879906,
    "fast_period": 20,
    "slow_period": 100
  },
  "etv": {
    "horizon_days": 1,
    "risk_budget_usd": 100,
    "expected_move_usd": 243.20518379845348,
    "qty": 0.4111754463378173,
    "notional_usd": 46746.125318700106,
    "leverage": 1
  }
}