{
  "t": "2025-10-23T20:29:10.854Z",
  "spot": 109969,
  "sigma_d": 0.0005336212016016478,
  "ERI": 0.053362120160164776,
  "percentiles": {
    "p10": 0.05342730066077581,
    "p50": 0.06780233308143463,
    "p90": 0.15413916730429963
  },
  "ema": {
    "fast": 0.01856161395183999,
    "slow": 0.01775544006467907,
    "fast_period": 20,
    "slow_period": 100
  },
  "etv": {
    "horizon_days": 1,
    "risk_budget_usd": 100,
    "expected_move_usd": 58.68178991893161,
    "qty": 1.7041061654415985,
    "notional_usd": 187398.85090744714,
    "leverage": 1
  }
}