{
  "t": "2026-02-26T11:02:39.078Z",
  "spot": 68297,
  "sigma_d": 0.0005992451887854571,
  "ERI": 0.05992451887854571,
  "percentiles": {
    "p10": 0.05384441578003304,
    "p50": 0.139842849191672,
    "p90": 0.2043380258057758
  },
  "ema": {
    "fast": 0.0226257129081665,
    "slow": 0.02389501483366406,
    "fast_period": 20,
    "slow_period": 100
  },
  "etv": {
    "horizon_days": 1,
    "risk_budget_usd": 100,
    "expected_move_usd": 40.92664865848036,
    "qty": 2.443395764810054,
    "notional_usd": 166876.60054923227,
    "leverage": 1
  }
}