{
  "t": "2026-01-18T10:32:58.162Z",
  "spot": 95085,
  "sigma_d": 0.0005309080119410896,
  "ERI": 0.05309080119410896,
  "percentiles": {
    "p10": 0.053248965491732074,
    "p50": 0.0716848094999226,
    "p90": 0.17515185716579346
  },
  "ema": {
    "fast": 0.010500265528002808,
    "slow": 0.013962075386713848,
    "fast_period": 20,
    "slow_period": 100
  },
  "etv": {
    "horizon_days": 1,
    "risk_budget_usd": 100,
    "expected_move_usd": 50.4813883154185,
    "qty": 1.9809280873017723,
    "notional_usd": 188356.54718108903,
    "leverage": 1
  }
}