{
  "t": "2025-09-18T14:28:32.541Z",
  "spot": 117851,
  "sigma_d": 0.0010449208390189927,
  "ERI": 0.10449208390189926,
  "percentiles": {
    "p10": 0.0529892658871037,
    "p50": 0.057680119584813574,
    "p90": 0.1721120054796441
  },
  "ema": {
    "fast": 0.01371165497597978,
    "slow": 0.014292807365390747,
    "fast_period": 20,
    "slow_period": 100
  },
  "etv": {
    "horizon_days": 1,
    "risk_budget_usd": 100,
    "expected_move_usd": 123.14496579922731,
    "qty": 0.812051059911273,
    "notional_usd": 95701.02946160344,
    "leverage": 1
  }
}