{
  "t": "2025-10-02T03:35:52.335Z",
  "spot": 118982,
  "sigma_d": 0.0011672884029074898,
  "ERI": 0.11672884029074898,
  "percentiles": {
    "p10": 0.053226844763579396,
    "p50": 0.1012069656429265,
    "p90": 0.16338634325204687
  },
  "ema": {
    "fast": 0.01916686788533759,
    "slow": 0.01979350869006948,
    "fast_period": 20,
    "slow_period": 100
  },
  "etv": {
    "horizon_days": 1,
    "risk_budget_usd": 100,
    "expected_move_usd": 138.88630875473893,
    "qty": 0.7200133756639127,
    "notional_usd": 85668.63146324366,
    "leverage": 1
  }
}