{
  "t": "2026-03-29T18:59:34.348Z",
  "spot": 66383,
  "sigma_d": 0.0008543861954239191,
  "ERI": 0.0854386195423919,
  "percentiles": {
    "p10": 0.054559859531896064,
    "p50": 0.08221945908394312,
    "p90": 0.18018506527294995
  },
  "ema": {
    "fast": 0.025159279533081873,
    "slow": 0.022628554525532554,
    "fast_period": 20,
    "slow_period": 100
  },
  "etv": {
    "horizon_days": 1,
    "risk_budget_usd": 100,
    "expected_move_usd": 56.71671881082602,
    "qty": 1.7631485406188927,
    "notional_usd": 117043.08957190395,
    "leverage": 1
  }
}