{
  "t": "2026-05-27T04:44:16.044Z",
  "spot": 75226,
  "sigma_d": 0.0005378888701345201,
  "ERI": 0.05378888701345201,
  "percentiles": {
    "p10": 0.053762489352285274,
    "p50": 0.11222234652968895,
    "p90": 0.17136324826956448
  },
  "ema": {
    "fast": 0.021934542098952202,
    "slow": 0.021888747433225518,
    "fast_period": 20,
    "slow_period": 100
  },
  "etv": {
    "horizon_days": 1,
    "risk_budget_usd": 100,
    "expected_move_usd": 40.46322814473941,
    "qty": 2.4713796843468336,
    "notional_usd": 185912.00813467492,
    "leverage": 1
  }
}