{
  "t": "2026-05-12T06:45:11.221Z",
  "spot": 81077,
  "sigma_d": 0.0005372407610158258,
  "ERI": 0.05372407610158258,
  "percentiles": {
    "p10": 0.053770599917991296,
    "p50": 0.0690214288059616,
    "p90": 0.16557122967126947
  },
  "ema": {
    "fast": 0.021837213809768892,
    "slow": 0.020911315361117698,
    "fast_period": 20,
    "slow_period": 100
  },
  "etv": {
    "horizon_days": 1,
    "risk_budget_usd": 100,
    "expected_move_usd": 43.55786918088011,
    "qty": 2.2957964170546563,
    "notional_usd": 186136.28610554038,
    "leverage": 1
  }
}