{
  "t": "2026-01-28T23:36:01.105Z",
  "spot": 89131,
  "sigma_d": 0.0005349329449516472,
  "ERI": 0.05349329449516472,
  "percentiles": {
    "p10": 0.0532104042688585,
    "p50": 0.11760864696000489,
    "p90": 0.17810142383398367
  },
  "ema": {
    "fast": 0.012320854024391264,
    "slow": 0.019017172376346075,
    "fast_period": 20,
    "slow_period": 100
  },
  "etv": {
    "horizon_days": 1,
    "risk_budget_usd": 100,
    "expected_move_usd": 47.67910831648527,
    "qty": 2.0973546597435955,
    "notional_usd": 186939.31817760642,
    "leverage": 1
  }
}