{
  "t": "2026-02-24T13:39:47.893Z",
  "spot": 62806,
  "sigma_d": 0.0019127306990324997,
  "ERI": 0.19127306990324996,
  "percentiles": {
    "p10": 0.05390808737665968,
    "p50": 0.1452998477621661,
    "p90": 0.2048832813255222
  },
  "ema": {
    "fast": 0.030829216128885308,
    "slow": 0.025697057307415366,
    "fast_period": 20,
    "slow_period": 100
  },
  "etv": {
    "horizon_days": 1,
    "risk_budget_usd": 100,
    "expected_move_usd": 120.13096428343518,
    "qty": 0.8324248506326938,
    "notional_usd": 52281.27516883697,
    "leverage": 1
  }
}