{
  "t": "2026-05-21T12:25:10.231Z",
  "spot": 77053,
  "sigma_d": 0.0014172513163881832,
  "ERI": 0.14172513163881834,
  "percentiles": {
    "p10": 0.05372729504333167,
    "p50": 0.07675333850077545,
    "p90": 0.16933669247514516
  },
  "ema": {
    "fast": 0.027158081497798657,
    "slow": 0.021091594645034163,
    "fast_period": 20,
    "slow_period": 100
  },
  "etv": {
    "horizon_days": 1,
    "risk_budget_usd": 100,
    "expected_move_usd": 109.20346568165868,
    "qty": 0.915721853475897,
    "notional_usd": 70559.11597587829,
    "leverage": 1
  }
}