{
  "t": "2025-09-11T23:23:37.610Z",
  "spot": 115376,
  "sigma_d": 0.0005473712999171634,
  "ERI": 0.05473712999171634,
  "percentiles": {
    "p10": 0.05308401231753661,
    "p50": 0.13433300115288985,
    "p90": 0.18254532882940133
  },
  "ema": {
    "fast": 0.01338763125756473,
    "slow": 0.021167699736831847,
    "fast_period": 20,
    "slow_period": 100
  },
  "etv": {
    "horizon_days": 1,
    "risk_budget_usd": 100,
    "expected_move_usd": 63.15351109924265,
    "qty": 1.5834432363206996,
    "notional_usd": 182691.34683373704,
    "leverage": 1
  }
}