{
  "t": "2025-10-12T02:02:44.809Z",
  "spot": 110011,
  "sigma_d": 0.0005363659278350261,
  "ERI": 0.05363659278350261,
  "percentiles": {
    "p10": 0.0530537025431007,
    "p50": 0.05804292568504012,
    "p90": 0.17889867710438903
  },
  "ema": {
    "fast": 0.01507688186521143,
    "slow": 0.018468552867876513,
    "fast_period": 20,
    "slow_period": 100
  },
  "etv": {
    "horizon_days": 1,
    "risk_budget_usd": 100,
    "expected_move_usd": 59.00615208705905,
    "qty": 1.6947385393383672,
    "notional_usd": 186439.8814511531,
    "leverage": 1
  }
}