{
  "t": "2026-04-07T21:00:13.902Z",
  "spot": 69272,
  "sigma_d": 0.0006511246457162822,
  "ERI": 0.06511246457162823,
  "percentiles": {
    "p10": 0.054447932990906334,
    "p50": 0.14198875212945583,
    "p90": 0.19915519960275294
  },
  "ema": {
    "fast": 0.02441559473091697,
    "slow": 0.02591787069166392,
    "fast_period": 20,
    "slow_period": 100
  },
  "etv": {
    "horizon_days": 1,
    "risk_budget_usd": 100,
    "expected_move_usd": 45.1047064580583,
    "qty": 2.2170635362184967,
    "notional_usd": 153580.4252809277,
    "leverage": 1
  }
}