{
  "t": "2026-02-07T10:39:58.616Z",
  "spot": 67812,
  "sigma_d": 0.002066050345450489,
  "ERI": 0.2066050345450489,
  "percentiles": {
    "p10": 0.053325303755698696,
    "p50": 0.11074249766340993,
    "p90": 0.19575753583330477
  },
  "ema": {
    "fast": 0.026295029683288076,
    "slow": 0.026294319509313498,
    "fast_period": 20,
    "slow_period": 100
  },
  "etv": {
    "horizon_days": 1,
    "risk_budget_usd": 100,
    "expected_move_usd": 140.10300602568856,
    "qty": 0.7137605597246395,
    "notional_usd": 48401.53107604725,
    "leverage": 1
  }
}