{
  "t": "2025-10-19T17:23:12.669Z",
  "spot": 109076,
  "sigma_d": 0.0013104971564351572,
  "ERI": 0.13104971564351572,
  "percentiles": {
    "p10": 0.053543295858698166,
    "p50": 0.06696164768922222,
    "p90": 0.1675279233019219
  },
  "ema": {
    "fast": 0.017309691912673543,
    "slow": 0.01722854960717794,
    "fast_period": 20,
    "slow_period": 100
  },
  "etv": {
    "horizon_days": 1,
    "risk_budget_usd": 100,
    "expected_move_usd": 142.94378783532122,
    "qty": 0.6995756969530238,
    "notional_usd": 76306.91872084803,
    "leverage": 1
  }
}