{
  "t": "2026-02-02T17:52:12.920Z",
  "spot": 78855,
  "sigma_d": 0.0014728882182464722,
  "ERI": 0.14728882182464723,
  "percentiles": {
    "p10": 0.05328279564638317,
    "p50": 0.1301776477818332,
    "p90": 0.1811230867580227
  },
  "ema": {
    "fast": 0.026160358846965465,
    "slow": 0.022748070883575028,
    "fast_period": 20,
    "slow_period": 100
  },
  "etv": {
    "horizon_days": 1,
    "risk_budget_usd": 100,
    "expected_move_usd": 116.14460044982556,
    "qty": 0.8609956865209586,
    "notional_usd": 67893.81486061019,
    "leverage": 1
  }
}