{
  "t": "2025-11-02T21:22:50.793Z",
  "spot": 110013,
  "sigma_d": 0.0005326204465264956,
  "ERI": 0.05326204465264956,
  "percentiles": {
    "p10": 0.053249479014471676,
    "p50": 0.07731941018991764,
    "p90": 0.1738178699415084
  },
  "ema": {
    "fast": 0.012021022576170676,
    "slow": 0.017076726979608478,
    "fast_period": 20,
    "slow_period": 100
  },
  "etv": {
    "horizon_days": 1,
    "risk_budget_usd": 100,
    "expected_move_usd": 58.59517318371936,
    "qty": 1.7066252144431744,
    "notional_usd": 187750.95971653695,
    "leverage": 1
  }
}