{
  "t": "2026-01-07T06:49:15.022Z",
  "spot": 92642,
  "sigma_d": 0.0010807545561370873,
  "ERI": 0.10807545561370872,
  "percentiles": {
    "p10": 0.05356725749908423,
    "p50": 0.15981202158922828,
    "p90": 0.1935545606677201
  },
  "ema": {
    "fast": 0.02657405483540075,
    "slow": 0.02672391680337291,
    "fast_period": 20,
    "slow_period": 100
  },
  "etv": {
    "horizon_days": 1,
    "risk_budget_usd": 100,
    "expected_move_usd": 100.12326358965204,
    "qty": 0.9987688816241825,
    "notional_usd": 92527.94673142752,
    "leverage": 1
  }
}