{
  "t": "2025-11-29T16:33:45.485Z",
  "spot": 90931,
  "sigma_d": 0.0016739029418403521,
  "ERI": 0.16739029418403523,
  "percentiles": {
    "p10": 0.05358115279063518,
    "p50": 0.13836558088923565,
    "p90": 0.18871080301347765
  },
  "ema": {
    "fast": 0.025836388491231387,
    "slow": 0.02770484164775166,
    "fast_period": 20,
    "slow_period": 100
  },
  "etv": {
    "horizon_days": 1,
    "risk_budget_usd": 100,
    "expected_move_usd": 152.20966840448506,
    "qty": 0.6569884886304198,
    "notional_usd": 59740.6202596527,
    "leverage": 1
  }
}