{
  "t": "2026-05-01T04:11:24.038Z",
  "spot": 77096,
  "sigma_d": 0.0005390066813812322,
  "ERI": 0.05390066813812322,
  "percentiles": {
    "p10": 0.05383554500253685,
    "p50": 0.07048670448053392,
    "p90": 0.1632781514324722
  },
  "ema": {
    "fast": 0.016432665016888823,
    "slow": 0.017759057017329292,
    "fast_period": 20,
    "slow_period": 100
  },
  "etv": {
    "horizon_days": 1,
    "risk_budget_usd": 100,
    "expected_move_usd": 41.555259107767476,
    "qty": 2.4064342792488587,
    "notional_usd": 185526.45719297,
    "leverage": 1
  }
}