{
  "t": "2026-01-07T02:24:39.694Z",
  "spot": 92571,
  "sigma_d": 0.0007968226233259117,
  "ERI": 0.07968226233259117,
  "percentiles": {
    "p10": 0.05356725749908423,
    "p50": 0.16005799842790008,
    "p90": 0.1935545606677201
  },
  "ema": {
    "fast": 0.026971641812123765,
    "slow": 0.026789549602167558,
    "fast_period": 20,
    "slow_period": 100
  },
  "etv": {
    "horizon_days": 1,
    "risk_budget_usd": 100,
    "expected_move_usd": 73.76266706390297,
    "qty": 1.3556993528090138,
    "notional_usd": 125498.44478888321,
    "leverage": 1
  }
}