{
  "t": "2025-11-22T08:33:53.490Z",
  "spot": 84102,
  "sigma_d": 0.0005306932893146764,
  "ERI": 0.053069328931467645,
  "percentiles": {
    "p10": 0.05317885440960478,
    "p50": 0.06292681740175486,
    "p90": 0.1536037204494056
  },
  "ema": {
    "fast": 0.01710541212312767,
    "slow": 0.019284586105040906,
    "fast_period": 20,
    "slow_period": 100
  },
  "etv": {
    "horizon_days": 1,
    "risk_budget_usd": 100,
    "expected_move_usd": 44.63236701794292,
    "qty": 2.240526476218445,
    "notional_usd": 188432.75770292367,
    "leverage": 1
  }
}