{
  "t": "2025-09-26T14:26:33.208Z",
  "spot": 109183,
  "sigma_d": 0.0013587981256907356,
  "ERI": 0.13587981256907355,
  "percentiles": {
    "p10": 0.05319610230044673,
    "p50": 0.060916182659068716,
    "p90": 0.15441014045868515
  },
  "ema": {
    "fast": 0.02668869380359927,
    "slow": 0.021688887842520065,
    "fast_period": 20,
    "slow_period": 100
  },
  "etv": {
    "horizon_days": 1,
    "risk_budget_usd": 100,
    "expected_move_usd": 148.35765575729158,
    "qty": 0.6740467789784763,
    "notional_usd": 73594.44946920699,
    "leverage": 1
  }
}