{
  "t": "2026-04-05T22:47:34.490Z",
  "spot": 67882,
  "sigma_d": 0.002065405661439349,
  "ERI": 0.20654056614393487,
  "percentiles": {
    "p10": 0.054447932990906334,
    "p50": 0.12946702786428838,
    "p90": 0.193965212928917
  },
  "ema": {
    "fast": 0.023802399604857038,
    "slow": 0.025396292307696442,
    "fast_period": 20,
    "slow_period": 100
  },
  "etv": {
    "horizon_days": 1,
    "risk_budget_usd": 100,
    "expected_move_usd": 140.20386710982586,
    "qty": 0.7132470884106714,
    "notional_usd": 48416.6388554932,
    "leverage": 1
  }
}