{
  "t": "2026-02-06T16:59:41.890Z",
  "spot": 69752,
  "sigma_d": 0.0020381584181145295,
  "ERI": 0.20381584181145296,
  "percentiles": {
    "p10": 0.053325303755698696,
    "p50": 0.1192314162774235,
    "p90": 0.18830123686123676
  },
  "ema": {
    "fast": 0.030297451334526097,
    "slow": 0.02681706211154467,
    "fast_period": 20,
    "slow_period": 100
  },
  "etv": {
    "horizon_days": 1,
    "risk_budget_usd": 100,
    "expected_move_usd": 142.16562598032468,
    "qty": 0.7034049145877198,
    "notional_usd": 49063.899602322635,
    "leverage": 1
  }
}