{
  "t": "2025-12-28T05:35:28.187Z",
  "spot": 87595,
  "sigma_d": 0.0016819976223696582,
  "ERI": 0.1681997622369658,
  "percentiles": {
    "p10": 0.053569632478717585,
    "p50": 0.1211566584173357,
    "p90": 0.1695939085245499
  },
  "ema": {
    "fast": 0.03107581224735375,
    "slow": 0.02667354608586544,
    "fast_period": 20,
    "slow_period": 100
  },
  "etv": {
    "horizon_days": 1,
    "risk_budget_usd": 100,
    "expected_move_usd": 147.3345817314702,
    "qty": 0.6787272806207745,
    "notional_usd": 59453.11614597674,
    "leverage": 1
  }
}