{
  "t": "2025-09-26T07:25:49.580Z",
  "spot": 109594,
  "sigma_d": 0.0015932426100709826,
  "ERI": 0.15932426100709826,
  "percentiles": {
    "p10": 0.053153428446694684,
    "p50": 0.060246587862570956,
    "p90": 0.15349464077383873
  },
  "ema": {
    "fast": 0.027830517419597918,
    "slow": 0.021075876440391182,
    "fast_period": 20,
    "slow_period": 100
  },
  "etv": {
    "horizon_days": 1,
    "risk_budget_usd": 100,
    "expected_move_usd": 174.60983060811927,
    "qty": 0.5727054407631391,
    "notional_usd": 62765.080074995465,
    "leverage": 1
  }
}