{
  "t": "2025-12-23T02:21:42.069Z",
  "spot": 88634,
  "sigma_d": 0.0007391216526260821,
  "ERI": 0.07391216526260821,
  "percentiles": {
    "p10": 0.0534443977557282,
    "p50": 0.056477942832007896,
    "p90": 0.16060744140664707
  },
  "ema": {
    "fast": 0.019455097455998927,
    "slow": 0.01735334276416213,
    "fast_period": 20,
    "slow_period": 100
  },
  "etv": {
    "horizon_days": 1,
    "risk_budget_usd": 100,
    "expected_move_usd": 65.51130855886016,
    "qty": 1.5264540153422925,
    "notional_usd": 135295.72519584876,
    "leverage": 1
  }
}