{
  "t": "2026-04-12T19:49:45.464Z",
  "spot": 71126,
  "sigma_d": 0.000543036358018449,
  "ERI": 0.0543036358018449,
  "percentiles": {
    "p10": 0.05424473888460019,
    "p50": 0.14547092089070024,
    "p90": 0.19987809811828794
  },
  "ema": {
    "fast": 0.02294287571635119,
    "slow": 0.02360838854275064,
    "fast_period": 20,
    "slow_period": 100
  },
  "etv": {
    "horizon_days": 1,
    "risk_budget_usd": 100,
    "expected_move_usd": 38.6240040004202,
    "qty": 2.5890635263737045,
    "notional_usd": 184149.73237685612,
    "leverage": 1
  }
}