{
  "t": "2026-04-30T00:03:44.305Z",
  "spot": 75778,
  "sigma_d": 0.0015282831253625644,
  "ERI": 0.15282831253625645,
  "percentiles": {
    "p10": 0.05384901722666843,
    "p50": 0.07505803921091844,
    "p90": 0.16577616714958154
  },
  "ema": {
    "fast": 0.020090916345324422,
    "slow": 0.018181321333888806,
    "fast_period": 20,
    "slow_period": 100
  },
  "etv": {
    "horizon_days": 1,
    "risk_budget_usd": 100,
    "expected_move_usd": 115.8102386737244,
    "qty": 0.8634815120425833,
    "notional_usd": 65432.90201956288,
    "leverage": 1
  }
}