{
  "t": "2026-01-20T08:48:13.772Z",
  "spot": 90747,
  "sigma_d": 0.0009259326389198715,
  "ERI": 0.09259326389198715,
  "percentiles": {
    "p10": 0.053239858924143325,
    "p50": 0.0656061767003833,
    "p90": 0.15258372807091442
  },
  "ema": {
    "fast": 0.021594350425476597,
    "slow": 0.016762302537947676,
    "fast_period": 20,
    "slow_period": 100
  },
  "etv": {
    "horizon_days": 1,
    "risk_budget_usd": 100,
    "expected_move_usd": 84.02560918406158,
    "qty": 1.1901133591420427,
    "notional_usd": 107999.21700206296,
    "leverage": 1
  }
}