{
  "t": "2026-06-09T12:13:54.802Z",
  "spot": 62771,
  "sigma_d": 0.0019262757114532282,
  "ERI": 0.19262757114532283,
  "percentiles": {
    "p10": 0.053588654576177557,
    "p50": 0.14132814335415156,
    "p90": 0.19717629171596915
  },
  "ema": {
    "fast": 0.02980190973538168,
    "slow": 0.028091486555032897,
    "fast_period": 20,
    "slow_period": 100
  },
  "etv": {
    "horizon_days": 1,
    "risk_budget_usd": 100,
    "expected_move_usd": 120.9142526836306,
    "qty": 0.8270323620297083,
    "notional_usd": 51913.64839696682,
    "leverage": 1
  }
}