{
  "t": "2026-04-02T15:11:22.072Z",
  "spot": 66786,
  "sigma_d": 0.0018924590124028344,
  "ERI": 0.18924590124028343,
  "percentiles": {
    "p10": 0.05452403731817776,
    "p50": 0.08221945908394312,
    "p90": 0.1810915326000944
  },
  "ema": {
    "fast": 0.023807268203416877,
    "slow": 0.027676577105718813,
    "fast_period": 20,
    "slow_period": 100
  },
  "etv": {
    "horizon_days": 1,
    "risk_budget_usd": 100,
    "expected_move_usd": 126.3897676023357,
    "qty": 0.791203290401113,
    "notional_usd": 52841.302952728736,
    "leverage": 1
  }
}