{
  "t": "2026-05-29T22:01:23.247Z",
  "spot": 73332,
  "sigma_d": 0.0018485778162230324,
  "ERI": 0.18485778162230324,
  "percentiles": {
    "p10": 0.05372729504333167,
    "p50": 0.11926603673678768,
    "p90": 0.1777626179741292
  },
  "ema": {
    "fast": 0.030895296414217153,
    "slow": 0.02443953713563775,
    "fast_period": 20,
    "slow_period": 100
  },
  "etv": {
    "horizon_days": 1,
    "risk_budget_usd": 100,
    "expected_move_usd": 135.5599084192674,
    "qty": 0.7376812301371163,
    "notional_usd": 54095.63996841501,
    "leverage": 1
  }
}