{
  "t": "2026-02-05T06:05:39.963Z",
  "spot": 70553,
  "sigma_d": 0.001161152371613926,
  "ERI": 0.1161152371613926,
  "percentiles": {
    "p10": 0.05329682557792195,
    "p50": 0.12173046328620077,
    "p90": 0.18065070013253867
  },
  "ema": {
    "fast": 0.028213564423848966,
    "slow": 0.02312462797068909,
    "fast_period": 20,
    "slow_period": 100
  },
  "etv": {
    "horizon_days": 1,
    "risk_budget_usd": 100,
    "expected_move_usd": 81.92278327447733,
    "qty": 1.22066165238742,
    "notional_usd": 86121.34156088965,
    "leverage": 1
  }
}