{
  "t": "2025-10-16T23:21:41.119Z",
  "spot": 108077,
  "sigma_d": 0.0005342079063996259,
  "ERI": 0.05342079063996259,
  "percentiles": {
    "p10": 0.05329143581060586,
    "p50": 0.06418654814324723,
    "p90": 0.1750558040786427
  },
  "ema": {
    "fast": 0.015177953123464627,
    "slow": 0.01745394702914221,
    "fast_period": 20,
    "slow_period": 100
  },
  "etv": {
    "horizon_days": 1,
    "risk_budget_usd": 100,
    "expected_move_usd": 57.73558789995237,
    "qty": 1.7320339783027046,
    "notional_usd": 187193.0362730214,
    "leverage": 1
  }
}