{
  "t": "2025-12-07T22:28:14.380Z",
  "spot": 89595,
  "sigma_d": 0.002416861292184118,
  "ERI": 0.2416861292184118,
  "percentiles": {
    "p10": 0.05680949289426833,
    "p50": 0.17673537263215316,
    "p90": 0.22727037736812017
  },
  "ema": {
    "fast": 0.03915384209101592,
    "slow": 0.03562784166005393,
    "fast_period": 20,
    "slow_period": 100
  },
  "etv": {
    "horizon_days": 1,
    "risk_budget_usd": 100,
    "expected_move_usd": 216.53868747323602,
    "qty": 0.46181124106222315,
    "notional_usd": 41375.978142969885,
    "leverage": 1
  }
}