{
  "t": "2025-12-24T19:24:32.923Z",
  "spot": 87380,
  "sigma_d": 0.001503577011065887,
  "ERI": 0.1503577011065887,
  "percentiles": {
    "p10": 0.053492168990950203,
    "p50": 0.06273573319216996,
    "p90": 0.16580245472706595
  },
  "ema": {
    "fast": 0.02645801828981137,
    "slow": 0.02246212094317972,
    "fast_period": 20,
    "slow_period": 100
  },
  "etv": {
    "horizon_days": 1,
    "risk_budget_usd": 100,
    "expected_move_usd": 131.38255922693722,
    "qty": 0.7611360334918572,
    "notional_usd": 66508.06660651848,
    "leverage": 1
  }
}