{
  "t": "2025-11-18T15:33:05.624Z",
  "spot": 92714,
  "sigma_d": 0.0008258824668203724,
  "ERI": 0.08258824668203724,
  "percentiles": {
    "p10": 0.05319566311840973,
    "p50": 0.05800790511765798,
    "p90": 0.14595806171830447
  },
  "ema": {
    "fast": 0.022101594550528878,
    "slow": 0.016895927459468232,
    "fast_period": 20,
    "slow_period": 100
  },
  "etv": {
    "horizon_days": 1,
    "risk_budget_usd": 100,
    "expected_move_usd": 76.57086702878401,
    "qty": 1.3059797267596391,
    "notional_usd": 121082.60438679319,
    "leverage": 1
  }
}