{
  "t": "2025-11-12T10:33:49.554Z",
  "spot": 104754,
  "sigma_d": 0.0006671335036776412,
  "ERI": 0.06671335036776413,
  "percentiles": {
    "p10": 0.053262511273042906,
    "p50": 0.058670782179052285,
    "p90": 0.16225645854004722
  },
  "ema": {
    "fast": 0.012916843532356077,
    "slow": 0.014816431931896832,
    "fast_period": 20,
    "slow_period": 100
  },
  "etv": {
    "horizon_days": 1,
    "risk_budget_usd": 100,
    "expected_move_usd": 69.88490304424764,
    "qty": 1.430924214585874,
    "notional_usd": 149895.03517472866,
    "leverage": 1
  }
}