{
  "t": "2026-05-22T23:15:11.290Z",
  "spot": 75752,
  "sigma_d": 0.0011057221080903303,
  "ERI": 0.11057221080903303,
  "percentiles": {
    "p10": 0.05372729504333167,
    "p50": 0.08401586986096575,
    "p90": 0.17040385624602597
  },
  "ema": {
    "fast": 0.025649609799919506,
    "slow": 0.022268540378001845,
    "fast_period": 20,
    "slow_period": 100
  },
  "etv": {
    "horizon_days": 1,
    "risk_budget_usd": 100,
    "expected_move_usd": 83.7606611320587,
    "qty": 1.193877873556156,
    "notional_usd": 90438.63667762592,
    "leverage": 1
  }
}