{
  "t": "2026-04-03T13:25:08.342Z",
  "spot": 66698,
  "sigma_d": 0.0017773462287158145,
  "ERI": 0.17773462287158145,
  "percentiles": {
    "p10": 0.05449477142951271,
    "p50": 0.09151166304543243,
    "p90": 0.1842932445848522
  },
  "ema": {
    "fast": 0.029392442077862853,
    "slow": 0.02849334966726516,
    "fast_period": 20,
    "slow_period": 100
  },
  "etv": {
    "horizon_days": 1,
    "risk_budget_usd": 100,
    "expected_move_usd": 118.5454387628874,
    "qty": 0.8435583945158642,
    "notional_usd": 56263.65779741911,
    "leverage": 1
  }
}