{
  "t": "2025-11-12T11:25:07.495Z",
  "spot": 104942,
  "sigma_d": 0.0005316844324167667,
  "ERI": 0.053168443241676674,
  "percentiles": {
    "p10": 0.05325848680968801,
    "p50": 0.05806678549358354,
    "p90": 0.16216793327641077
  },
  "ema": {
    "fast": 0.01265407908343115,
    "slow": 0.014724182127674009,
    "fast_period": 20,
    "slow_period": 100
  },
  "etv": {
    "horizon_days": 1,
    "risk_budget_usd": 100,
    "expected_move_usd": 55.796027706680334,
    "qty": 1.7922422815778196,
    "notional_usd": 188081.48951333953,
    "leverage": 1
  }
}