{
  "t": "2025-12-21T08:36:26.984Z",
  "spot": 88290,
  "sigma_d": 0.0005470118142961813,
  "ERI": 0.05470118142961813,
  "percentiles": {
    "p10": 0.053432222807870106,
    "p50": 0.05649415677206706,
    "p90": 0.15901987073243007
  },
  "ema": {
    "fast": 0.010754167748991357,
    "slow": 0.014058278646562785,
    "fast_period": 20,
    "slow_period": 100
  },
  "etv": {
    "horizon_days": 1,
    "risk_budget_usd": 100,
    "expected_move_usd": 48.295673084209845,
    "qty": 2.070578865846571,
    "notional_usd": 182811.40806559377,
    "leverage": 1
  }
}