{
  "t": "2026-02-22T07:02:12.623Z",
  "spot": 68004,
  "sigma_d": 0.0005361385719842097,
  "ERI": 0.05361385719842097,
  "percentiles": {
    "p10": 0.05426676469673161,
    "p50": 0.14412029146112365,
    "p90": 0.20672649627224446
  },
  "ema": {
    "fast": 0.01898644985622136,
    "slow": 0.023993797310025624,
    "fast_period": 20,
    "slow_period": 100
  },
  "etv": {
    "horizon_days": 1,
    "risk_budget_usd": 100,
    "expected_move_usd": 36.4595674492142,
    "qty": 2.742764300187968,
    "notional_usd": 186518.94346998257,
    "leverage": 1
  }
}