{
  "t": "2025-09-06T13:26:13.496Z",
  "spot": 110884,
  "sigma_d": 0.001389377601003404,
  "ERI": 0.1389377601003404,
  "percentiles": {
    "p10": 0.05350847827940315,
    "p50": 0.12766307315600323,
    "p90": 0.1743299900549143
  },
  "ema": {
    "fast": 0.02384241338303112,
    "slow": 0.023588540417905295,
    "fast_period": 20,
    "slow_period": 100
  },
  "etv": {
    "horizon_days": 1,
    "risk_budget_usd": 100,
    "expected_move_usd": 154.05974590966144,
    "qty": 0.6490988246770097,
    "notional_usd": 71974.67407548554,
    "leverage": 1
  }
}