{
  "t": "2025-12-01T16:40:23.167Z",
  "spot": 85068,
  "sigma_d": 0.0005314946338908036,
  "ERI": 0.053149463389080366,
  "percentiles": {
    "p10": 0.05358115279063518,
    "p50": 0.14257874432076317,
    "p90": 0.19269846184236292
  },
  "ema": {
    "fast": 0.02117676274007272,
    "slow": 0.02715617529636293,
    "fast_period": 20,
    "slow_period": 100
  },
  "etv": {
    "horizon_days": 1,
    "risk_budget_usd": 100,
    "expected_move_usd": 45.213185515822886,
    "qty": 2.211744181683545,
    "notional_usd": 188148.6540474558,
    "leverage": 1
  }
}