{
  "t": "2026-07-02T14:25:27.126Z",
  "spot": 61682,
  "sigma_d": 0.0015952290299623157,
  "ERI": 0.15952290299623156,
  "percentiles": {
    "p10": 0.05397869003136016,
    "p50": 0.14305779062751967,
    "p90": 0.19868732007533244
  },
  "ema": {
    "fast": 0.02101865223456197,
    "slow": 0.021021499287883764,
    "fast_period": 20,
    "slow_period": 100
  },
  "etv": {
    "horizon_days": 1,
    "risk_budget_usd": 100,
    "expected_move_usd": 98.39691702613555,
    "qty": 1.0162920040821872,
    "notional_usd": 62686.92339579747,
    "leverage": 1
  }
}