{
  "t": "2026-01-23T13:07:23.945Z",
  "spot": 89179,
  "sigma_d": 0.0014896434238699438,
  "ERI": 0.14896434238699438,
  "percentiles": {
    "p10": 0.053155782724080586,
    "p50": 0.0771798468496408,
    "p90": 0.1676164696449817
  },
  "ema": {
    "fast": 0.028614675579500613,
    "slow": 0.024001189674848558,
    "fast_period": 20,
    "slow_period": 100
  },
  "etv": {
    "horizon_days": 1,
    "risk_budget_usd": 100,
    "expected_move_usd": 132.84491089729772,
    "qty": 0.7527574773060739,
    "notional_usd": 67130.15906867836,
    "leverage": 1
  }
}