{
  "t": "2026-05-16T12:00:35.708Z",
  "spot": 78048,
  "sigma_d": 0.0005342465023981576,
  "ERI": 0.05342465023981576,
  "percentiles": {
    "p10": 0.05372729504333167,
    "p50": 0.07159244933334438,
    "p90": 0.16858564388101388
  },
  "ema": {
    "fast": 0.017204840588751817,
    "slow": 0.020488016551880206,
    "fast_period": 20,
    "slow_period": 100
  },
  "etv": {
    "horizon_days": 1,
    "risk_budget_usd": 100,
    "expected_move_usd": 41.696871019171404,
    "qty": 2.3982614895497063,
    "notional_usd": 187179.51273637547,
    "leverage": 1
  }
}