{
  "t": "2026-03-30T19:15:38.635Z",
  "spot": 66334,
  "sigma_d": 0.0007310981644234557,
  "ERI": 0.07310981644234557,
  "percentiles": {
    "p10": 0.054559859531896064,
    "p50": 0.07910268748539961,
    "p90": 0.1772136609373859
  },
  "ema": {
    "fast": 0.024543281411565955,
    "slow": 0.023283232931922478,
    "fast_period": 20,
    "slow_period": 100
  },
  "etv": {
    "horizon_days": 1,
    "risk_budget_usd": 100,
    "expected_move_usd": 48.49666563886551,
    "qty": 2.061997431837034,
    "notional_usd": 136780.53764347782,
    "leverage": 1
  }
}