{
  "t": "2025-10-04T08:30:20.799Z",
  "spot": 122528,
  "sigma_d": 0.0005558217848638899,
  "ERI": 0.05558217848638899,
  "percentiles": {
    "p10": 0.053077839605073104,
    "p50": 0.1290063623087725,
    "p90": 0.1646905743578683
  },
  "ema": {
    "fast": 0.013239334928587927,
    "slow": 0.016284604734918554,
    "fast_period": 20,
    "slow_period": 100
  },
  "etv": {
    "horizon_days": 1,
    "risk_budget_usd": 100,
    "expected_move_usd": 68.1037316558027,
    "qty": 1.468348320550209,
    "notional_usd": 179913.78302037602,
    "leverage": 1
  }
}