{
  "t": "2026-02-23T20:57:53.417Z",
  "spot": 64374,
  "sigma_d": 0.000661739890322671,
  "ERI": 0.0661739890322671,
  "percentiles": {
    "p10": 0.05390808737665968,
    "p50": 0.1452998477621661,
    "p90": 0.205659673599072
  },
  "ema": {
    "fast": 0.021569119423468914,
    "slow": 0.023726835604563606,
    "fast_period": 20,
    "slow_period": 100
  },
  "etv": {
    "horizon_days": 1,
    "risk_budget_usd": 100,
    "expected_move_usd": 42.59884369963162,
    "qty": 2.3474815585396924,
    "notional_usd": 151116.77784943415,
    "leverage": 1
  }
}