{
  "t": "2025-12-11T18:45:42.871Z",
  "spot": 91017,
  "sigma_d": 0.0005343461351704578,
  "ERI": 0.05343461351704578,
  "percentiles": {
    "p10": 0.053526531170064326,
    "p50": 0.17435476713626263,
    "p90": 0.2363877997195679
  },
  "ema": {
    "fast": 0.01343263459618201,
    "slow": 0.023141109451133055,
    "fast_period": 20,
    "slow_period": 100
  },
  "etv": {
    "horizon_days": 1,
    "risk_budget_usd": 100,
    "expected_move_usd": 48.63458218480956,
    "qty": 2.0561500789706346,
    "notional_usd": 187144.61173767026,
    "leverage": 1
  }
}