{
  "t": "2026-02-12T15:01:07.864Z",
  "spot": 67683,
  "sigma_d": 0.0014450923699399706,
  "ERI": 0.14450923699399706,
  "percentiles": {
    "p10": 0.053937605734690974,
    "p50": 0.12790803720838817,
    "p90": 0.21384409615990388
  },
  "ema": {
    "fast": 0.02850413306979823,
    "slow": 0.03423531444236468,
    "fast_period": 20,
    "slow_period": 100
  },
  "etv": {
    "horizon_days": 1,
    "risk_budget_usd": 100,
    "expected_move_usd": 97.80818687464703,
    "qty": 1.0224093012598428,
    "notional_usd": 69199.72873716993,
    "leverage": 1
  }
}