{
  "t": "2025-09-04T23:24:01.784Z",
  "spot": 111209,
  "sigma_d": 0.0015413691068735759,
  "ERI": 0.15413691068735758,
  "percentiles": {
    "p10": 0.053171799870296105,
    "p50": 0.12637543560288647,
    "p90": 0.17919153560793877
  },
  "ema": {
    "fast": 0.021382003812387213,
    "slow": 0.02305063549604956,
    "fast_period": 20,
    "slow_period": 100
  },
  "etv": {
    "horizon_days": 1,
    "risk_budget_usd": 100,
    "expected_move_usd": 171.41411700630348,
    "qty": 0.5833825226677372,
    "notional_usd": 64877.38696335638,
    "leverage": 1
  }
}