{
  "t": "2025-11-09T08:31:26.127Z",
  "spot": 101892,
  "sigma_d": 0.0014294413954518473,
  "ERI": 0.14294413954518473,
  "percentiles": {
    "p10": 0.05325364294364326,
    "p50": 0.07450425642527286,
    "p90": 0.17405962265194586
  },
  "ema": {
    "fast": 0.018870375669723594,
    "slow": 0.017648804873943533,
    "fast_period": 20,
    "slow_period": 100
  },
  "etv": {
    "horizon_days": 1,
    "risk_budget_usd": 100,
    "expected_move_usd": 145.64864266537964,
    "qty": 0.6865838099826644,
    "notional_usd": 69957.39756675364,
    "leverage": 1
  }
}