{
  "t": "2026-01-17T04:39:48.215Z",
  "spot": 95247,
  "sigma_d": 0.0005388983095772681,
  "ERI": 0.053889830957726814,
  "percentiles": {
    "p10": 0.05345214576861427,
    "p50": 0.08750858923753405,
    "p90": 0.18659743435360027
  },
  "ema": {
    "fast": 0.013506785861193868,
    "slow": 0.016538596678005134,
    "fast_period": 20,
    "slow_period": 100
  },
  "etv": {
    "horizon_days": 1,
    "risk_budget_usd": 100,
    "expected_move_usd": 51.32844729230606,
    "qty": 1.948237386385729,
    "notional_usd": 185563.76634108153,
    "leverage": 1
  }
}