{
  "t": "2026-02-08T14:40:03.682Z",
  "spot": 71242,
  "sigma_d": 0.0006087806230074276,
  "ERI": 0.06087806230074276,
  "percentiles": {
    "p10": 0.053325303755698696,
    "p50": 0.11074249766340993,
    "p90": 0.20354090018186194
  },
  "ema": {
    "fast": 0.019731337300337163,
    "slow": 0.024348000651951224,
    "fast_period": 20,
    "slow_period": 100
  },
  "etv": {
    "horizon_days": 1,
    "risk_budget_usd": 100,
    "expected_move_usd": 43.37074914429516,
    "qty": 2.3057014686856903,
    "notional_usd": 164262.78403210593,
    "leverage": 1
  }
}