{
  "t": "2026-02-05T09:58:22.429Z",
  "spot": 71525,
  "sigma_d": 0.0022358555162918623,
  "ERI": 0.22358555162918622,
  "percentiles": {
    "p10": 0.05329682557792195,
    "p50": 0.12173046328620077,
    "p90": 0.18108615083540522
  },
  "ema": {
    "fast": 0.030034659438538835,
    "slow": 0.023807928386482054,
    "fast_period": 20,
    "slow_period": 100
  },
  "etv": {
    "horizon_days": 1,
    "risk_budget_usd": 100,
    "expected_move_usd": 159.91956580277545,
    "qty": 0.6253143541130379,
    "notional_usd": 44725.60917793504,
    "leverage": 1
  }
}