{
  "t": "2026-02-17T23:39:56.946Z",
  "spot": 67475,
  "sigma_d": 0.0018305600167157232,
  "ERI": 0.18305600167157232,
  "percentiles": {
    "p10": 0.05452060877894781,
    "p50": 0.15054579446567617,
    "p90": 0.214143311615601
  },
  "ema": {
    "fast": 0.02743676969787921,
    "slow": 0.02672469653291144,
    "fast_period": 20,
    "slow_period": 100
  },
  "etv": {
    "horizon_days": 1,
    "risk_budget_usd": 100,
    "expected_move_usd": 123.51703712789342,
    "qty": 0.809604912207025,
    "notional_usd": 54628.09145116901,
    "leverage": 1
  }
}