{
  "t": "2026-03-10T20:46:58.368Z",
  "spot": 70263,
  "sigma_d": 0.000650983001584982,
  "ERI": 0.0650983001584982,
  "percentiles": {
    "p10": 0.05419529100797898,
    "p50": 0.12971240166634865,
    "p90": 0.2018480908839584
  },
  "ema": {
    "fast": 0.02516803742526288,
    "slow": 0.02476687666754635,
    "fast_period": 20,
    "slow_period": 100
  },
  "etv": {
    "horizon_days": 1,
    "risk_budget_usd": 100,
    "expected_move_usd": 45.74001864036559,
    "qty": 2.1862693320319275,
    "notional_usd": 153613.84207655932,
    "leverage": 1
  }
}