{
  "t": "2025-10-13T02:06:24.766Z",
  "spot": 115450,
  "sigma_d": 0.0006185196444869075,
  "ERI": 0.061851964448690754,
  "percentiles": {
    "p10": 0.05307968939635492,
    "p50": 0.05935497467337816,
    "p90": 0.17889867710438903
  },
  "ema": {
    "fast": 0.01772306080271868,
    "slow": 0.01841476134504156,
    "fast_period": 20,
    "slow_period": 100
  },
  "etv": {
    "horizon_days": 1,
    "risk_budget_usd": 100,
    "expected_move_usd": 71.40809295601348,
    "qty": 1.4004014931696718,
    "notional_usd": 161676.3523864386,
    "leverage": 1
  }
}