{
  "t": "2026-02-07T09:41:14.922Z",
  "spot": 68127,
  "sigma_d": 0.0005620763790904542,
  "ERI": 0.05620763790904543,
  "percentiles": {
    "p10": 0.053325303755698696,
    "p50": 0.11074249766340993,
    "p90": 0.19452644628875895
  },
  "ema": {
    "fast": 0.024907997394467193,
    "slow": 0.026028107046328186,
    "fast_period": 20,
    "slow_period": 100
  },
  "etv": {
    "horizon_days": 1,
    "risk_budget_usd": 100,
    "expected_move_usd": 38.29257747829538,
    "qty": 2.6114721594983,
    "notional_usd": 177911.7638101407,
    "leverage": 1
  }
}