{
  "t": "2026-02-21T14:37:40.240Z",
  "spot": 68500,
  "sigma_d": 0.0009066775787556484,
  "ERI": 0.09066775787556484,
  "percentiles": {
    "p10": 0.05434463138815167,
    "p50": 0.14985093883446995,
    "p90": 0.20689486604972623
  },
  "ema": {
    "fast": 0.022570765931910326,
    "slow": 0.02584245785927808,
    "fast_period": 20,
    "slow_period": 100
  },
  "etv": {
    "horizon_days": 1,
    "risk_budget_usd": 100,
    "expected_move_usd": 62.10741414476191,
    "qty": 1.610113725986351,
    "notional_usd": 110292.79023006505,
    "leverage": 1
  }
}