{
  "t": "2026-01-22T11:32:29.305Z",
  "spot": 89899,
  "sigma_d": 0.000531165038207771,
  "ERI": 0.0531165038207771,
  "percentiles": {
    "p10": 0.05316798952866258,
    "p50": 0.07011962359521218,
    "p90": 0.16050489041143537
  },
  "ema": {
    "fast": 0.022352996716145844,
    "slow": 0.021273765749987072,
    "fast_period": 20,
    "slow_period": 100
  },
  "etv": {
    "horizon_days": 1,
    "risk_budget_usd": 100,
    "expected_move_usd": 47.75120576984041,
    "qty": 2.0941879558392187,
    "notional_usd": 188265.40304198992,
    "leverage": 1
  }
}