{
  "t": "2025-11-08T07:24:10.843Z",
  "spot": 101997,
  "sigma_d": 0.0005323059897381823,
  "ERI": 0.05323059897381823,
  "percentiles": {
    "p10": 0.05319919859665046,
    "p50": 0.06218539794274655,
    "p90": 0.17421358582124233
  },
  "ema": {
    "fast": 0.014304664280368697,
    "slow": 0.01752974698147868,
    "fast_period": 20,
    "slow_period": 100
  },
  "etv": {
    "horizon_days": 1,
    "risk_budget_usd": 100,
    "expected_move_usd": 54.29361403532538,
    "qty": 1.8418372358660153,
    "notional_usd": 187861.87254662596,
    "leverage": 1
  }
}