{
  "t": "2025-12-16T04:45:39.805Z",
  "spot": 85632,
  "sigma_d": 0.0012073023813094512,
  "ERI": 0.12073023813094512,
  "percentiles": {
    "p10": 0.05346685205138347,
    "p50": 0.0713843095307968,
    "p90": 0.23609114079235086
  },
  "ema": {
    "fast": 0.018793465272066018,
    "slow": 0.018018936847368293,
    "fast_period": 20,
    "slow_period": 100
  },
  "etv": {
    "horizon_days": 1,
    "risk_budget_usd": 100,
    "expected_move_usd": 103.38371751629093,
    "qty": 0.96727030525133,
    "notional_usd": 82829.29077928189,
    "leverage": 1
  }
}