{
  "t": "2026-02-19T23:40:09.249Z",
  "spot": 66922,
  "sigma_d": 0.0014228526696106573,
  "ERI": 0.14228526696106575,
  "percentiles": {
    "p10": 0.05497562937063896,
    "p50": 0.14867199933473899,
    "p90": 0.20815179264290778
  },
  "ema": {
    "fast": 0.023271481703082415,
    "slow": 0.025154712676358833,
    "fast_period": 20,
    "slow_period": 100
  },
  "etv": {
    "horizon_days": 1,
    "risk_budget_usd": 100,
    "expected_move_usd": 95.2201463556844,
    "qty": 1.050197923729932,
    "notional_usd": 70281.3454518545,
    "leverage": 1
  }
}