{
  "t": "2025-10-26T04:30:40.310Z",
  "spot": 111412,
  "sigma_d": 0.001586455313455634,
  "ERI": 0.1586455313455634,
  "percentiles": {
    "p10": 0.05342083320674494,
    "p50": 0.0850487046917582,
    "p90": 0.16181207359021388
  },
  "ema": {
    "fast": 0.030223849277188103,
    "slow": 0.02375343033357977,
    "fast_period": 20,
    "slow_period": 100
  },
  "etv": {
    "horizon_days": 1,
    "risk_budget_usd": 100,
    "expected_move_usd": 176.7501593827191,
    "qty": 0.5657703526222507,
    "notional_usd": 63033.606526350195,
    "leverage": 1
  }
}