{
  "t": "2026-03-07T19:30:31.307Z",
  "spot": 67236,
  "sigma_d": 0.0005908418672459974,
  "ERI": 0.05908418672459974,
  "percentiles": {
    "p10": 0.05402606095087451,
    "p50": 0.1221139041757177,
    "p90": 0.20004631532128198
  },
  "ema": {
    "fast": 0.024637264923465425,
    "slow": 0.023587398039982232,
    "fast_period": 20,
    "slow_period": 100
  },
  "etv": {
    "horizon_days": 1,
    "risk_budget_usd": 100,
    "expected_move_usd": 39.72584378615188,
    "qty": 2.517253013889644,
    "notional_usd": 169250.0236418841,
    "leverage": 1
  }
}