{
  "t": "2025-11-07T02:05:55.569Z",
  "spot": 101437,
  "sigma_d": 0.0005757583358606889,
  "ERI": 0.05757583358606889,
  "percentiles": {
    "p10": 0.053203071539855706,
    "p50": 0.061884010050950206,
    "p90": 0.17421358582124233
  },
  "ema": {
    "fast": 0.017747491923256687,
    "slow": 0.019895708375934434,
    "fast_period": 20,
    "slow_period": 100
  },
  "etv": {
    "horizon_days": 1,
    "risk_budget_usd": 100,
    "expected_move_usd": 58.403198314700695,
    "qty": 1.7122349954390932,
    "notional_usd": 173683.9812323553,
    "leverage": 1
  }
}