{
  "t": "2025-11-02T23:23:56.455Z",
  "spot": 110197,
  "sigma_d": 0.0005370595491712436,
  "ERI": 0.05370595491712436,
  "percentiles": {
    "p10": 0.05323589325952934,
    "p50": 0.07731941018991764,
    "p90": 0.1738178699415084
  },
  "ema": {
    "fast": 0.01169389248630358,
    "slow": 0.01680770195376026,
    "fast_period": 20,
    "slow_period": 100
  },
  "etv": {
    "horizon_days": 1,
    "risk_budget_usd": 100,
    "expected_move_usd": 59.182351140023535,
    "qty": 1.6896929248958565,
    "notional_usd": 186199.0912447487,
    "leverage": 1
  }
}