{
  "t": "2026-06-19T22:11:54.619Z",
  "spot": 63010,
  "sigma_d": 0.0005329858111416711,
  "ERI": 0.05329858111416711,
  "percentiles": {
    "p10": 0.05361473050864841,
    "p50": 0.14008205459216813,
    "p90": 0.19868732007533244
  },
  "ema": {
    "fast": 0.019118304430251566,
    "slow": 0.023650613279805898,
    "fast_period": 20,
    "slow_period": 100
  },
  "etv": {
    "horizon_days": 1,
    "risk_budget_usd": 100,
    "expected_move_usd": 33.583435960036695,
    "qty": 2.9776583944238784,
    "notional_usd": 187622.25543264858,
    "leverage": 1
  }
}