{
  "t": "2025-10-09T06:39:55.504Z",
  "spot": 122107,
  "sigma_d": 0.0005316621096344286,
  "ERI": 0.05316621096344286,
  "percentiles": {
    "p10": 0.05302796107930348,
    "p50": 0.05820542948823999,
    "p90": 0.1741446829234355
  },
  "ema": {
    "fast": 0.02106326361198748,
    "slow": 0.019070294800404,
    "fast_period": 20,
    "slow_period": 100
  },
  "etv": {
    "horizon_days": 1,
    "risk_budget_usd": 100,
    "expected_move_usd": 64.91966522113117,
    "qty": 1.5403653062500742,
    "notional_usd": 188089.38645027782,
    "leverage": 1
  }
}