{
  "t": "2026-02-17T02:54:06.282Z",
  "spot": 68972,
  "sigma_d": 0.0015510775816993865,
  "ERI": 0.15510775816993866,
  "percentiles": {
    "p10": 0.054499241533814274,
    "p50": 0.14724866946707083,
    "p90": 0.214143311615601
  },
  "ema": {
    "fast": 0.0248189273768639,
    "slow": 0.027205280777862374,
    "fast_period": 20,
    "slow_period": 100
  },
  "etv": {
    "horizon_days": 1,
    "risk_budget_usd": 100,
    "expected_move_usd": 106.98092296497008,
    "qty": 0.9347460951775868,
    "notional_usd": 64471.30767658851,
    "leverage": 1
  }
}