{
  "t": "2026-01-27T14:44:33.920Z",
  "spot": 87803,
  "sigma_d": 0.0012477996027044046,
  "ERI": 0.12477996027044046,
  "percentiles": {
    "p10": 0.0532104042688585,
    "p50": 0.11964486966001202,
    "p90": 0.17810142383398367
  },
  "ema": {
    "fast": 0.0235616952773798,
    "slow": 0.02382682416758862,
    "fast_period": 20,
    "slow_period": 100
  },
  "etv": {
    "horizon_days": 1,
    "risk_budget_usd": 100,
    "expected_move_usd": 109.56054851625484,
    "qty": 0.9127373069436906,
    "notional_usd": 80141.07376157686,
    "leverage": 1
  }
}