{
  "t": "2025-10-23T18:38:49.292Z",
  "spot": 110465,
  "sigma_d": 0.0005633516516456893,
  "ERI": 0.05633516516456893,
  "percentiles": {
    "p10": 0.05344676150788814,
    "p50": 0.0690057501104688,
    "p90": 0.15413916730429963
  },
  "ema": {
    "fast": 0.020393451869312046,
    "slow": 0.018059725660257136,
    "fast_period": 20,
    "slow_period": 100
  },
  "etv": {
    "horizon_days": 1,
    "risk_budget_usd": 100,
    "expected_move_usd": 62.23064019904106,
    "qty": 1.6069254579441228,
    "notional_usd": 177509.02071179752,
    "leverage": 1
  }
}