{
  "t": "2025-10-21T18:39:05.221Z",
  "spot": 111768,
  "sigma_d": 0.0017336672603849711,
  "ERI": 0.17336672603849712,
  "percentiles": {
    "p10": 0.053523980160928714,
    "p50": 0.0664400587471112,
    "p90": 0.15248367632035692
  },
  "ema": {
    "fast": 0.019549070112570618,
    "slow": 0.01829652292399055,
    "fast_period": 20,
    "slow_period": 100
  },
  "etv": {
    "horizon_days": 1,
    "risk_budget_usd": 100,
    "expected_move_usd": 193.76852235870746,
    "qty": 0.5160796954155349,
    "notional_usd": 57681.195397203504,
    "leverage": 1
  }
}