{
  "t": "2026-05-02T00:01:17.571Z",
  "spot": 78180,
  "sigma_d": 0.0005449102801294421,
  "ERI": 0.05449102801294421,
  "percentiles": {
    "p10": 0.05382385284426585,
    "p50": 0.06487190866482828,
    "p90": 0.16130193492962874
  },
  "ema": {
    "fast": 0.013986034875687822,
    "slow": 0.016728685052434484,
    "fast_period": 20,
    "slow_period": 100
  },
  "etv": {
    "horizon_days": 1,
    "risk_budget_usd": 100,
    "expected_move_usd": 42.60108570051978,
    "qty": 2.347358015778924,
    "notional_usd": 183516.44967359627,
    "leverage": 1
  }
}