{
  "t": "2026-01-27T10:42:53.994Z",
  "spot": 87720,
  "sigma_d": 0.0017812838433338767,
  "ERI": 0.17812838433338768,
  "percentiles": {
    "p10": 0.0532104042688585,
    "p50": 0.1140130679374593,
    "p90": 0.1772727378773463
  },
  "ema": {
    "fast": 0.021001352557577416,
    "slow": 0.023373092660372793,
    "fast_period": 20,
    "slow_period": 100
  },
  "etv": {
    "horizon_days": 1,
    "risk_budget_usd": 100,
    "expected_move_usd": 156.25421873724767,
    "qty": 0.6399827205187781,
    "notional_usd": 56139.28424390722,
    "leverage": 1
  }
}