{
  "t": "2026-02-02T03:15:31.329Z",
  "spot": 76056,
  "sigma_d": 0.0005281808828937011,
  "ERI": 0.05281808828937011,
  "percentiles": {
    "p10": 0.05328279564638317,
    "p50": 0.1306301513539015,
    "p90": 0.17983346138817385
  },
  "ema": {
    "fast": 0.02433454041051003,
    "slow": 0.021777791040266895,
    "fast_period": 20,
    "slow_period": 100
  },
  "etv": {
    "horizon_days": 1,
    "risk_budget_usd": 100,
    "expected_move_usd": 40.17132522936333,
    "qty": 2.489337840587463,
    "notional_usd": 189329.0788037201,
    "leverage": 1
  }
}