{
  "t": "2026-06-07T20:22:04.261Z",
  "spot": 61555,
  "sigma_d": 0.0014708774974779195,
  "ERI": 0.14708774974779196,
  "percentiles": {
    "p10": 0.053588654576177557,
    "p50": 0.1372329781221463,
    "p90": 0.1912755055697345
  },
  "ema": {
    "fast": 0.025664714150165427,
    "slow": 0.027382667555956173,
    "fast_period": 20,
    "slow_period": 100
  },
  "etv": {
    "horizon_days": 1,
    "risk_budget_usd": 100,
    "expected_move_usd": 90.53986435725334,
    "qty": 1.1044858605643448,
    "notional_usd": 67986.62714703825,
    "leverage": 1
  }
}