{
  "t": "2025-09-13T02:53:15.120Z",
  "spot": 115899,
  "sigma_d": 0.001353346782007753,
  "ERI": 0.1353346782007753,
  "percentiles": {
    "p10": 0.052991708312562766,
    "p50": 0.11622722254973447,
    "p90": 0.18254532882940133
  },
  "ema": {
    "fast": 0.013992695112666185,
    "slow": 0.01776530768955144,
    "fast_period": 20,
    "slow_period": 100
  },
  "etv": {
    "horizon_days": 1,
    "risk_budget_usd": 100,
    "expected_move_usd": 156.8515386879166,
    "qty": 0.6375455468050422,
    "notional_usd": 73890.89132915759,
    "leverage": 1
  }
}