{
  "t": "2025-12-03T02:11:33.236Z",
  "spot": 91749,
  "sigma_d": 0.0022974408004008294,
  "ERI": 0.22974408004008293,
  "percentiles": {
    "p10": 0.05403232146763622,
    "p50": 0.1467730005767565,
    "p90": 0.19515369659670154
  },
  "ema": {
    "fast": 0.03103093335329721,
    "slow": 0.02737737803584512,
    "fast_period": 20,
    "slow_period": 100
  },
  "etv": {
    "horizon_days": 1,
    "risk_budget_usd": 100,
    "expected_move_usd": 210.7878959959757,
    "qty": 0.47441054206409067,
    "notional_usd": 43526.69282383825,
    "leverage": 1
  }
}