{
  "t": "2026-03-18T23:39:08.052Z",
  "spot": 71337,
  "sigma_d": 0.0006120754554746099,
  "ERI": 0.06120754554746099,
  "percentiles": {
    "p10": 0.05449094573647753,
    "p50": 0.09267768894076761,
    "p90": 0.1959327237142394
  },
  "ema": {
    "fast": 0.012562227576365022,
    "slow": 0.018055478362020462,
    "fast_period": 20,
    "slow_period": 100
  },
  "etv": {
    "horizon_days": 1,
    "risk_budget_usd": 100,
    "expected_move_usd": 43.66362676719224,
    "qty": 2.290235772973799,
    "notional_usd": 163378.54933663193,
    "leverage": 1
  }
}