{
  "t": "2025-09-03T15:28:10.564Z",
  "spot": 111965,
  "sigma_d": 0.0005291243526703496,
  "ERI": 0.05291243526703496,
  "percentiles": {
    "p10": 0.054491460419804544,
    "p50": 0.12837022033096818,
    "p90": 0.17401736360081044
  },
  "ema": {
    "fast": 0.024601457321621008,
    "slow": 0.024479466666777885,
    "fast_period": 20,
    "slow_period": 100
  },
  "etv": {
    "horizon_days": 1,
    "risk_budget_usd": 100,
    "expected_move_usd": 59.24340814673569,
    "qty": 1.6879515059686856,
    "notional_usd": 188991.4903657839,
    "leverage": 1
  }
}