{
  "t": "2025-09-28T12:49:17.426Z",
  "spot": 109267,
  "sigma_d": 0.0014359329981748835,
  "ERI": 0.14359329981748833,
  "percentiles": {
    "p10": 0.053303589883026074,
    "p50": 0.07232725739108978,
    "p90": 0.15869777998706425
  },
  "ema": {
    "fast": 0.028940142317637682,
    "slow": 0.02577036338443311,
    "fast_period": 20,
    "slow_period": 100
  },
  "etv": {
    "horizon_days": 1,
    "risk_budget_usd": 100,
    "expected_move_usd": 156.90009091157498,
    "qty": 0.6373482604057733,
    "notional_usd": 69641.13236975763,
    "leverage": 1
  }
}