{
  "t": "2026-01-12T04:16:33.041Z",
  "spot": 91945,
  "sigma_d": 0.0005328153434872947,
  "ERI": 0.05328153434872947,
  "percentiles": {
    "p10": 0.0534528370192192,
    "p50": 0.14173691631034868,
    "p90": 0.1987794020330305
  },
  "ema": {
    "fast": 0.021768432374851876,
    "slow": 0.021865215254727812,
    "fast_period": 20,
    "slow_period": 100
  },
  "etv": {
    "horizon_days": 1,
    "risk_budget_usd": 100,
    "expected_move_usd": 48.989706756939306,
    "qty": 2.0412451231060937,
    "notional_usd": 187682.2828439898,
    "leverage": 1
  }
}