{
  "t": "2025-11-03T13:37:54.351Z",
  "spot": 107900,
  "sigma_d": 0.0017667281327951897,
  "ERI": 0.17667281327951898,
  "percentiles": {
    "p10": 0.0532309346792926,
    "p50": 0.0885718407663297,
    "p90": 0.17419728214191088
  },
  "ema": {
    "fast": 0.024398143732022117,
    "slow": 0.019488666505482127,
    "fast_period": 20,
    "slow_period": 100
  },
  "etv": {
    "horizon_days": 1,
    "risk_budget_usd": 100,
    "expected_move_usd": 190.62996552860096,
    "qty": 0.5245764994118756,
    "notional_usd": 56601.80428654137,
    "leverage": 1
  }
}