{
  "t": "2025-12-01T04:15:58.940Z",
  "spot": 86046,
  "sigma_d": 0.0005330965280351013,
  "ERI": 0.053309652803510126,
  "percentiles": {
    "p10": 0.05366689722950273,
    "p50": 0.14353821770823838,
    "p90": 0.19269846184236292
  },
  "ema": {
    "fast": 0.03215992314527599,
    "slow": 0.029989065746513457,
    "fast_period": 20,
    "slow_period": 100
  },
  "etv": {
    "horizon_days": 1,
    "risk_budget_usd": 100,
    "expected_move_usd": 45.87082385130832,
    "qty": 2.180034967851309,
    "notional_usd": 187583.28884373372,
    "leverage": 1
  }
}