{
  "t": "2026-03-05T11:43:54.412Z",
  "spot": 72847,
  "sigma_d": 0.0019658637602609683,
  "ERI": 0.19658637602609683,
  "percentiles": {
    "p10": 0.05384467929998492,
    "p50": 0.12942064816987392,
    "p90": 0.20776710349831726
  },
  "ema": {
    "fast": 0.03185412995884928,
    "slow": 0.0249443133486472,
    "fast_period": 20,
    "slow_period": 100
  },
  "etv": {
    "horizon_days": 1,
    "risk_budget_usd": 100,
    "expected_move_usd": 143.20727734373077,
    "qty": 0.6982885357144019,
    "notional_usd": 50868.224961187036,
    "leverage": 1
  }
}