{
  "t": "2026-04-06T08:00:32.421Z",
  "spot": 69084,
  "sigma_d": 0.0005436992111058279,
  "ERI": 0.054369921110582795,
  "percentiles": {
    "p10": 0.054445904877183184,
    "p50": 0.11599821139361766,
    "p90": 0.19488567608063287
  },
  "ema": {
    "fast": 0.021518651667284873,
    "slow": 0.02480789934969564,
    "fast_period": 20,
    "slow_period": 100
  },
  "etv": {
    "horizon_days": 1,
    "risk_budget_usd": 100,
    "expected_move_usd": 37.56091630003502,
    "qty": 2.662341866242139,
    "notional_usd": 183925.22548747194,
    "leverage": 1
  }
}