{
  "t": "2025-09-18T03:37:15.774Z",
  "spot": 117689,
  "sigma_d": 0.0013514779496367102,
  "ERI": 0.13514779496367102,
  "percentiles": {
    "p10": 0.0529892658871037,
    "p50": 0.0591710600056696,
    "p90": 0.1721120054796441
  },
  "ema": {
    "fast": 0.013111776753386381,
    "slow": 0.014225385840309785,
    "fast_period": 20,
    "slow_period": 100
  },
  "etv": {
    "horizon_days": 1,
    "risk_budget_usd": 100,
    "expected_move_usd": 159.0540884147948,
    "qty": 0.6287169414923274,
    "notional_usd": 73993.06812729052,
    "leverage": 1
  }
}