{
  "t": "2026-01-26T22:35:09.761Z",
  "spot": 88095,
  "sigma_d": 0.0005332176172527698,
  "ERI": 0.05332176172527699,
  "percentiles": {
    "p10": 0.05320074318355092,
    "p50": 0.11964486966001202,
    "p90": 0.1763085546955339
  },
  "ema": {
    "fast": 0.02321581734496522,
    "slow": 0.02439875925919228,
    "fast_period": 20,
    "slow_period": 100
  },
  "etv": {
    "horizon_days": 1,
    "risk_budget_usd": 100,
    "expected_move_usd": 46.973805991882756,
    "qty": 2.1288460214886644,
    "notional_usd": 187540.69026304389,
    "leverage": 1
  }
}