{
  "t": "2026-02-12T23:39:54.945Z",
  "spot": 66250,
  "sigma_d": 0.0005919740229211964,
  "ERI": 0.05919740229211964,
  "percentiles": {
    "p10": 0.054073581412087644,
    "p50": 0.12994813905370944,
    "p90": 0.21384409615990388
  },
  "ema": {
    "fast": 0.025795072339758217,
    "slow": 0.032754992818959106,
    "fast_period": 20,
    "slow_period": 100
  },
  "etv": {
    "horizon_days": 1,
    "risk_budget_usd": 100,
    "expected_move_usd": 39.21827901852926,
    "qty": 2.5498314179659314,
    "notional_usd": 168926.33144024297,
    "leverage": 1
  }
}