{
  "t": "2025-09-20T12:49:47.869Z",
  "spot": 115890,
  "sigma_d": 0.0012374746339045594,
  "ERI": 0.12374746339045593,
  "percentiles": {
    "p10": 0.05299134663690133,
    "p50": 0.056591805624898135,
    "p90": 0.15480517924503734
  },
  "ema": {
    "fast": 0.016462700365862698,
    "slow": 0.01421367714385458,
    "fast_period": 20,
    "slow_period": 100
  },
  "etv": {
    "horizon_days": 1,
    "risk_budget_usd": 100,
    "expected_move_usd": 143.4109353231994,
    "qty": 0.6972968956281755,
    "notional_usd": 80809.73723434926,
    "leverage": 1
  }
}