{
  "t": "2026-03-22T19:35:40.249Z",
  "spot": 68233,
  "sigma_d": 0.0005803875315644121,
  "ERI": 0.058038753156441206,
  "percentiles": {
    "p10": 0.05449094573647753,
    "p50": 0.08529499920613051,
    "p90": 0.18579135225810978
  },
  "ema": {
    "fast": 0.02404800613269353,
    "slow": 0.020720156320851058,
    "fast_period": 20,
    "slow_period": 100
  },
  "etv": {
    "horizon_days": 1,
    "risk_budget_usd": 100,
    "expected_move_usd": 39.60158244123453,
    "qty": 2.5251516185847303,
    "notional_usd": 172298.6703908919,
    "leverage": 1
  }
}