{
  "t": "2026-03-29T21:43:50.786Z",
  "spot": 66573,
  "sigma_d": 0.0016598313945967653,
  "ERI": 0.16598313945967652,
  "percentiles": {
    "p10": 0.054559859531896064,
    "p50": 0.08162431188657016,
    "p90": 0.18004462645950223
  },
  "ema": {
    "fast": 0.025398619438203568,
    "slow": 0.022802945917234578,
    "fast_period": 20,
    "slow_period": 100
  },
  "etv": {
    "horizon_days": 1,
    "risk_budget_usd": 100,
    "expected_move_usd": 110.49995543249045,
    "qty": 0.9049777405665529,
    "notional_usd": 60247.08312273712,
    "leverage": 1
  }
}