{
  "t": "2025-09-04T01:55:16.835Z",
  "spot": 111848,
  "sigma_d": 0.00191115376878594,
  "ERI": 0.19111537687859398,
  "percentiles": {
    "p10": 0.05316913609814218,
    "p50": 0.12617377113327907,
    "p90": 0.1797082793376792
  },
  "ema": {
    "fast": 0.02243036650076447,
    "slow": 0.023651243278196846,
    "fast_period": 20,
    "slow_period": 100
  },
  "etv": {
    "horizon_days": 1,
    "risk_budget_usd": 100,
    "expected_move_usd": 213.75872673116982,
    "qty": 0.46781715782655914,
    "notional_usd": 52324.413468584986,
    "leverage": 1
  }
}