{
  "t": "2026-01-08T11:30:07.600Z",
  "spot": 90060,
  "sigma_d": 0.0005332286997670447,
  "ERI": 0.05332286997670447,
  "percentiles": {
    "p10": 0.05339829836591422,
    "p50": 0.16419027920786433,
    "p90": 0.19499864525190808
  },
  "ema": {
    "fast": 0.021591091513707264,
    "slow": 0.026036689501166457,
    "fast_period": 20,
    "slow_period": 100
  },
  "etv": {
    "horizon_days": 1,
    "risk_budget_usd": 100,
    "expected_move_usd": 48.02257670102005,
    "qty": 2.082353902469292,
    "notional_usd": 187536.79245638446,
    "leverage": 1
  }
}