{
  "t": "2026-02-13T21:48:16.873Z",
  "spot": 68842,
  "sigma_d": 0.0019573255658118568,
  "ERI": 0.19573255658118568,
  "percentiles": {
    "p10": 0.054073581412087644,
    "p50": 0.1359256417317724,
    "p90": 0.21384409615990388
  },
  "ema": {
    "fast": 0.02442929040595294,
    "slow": 0.030175226333974233,
    "fast_period": 20,
    "slow_period": 100
  },
  "etv": {
    "horizon_days": 1,
    "risk_budget_usd": 100,
    "expected_move_usd": 134.74620660161983,
    "qty": 0.7421359199791964,
    "notional_usd": 51090.12100320784,
    "leverage": 1
  }
}