{
  "t": "2025-12-23T04:47:45.738Z",
  "spot": 88065,
  "sigma_d": 0.0005347376539118691,
  "ERI": 0.05347376539118691,
  "percentiles": {
    "p10": 0.0534542290309567,
    "p50": 0.056477942832007896,
    "p90": 0.16060744140664707
  },
  "ema": {
    "fast": 0.017779746719663873,
    "slow": 0.01707362643870146,
    "fast_period": 20,
    "slow_period": 100
  },
  "etv": {
    "horizon_days": 1,
    "risk_budget_usd": 100,
    "expected_move_usd": 47.09167149174875,
    "qty": 2.1235177438439763,
    "notional_usd": 187007.59011161976,
    "leverage": 1
  }
}