{
  "t": "2025-12-17T13:42:47.662Z",
  "spot": 87154,
  "sigma_d": 0.0012962761673453408,
  "ERI": 0.12962761673453407,
  "percentiles": {
    "p10": 0.053479676731447205,
    "p50": 0.0691167262557773,
    "p90": 0.23609114079235086
  },
  "ema": {
    "fast": 0.019143051803301846,
    "slow": 0.018020326888840633,
    "fast_period": 20,
    "slow_period": 100
  },
  "etv": {
    "horizon_days": 1,
    "risk_budget_usd": 100,
    "expected_move_usd": 112.97565308881583,
    "qty": 0.8851464653307645,
    "notional_usd": 77144.05503943744,
    "leverage": 1
  }
}