{
  "t": "2026-03-06T08:53:00.240Z",
  "spot": 70894,
  "sigma_d": 0.0020991140586657893,
  "ERI": 0.20991140586657892,
  "percentiles": {
    "p10": 0.05386149441018994,
    "p50": 0.12152092574223748,
    "p90": 0.20724108929956897
  },
  "ema": {
    "fast": 0.023875369805802304,
    "slow": 0.02385759027206434,
    "fast_period": 20,
    "slow_period": 100
  },
  "etv": {
    "horizon_days": 1,
    "risk_budget_usd": 100,
    "expected_move_usd": 148.81459207505247,
    "qty": 0.6719771133032872,
    "notional_usd": 47639.145470523246,
    "leverage": 1
  }
}