{
  "t": "2025-09-08T16:33:13.936Z",
  "spot": 112629,
  "sigma_d": 0.0007442727696937675,
  "ERI": 0.07442727696937675,
  "percentiles": {
    "p10": 0.053275455805697494,
    "p50": 0.1307138252810724,
    "p90": 0.17352299215334777
  },
  "ema": {
    "fast": 0.022019624334758438,
    "slow": 0.02318254084091854,
    "fast_period": 20,
    "slow_period": 100
  },
  "etv": {
    "horizon_days": 1,
    "risk_budget_usd": 100,
    "expected_move_usd": 83.82669777783934,
    "qty": 1.1929373654324753,
    "notional_usd": 134359.34253129427,
    "leverage": 1
  }
}