{
  "t": "2026-05-19T12:18:27.966Z",
  "spot": 76739,
  "sigma_d": 0.0011657264622902915,
  "ERI": 0.11657264622902914,
  "percentiles": {
    "p10": 0.05363576496625867,
    "p50": 0.06705326137325243,
    "p90": 0.16858564388101388
  },
  "ema": {
    "fast": 0.01913544973015731,
    "slow": 0.01867747214901057,
    "fast_period": 20,
    "slow_period": 100
  },
  "etv": {
    "horizon_days": 1,
    "risk_budget_usd": 100,
    "expected_move_usd": 89.45668298969468,
    "qty": 1.1178594673750635,
    "notional_usd": 85783.417666895,
    "leverage": 1
  }
}