{
  "t": "2026-01-11T16:36:06.348Z",
  "spot": 91062,
  "sigma_d": 0.0005347366835533691,
  "ERI": 0.053473668355336915,
  "percentiles": {
    "p10": 0.05344432580036459,
    "p50": 0.1390243472559169,
    "p90": 0.1987794020330305
  },
  "ema": {
    "fast": 0.022204763375453,
    "slow": 0.021806790688794122,
    "fast_period": 20,
    "slow_period": 100
  },
  "etv": {
    "horizon_days": 1,
    "risk_budget_usd": 100,
    "expected_move_usd": 48.6941918777369,
    "qty": 2.0536330133803955,
    "notional_usd": 187007.92946444557,
    "leverage": 1
  }
}