{
  "t": "2026-04-28T18:45:51.524Z",
  "spot": 76170,
  "sigma_d": 0.0005468822797415848,
  "ERI": 0.054688227974158475,
  "percentiles": {
    "p10": 0.053866954478401306,
    "p50": 0.07728945292959156,
    "p90": 0.17216830971262903
  },
  "ema": {
    "fast": 0.019967826545415686,
    "slow": 0.018116953157076267,
    "fast_period": 20,
    "slow_period": 100
  },
  "etv": {
    "horizon_days": 1,
    "risk_budget_usd": 100,
    "expected_move_usd": 41.656023247916515,
    "qty": 2.4006132175615598,
    "notional_usd": 182854.708781664,
    "leverage": 1
  }
}