{
  "t": "2025-10-06T22:25:36.547Z",
  "spot": 125224,
  "sigma_d": 0.0005329096001480627,
  "ERI": 0.053290960014806266,
  "percentiles": {
    "p10": 0.053037795264180385,
    "p50": 0.07079325271672858,
    "p90": 0.16484149377270527
  },
  "ema": {
    "fast": 0.014018610370731821,
    "slow": 0.016425833341624837,
    "fast_period": 20,
    "slow_period": 100
  },
  "etv": {
    "horizon_days": 1,
    "risk_budget_usd": 100,
    "expected_move_usd": 66.733071768941,
    "qty": 1.4985073719705817,
    "notional_usd": 187649.0871476441,
    "leverage": 1
  }
}