{
  "t": "2025-12-03T20:34:44.338Z",
  "spot": 93042,
  "sigma_d": 0.0018387312647451077,
  "ERI": 0.18387312647451076,
  "percentiles": {
    "p10": 0.05469344189059992,
    "p50": 0.15412183494590756,
    "p90": 0.19620974040623906
  },
  "ema": {
    "fast": 0.030209524287021686,
    "slow": 0.028459208448812872,
    "fast_period": 20,
    "slow_period": 100
  },
  "etv": {
    "horizon_days": 1,
    "risk_budget_usd": 100,
    "expected_move_usd": 171.0792343344143,
    "qty": 0.5845244771468093,
    "notional_usd": 54385.326402693434,
    "leverage": 1
  }
}