{
  "t": "2025-12-21T19:23:22.224Z",
  "spot": 88348,
  "sigma_d": 0.0005547797204641011,
  "ERI": 0.055477972046410105,
  "percentiles": {
    "p10": 0.05343540167561071,
    "p50": 0.05638247470293323,
    "p90": 0.1590189112775149
  },
  "ema": {
    "fast": 0.015252514811674793,
    "slow": 0.01487373787530981,
    "fast_period": 20,
    "slow_period": 100
  },
  "etv": {
    "horizon_days": 1,
    "risk_budget_usd": 100,
    "expected_move_usd": 49.0136787435624,
    "qty": 2.0402467752562705,
    "notional_usd": 180251.722100341,
    "leverage": 1
  }
}