{
  "t": "2025-11-26T23:26:38.674Z",
  "spot": 90483,
  "sigma_d": 0.0006326522806963625,
  "ERI": 0.06326522806963625,
  "percentiles": {
    "p10": 0.053251055307540374,
    "p50": 0.11012913204460816,
    "p90": 0.1721003424518714
  },
  "ema": {
    "fast": 0.022226385456675598,
    "slow": 0.02343786541789441,
    "fast_period": 20,
    "slow_period": 100
  },
  "etv": {
    "horizon_days": 1,
    "risk_budget_usd": 100,
    "expected_move_usd": 57.244276314248964,
    "qty": 1.7468995406813885,
    "notional_usd": 158064.71113947406,
    "leverage": 1
  }
}