{
  "t": "2025-12-09T16:41:19.098Z",
  "spot": 93833,
  "sigma_d": 0.002602217057536476,
  "ERI": 0.2602217057536476,
  "percentiles": {
    "p10": 0.05481943274792017,
    "p50": 0.1758193091016128,
    "p90": 0.2303044691379168
  },
  "ema": {
    "fast": 0.025066717403768313,
    "slow": 0.030502211787075503,
    "fast_period": 20,
    "slow_period": 100
  },
  "etv": {
    "horizon_days": 1,
    "risk_budget_usd": 100,
    "expected_move_usd": 244.17383315982016,
    "qty": 0.40954429353020216,
    "notional_usd": 38428.76969481946,
    "leverage": 1
  }
}