{
  "t": "2025-12-18T21:25:40.005Z",
  "spot": 85186,
  "sigma_d": 0.0005395724298933251,
  "ERI": 0.053957242989332514,
  "percentiles": {
    "p10": 0.053432222807870106,
    "p50": 0.05972314096441922,
    "p90": 0.2066600204902565
  },
  "ema": {
    "fast": 0.01443355666328189,
    "slow": 0.01635571161477347,
    "fast_period": 20,
    "slow_period": 100
  },
  "etv": {
    "horizon_days": 1,
    "risk_budget_usd": 100,
    "expected_move_usd": 45.964017012892796,
    "qty": 2.1756148939713045,
    "notional_usd": 185331.93035783953,
    "leverage": 1
  }
}