{
  "t": "2025-12-24T06:48:13.465Z",
  "spot": 86952,
  "sigma_d": 0.0012286778516519858,
  "ERI": 0.12286778516519857,
  "percentiles": {
    "p10": 0.053479676731447205,
    "p50": 0.058657968226734934,
    "p90": 0.16580245472706595
  },
  "ema": {
    "fast": 0.027005996957912493,
    "slow": 0.02151939287849874,
    "fast_period": 20,
    "slow_period": 100
  },
  "etv": {
    "horizon_days": 1,
    "risk_budget_usd": 100,
    "expected_move_usd": 106.83599655684347,
    "qty": 0.9360141078179929,
    "notional_usd": 81388.29870299011,
    "leverage": 1
  }
}