{
  "t": "2026-04-20T11:38:53.419Z",
  "spot": 75229,
  "sigma_d": 0.0005548802262847915,
  "ERI": 0.05548802262847915,
  "percentiles": {
    "p10": 0.05399299657713042,
    "p50": 0.09114889251310851,
    "p90": 0.19747550921423454
  },
  "ema": {
    "fast": 0.01693110157054324,
    "slow": 0.019407823169861355,
    "fast_period": 20,
    "slow_period": 100
  },
  "etv": {
    "horizon_days": 1,
    "risk_budget_usd": 100,
    "expected_move_usd": 41.743084543178576,
    "qty": 2.3956063883243015,
    "notional_usd": 180219.0729872489,
    "leverage": 1
  }
}