{
  "t": "2025-09-23T13:34:54.738Z",
  "spot": 112995,
  "sigma_d": 0.0010422799473775797,
  "ERI": 0.10422799473775797,
  "percentiles": {
    "p10": 0.053062623817735195,
    "p50": 0.0576670917202367,
    "p90": 0.12723204531788404
  },
  "ema": {
    "fast": 0.01773528639004017,
    "slow": 0.014597387903050167,
    "fast_period": 20,
    "slow_period": 100
  },
  "etv": {
    "horizon_days": 1,
    "risk_budget_usd": 100,
    "expected_move_usd": 117.77242265392962,
    "qty": 0.8490952104623567,
    "notional_usd": 95943.513306194,
    "leverage": 1
  }
}