{
  "t": "2025-09-07T22:25:05.378Z",
  "spot": 111234,
  "sigma_d": 0.0016328476912377502,
  "ERI": 0.16328476912377501,
  "percentiles": {
    "p10": 0.05332429536458984,
    "p50": 0.12855708227743307,
    "p90": 0.16888354861030372
  },
  "ema": {
    "fast": 0.026906997586768528,
    "slow": 0.023142609495426347,
    "fast_period": 20,
    "slow_period": 100
  },
  "etv": {
    "horizon_days": 1,
    "risk_budget_usd": 100,
    "expected_move_usd": 181.6281800871399,
    "qty": 0.550575356489411,
    "notional_usd": 61242.69920374315,
    "leverage": 1
  }
}