{
  "t": "2026-03-20T09:55:38.716Z",
  "spot": 70543,
  "sigma_d": 0.001123851413411722,
  "ERI": 0.11238514134117221,
  "percentiles": {
    "p10": 0.054444721018756484,
    "p50": 0.07817728378782064,
    "p90": 0.1901426027156167
  },
  "ema": {
    "fast": 0.015278767576829787,
    "slow": 0.016961865726393358,
    "fast_period": 20,
    "slow_period": 100
  },
  "etv": {
    "horizon_days": 1,
    "risk_budget_usd": 100,
    "expected_move_usd": 79.2798502563031,
    "qty": 1.2613545519663687,
    "notional_usd": 88979.73415936355,
    "leverage": 1
  }
}