{
  "t": "2026-05-13T00:11:23.310Z",
  "spot": 80477,
  "sigma_d": 0.001163060937206054,
  "ERI": 0.1163060937206054,
  "percentiles": {
    "p10": 0.05382265092149636,
    "p50": 0.07049161053478306,
    "p90": 0.16692543694463846
  },
  "ema": {
    "fast": 0.024195162645043903,
    "slow": 0.021678201607841664,
    "fast_period": 20,
    "slow_period": 100
  },
  "etv": {
    "horizon_days": 1,
    "risk_budget_usd": 100,
    "expected_move_usd": 93.5996550435316,
    "qty": 1.068380005818309,
    "notional_usd": 85980.01772824005,
    "leverage": 1
  }
}