{
  "t": "2025-09-14T06:34:44.162Z",
  "spot": 115835,
  "sigma_d": 0.0013268472858388239,
  "ERI": 0.1326847285838824,
  "percentiles": {
    "p10": 0.052988903364013996,
    "p50": 0.10096231635353005,
    "p90": 0.18254532882940133
  },
  "ema": {
    "fast": 0.01672675513992354,
    "slow": 0.017121965450559495,
    "fast_period": 20,
    "slow_period": 100
  },
  "etv": {
    "horizon_days": 1,
    "risk_budget_usd": 100,
    "expected_move_usd": 153.69535535514015,
    "qty": 0.6506377487395921,
    "notional_usd": 75366.62362525065,
    "leverage": 1
  }
}