{
  "t": "2025-09-30T09:29:06.466Z",
  "spot": 113291,
  "sigma_d": 0.0015549793101761738,
  "ERI": 0.15549793101761739,
  "percentiles": {
    "p10": 0.053211083611777586,
    "p50": 0.07942727864260803,
    "p90": 0.16309236047815828
  },
  "ema": {
    "fast": 0.01614452224012306,
    "slow": 0.020810814656786778,
    "fast_period": 20,
    "slow_period": 100
  },
  "etv": {
    "horizon_days": 1,
    "risk_budget_usd": 100,
    "expected_move_usd": 176.1651610291689,
    "qty": 0.5676491277605241,
    "notional_usd": 64309.537333117536,
    "leverage": 1
  }
}