{
  "t": "2025-12-19T18:42:19.568Z",
  "spot": 86970,
  "sigma_d": 0.0005349211379788332,
  "ERI": 0.053492113797883316,
  "percentiles": {
    "p10": 0.053432222807870106,
    "p50": 0.058191405063328074,
    "p90": 0.1668099792384988
  },
  "ema": {
    "fast": 0.01563860019305743,
    "slow": 0.016372064834437705,
    "fast_period": 20,
    "slow_period": 100
  },
  "etv": {
    "horizon_days": 1,
    "risk_budget_usd": 100,
    "expected_move_usd": 46.52209137001912,
    "qty": 2.149516435205757,
    "notional_usd": 186943.44436984468,
    "leverage": 1
  }
}