{
  "t": "2026-01-08T07:33:36.621Z",
  "spot": 90148,
  "sigma_d": 0.0005368468513922936,
  "ERI": 0.05368468513922936,
  "percentiles": {
    "p10": 0.05344432580036459,
    "p50": 0.16419027920786433,
    "p90": 0.19499864525190808
  },
  "ema": {
    "fast": 0.02715794289584729,
    "slow": 0.02734796240273987,
    "fast_period": 20,
    "slow_period": 100
  },
  "etv": {
    "horizon_days": 1,
    "risk_budget_usd": 100,
    "expected_move_usd": 48.395669959312485,
    "qty": 2.066300561270722,
    "notional_usd": 186272.86299743305,
    "leverage": 1
  }
}