{
  "t": "2025-09-23T09:29:10.626Z",
  "spot": 113109,
  "sigma_d": 0.001377768304868691,
  "ERI": 0.1377768304868691,
  "percentiles": {
    "p10": 0.05304913339470523,
    "p50": 0.057210528982805056,
    "p90": 0.12723204531788404
  },
  "ema": {
    "fast": 0.017676152880004323,
    "slow": 0.014336811364241487,
    "fast_period": 20,
    "slow_period": 100
  },
  "etv": {
    "horizon_days": 1,
    "risk_budget_usd": 100,
    "expected_move_usd": 155.83799519539278,
    "qty": 0.6416920332850664,
    "notional_usd": 72581.14419284057,
    "leverage": 1
  }
}