{
  "t": "2025-09-09T12:57:12.263Z",
  "spot": 112676,
  "sigma_d": 0.0009169889272057841,
  "ERI": 0.09169889272057842,
  "percentiles": {
    "p10": 0.05319616046757393,
    "p50": 0.1294510913988629,
    "p90": 0.17354966479605818
  },
  "ema": {
    "fast": 0.02219934278578254,
    "slow": 0.02231264899402957,
    "fast_period": 20,
    "slow_period": 100
  },
  "etv": {
    "horizon_days": 1,
    "risk_budget_usd": 100,
    "expected_move_usd": 103.32264436183894,
    "qty": 0.9678420506718456,
    "notional_usd": 109052.57090150088,
    "leverage": 1
  }
}