{
  "t": "2026-01-20T21:31:45.700Z",
  "spot": 89508,
  "sigma_d": 0.0016892547122181463,
  "ERI": 0.16892547122181462,
  "percentiles": {
    "p10": 0.053227999137500835,
    "p50": 0.06809267097241188,
    "p90": 0.15435015486030443
  },
  "ema": {
    "fast": 0.025413745134831658,
    "slow": 0.018736290828672356,
    "fast_period": 20,
    "slow_period": 100
  },
  "etv": {
    "horizon_days": 1,
    "risk_budget_usd": 100,
    "expected_move_usd": 151.20181078122184,
    "qty": 0.6613677407917609,
    "notional_usd": 59197.70374278893,
    "leverage": 1
  }
}