{
  "t": "2026-01-27T16:44:05.303Z",
  "spot": 88599,
  "sigma_d": 0.000757115313862612,
  "ERI": 0.0757115313862612,
  "percentiles": {
    "p10": 0.0532104042688585,
    "p50": 0.11964486966001202,
    "p90": 0.17810142383398367
  },
  "ema": {
    "fast": 0.022129817300581587,
    "slow": 0.02350890749610904,
    "fast_period": 20,
    "slow_period": 100
  },
  "etv": {
    "horizon_days": 1,
    "risk_budget_usd": 100,
    "expected_move_usd": 67.07965969291357,
    "qty": 1.49076486758868,
    "notional_usd": 132080.27650348947,
    "leverage": 1
  }
}