{
  "t": "2025-12-12T02:20:32.000Z",
  "spot": 92354,
  "sigma_d": 0.0005934883307556625,
  "ERI": 0.05934883307556625,
  "percentiles": {
    "p10": 0.053526531170064326,
    "p50": 0.1654875311794375,
    "p90": 0.2363877997195679
  },
  "ema": {
    "fast": 0.014571208487936164,
    "slow": 0.022326769182175864,
    "fast_period": 20,
    "slow_period": 100
  },
  "etv": {
    "horizon_days": 1,
    "risk_budget_usd": 100,
    "expected_move_usd": 54.81102129860846,
    "qty": 1.8244505873226413,
    "notional_usd": 168495.30954159523,
    "leverage": 1
  }
}