{
  "t": "2025-10-10T06:39:15.414Z",
  "spot": 121546,
  "sigma_d": 0.0018609702701593434,
  "ERI": 0.18609702701593434,
  "percentiles": {
    "p10": 0.05302796107930348,
    "p50": 0.05856056779039008,
    "p90": 0.17877112334487313
  },
  "ema": {
    "fast": 0.030089574199132815,
    "slow": 0.02312832780678518,
    "fast_period": 20,
    "slow_period": 100
  },
  "etv": {
    "horizon_days": 1,
    "risk_budget_usd": 100,
    "expected_move_usd": 226.19349245678757,
    "qty": 0.4420993677309447,
    "notional_usd": 53735.40975022541,
    "leverage": 1
  }
}