{
  "t": "2025-11-05T22:28:50.921Z",
  "spot": 103423,
  "sigma_d": 0.0017421408569279985,
  "ERI": 0.17421408569279984,
  "percentiles": {
    "p10": 0.053203071539855706,
    "p50": 0.06679158862674764,
    "p90": 0.17421358582124233
  },
  "ema": {
    "fast": 0.019881601301107076,
    "slow": 0.018698992181428925,
    "fast_period": 20,
    "slow_period": 100
  },
  "etv": {
    "horizon_days": 1,
    "risk_budget_usd": 100,
    "expected_move_usd": 180.1774338460644,
    "qty": 0.5550084595246015,
    "notional_usd": 57400.639909412865,
    "leverage": 1
  }
}