{
  "t": "2025-11-30T09:26:56.728Z",
  "spot": 91447,
  "sigma_d": 0.001971989799437994,
  "ERI": 0.1971989799437994,
  "percentiles": {
    "p10": 0.053686371751819624,
    "p50": 0.14161534426444672,
    "p90": 0.1890961079109082
  },
  "ema": {
    "fast": 0.029894622026565724,
    "slow": 0.028202611078957572,
    "fast_period": 20,
    "slow_period": 100
  },
  "etv": {
    "horizon_days": 1,
    "risk_budget_usd": 100,
    "expected_move_usd": 180.33255118920624,
    "qty": 0.554531055766406,
    "notional_usd": 50710.20145667053,
    "leverage": 1
  }
}