{
  "t": "2025-11-24T05:32:23.465Z",
  "spot": 87520,
  "sigma_d": 0.001741759941658324,
  "ERI": 0.1741759941658324,
  "percentiles": {
    "p10": 0.05319566311840973,
    "p50": 0.06835560522247014,
    "p90": 0.15600116978377335
  },
  "ema": {
    "fast": 0.025192923711846376,
    "slow": 0.019820679003323585,
    "fast_period": 20,
    "slow_period": 100
  },
  "etv": {
    "horizon_days": 1,
    "risk_budget_usd": 100,
    "expected_move_usd": 152.43883009393653,
    "qty": 0.656000836128023,
    "notional_usd": 57413.19317792457,
    "leverage": 1
  }
}