{
  "t": "2025-09-25T11:23:19.791Z",
  "spot": 111494,
  "sigma_d": 0.0015441495478082658,
  "ERI": 0.1544149547808266,
  "percentiles": {
    "p10": 0.05314733399594723,
    "p50": 0.05848312101940154,
    "p90": 0.13826724204557744
  },
  "ema": {
    "fast": 0.022197793335635083,
    "slow": 0.017929551587412208,
    "fast_period": 20,
    "slow_period": 100
  },
  "etv": {
    "horizon_days": 1,
    "risk_budget_usd": 100,
    "expected_move_usd": 172.1634096833348,
    "qty": 0.5808435147975572,
    "notional_usd": 64760.56683883885,
    "leverage": 1
  }
}