{
  "t": "2025-10-22T14:32:36.806Z",
  "spot": 107887,
  "sigma_d": 0.0015318923842865884,
  "ERI": 0.15318923842865884,
  "percentiles": {
    "p10": 0.053468635435826535,
    "p50": 0.0664400587471112,
    "p90": 0.15248367632035692
  },
  "ema": {
    "fast": 0.0142636722196884,
    "slow": 0.01665807128051085,
    "fast_period": 20,
    "slow_period": 100
  },
  "etv": {
    "horizon_days": 1,
    "risk_budget_usd": 100,
    "expected_move_usd": 165.27127366352715,
    "qty": 0.6050658277347594,
    "notional_usd": 65278.73695681999,
    "leverage": 1
  }
}