{
  "t": "2026-01-03T05:33:16.837Z",
  "spot": 89976,
  "sigma_d": 0.0005319646107055943,
  "ERI": 0.05319646107055943,
  "percentiles": {
    "p10": 0.053803243295063585,
    "p50": 0.15413276165968248,
    "p90": 0.18417305966555714
  },
  "ema": {
    "fast": 0.018729814486841537,
    "slow": 0.024067132912926722,
    "fast_period": 20,
    "slow_period": 100
  },
  "etv": {
    "horizon_days": 1,
    "risk_budget_usd": 100,
    "expected_move_usd": 47.86404781284655,
    "qty": 2.089250796151017,
    "notional_usd": 187982.4296344839,
    "leverage": 1
  }
}