{
  "t": "2025-10-28T14:31:21.368Z",
  "spot": 115918,
  "sigma_d": 0.0005304787596557097,
  "ERI": 0.053047875965570965,
  "percentiles": {
    "p10": 0.053341001434446894,
    "p50": 0.07773558348133729,
    "p90": 0.16627302273485584
  },
  "ema": {
    "fast": 0.011868892290338634,
    "slow": 0.017955947486104948,
    "fast_period": 20,
    "slow_period": 100
  },
  "etv": {
    "horizon_days": 1,
    "risk_budget_usd": 100,
    "expected_move_usd": 61.49203686177055,
    "qty": 1.6262268271384868,
    "notional_usd": 188508.9613482391,
    "leverage": 1
  }
}