{
  "t": "2025-10-26T06:37:35.854Z",
  "spot": 111626,
  "sigma_d": 0.0017086863776026643,
  "ERI": 0.17086863776026642,
  "percentiles": {
    "p10": 0.05342083320674494,
    "p50": 0.08714317321282641,
    "p90": 0.1619683228536076
  },
  "ema": {
    "fast": 0.03054997528531463,
    "slow": 0.024076612997603532,
    "fast_period": 20,
    "slow_period": 100
  },
  "etv": {
    "horizon_days": 1,
    "risk_budget_usd": 100,
    "expected_move_usd": 190.733825586275,
    "qty": 0.5242908524097463,
    "notional_usd": 58524.49069109034,
    "leverage": 1
  }
}