{
  "t": "2026-04-16T06:10:18.261Z",
  "spot": 75076,
  "sigma_d": 0.0005414402501107999,
  "ERI": 0.054144025011079996,
  "percentiles": {
    "p10": 0.05409098683213948,
    "p50": 0.12826401826142741,
    "p90": 0.2000791444040298
  },
  "ema": {
    "fast": 0.015915732601932797,
    "slow": 0.02070067814917885,
    "fast_period": 20,
    "slow_period": 100
  },
  "etv": {
    "horizon_days": 1,
    "risk_budget_usd": 100,
    "expected_move_usd": 40.64916821731842,
    "qty": 2.4600749384435225,
    "notional_usd": 184692.5860785859,
    "leverage": 1
  }
}