{
  "t": "2025-10-14T17:23:56.297Z",
  "spot": 112814,
  "sigma_d": 0.001639512472608167,
  "ERI": 0.16395124726081672,
  "percentiles": {
    "p10": 0.05311129209683805,
    "p50": 0.06095111183226084,
    "p90": 0.17889867710438903
  },
  "ema": {
    "fast": 0.018564017742473817,
    "slow": 0.017765634749759264,
    "fast_period": 20,
    "slow_period": 100
  },
  "etv": {
    "horizon_days": 1,
    "risk_budget_usd": 100,
    "expected_move_usd": 184.95996008481777,
    "qty": 0.5406575561226474,
    "notional_usd": 60993.74153642035,
    "leverage": 1
  }
}