{
  "t": "2025-12-20T05:31:18.173Z",
  "spot": 88354,
  "sigma_d": 0.0006023780277603794,
  "ERI": 0.060237802776037935,
  "percentiles": {
    "p10": 0.05343540167561071,
    "p50": 0.0579854105782687,
    "p90": 0.16347030090647133
  },
  "ema": {
    "fast": 0.015532692567929643,
    "slow": 0.016447764093909346,
    "fast_period": 20,
    "slow_period": 100
  },
  "etv": {
    "horizon_days": 1,
    "risk_budget_usd": 100,
    "expected_move_usd": 53.22250826474056,
    "qty": 1.8789043068503615,
    "notional_usd": 166008.71112745683,
    "leverage": 1
  }
}