{
  "t": "2025-10-20T17:25:40.078Z",
  "spot": 110432,
  "sigma_d": 0.0005545589730508491,
  "ERI": 0.05545589730508491,
  "percentiles": {
    "p10": 0.053560319126119374,
    "p50": 0.06914306701103276,
    "p90": 0.16262252572858038
  },
  "ema": {
    "fast": 0.018667214689960507,
    "slow": 0.018064684622694793,
    "fast_period": 20,
    "slow_period": 100
  },
  "etv": {
    "horizon_days": 1,
    "risk_budget_usd": 100,
    "expected_move_usd": 61.24105651195137,
    "qty": 1.6328914897228253,
    "notional_usd": 180323.47299307105,
    "leverage": 1
  }
}