{
  "t": "2026-03-07T10:36:32.423Z",
  "spot": 67923,
  "sigma_d": 0.0019606797670753077,
  "ERI": 0.19606797670753076,
  "percentiles": {
    "p10": 0.05402606095087451,
    "p50": 0.11827463951610584,
    "p90": 0.19923154664482842
  },
  "ema": {
    "fast": 0.02243449505297302,
    "slow": 0.023146022540598273,
    "fast_period": 20,
    "slow_period": 100
  },
  "etv": {
    "horizon_days": 1,
    "risk_budget_usd": 100,
    "expected_move_usd": 133.17525181905611,
    "qty": 0.7508902640249482,
    "notional_usd": 51002.71940336656,
    "leverage": 1
  }
}