{
  "t": "2025-10-17T08:35:40.584Z",
  "spot": 105320,
  "sigma_d": 0.0005583044009550072,
  "ERI": 0.05583044009550072,
  "percentiles": {
    "p10": 0.05329143581060586,
    "p50": 0.06383711817251947,
    "p90": 0.1750558040786427
  },
  "ema": {
    "fast": 0.014212449828870936,
    "slow": 0.016929672933823033,
    "fast_period": 20,
    "slow_period": 100
  },
  "etv": {
    "horizon_days": 1,
    "risk_budget_usd": 100,
    "expected_move_usd": 58.800619508581356,
    "qty": 1.7006623541679864,
    "notional_usd": 179113.75914097234,
    "leverage": 1
  }
}