{
  "t": "2025-10-17T04:32:09.141Z",
  "spot": 109006,
  "sigma_d": 0.0005342525255053238,
  "ERI": 0.053425252550532376,
  "percentiles": {
    "p10": 0.05329143581060586,
    "p50": 0.06399239220202815,
    "p90": 0.1750558040786427
  },
  "ema": {
    "fast": 0.01432477105519383,
    "slow": 0.017138335698230457,
    "fast_period": 20,
    "slow_period": 100
  },
  "etv": {
    "horizon_days": 1,
    "risk_budget_usd": 100,
    "expected_move_usd": 58.23673079523332,
    "qty": 1.7171293552107325,
    "notional_usd": 187177.40249410112,
    "leverage": 1
  }
}