{
  "t": "2025-09-04T08:33:37.044Z",
  "spot": 110817,
  "sigma_d": 0.0012637543560288648,
  "ERI": 0.12637543560288647,
  "percentiles": {
    "p10": 0.05318724267397297,
    "p50": 0.12627460336808277,
    "p90": 0.1777960841027105
  },
  "ema": {
    "fast": 0.021578406362364973,
    "slow": 0.023383146981160192,
    "fast_period": 20,
    "slow_period": 100
  },
  "etv": {
    "horizon_days": 1,
    "risk_budget_usd": 100,
    "expected_move_usd": 140.04546647205072,
    "qty": 0.714053817800359,
    "notional_usd": 79129.30192718239,
    "leverage": 1
  }
}