{
  "t": "2026-02-17T20:51:41.815Z",
  "spot": 67770,
  "sigma_d": 0.002044038726493419,
  "ERI": 0.2044038726493419,
  "percentiles": {
    "p10": 0.05440395053946934,
    "p50": 0.14999924022051095,
    "p90": 0.214143311615601
  },
  "ema": {
    "fast": 0.02451177952935134,
    "slow": 0.02616234151127392,
    "fast_period": 20,
    "slow_period": 100
  },
  "etv": {
    "horizon_days": 1,
    "risk_budget_usd": 100,
    "expected_move_usd": 138.524504494459,
    "qty": 0.7218939375740558,
    "notional_usd": 48922.75214939377,
    "leverage": 1
  }
}