{
  "t": "2025-11-14T18:39:40.307Z",
  "spot": 95648,
  "sigma_d": 0.0010997282944951341,
  "ERI": 0.1099728294495134,
  "percentiles": {
    "p10": 0.053236849069581316,
    "p50": 0.06148209556784391,
    "p90": 0.1575548989878094
  },
  "ema": {
    "fast": 0.016088045983637615,
    "slow": 0.015331101279580157,
    "fast_period": 20,
    "slow_period": 100
  },
  "etv": {
    "horizon_days": 1,
    "risk_budget_usd": 100,
    "expected_move_usd": 105.18681191187059,
    "qty": 0.9506895225970315,
    "notional_usd": 90931.55145736087,
    "leverage": 1
  }
}