{
  "t": "2026-01-29T09:55:37.330Z",
  "spot": 87788,
  "sigma_d": 0.0012480529302061351,
  "ERI": 0.12480529302061351,
  "percentiles": {
    "p10": 0.05321879850701251,
    "p50": 0.11047848933915926,
    "p90": 0.17810142383398367
  },
  "ema": {
    "fast": 0.013827789296762922,
    "slow": 0.01842286411646416,
    "fast_period": 20,
    "slow_period": 100
  },
  "etv": {
    "horizon_days": 1,
    "risk_budget_usd": 100,
    "expected_move_usd": 109.5640706369362,
    "qty": 0.9127079654732,
    "notional_usd": 80124.80687296129,
    "leverage": 1
  }
}