{
  "t": "2026-04-01T21:53:59.428Z",
  "spot": 68268,
  "sigma_d": 0.0006180050456385851,
  "ERI": 0.06180050456385851,
  "percentiles": {
    "p10": 0.05452403731817776,
    "p50": 0.07910268748539961,
    "p90": 0.18022384970898442
  },
  "ema": {
    "fast": 0.025633620797915948,
    "slow": 0.028813632614426276,
    "fast_period": 20,
    "slow_period": 100
  },
  "etv": {
    "horizon_days": 1,
    "risk_budget_usd": 100,
    "expected_move_usd": 42.18996845565493,
    "qty": 2.3702316844609186,
    "notional_usd": 161810.976634778,
    "leverage": 1
  }
}