{
  "t": "2025-09-06T17:21:07.225Z",
  "spot": 110228,
  "sigma_d": 0.0005345857916706196,
  "ERI": 0.05345857916706197,
  "percentiles": {
    "p10": 0.053357836681592996,
    "p50": 0.12756407832288508,
    "p90": 0.1739131547827758
  },
  "ema": {
    "fast": 0.021252286810427137,
    "slow": 0.023049811805299542,
    "fast_period": 20,
    "slow_period": 100
  },
  "etv": {
    "horizon_days": 1,
    "risk_budget_usd": 100,
    "expected_move_usd": 58.926322644269064,
    "qty": 1.6970344578209582,
    "notional_usd": 187060.7142166886,
    "leverage": 1
  }
}