{
  "t": "2025-09-15T07:27:38.294Z",
  "spot": 116181,
  "sigma_d": 0.0005341886705554237,
  "ERI": 0.05341886705554237,
  "percentiles": {
    "p10": 0.05298946810701005,
    "p50": 0.0851971929733373,
    "p90": 0.17769865078352132
  },
  "ema": {
    "fast": 0.012316861543834214,
    "slow": 0.01541424237861561,
    "fast_period": 20,
    "slow_period": 100
  },
  "etv": {
    "horizon_days": 1,
    "risk_budget_usd": 100,
    "expected_move_usd": 62.062573933799676,
    "qty": 1.6112770331869746,
    "notional_usd": 187199.7769926959,
    "leverage": 1
  }
}