{
  "t": "2026-01-08T02:24:52.861Z",
  "spot": 91202,
  "sigma_d": 0.0018168400707612564,
  "ERI": 0.18168400707612564,
  "percentiles": {
    "p10": 0.05344432580036459,
    "p50": 0.16419027920786433,
    "p90": 0.19499864525190808
  },
  "ema": {
    "fast": 0.03108327838625666,
    "slow": 0.027965195652254374,
    "fast_period": 20,
    "slow_period": 100
  },
  "etv": {
    "horizon_days": 1,
    "risk_budget_usd": 100,
    "expected_move_usd": 165.6994481335681,
    "qty": 0.6035023117240037,
    "notional_usd": 55040.617833852586,
    "leverage": 1
  }
}