{
  "t": "2025-11-15T03:14:34.370Z",
  "spot": 96259,
  "sigma_d": 0.0005513261485210027,
  "ERI": 0.05513261485210027,
  "percentiles": {
    "p10": 0.053236346634995435,
    "p50": 0.060955529918967036,
    "p90": 0.15306261027553256
  },
  "ema": {
    "fast": 0.01580267050545203,
    "slow": 0.015461947163093426,
    "fast_period": 20,
    "slow_period": 100
  },
  "etv": {
    "horizon_days": 1,
    "risk_budget_usd": 100,
    "expected_move_usd": 53.0701037304832,
    "qty": 1.88430006671648,
    "notional_usd": 181380.84012206164,
    "leverage": 1
  }
}