{
  "t": "2026-04-12T22:50:33.318Z",
  "spot": 70843,
  "sigma_d": 0.0019014752900819696,
  "ERI": 0.19014752900819695,
  "percentiles": {
    "p10": 0.05424473888460019,
    "p50": 0.14739168965470373,
    "p90": 0.19987809811828794
  },
  "ema": {
    "fast": 0.022439256566386616,
    "slow": 0.023417139870198795,
    "fast_period": 20,
    "slow_period": 100
  },
  "etv": {
    "horizon_days": 1,
    "risk_budget_usd": 100,
    "expected_move_usd": 134.70621397527697,
    "qty": 0.7423562510512938,
    "notional_usd": 52590.743893226805,
    "leverage": 1
  }
}