{
  "t": "2026-02-16T14:56:20.850Z",
  "spot": 68283,
  "sigma_d": 0.0005673716375762282,
  "ERI": 0.056737163757622826,
  "percentiles": {
    "p10": 0.05448011542492735,
    "p50": 0.14674522632317183,
    "p90": 0.214143311615601
  },
  "ema": {
    "fast": 0.023090096570394562,
    "slow": 0.02729882486538689,
    "fast_period": 20,
    "slow_period": 100
  },
  "etv": {
    "horizon_days": 1,
    "risk_budget_usd": 100,
    "expected_move_usd": 38.741837528617594,
    "qty": 2.5811888743308207,
    "notional_usd": 176251.31990593142,
    "leverage": 1
  }
}