{
  "t": "2025-10-30T05:28:59.410Z",
  "spot": 108993,
  "sigma_d": 0.0013967408849055619,
  "ERI": 0.13967408849055618,
  "percentiles": {
    "p10": 0.05332822699214965,
    "p50": 0.08334121322048496,
    "p90": 0.16686073894341386
  },
  "ema": {
    "fast": 0.020892483381687747,
    "slow": 0.01944571803465768,
    "fast_period": 20,
    "slow_period": 100
  },
  "etv": {
    "horizon_days": 1,
    "risk_budget_usd": 100,
    "expected_move_usd": 152.2349792685119,
    "qty": 0.6568792565315762,
    "notional_usd": 71595.24080714608,
    "leverage": 1
  }
}