{
  "t": "2025-10-27T06:45:31.947Z",
  "spot": 115707,
  "sigma_d": 0.0006291711645634704,
  "ERI": 0.06291711645634704,
  "percentiles": {
    "p10": 0.05342161993206069,
    "p50": 0.0899787804102006,
    "p90": 0.1653919243145472
  },
  "ema": {
    "fast": 0.019950224122944168,
    "slow": 0.02319587540705994,
    "fast_period": 20,
    "slow_period": 100
  },
  "etv": {
    "horizon_days": 1,
    "risk_budget_usd": 100,
    "expected_move_usd": 72.79950793814547,
    "qty": 1.373635658155349,
    "notional_usd": 158939.26109818098,
    "leverage": 1
  }
}