{
  "t": "2026-03-13T13:24:03.396Z",
  "spot": 73035,
  "sigma_d": 0.0005444120207498488,
  "ERI": 0.054441202074984874,
  "percentiles": {
    "p10": 0.05425470625274574,
    "p50": 0.11516340001274308,
    "p90": 0.20031514986304544
  },
  "ema": {
    "fast": 0.018841283665854577,
    "slow": 0.021636793246515833,
    "fast_period": 20,
    "slow_period": 100
  },
  "etv": {
    "horizon_days": 1,
    "risk_budget_usd": 100,
    "expected_move_usd": 39.7611319354652,
    "qty": 2.515018942677644,
    "notional_usd": 183684.40847846173,
    "leverage": 1
  }
}