{
  "t": "2025-10-14T23:24:25.478Z",
  "spot": 113467,
  "sigma_d": 0.0006418485811846479,
  "ERI": 0.06418485811846479,
  "percentiles": {
    "p10": 0.05311129209683805,
    "p50": 0.061281797319055205,
    "p90": 0.17889867710438903
  },
  "ema": {
    "fast": 0.018395702133536248,
    "slow": 0.017817375858200403,
    "fast_period": 20,
    "slow_period": 100
  },
  "etv": {
    "horizon_days": 1,
    "risk_budget_usd": 100,
    "expected_move_usd": 72.82863296127844,
    "qty": 1.3730863251705965,
    "notional_usd": 155799.98605813208,
    "leverage": 1
  }
}