{
  "t": "2026-04-16T15:03:52.171Z",
  "spot": 73975,
  "sigma_d": 0.0005339446405101068,
  "ERI": 0.053394464051010684,
  "percentiles": {
    "p10": 0.054089844097772136,
    "p50": 0.12815930127293745,
    "p90": 0.2000791444040298
  },
  "ema": {
    "fast": 0.017397072004929605,
    "slow": 0.020711256495818533,
    "fast_period": 20,
    "slow_period": 100
  },
  "etv": {
    "horizon_days": 1,
    "risk_budget_usd": 100,
    "expected_move_usd": 39.49855478173515,
    "qty": 2.531738200361746,
    "notional_usd": 187285.33337176018,
    "leverage": 1
  }
}