{
  "t": "2026-01-29T15:51:46.776Z",
  "spot": 84357,
  "sigma_d": 0.0005415605968803876,
  "ERI": 0.054156059688038764,
  "percentiles": {
    "p10": 0.05321509494893661,
    "p50": 0.11760864696000489,
    "p90": 0.17810142383398367
  },
  "ema": {
    "fast": 0.014266218878031287,
    "slow": 0.018141155343070918,
    "fast_period": 20,
    "slow_period": 100
  },
  "etv": {
    "horizon_days": 1,
    "risk_budget_usd": 100,
    "expected_move_usd": 45.68442727103886,
    "qty": 2.1889297069812215,
    "notional_usd": 184651.5432918149,
    "leverage": 1
  }
}