{
  "t": "2026-06-20T15:08:23.428Z",
  "spot": 63880,
  "sigma_d": 0.0018710121578825666,
  "ERI": 0.18710121578825667,
  "percentiles": {
    "p10": 0.053801812431051727,
    "p50": 0.14155481499050984,
    "p90": 0.19868732007533244
  },
  "ema": {
    "fast": 0.023332001998616184,
    "slow": 0.024205697978289906,
    "fast_period": 20,
    "slow_period": 100
  },
  "etv": {
    "horizon_days": 1,
    "risk_budget_usd": 100,
    "expected_move_usd": 119.52025664553835,
    "qty": 0.8366782569466057,
    "notional_usd": 53447.00705374917,
    "leverage": 1
  }
}