{
  "t": "2025-09-03T22:25:33.559Z",
  "spot": 112171,
  "sigma_d": 0.0005317712741460395,
  "ERI": 0.05317712741460395,
  "percentiles": {
    "p10": 0.05316647232598826,
    "p50": 0.12531274524422217,
    "p90": 0.1743299900549143
  },
  "ema": {
    "fast": 0.019209800994457304,
    "slow": 0.023107180475118515,
    "fast_period": 20,
    "slow_period": 100
  },
  "etv": {
    "horizon_days": 1,
    "risk_budget_usd": 100,
    "expected_move_usd": 59.6493155922354,
    "qty": 1.6764651699208613,
    "notional_usd": 188050.77457519292,
    "leverage": 1
  }
}