{
  "t": "2026-01-13T10:37:35.090Z",
  "spot": 92163,
  "sigma_d": 0.0005390629621820626,
  "ERI": 0.053906296218206265,
  "percentiles": {
    "p10": 0.05339829836591422,
    "p50": 0.13498620801601768,
    "p90": 0.1987794020330305
  },
  "ema": {
    "fast": 0.017347242402660668,
    "slow": 0.020090560572423352,
    "fast_period": 20,
    "slow_period": 100
  },
  "etv": {
    "horizon_days": 1,
    "risk_budget_usd": 100,
    "expected_move_usd": 49.68165978358544,
    "qty": 2.01281520053079,
    "notional_usd": 185507.0873265192,
    "leverage": 1
  }
}