{
  "t": "2026-03-21T10:40:28.335Z",
  "spot": 70602,
  "sigma_d": 0.0014600110161094794,
  "ERI": 0.14600110161094795,
  "percentiles": {
    "p10": 0.054444721018756484,
    "p50": 0.08743388947239925,
    "p90": 0.1872432688190251
  },
  "ema": {
    "fast": 0.026024277383152508,
    "slow": 0.020175743133232452,
    "fast_period": 20,
    "slow_period": 100
  },
  "etv": {
    "horizon_days": 1,
    "risk_budget_usd": 100,
    "expected_move_usd": 103.07969775936147,
    "qty": 0.9701231394124672,
    "notional_usd": 68492.63388879901,
    "leverage": 1
  }
}