{
  "t": "2026-05-04T18:25:33.493Z",
  "spot": 80227,
  "sigma_d": 0.000553114440846246,
  "ERI": 0.05531144408462459,
  "percentiles": {
    "p10": 0.053866954478401306,
    "p50": 0.06506598804478199,
    "p90": 0.1562624535741676
  },
  "ema": {
    "fast": 0.020376451033332525,
    "slow": 0.018421877348174638,
    "fast_period": 20,
    "slow_period": 100
  },
  "etv": {
    "horizon_days": 1,
    "risk_budget_usd": 100,
    "expected_move_usd": 44.374712245771775,
    "qty": 2.2535357400436653,
    "notional_usd": 180794.41181648313,
    "leverage": 1
  }
}