{
  "t": "2026-04-11T08:57:56.329Z",
  "spot": 72705,
  "sigma_d": 0.0016185738055402256,
  "ERI": 0.16185738055402255,
  "percentiles": {
    "p10": 0.05426586589085469,
    "p50": 0.14960145229136984,
    "p90": 0.19987809811828794
  },
  "ema": {
    "fast": 0.022420358236851394,
    "slow": 0.02297656442290888,
    "fast_period": 20,
    "slow_period": 100
  },
  "etv": {
    "horizon_days": 1,
    "risk_budget_usd": 100,
    "expected_move_usd": 117.6784085318021,
    "qty": 0.8497735586981142,
    "notional_usd": 61782.786585146394,
    "leverage": 1
  }
}