{
  "t": "2026-04-17T17:03:45.679Z",
  "spot": 77846,
  "sigma_d": 0.0017771463021805387,
  "ERI": 0.17771463021805387,
  "percentiles": {
    "p10": 0.05407933589544059,
    "p50": 0.11208584969589191,
    "p90": 0.2000791444040298
  },
  "ema": {
    "fast": 0.02250327833038414,
    "slow": 0.021067443456947197,
    "fast_period": 20,
    "slow_period": 100
  },
  "etv": {
    "horizon_days": 1,
    "risk_budget_usd": 100,
    "expected_move_usd": 138.3437310395462,
    "qty": 0.7228372348250065,
    "notional_usd": 56269.98738218746,
    "leverage": 1
  }
}