{
  "t": "2025-09-09T11:23:16.448Z",
  "spot": 112652,
  "sigma_d": 0.0008335873886974929,
  "ERI": 0.08335873886974929,
  "percentiles": {
    "p10": 0.05319420384459072,
    "p50": 0.1299100540011464,
    "p90": 0.17357633743876866
  },
  "ema": {
    "fast": 0.02269200530474709,
    "slow": 0.022409489400866144,
    "fast_period": 20,
    "slow_period": 100
  },
  "etv": {
    "horizon_days": 1,
    "risk_budget_usd": 100,
    "expected_move_usd": 93.90528651154997,
    "qty": 1.0649027729413338,
    "notional_usd": 119963.42717738714,
    "leverage": 1
  }
}