{
  "t": "2026-02-18T11:50:05.136Z",
  "spot": 67481,
  "sigma_d": 0.001839923784878774,
  "ERI": 0.1839923784878774,
  "percentiles": {
    "p10": 0.05452060877894781,
    "p50": 0.15077028754123334,
    "p90": 0.21367779299147685
  },
  "ema": {
    "fast": 0.028252600950130765,
    "slow": 0.02704462766018052,
    "fast_period": 20,
    "slow_period": 100
  },
  "etv": {
    "horizon_days": 1,
    "risk_budget_usd": 100,
    "expected_move_usd": 124.15989692740455,
    "qty": 0.8054130397552547,
    "notional_usd": 54350.077335724345,
    "leverage": 1
  }
}