{
  "t": "2025-12-14T21:26:43.143Z",
  "spot": 88665,
  "sigma_d": 0.0014004082222686116,
  "ERI": 0.14004082222686115,
  "percentiles": {
    "p10": 0.05350616490803346,
    "p50": 0.10362824201140318,
    "p90": 0.23609114079235086
  },
  "ema": {
    "fast": 0.018198773380938713,
    "slow": 0.016567569302307357,
    "fast_period": 20,
    "slow_period": 100
  },
  "etv": {
    "horizon_days": 1,
    "risk_budget_usd": 100,
    "expected_move_usd": 124.16719502744645,
    "qty": 0.805365700480675,
    "notional_usd": 71407.74983311904,
    "leverage": 1
  }
}