{
  "t": "2026-05-30T20:15:12.014Z",
  "spot": 73868,
  "sigma_d": 0.0020965102037648867,
  "ERI": 0.20965102037648867,
  "percentiles": {
    "p10": 0.05372729504333167,
    "p50": 0.12390785342632131,
    "p90": 0.18081700467492556
  },
  "ema": {
    "fast": 0.03484993699786891,
    "slow": 0.02651391585314527,
    "fast_period": 20,
    "slow_period": 100
  },
  "etv": {
    "horizon_days": 1,
    "risk_budget_usd": 100,
    "expected_move_usd": 154.86501573170466,
    "qty": 0.6457236292362158,
    "notional_usd": 47698.31304442079,
    "leverage": 1
  }
}