{
  "t": "2025-11-01T22:25:49.511Z",
  "spot": 109971,
  "sigma_d": 0.0005319877049131691,
  "ERI": 0.05319877049131691,
  "percentiles": {
    "p10": 0.053258196496831514,
    "p50": 0.07845869428410854,
    "p90": 0.1738178699415084
  },
  "ema": {
    "fast": 0.013989595068363654,
    "slow": 0.0196257904797895,
    "fast_period": 20,
    "slow_period": 100
  },
  "etv": {
    "horizon_days": 1,
    "risk_budget_usd": 100,
    "expected_move_usd": 58.50321989700612,
    "qty": 1.709307627444237,
    "notional_usd": 187974.26909767019,
    "leverage": 1
  }
}