{
  "t": "2025-11-11T06:42:34.153Z",
  "spot": 105054,
  "sigma_d": 0.0005364095542509296,
  "ERI": 0.05364095542509296,
  "percentiles": {
    "p10": 0.053262511273042906,
    "p50": 0.06439247106921651,
    "p90": 0.1726969419789878
  },
  "ema": {
    "fast": 0.014900044222765144,
    "slow": 0.016236665968935356,
    "fast_period": 20,
    "slow_period": 100
  },
  "etv": {
    "horizon_days": 1,
    "risk_budget_usd": 100,
    "expected_move_usd": 56.35196931227716,
    "qty": 1.7745608755187448,
    "notional_usd": 186424.7182167462,
    "leverage": 1
  }
}