{
  "t": "2025-09-30T22:26:00.795Z",
  "spot": 114060,
  "sigma_d": 0.0005300546600587435,
  "ERI": 0.05300546600587435,
  "percentiles": {
    "p10": 0.053226844763579396,
    "p50": 0.09645868466415272,
    "p90": 0.1632575585785727
  },
  "ema": {
    "fast": 0.02005670492309855,
    "slow": 0.021252469528102336,
    "fast_period": 20,
    "slow_period": 100
  },
  "etv": {
    "horizon_days": 1,
    "risk_budget_usd": 100,
    "expected_move_usd": 60.45803452630029,
    "qty": 1.654039877139874,
    "notional_usd": 188659.78838657404,
    "leverage": 1
  }
}