{
  "t": "2026-03-22T16:44:16.086Z",
  "spot": 68696,
  "sigma_d": 0.0016574912447852948,
  "ERI": 0.16574912447852946,
  "percentiles": {
    "p10": 0.054484500135043024,
    "p50": 0.08529499920613051,
    "p90": 0.18579135225810978
  },
  "ema": {
    "fast": 0.024230232427421734,
    "slow": 0.0205086596611231,
    "fast_period": 20,
    "slow_period": 100
  },
  "etv": {
    "horizon_days": 1,
    "risk_budget_usd": 100,
    "expected_move_usd": 113.86301855177061,
    "qty": 0.8782482782549151,
    "notional_usd": 60332.14372299965,
    "leverage": 1
  }
}