{
  "t": "2026-04-23T06:14:53.976Z",
  "spot": 78233,
  "sigma_d": 0.0005542090116189513,
  "ERI": 0.05542090116189513,
  "percentiles": {
    "p10": 0.05393220563953715,
    "p50": 0.08427465481953109,
    "p90": 0.18728725967505003
  },
  "ema": {
    "fast": 0.01704085425116381,
    "slow": 0.017654305347896276,
    "fast_period": 20,
    "slow_period": 100
  },
  "etv": {
    "horizon_days": 1,
    "risk_budget_usd": 100,
    "expected_move_usd": 43.35743360598542,
    "qty": 2.3064095746247113,
    "notional_usd": 180437.34025161504,
    "leverage": 1
  }
}