{
  "t": "2025-11-23T23:25:50.707Z",
  "spot": 86989,
  "sigma_d": 0.001383731066394607,
  "ERI": 0.1383731066394607,
  "percentiles": {
    "p10": 0.05319566311840973,
    "p50": 0.06726865049686767,
    "p90": 0.15465658478465544
  },
  "ema": {
    "fast": 0.022303682558003565,
    "slow": 0.018866837402256906,
    "fast_period": 20,
    "slow_period": 100
  },
  "etv": {
    "horizon_days": 1,
    "risk_budget_usd": 100,
    "expected_move_usd": 120.36938173460048,
    "qty": 0.8307760541670602,
    "notional_usd": 72268.3781759384,
    "leverage": 1
  }
}