{
  "t": "2026-01-15T22:33:38.665Z",
  "spot": 95708,
  "sigma_d": 0.0011385768422327884,
  "ERI": 0.11385768422327884,
  "percentiles": {
    "p10": 0.05345214576861427,
    "p50": 0.11742930767534866,
    "p90": 0.18823140886079134
  },
  "ema": {
    "fast": 0.01721988549283028,
    "slow": 0.01830336634498449,
    "fast_period": 20,
    "slow_period": 100
  },
  "etv": {
    "horizon_days": 1,
    "risk_budget_usd": 100,
    "expected_move_usd": 108.97091241641571,
    "qty": 0.917676082383024,
    "notional_usd": 87828.94249271446,
    "leverage": 1
  }
}