{
  "t": "2026-03-19T03:17:23.529Z",
  "spot": 71206,
  "sigma_d": 0.0005602487148482743,
  "ERI": 0.056024871484827425,
  "percentiles": {
    "p10": 0.05449094573647753,
    "p50": 0.09132198783387777,
    "p90": 0.1945705163146344
  },
  "ema": {
    "fast": 0.012385209394639624,
    "slow": 0.01790989535818339,
    "fast_period": 20,
    "slow_period": 100
  },
  "etv": {
    "horizon_days": 1,
    "risk_budget_usd": 100,
    "expected_move_usd": 39.89306998948622,
    "qty": 2.5067010392119458,
    "notional_usd": 178492.15419812582,
    "leverage": 1
  }
}