{
  "t": "2025-11-16T19:21:06.270Z",
  "spot": 94438,
  "sigma_d": 0.0005519623213590918,
  "ERI": 0.055196232135909185,
  "percentiles": {
    "p10": 0.053236346634995435,
    "p50": 0.05893840422589148,
    "p90": 0.1494451189889508
  },
  "ema": {
    "fast": 0.01206426082249723,
    "slow": 0.014380218735250378,
    "fast_period": 20,
    "slow_period": 100
  },
  "etv": {
    "horizon_days": 1,
    "risk_budget_usd": 100,
    "expected_move_usd": 52.12621770450991,
    "qty": 1.918420411142704,
    "notional_usd": 181171.78678749467,
    "leverage": 1
  }
}