{
  "t": "2026-03-24T09:04:15.062Z",
  "spot": 70961,
  "sigma_d": 0.0005432187078690569,
  "ERI": 0.054321870786905695,
  "percentiles": {
    "p10": 0.05450823009131296,
    "p50": 0.08221945908394312,
    "p90": 0.18293814580786247
  },
  "ema": {
    "fast": 0.02018145464566629,
    "slow": 0.020605665211221626,
    "fast_period": 20,
    "slow_period": 100
  },
  "etv": {
    "horizon_days": 1,
    "risk_budget_usd": 100,
    "expected_move_usd": 38.54734272909615,
    "qty": 2.594212542814745,
    "notional_usd": 184087.9162506771,
    "leverage": 1
  }
}