{
  "t": "2025-10-18T11:20:41.033Z",
  "spot": 106959,
  "sigma_d": 0.0005346366848549942,
  "ERI": 0.053463668485499424,
  "percentiles": {
    "p10": 0.053456777830512475,
    "p50": 0.06555177007935467,
    "p90": 0.1734841896653029
  },
  "ema": {
    "fast": 0.017287120483625795,
    "slow": 0.017002809324432083,
    "fast_period": 20,
    "slow_period": 100
  },
  "etv": {
    "horizon_days": 1,
    "risk_budget_usd": 100,
    "expected_move_usd": 57.184205175405324,
    "qty": 1.7487346321114832,
    "notional_usd": 187042.9075160121,
    "leverage": 1
  }
}