{
  "t": "2026-01-10T04:01:22.107Z",
  "spot": 90517,
  "sigma_d": 0.0007723691944980821,
  "ERI": 0.0772369194498082,
  "percentiles": {
    "p10": 0.05340456198130164,
    "p50": 0.15335854740013588,
    "p90": 0.1987794020330305
  },
  "ema": {
    "fast": 0.017533048206907275,
    "slow": 0.023489733393745996,
    "fast_period": 20,
    "slow_period": 100
  },
  "etv": {
    "horizon_days": 1,
    "risk_budget_usd": 100,
    "expected_move_usd": 69.9125423783829,
    "qty": 1.430358510763016,
    "notional_usd": 129471.76131873591,
    "leverage": 1
  }
}