{
  "t": "2026-03-01T09:40:05.909Z",
  "spot": 66396,
  "sigma_d": 0.0007888685084922336,
  "ERI": 0.07888685084922337,
  "percentiles": {
    "p10": 0.05390242635999399,
    "p50": 0.13181922079254077,
    "p90": 0.2043974653983321
  },
  "ema": {
    "fast": 0.021538202611429354,
    "slow": 0.023051436301004022,
    "fast_period": 20,
    "slow_period": 100
  },
  "etv": {
    "horizon_days": 1,
    "risk_budget_usd": 100,
    "expected_move_usd": 52.37771348985034,
    "qty": 1.9092089619257209,
    "notional_usd": 126763.83823602016,
    "leverage": 1
  }
}