{
  "t": "2026-05-02T19:14:47.740Z",
  "spot": 78452,
  "sigma_d": 0.0007149752625583105,
  "ERI": 0.07149752625583104,
  "percentiles": {
    "p10": 0.05383554500253685,
    "p50": 0.06439628613808543,
    "p90": 0.1568619937354151
  },
  "ema": {
    "fast": 0.01273061369893029,
    "slow": 0.015772358260453295,
    "fast_period": 20,
    "slow_period": 100
  },
  "etv": {
    "horizon_days": 1,
    "risk_budget_usd": 100,
    "expected_move_usd": 56.09123929822457,
    "qty": 1.782809601840358,
    "notional_usd": 139864.97888357978,
    "leverage": 1
  }
}