{
  "t": "2026-05-12T04:01:08.673Z",
  "spot": 81026,
  "sigma_d": 0.0005354014234717803,
  "ERI": 0.053540142347178035,
  "percentiles": {
    "p10": 0.05382124702337204,
    "p50": 0.0690214288059616,
    "p90": 0.16557122967126947
  },
  "ema": {
    "fast": 0.023055449965799477,
    "slow": 0.021126413240585163,
    "fast_period": 20,
    "slow_period": 100
  },
  "etv": {
    "horizon_days": 1,
    "risk_budget_usd": 100,
    "expected_move_usd": 43.381435738224475,
    "qty": 2.3051334815986158,
    "notional_usd": 186775.74548000944,
    "leverage": 1
  }
}