{
  "t": "2026-01-15T23:30:45.610Z",
  "spot": 95630,
  "sigma_d": 0.0008956692326111833,
  "ERI": 0.08956692326111833,
  "percentiles": {
    "p10": 0.053475191108682076,
    "p50": 0.11742930767534866,
    "p90": 0.18823140886079134
  },
  "ema": {
    "fast": 0.01720958560420835,
    "slow": 0.0182797697176046,
    "fast_period": 20,
    "slow_period": 100
  },
  "etv": {
    "horizon_days": 1,
    "risk_budget_usd": 100,
    "expected_move_usd": 85.65284871460746,
    "qty": 1.1675034923029448,
    "notional_usd": 111648.35896893061,
    "leverage": 1
  }
}