{
  "t": "2025-10-20T09:31:27.716Z",
  "spot": 110824,
  "sigma_d": 0.0007780026570257066,
  "ERI": 0.07780026570257066,
  "percentiles": {
    "p10": 0.05353697718190404,
    "p50": 0.06839865656882779,
    "p90": 0.1640874202492725
  },
  "ema": {
    "fast": 0.02003980096477124,
    "slow": 0.018102397574010103,
    "fast_period": 20,
    "slow_period": 100
  },
  "etv": {
    "horizon_days": 1,
    "risk_budget_usd": 100,
    "expected_move_usd": 86.2213664622169,
    "qty": 1.1598053255607013,
    "notional_usd": 128534.26539993916,
    "leverage": 1
  }
}