{
  "t": "2025-10-01T07:26:57.133Z",
  "spot": 114486,
  "sigma_d": 0.0005512310691051927,
  "ERI": 0.05512310691051927,
  "percentiles": {
    "p10": 0.053226844763579396,
    "p50": 0.0988402339060325,
    "p90": 0.16338634325204687
  },
  "ema": {
    "fast": 0.016440148661369638,
    "slow": 0.020249354849518664,
    "fast_period": 20,
    "slow_period": 100
  },
  "etv": {
    "horizon_days": 1,
    "risk_budget_usd": 100,
    "expected_move_usd": 63.108240177577095,
    "qty": 1.5845791249861356,
    "notional_usd": 181412.12570316272,
    "leverage": 1
  }
}