{
  "t": "2025-11-28T06:43:54.582Z",
  "spot": 91341,
  "sigma_d": 0.0018377957387140879,
  "ERI": 0.18377957387140878,
  "percentiles": {
    "p10": 0.05335455031076644,
    "p50": 0.12992389544411087,
    "p90": 0.1836109034745825
  },
  "ema": {
    "fast": 0.03407127188518057,
    "slow": 0.028099696193728887,
    "fast_period": 20,
    "slow_period": 100
  },
  "etv": {
    "horizon_days": 1,
    "risk_budget_usd": 100,
    "expected_move_usd": 167.8661005698835,
    "qty": 0.5957128905747678,
    "notional_usd": 54413.011137989866,
    "leverage": 1
  }
}