{
  "t": "2025-10-16T15:29:29.415Z",
  "spot": 110136,
  "sigma_d": 0.0005369363045713495,
  "ERI": 0.05369363045713495,
  "percentiles": {
    "p10": 0.05329631678182161,
    "p50": 0.06620958635712752,
    "p90": 0.1750558040786427
  },
  "ema": {
    "fast": 0.016724692724650488,
    "slow": 0.017977460622381255,
    "fast_period": 20,
    "slow_period": 100
  },
  "etv": {
    "horizon_days": 1,
    "risk_budget_usd": 100,
    "expected_move_usd": 59.136016840270145,
    "qty": 1.691016834463266,
    "notional_usd": 186241.83008044626,
    "leverage": 1
  }
}