{
  "t": "2025-10-02T23:23:20.921Z",
  "spot": 120637,
  "sigma_d": 0.0005862519327258666,
  "ERI": 0.05862519327258666,
  "percentiles": {
    "p10": 0.053220802800163065,
    "p50": 0.12222228747241046,
    "p90": 0.16422337553643407
  },
  "ema": {
    "fast": 0.016663997534758206,
    "slow": 0.018705768189980584,
    "fast_period": 20,
    "slow_period": 100
  },
  "etv": {
    "horizon_days": 1,
    "risk_budget_usd": 100,
    "expected_move_usd": 70.72367440825036,
    "qty": 1.4139536843455403,
    "notional_usd": 170575.13061839293,
    "leverage": 1
  }
}