{
  "t": "2026-05-09T11:07:59.828Z",
  "spot": 80258,
  "sigma_d": 0.000559899222380991,
  "ERI": 0.0559899222380991,
  "percentiles": {
    "p10": 0.05383554500253685,
    "p50": 0.06538260112670509,
    "p90": 0.1577654845894075
  },
  "ema": {
    "fast": 0.015313016148915726,
    "slow": 0.018442461249156022,
    "fast_period": 20,
    "slow_period": 100
  },
  "etv": {
    "horizon_days": 1,
    "risk_budget_usd": 100,
    "expected_move_usd": 44.93639178985357,
    "qty": 2.225367814746967,
    "notional_usd": 178603.57007596208,
    "leverage": 1
  }
}