{
  "t": "2025-11-13T07:28:13.879Z",
  "spot": 103933,
  "sigma_d": 0.000531483276321834,
  "ERI": 0.053148327632183405,
  "percentiles": {
    "p10": 0.05322038985378179,
    "p50": 0.06018836358307369,
    "p90": 0.1610780015509636
  },
  "ema": {
    "fast": 0.01630912945573686,
    "slow": 0.015632762936482296,
    "fast_period": 20,
    "slow_period": 100
  },
  "etv": {
    "horizon_days": 1,
    "risk_budget_usd": 100,
    "expected_move_usd": 55.238651357957174,
    "qty": 1.8103266017843305,
    "notional_usd": 188152.6747032508,
    "leverage": 1
  }
}