{
  "t": "2026-02-12T09:00:52.508Z",
  "spot": 67082,
  "sigma_d": 0.0005373163663727136,
  "ERI": 0.05373163663727135,
  "percentiles": {
    "p10": 0.05361094732751106,
    "p50": 0.12508908313715572,
    "p90": 0.21384409615990388
  },
  "ema": {
    "fast": 0.030496160654146984,
    "slow": 0.03517717412684724,
    "fast_period": 20,
    "slow_period": 100
  },
  "etv": {
    "horizon_days": 1,
    "risk_budget_usd": 100,
    "expected_move_usd": 36.04425648901437,
    "qty": 2.774367118114315,
    "notional_usd": 186110.0950173445,
    "leverage": 1
  }
}