{
  "t": "2026-03-17T13:46:52.702Z",
  "spot": 73786,
  "sigma_d": 0.001525566874900728,
  "ERI": 0.15255668749007278,
  "percentiles": {
    "p10": 0.054519215810150484,
    "p50": 0.11789423201361823,
    "p90": 0.19734676601485696
  },
  "ema": {
    "fast": 0.01767412095367108,
    "slow": 0.020873957827912792,
    "fast_period": 20,
    "slow_period": 100
  },
  "etv": {
    "horizon_days": 1,
    "risk_budget_usd": 100,
    "expected_move_usd": 112.56547743142511,
    "qty": 0.888371837279507,
    "notional_usd": 65549.4043855057,
    "leverage": 1
  }
}