{
  "t": "2025-09-12T08:33:51.412Z",
  "spot": 115202,
  "sigma_d": 0.0005333267877609564,
  "ERI": 0.05333267877609564,
  "percentiles": {
    "p10": 0.05308401231753661,
    "p50": 0.13059686885301164,
    "p90": 0.18254532882940133
  },
  "ema": {
    "fast": 0.01188001648785933,
    "slow": 0.019622662954540973,
    "fast_period": 20,
    "slow_period": 100
  },
  "etv": {
    "horizon_days": 1,
    "risk_budget_usd": 100,
    "expected_move_usd": 61.4403126036377,
    "qty": 1.6275958855404538,
    "notional_usd": 187502.30120603135,
    "leverage": 1
  }
}