{
  "t": "2025-11-19T14:31:23.692Z",
  "spot": 91074,
  "sigma_d": 0.001343194187201915,
  "ERI": 0.1343194187201915,
  "percentiles": {
    "p10": 0.053223914333599694,
    "p50": 0.05964898786323708,
    "p90": 0.15323225809601412
  },
  "ema": {
    "fast": 0.027594808251711754,
    "slow": 0.020517453696912887,
    "fast_period": 20,
    "slow_period": 100
  },
  "etv": {
    "horizon_days": 1,
    "risk_budget_usd": 100,
    "expected_move_usd": 122.33006740522721,
    "qty": 0.8174605158087811,
    "notional_usd": 74449.39901676893,
    "leverage": 1
  }
}