{
  "t": "2025-12-21T21:26:29.399Z",
  "spot": 88323,
  "sigma_d": 0.0005509936862630423,
  "ERI": 0.05509936862630423,
  "percentiles": {
    "p10": 0.05343540167561071,
    "p50": 0.05615143060626253,
    "p90": 0.1590189112775149
  },
  "ema": {
    "fast": 0.014386262312417696,
    "slow": 0.014701263769677838,
    "fast_period": 20,
    "slow_period": 100
  },
  "etv": {
    "horizon_days": 1,
    "risk_budget_usd": 100,
    "expected_move_usd": 48.66541535181069,
    "qty": 2.0548473546785275,
    "notional_usd": 181490.28290727158,
    "leverage": 1
  }
}