{
  "t": "2026-03-21T07:40:43.544Z",
  "spot": 70768,
  "sigma_d": 0.0016324400281083758,
  "ERI": 0.1632440028108376,
  "percentiles": {
    "p10": 0.054444721018756484,
    "p50": 0.08478427287911353,
    "p90": 0.1872432688190251
  },
  "ema": {
    "fast": 0.025232022244310818,
    "slow": 0.019674214274220572,
    "fast_period": 20,
    "slow_period": 100
  },
  "etv": {
    "horizon_days": 1,
    "risk_budget_usd": 100,
    "expected_move_usd": 115.52451590917354,
    "qty": 0.8656171308142155,
    "notional_usd": 61257.993113460405,
    "leverage": 1
  }
}