{
  "t": "2026-04-03T19:01:38.756Z",
  "spot": 66806,
  "sigma_d": 0.0019077559872286165,
  "ERI": 0.19077559872286165,
  "percentiles": {
    "p10": 0.054484343440830654,
    "p50": 0.10452874518305508,
    "p90": 0.1854346269229474
  },
  "ema": {
    "fast": 0.030517306893477186,
    "slow": 0.028853916396301933,
    "fast_period": 20,
    "slow_period": 100
  },
  "etv": {
    "horizon_days": 1,
    "risk_budget_usd": 100,
    "expected_move_usd": 127.44954648279496,
    "qty": 0.7846242121661805,
    "notional_usd": 52417.60511797386,
    "leverage": 1
  }
}