{
  "t": "2026-03-09T19:05:33.418Z",
  "spot": 68477,
  "sigma_d": 0.0015857779221504558,
  "ERI": 0.1585777922150456,
  "percentiles": {
    "p10": 0.054154835559940606,
    "p50": 0.12552066687733746,
    "p90": 0.1981648559903167
  },
  "ema": {
    "fast": 0.027032670173294172,
    "slow": 0.023645049133231157,
    "fast_period": 20,
    "slow_period": 100
  },
  "etv": {
    "horizon_days": 1,
    "risk_budget_usd": 100,
    "expected_move_usd": 108.58931477509677,
    "qty": 0.9209009211183771,
    "notional_usd": 63060.53237542311,
    "leverage": 1
  }
}