{
  "t": "2026-01-09T23:29:51.818Z",
  "spot": 90601,
  "sigma_d": 0.0010932975071857925,
  "ERI": 0.10932975071857925,
  "percentiles": {
    "p10": 0.05336717498269831,
    "p50": 0.15335854740013588,
    "p90": 0.1987794020330305
  },
  "ema": {
    "fast": 0.017595796626575455,
    "slow": 0.023740109281499867,
    "fast_period": 20,
    "slow_period": 100
  },
  "etv": {
    "horizon_days": 1,
    "risk_budget_usd": 100,
    "expected_move_usd": 99.05384744853998,
    "qty": 1.0095519010702896,
    "notional_usd": 91466.4117888693,
    "leverage": 1
  }
}