{
  "t": "2026-03-14T19:36:14.165Z",
  "spot": 70682,
  "sigma_d": 0.0018920150861308552,
  "ERI": 0.18920150861308552,
  "percentiles": {
    "p10": 0.054315493939741846,
    "p50": 0.11789423201361823,
    "p90": 0.19734676601485696
  },
  "ema": {
    "fast": 0.03077182088268013,
    "slow": 0.024185818256655518,
    "fast_period": 20,
    "slow_period": 100
  },
  "etv": {
    "horizon_days": 1,
    "risk_budget_usd": 100,
    "expected_move_usd": 133.7314103179011,
    "qty": 0.7477674823161133,
    "notional_usd": 52853.701185067526,
    "leverage": 1
  }
}