{
  "t": "2025-10-13T22:26:46.261Z",
  "spot": 115800,
  "sigma_d": 0.0016050429699686912,
  "ERI": 0.1605042969968691,
  "percentiles": {
    "p10": 0.05308106149812927,
    "p50": 0.059479393550670834,
    "p90": 0.17889867710438903
  },
  "ema": {
    "fast": 0.01868705464491588,
    "slow": 0.018202152982151713,
    "fast_period": 20,
    "slow_period": 100
  },
  "etv": {
    "horizon_days": 1,
    "risk_budget_usd": 100,
    "expected_move_usd": 185.86397592237444,
    "qty": 0.5380278749754321,
    "notional_usd": 62303.62792215504,
    "leverage": 1
  }
}