{
  "t": "2025-10-20T08:36:11.531Z",
  "spot": 111485,
  "sigma_d": 0.0015643043319214006,
  "ERI": 0.15643043319214006,
  "percentiles": {
    "p10": 0.05353697718190404,
    "p50": 0.06839865656882779,
    "p90": 0.1640874202492725
  },
  "ema": {
    "fast": 0.020584651603989354,
    "slow": 0.018167825405965878,
    "fast_period": 20,
    "slow_period": 100
  },
  "etv": {
    "horizon_days": 1,
    "risk_budget_usd": 100,
    "expected_move_usd": 174.39646844425735,
    "qty": 0.5734061067409927,
    "notional_usd": 63926.17981001957,
    "leverage": 1
  }
}