{
  "t": "2026-02-08T15:37:22.795Z",
  "spot": 71069,
  "sigma_d": 0.000551186706429555,
  "ERI": 0.0551186706429555,
  "percentiles": {
    "p10": 0.053325303755698696,
    "p50": 0.10952870428817138,
    "p90": 0.20354090018186194
  },
  "ema": {
    "fast": 0.018855058247019454,
    "slow": 0.0240743849408334,
    "fast_period": 20,
    "slow_period": 100
  },
  "etv": {
    "horizon_days": 1,
    "risk_budget_usd": 100,
    "expected_move_usd": 39.17228803924204,
    "qty": 2.552825096655624,
    "notional_usd": 181426.72679421853,
    "leverage": 1
  }
}