{
  "t": "2026-01-17T16:34:31.139Z",
  "spot": 95375,
  "sigma_d": 0.000564787031786871,
  "ERI": 0.0564787031786871,
  "percentiles": {
    "p10": 0.053352772125954184,
    "p50": 0.08037777686892733,
    "p90": 0.18573879197519533
  },
  "ema": {
    "fast": 0.011474593972646071,
    "slow": 0.015252665540797898,
    "fast_period": 20,
    "slow_period": 100
  },
  "etv": {
    "horizon_days": 1,
    "risk_budget_usd": 100,
    "expected_move_usd": 53.86656315667282,
    "qty": 1.8564392108912988,
    "notional_usd": 177057.88973875763,
    "leverage": 1
  }
}