{
  "t": "2026-01-28T07:36:27.935Z",
  "spot": 89084,
  "sigma_d": 0.0005335811972933985,
  "ERI": 0.05335811972933985,
  "percentiles": {
    "p10": 0.05321564735994288,
    "p50": 0.11760864696000489,
    "p90": 0.17810142383398367
  },
  "ema": {
    "fast": 0.017535171065169868,
    "slow": 0.02185701048561154,
    "fast_period": 20,
    "slow_period": 100
  },
  "etv": {
    "horizon_days": 1,
    "risk_budget_usd": 100,
    "expected_move_usd": 47.53354737968511,
    "qty": 2.1037773427938604,
    "notional_usd": 187412.90080544827,
    "leverage": 1
  }
}