{
  "t": "2025-09-27T22:24:24.296Z",
  "spot": 109697,
  "sigma_d": 0.0016613276917902045,
  "ERI": 0.16613276917902045,
  "percentiles": {
    "p10": 0.053230818692507224,
    "p50": 0.07075696535691048,
    "p90": 0.15854476589254068
  },
  "ema": {
    "fast": 0.02888187993046908,
    "slow": 0.024874375943305795,
    "fast_period": 20,
    "slow_period": 100
  },
  "etv": {
    "horizon_days": 1,
    "risk_budget_usd": 100,
    "expected_move_usd": 182.24266380631008,
    "qty": 0.5487189328305765,
    "notional_usd": 60192.82077471575,
    "leverage": 1
  }
}