{
  "t": "2026-05-04T04:02:54.340Z",
  "spot": 80316,
  "sigma_d": 0.0005761108143910026,
  "ERI": 0.05761108143910026,
  "percentiles": {
    "p10": 0.053866954478401306,
    "p50": 0.06459775606316089,
    "p90": 0.15574936288237334
  },
  "ema": {
    "fast": 0.021460597581330374,
    "slow": 0.01818624328165732,
    "fast_period": 20,
    "slow_period": 100
  },
  "etv": {
    "horizon_days": 1,
    "risk_budget_usd": 100,
    "expected_move_usd": 46.270916168627764,
    "qty": 2.1611847847482477,
    "notional_usd": 173577.71717184025,
    "leverage": 1
  }
}