{
  "t": "2025-09-07T18:32:21.494Z",
  "spot": 110966,
  "sigma_d": 0.0015059746976926788,
  "ERI": 0.15059746976926788,
  "percentiles": {
    "p10": 0.053319851164566855,
    "p50": 0.12742671379297926,
    "p90": 0.16914804321610402
  },
  "ema": {
    "fast": 0.0250337194012848,
    "slow": 0.022514669093810016,
    "fast_period": 20,
    "slow_period": 100
  },
  "etv": {
    "horizon_days": 1,
    "risk_budget_usd": 100,
    "expected_move_usd": 167.1119883041658,
    "qty": 0.5984011142156171,
    "notional_usd": 66402.17804005017,
    "leverage": 1
  }
}