{
  "t": "2026-04-23T15:20:35.122Z",
  "spot": 78450,
  "sigma_d": 0.0006561397036760346,
  "ERI": 0.06561397036760346,
  "percentiles": {
    "p10": 0.053952773582615667,
    "p50": 0.08316566843193629,
    "p90": 0.18530908317149902
  },
  "ema": {
    "fast": 0.01807520427685288,
    "slow": 0.017873353951152898,
    "fast_period": 20,
    "slow_period": 100
  },
  "etv": {
    "horizon_days": 1,
    "risk_budget_usd": 100,
    "expected_move_usd": 51.47415975338491,
    "qty": 1.9427223383364516,
    "notional_usd": 152406.56744249462,
    "leverage": 1
  }
}