{
  "t": "2026-06-09T04:19:43.727Z",
  "spot": 62862,
  "sigma_d": 0.0020493789508498938,
  "ERI": 0.20493789508498939,
  "percentiles": {
    "p10": 0.053588654576177557,
    "p50": 0.14096698021023496,
    "p90": 0.19659346416384868
  },
  "ema": {
    "fast": 0.027942092844960312,
    "slow": 0.02767677398285372,
    "fast_period": 20,
    "slow_period": 100
  },
  "etv": {
    "horizon_days": 1,
    "risk_budget_usd": 100,
    "expected_move_usd": 128.82805960832601,
    "qty": 0.7762284109845982,
    "notional_usd": 48795.27037131381,
    "leverage": 1
  }
}