{
  "t": "2026-01-07T04:07:22.877Z",
  "spot": 92830,
  "sigma_d": 0.0015147453749896186,
  "ERI": 0.15147453749896186,
  "percentiles": {
    "p10": 0.05356725749908423,
    "p50": 0.15981202158922828,
    "p90": 0.1935545606677201
  },
  "ema": {
    "fast": 0.02715902542577288,
    "slow": 0.02683211633787591,
    "fast_period": 20,
    "slow_period": 100
  },
  "etv": {
    "horizon_days": 1,
    "risk_budget_usd": 100,
    "expected_move_usd": 140.6138131602863,
    "qty": 0.7111676851121985,
    "notional_usd": 66017.69620896538,
    "leverage": 1
  }
}