{
  "t": "2026-06-14T09:54:00.048Z",
  "spot": 64551,
  "sigma_d": 0.0014438771243575556,
  "ERI": 0.14438771243575557,
  "percentiles": {
    "p10": 0.05358765594495179,
    "p50": 0.13913098208091262,
    "p90": 0.19825940003545983
  },
  "ema": {
    "fast": 0.02124641834820615,
    "slow": 0.025278103827354438,
    "fast_period": 20,
    "slow_period": 100
  },
  "etv": {
    "horizon_days": 1,
    "risk_budget_usd": 100,
    "expected_move_usd": 93.20371225440456,
    "qty": 1.0729186379083764,
    "notional_usd": 69257.9709956236,
    "leverage": 1
  }
}