{
  "t": "2026-01-08T23:26:28.312Z",
  "spot": 91196,
  "sigma_d": 0.0018126493760531118,
  "ERI": 0.18126493760531118,
  "percentiles": {
    "p10": 0.05339829836591422,
    "p50": 0.16776234960268785,
    "p90": 0.1987794020330305
  },
  "ema": {
    "fast": 0.02710417110085389,
    "slow": 0.026767126526957223,
    "fast_period": 20,
    "slow_period": 100
  },
  "etv": {
    "horizon_days": 1,
    "risk_budget_usd": 100,
    "expected_move_usd": 165.3063724985396,
    "qty": 0.6049373565491764,
    "notional_usd": 55167.86716785868,
    "leverage": 1
  }
}