{
  "t": "2026-04-05T20:47:49.615Z",
  "spot": 67586,
  "sigma_d": 0.0017868114794188212,
  "ERI": 0.1786811479418821,
  "percentiles": {
    "p10": 0.054447932990906334,
    "p50": 0.12946702786428838,
    "p90": 0.19342048328149297
  },
  "ema": {
    "fast": 0.02132116502686869,
    "slow": 0.02501205128184694,
    "fast_period": 20,
    "slow_period": 100
  },
  "etv": {
    "horizon_days": 1,
    "risk_budget_usd": 100,
    "expected_move_usd": 120.76344064800045,
    "qty": 0.828065178198082,
    "notional_usd": 55965.61313369557,
    "leverage": 1
  }
}