{
  "t": "2025-10-19T10:27:18.771Z",
  "spot": 107703,
  "sigma_d": 0.0014003047404418552,
  "ERI": 0.1400304740441855,
  "percentiles": {
    "p10": 0.053543295858698166,
    "p50": 0.06839865656882779,
    "p90": 0.1703786555157907
  },
  "ema": {
    "fast": 0.01782600013427425,
    "slow": 0.017298145849897365,
    "fast_period": 20,
    "slow_period": 100
  },
  "etv": {
    "horizon_days": 1,
    "risk_budget_usd": 100,
    "expected_move_usd": 150.81702145980913,
    "qty": 0.6630551315233921,
    "notional_usd": 71413.0268304639,
    "leverage": 1
  }
}