{
  "t": "2025-09-03T06:17:01.925Z",
  "spot": 110740.99,
  "sigma_d": 0.0008664321204212164,
  "ERI": 0.08664321204212164,
  "percentiles": {
    "p10": 0.054491460419804544,
    "p50": 0.12574325818875062,
    "p90": 0.1758271838295476
  },
  "ema": {
    "fast": 0.023188091966699406,
    "slow": 0.02426814993276373,
    "fast_period": 20,
    "slow_period": 100
  },
  "etv": {
    "horizon_days": 1,
    "risk_budget_usd": 100,
    "expected_move_usd": 95.94955078324472,
    "qty": 1.0422143635242802,
    "notional_usd": 115415.85040889868,
    "leverage": 1
  }
}