{
  "t": "2025-09-10T12:53:36.955Z",
  "spot": 113073,
  "sigma_d": 0.0016284816092310543,
  "ERI": 0.16284816092310542,
  "percentiles": {
    "p10": 0.05325286218492442,
    "p50": 0.13433300115288985,
    "p90": 0.17446087151565937
  },
  "ema": {
    "fast": 0.024608212797223493,
    "slow": 0.024085619488195802,
    "fast_period": 20,
    "slow_period": 100
  },
  "etv": {
    "horizon_days": 1,
    "risk_budget_usd": 100,
    "expected_move_usd": 184.137301000583,
    "qty": 0.5430730191906277,
    "notional_usd": 61406.89549894184,
    "leverage": 1
  }
}