{
  "t": "2025-10-30T15:32:20.498Z",
  "spot": 107851,
  "sigma_d": 0.001645582979460824,
  "ERI": 0.1645582979460824,
  "percentiles": {
    "p10": 0.05331131179616992,
    "p50": 0.07793287563657406,
    "p90": 0.16741250956580772
  },
  "ema": {
    "fast": 0.019278335961604852,
    "slow": 0.019220159880333973,
    "fast_period": 20,
    "slow_period": 100
  },
  "etv": {
    "horizon_days": 1,
    "risk_budget_usd": 100,
    "expected_move_usd": 177.4777699178293,
    "qty": 0.5634508482177748,
    "notional_usd": 60768.73743113523,
    "leverage": 1
  }
}