{
  "t": "2025-09-19T20:27:46.675Z",
  "spot": 115408,
  "sigma_d": 0.0005457801418300073,
  "ERI": 0.054578014183000734,
  "percentiles": {
    "p10": 0.0529892658871037,
    "p50": 0.05648444438627068,
    "p90": 0.16255208016838107
  },
  "ema": {
    "fast": 0.012222300380594684,
    "slow": 0.013515225124241487,
    "fast_period": 20,
    "slow_period": 100
  },
  "etv": {
    "horizon_days": 1,
    "risk_budget_usd": 100,
    "expected_move_usd": 62.98739460831749,
    "qty": 1.5876192470230384,
    "notional_usd": 183223.9620604348,
    "leverage": 1
  }
}