{
  "t": "2026-04-16T03:41:31.880Z",
  "spot": 74998,
  "sigma_d": 0.0005387171023183676,
  "ERI": 0.05387171023183676,
  "percentiles": {
    "p10": 0.05409098683213948,
    "p50": 0.130096964044926,
    "p90": 0.2000791444040298
  },
  "ema": {
    "fast": 0.016502209564874713,
    "slow": 0.020909899900596916,
    "fast_period": 20,
    "slow_period": 100
  },
  "etv": {
    "horizon_days": 1,
    "risk_budget_usd": 100,
    "expected_move_usd": 40.40270523967293,
    "qty": 2.475081789865057,
    "notional_usd": 185626.18407629954,
    "leverage": 1
  }
}