{
  "t": "2025-09-15T13:32:43.518Z",
  "spot": 115055,
  "sigma_d": 0.0005305681770485755,
  "ERI": 0.053056817704857547,
  "percentiles": {
    "p10": 0.05298946810701005,
    "p50": 0.0777956898310925,
    "p90": 0.17769865078352132
  },
  "ema": {
    "fast": 0.013751355374326635,
    "slow": 0.015424267298968931,
    "fast_period": 20,
    "slow_period": 100
  },
  "etv": {
    "horizon_days": 1,
    "risk_budget_usd": 100,
    "expected_move_usd": 61.044521610323855,
    "qty": 1.6381486390924225,
    "notional_usd": 188477.19167077867,
    "leverage": 1
  }
}