{
  "t": "2026-03-28T05:25:00.284Z",
  "spot": 66251,
  "sigma_d": 0.0005976592152460039,
  "ERI": 0.05976592152460039,
  "percentiles": {
    "p10": 0.05450823009131296,
    "p50": 0.07420465026019096,
    "p90": 0.1781806660837669
  },
  "ema": {
    "fast": 0.016947353604754415,
    "slow": 0.01989928182291823,
    "fast_period": 20,
    "slow_period": 100
  },
  "etv": {
    "horizon_days": 1,
    "risk_budget_usd": 100,
    "expected_move_usd": 39.595520669263,
    "qty": 2.5255382000223943,
    "notional_usd": 167319.43128968365,
    "leverage": 1
  }
}