{
  "t": "2026-05-26T08:40:35.926Z",
  "spot": 76723,
  "sigma_d": 0.0011726320350042385,
  "ERI": 0.11726320350042385,
  "percentiles": {
    "p10": 0.053754352298807394,
    "p50": 0.1055474889946683,
    "p90": 0.17136324826956448
  },
  "ema": {
    "fast": 0.0245772777734444,
    "slow": 0.022303868984516695,
    "fast_period": 20,
    "slow_period": 100
  },
  "etv": {
    "horizon_days": 1,
    "risk_budget_usd": 100,
    "expected_move_usd": 89.96784762163018,
    "qty": 1.1115081959119568,
    "notional_usd": 85278.24331495307,
    "leverage": 1
  }
}