{
  "t": "2025-12-01T13:44:36.726Z",
  "spot": 85769,
  "sigma_d": 0.001225779316928953,
  "ERI": 0.12257793169289531,
  "percentiles": {
    "p10": 0.053686371751819624,
    "p50": 0.14257874432076317,
    "p90": 0.19269846184236292
  },
  "ema": {
    "fast": 0.023349889004065736,
    "slow": 0.027908667206769378,
    "fast_period": 20,
    "slow_period": 100
  },
  "etv": {
    "horizon_days": 1,
    "risk_budget_usd": 100,
    "expected_move_usd": 105.13386623367938,
    "qty": 0.9511682922202402,
    "notional_usd": 81580.75325543778,
    "leverage": 1
  }
}