{
  "t": "2026-04-26T17:53:25.491Z",
  "spot": 78042,
  "sigma_d": 0.0005375522156353617,
  "ERI": 0.053755221563536175,
  "percentiles": {
    "p10": 0.05382385284426585,
    "p50": 0.07273579258898913,
    "p90": 0.17289773223622268
  },
  "ema": {
    "fast": 0.012732133501052973,
    "slow": 0.01647626457251646,
    "fast_period": 20,
    "slow_period": 100
  },
  "etv": {
    "horizon_days": 1,
    "risk_budget_usd": 100,
    "expected_move_usd": 41.9516500126149,
    "qty": 2.383696468909564,
    "notional_usd": 186028.4398266402,
    "leverage": 1
  }
}