{
  "t": "2025-10-17T11:22:57.187Z",
  "spot": 105993,
  "sigma_d": 0.0005338629908532982,
  "ERI": 0.053386299085329825,
  "percentiles": {
    "p10": 0.05334870482499675,
    "p50": 0.06383711817251947,
    "p90": 0.1750558040786427
  },
  "ema": {
    "fast": 0.013169118154369611,
    "slow": 0.016537180976766687,
    "fast_period": 20,
    "slow_period": 100
  },
  "etv": {
    "horizon_days": 1,
    "risk_budget_usd": 100,
    "expected_move_usd": 56.58573998951364,
    "qty": 1.767229694593228,
    "notional_usd": 187313.97701902,
    "leverage": 1
  }
}