{
  "t": "2026-01-24T15:30:02.413Z",
  "spot": 89257,
  "sigma_d": 0.0015654515860704708,
  "ERI": 0.1565451586070471,
  "percentiles": {
    "p10": 0.053155782724080586,
    "p50": 0.08135766480236106,
    "p90": 0.17188924640986158
  },
  "ema": {
    "fast": 0.031119393977427558,
    "slow": 0.026429087212156234,
    "fast_period": 20,
    "slow_period": 100
  },
  "etv": {
    "horizon_days": 1,
    "risk_budget_usd": 100,
    "expected_move_usd": 139.727512217892,
    "qty": 0.7156786692377327,
    "notional_usd": 63879.33098015231,
    "leverage": 1
  }
}