{
  "t": "2026-03-27T11:04:09.027Z",
  "spot": 66387,
  "sigma_d": 0.000814180937000599,
  "ERI": 0.08141809370005991,
  "percentiles": {
    "p10": 0.05452403731817776,
    "p50": 0.07558714635529357,
    "p90": 0.17925429187722577
  },
  "ema": {
    "fast": 0.025500087517508135,
    "slow": 0.02148644550570954,
    "fast_period": 20,
    "slow_period": 100
  },
  "etv": {
    "horizon_days": 1,
    "risk_budget_usd": 100,
    "expected_move_usd": 54.051029864658766,
    "qty": 1.8501035086731057,
    "notional_usd": 122822.82163028147,
    "leverage": 1
  }
}