{
  "t": "2026-02-27T23:35:02.190Z",
  "spot": 65878,
  "sigma_d": 0.0016000925823233818,
  "ERI": 0.1600092582323382,
  "percentiles": {
    "p10": 0.053943606700607674,
    "p50": 0.1360475624950379,
    "p90": 0.2043380258057758
  },
  "ema": {
    "fast": 0.02007657253483501,
    "slow": 0.0220457324470291,
    "fast_period": 20,
    "slow_period": 100
  },
  "etv": {
    "horizon_days": 1,
    "risk_budget_usd": 100,
    "expected_move_usd": 105.41089913829974,
    "qty": 0.9486685040870336,
    "notional_usd": 62496.3837122456,
    "leverage": 1
  }
}