{
  "t": "2026-01-24T10:33:16.827Z",
  "spot": 89479,
  "sigma_d": 0.0017077344335432823,
  "ERI": 0.17077344335432823,
  "percentiles": {
    "p10": 0.053155782724080586,
    "p50": 0.0771798468496408,
    "p90": 0.17188770563705352
  },
  "ema": {
    "fast": 0.031045566677151658,
    "slow": 0.025912676628818784,
    "fast_period": 20,
    "slow_period": 100
  },
  "etv": {
    "horizon_days": 1,
    "risk_budget_usd": 100,
    "expected_move_usd": 152.80636937901934,
    "qty": 0.6544229825391704,
    "notional_usd": 58557.11405462243,
    "leverage": 1
  }
}