{
  "t": "2026-02-13T19:51:30.553Z",
  "spot": 68997,
  "sigma_d": 0.0005390498323701709,
  "ERI": 0.0539049832370171,
  "percentiles": {
    "p10": 0.054073581412087644,
    "p50": 0.1339287278862089,
    "p90": 0.21384409615990388
  },
  "ema": {
    "fast": 0.02166094378740655,
    "slow": 0.02990071132261667,
    "fast_period": 20,
    "slow_period": 100
  },
  "etv": {
    "horizon_days": 1,
    "risk_budget_usd": 100,
    "expected_move_usd": 37.19282128404468,
    "qty": 2.6886908964579925,
    "notional_usd": 185511.6057829121,
    "leverage": 1
  }
}