{
  "t": "2025-09-24T17:25:58.824Z",
  "spot": 113799,
  "sigma_d": 0.001675512777554083,
  "ERI": 0.16755127775540832,
  "percentiles": {
    "p10": 0.05310349725701772,
    "p50": 0.05803147163733843,
    "p90": 0.13014420328191567
  },
  "ema": {
    "fast": 0.021077002159585006,
    "slow": 0.01606100332258338,
    "fast_period": 20,
    "slow_period": 100
  },
  "etv": {
    "horizon_days": 1,
    "risk_budget_usd": 100,
    "expected_move_usd": 190.67167857287708,
    "qty": 0.5244617383581629,
    "notional_usd": 59683.22136342058,
    "leverage": 1
  }
}