{
  "t": "2025-09-04T12:51:25.668Z",
  "spot": 110747,
  "sigma_d": 0.0009573946756799772,
  "ERI": 0.09573946756799773,
  "percentiles": {
    "p10": 0.05322770371144904,
    "p50": 0.12683239243297995,
    "p90": 0.1763482279197207
  },
  "ema": {
    "fast": 0.022331169681464345,
    "slow": 0.023435292982360512,
    "fast_period": 20,
    "slow_period": 100
  },
  "etv": {
    "horizon_days": 1,
    "risk_budget_usd": 100,
    "expected_move_usd": 106.02858814753044,
    "qty": 0.9431418615218932,
    "notional_usd": 104450.1317379651,
    "leverage": 1
  }
}