{
  "t": "2026-02-19T21:44:37.628Z",
  "spot": 66981,
  "sigma_d": 0.0014739741520868664,
  "ERI": 0.14739741520868663,
  "percentiles": {
    "p10": 0.05497562937063896,
    "p50": 0.15036626699376945,
    "p90": 0.2101189821507305
  },
  "ema": {
    "fast": 0.022598207295252158,
    "slow": 0.025109079669294165,
    "fast_period": 20,
    "slow_period": 100
  },
  "etv": {
    "horizon_days": 1,
    "risk_budget_usd": 100,
    "expected_move_usd": 98.7282626809304,
    "qty": 1.012881188066477,
    "notional_usd": 67843.7948578807,
    "leverage": 1
  }
}