{
  "t": "2026-05-18T14:37:04.098Z",
  "spot": 76337,
  "sigma_d": 0.0005544743116629672,
  "ERI": 0.055447431166296725,
  "percentiles": {
    "p10": 0.05363576496625867,
    "p50": 0.06506598804478199,
    "p90": 0.16858564388101388
  },
  "ema": {
    "fast": 0.014946228128302517,
    "slow": 0.018029204899619473,
    "fast_period": 20,
    "slow_period": 100
  },
  "etv": {
    "horizon_days": 1,
    "risk_budget_usd": 100,
    "expected_move_usd": 42.32690552941593,
    "qty": 2.3625634510536804,
    "notional_usd": 180351.0061630848,
    "leverage": 1
  }
}