{
  "t": "2026-04-10T23:48:30.658Z",
  "spot": 72957,
  "sigma_d": 0.0018790309383558159,
  "ERI": 0.1879030938355816,
  "percentiles": {
    "p10": 0.05428550094269611,
    "p50": 0.13483748244501248,
    "p90": 0.19987809811828794
  },
  "ema": {
    "fast": 0.019893532557653606,
    "slow": 0.02264289895870518,
    "fast_period": 20,
    "slow_period": 100
  },
  "etv": {
    "horizon_days": 1,
    "risk_budget_usd": 100,
    "expected_move_usd": 137.08846016962525,
    "qty": 0.7294560014480128,
    "notional_usd": 53218.921497642674,
    "leverage": 1
  }
}