{
  "t": "2025-10-14T16:34:32.732Z",
  "spot": 112650,
  "sigma_d": 0.0011322772485357466,
  "ERI": 0.11322772485357466,
  "percentiles": {
    "p10": 0.05311129209683805,
    "p50": 0.060879696110310036,
    "p90": 0.17889867710438903
  },
  "ema": {
    "fast": 0.01722098363025976,
    "slow": 0.017491751778875467,
    "fast_period": 20,
    "slow_period": 100
  },
  "etv": {
    "horizon_days": 1,
    "risk_budget_usd": 100,
    "expected_move_usd": 127.55103204755186,
    "qty": 0.7839999284578062,
    "notional_usd": 88317.59194077186,
    "leverage": 1
  }
}