{
  "t": "2026-01-11T11:25:41.409Z",
  "spot": 90586,
  "sigma_d": 0.00115687698232108,
  "ERI": 0.115687698232108,
  "percentiles": {
    "p10": 0.05340456198130164,
    "p50": 0.1376151641200012,
    "p90": 0.1987794020330305
  },
  "ema": {
    "fast": 0.02026578283606603,
    "slow": 0.021384127747801126,
    "fast_period": 20,
    "slow_period": 100
  },
  "etv": {
    "horizon_days": 1,
    "risk_budget_usd": 100,
    "expected_move_usd": 104.79685832053735,
    "qty": 0.954227078965808,
    "notional_usd": 86439.6141751967,
    "leverage": 1
  }
}