{
  "t": "2026-04-19T13:22:21.870Z",
  "spot": 76027,
  "sigma_d": 0.0005390865012630326,
  "ERI": 0.05390865012630326,
  "percentiles": {
    "p10": 0.05401963308775988,
    "p50": 0.1118857296021491,
    "p90": 0.19987809811828794
  },
  "ema": {
    "fast": 0.018153037881889458,
    "slow": 0.020119682869582444,
    "fast_period": 20,
    "slow_period": 100
  },
  "etv": {
    "horizon_days": 1,
    "risk_budget_usd": 100,
    "expected_move_usd": 40.985129431524584,
    "qty": 2.4399093375336,
    "notional_usd": 185498.987204667,
    "leverage": 1
  }
}