{
  "t": "2025-12-13T13:33:46.956Z",
  "spot": 90256,
  "sigma_d": 0.0005535994952059228,
  "ERI": 0.05535994952059228,
  "percentiles": {
    "p10": 0.05357517086506139,
    "p50": 0.15484648606158047,
    "p90": 0.2363877997195679
  },
  "ema": {
    "fast": 0.012855699509879819,
    "slow": 0.017908620157940414,
    "fast_period": 20,
    "slow_period": 100
  },
  "etv": {
    "horizon_days": 1,
    "risk_budget_usd": 100,
    "expected_move_usd": 49.96567603930577,
    "qty": 2.0013739015826477,
    "notional_usd": 180636.00286124344,
    "leverage": 1
  }
}