{
  "t": "2025-11-25T05:31:22.125Z",
  "spot": 87979,
  "sigma_d": 0.000535718647167621,
  "ERI": 0.0535718647167621,
  "percentiles": {
    "p10": 0.053243001301198106,
    "p50": 0.07506628126496677,
    "p90": 0.15835363252915538
  },
  "ema": {
    "fast": 0.021620741502942183,
    "slow": 0.020188555722427864,
    "fast_period": 20,
    "slow_period": 100
  },
  "etv": {
    "horizon_days": 1,
    "risk_budget_usd": 100,
    "expected_move_usd": 47.131990859160126,
    "qty": 2.121701166810885,
    "notional_usd": 186665.14695485483,
    "leverage": 1
  }
}