{
  "t": "2026-03-28T19:39:18.321Z",
  "spot": 66827,
  "sigma_d": 0.001817964974984399,
  "ERI": 0.1817964974984399,
  "percentiles": {
    "p10": 0.05450823009131296,
    "p50": 0.07558714635529357,
    "p90": 0.1805426406810253
  },
  "ema": {
    "fast": 0.0229146994218575,
    "slow": 0.020594780876896698,
    "fast_period": 20,
    "slow_period": 100
  },
  "etv": {
    "horizon_days": 1,
    "risk_budget_usd": 100,
    "expected_move_usd": 121.48914538328243,
    "qty": 0.8231188036142079,
    "notional_usd": 55006.56028912667,
    "leverage": 1
  }
}