{
  "t": "2025-12-05T12:59:08.125Z",
  "spot": 91251,
  "sigma_d": 0.0019703994555026194,
  "ERI": 0.19703994555026194,
  "percentiles": {
    "p10": 0.05469765865276163,
    "p50": 0.16059154677303406,
    "p90": 0.2011273727080149
  },
  "ema": {
    "fast": 0.023926530470353126,
    "slow": 0.026853019832741926,
    "fast_period": 20,
    "slow_period": 100
  },
  "etv": {
    "horizon_days": 1,
    "risk_budget_usd": 100,
    "expected_move_usd": 179.80092071406952,
    "qty": 0.5561706781191968,
    "notional_usd": 50751.13054905483,
    "leverage": 1
  }
}