{
  "t": "2026-02-19T22:46:44.294Z",
  "spot": 66812,
  "sigma_d": 0.001326550423804091,
  "ERI": 0.1326550423804091,
  "percentiles": {
    "p10": 0.05497562937063896,
    "p50": 0.1500352746341041,
    "p90": 0.2101189821507305
  },
  "ema": {
    "fast": 0.02285968376822391,
    "slow": 0.025113725819633996,
    "fast_period": 20,
    "slow_period": 100
  },
  "etv": {
    "horizon_days": 1,
    "risk_budget_usd": 100,
    "expected_move_usd": 88.62948691519892,
    "qty": 1.1282926651226182,
    "notional_usd": 75383.48954217236,
    "leverage": 1
  }
}