{
  "t": "2026-04-17T13:54:07.388Z",
  "spot": 77182,
  "sigma_d": 0.0005507768996795609,
  "ERI": 0.05507768996795609,
  "percentiles": {
    "p10": 0.05407933589544059,
    "p50": 0.1118857296021491,
    "p90": 0.2000791444040298
  },
  "ema": {
    "fast": 0.01998327993895303,
    "slow": 0.02054488200920302,
    "fast_period": 20,
    "slow_period": 100
  },
  "etv": {
    "horizon_days": 1,
    "risk_budget_usd": 100,
    "expected_move_usd": 42.51006267106787,
    "qty": 2.3523842054474193,
    "notional_usd": 181561.71774484272,
    "leverage": 1
  }
}