{
  "t": "2026-01-12T06:53:08.911Z",
  "spot": 91717,
  "sigma_d": 0.0014591317193683407,
  "ERI": 0.14591317193683406,
  "percentiles": {
    "p10": 0.05344432580036459,
    "p50": 0.1421010625361297,
    "p90": 0.1987794020330305
  },
  "ema": {
    "fast": 0.021352640146434818,
    "slow": 0.021757675438808344,
    "fast_period": 20,
    "slow_period": 100
  },
  "etv": {
    "horizon_days": 1,
    "risk_budget_usd": 100,
    "expected_move_usd": 133.8271839053061,
    "qty": 0.7472323416052626,
    "notional_usd": 68533.90867500988,
    "leverage": 1
  }
}