{
  "t": "2026-01-25T20:34:32.771Z",
  "spot": 86285,
  "sigma_d": 0.0005400497294060643,
  "ERI": 0.05400497294060643,
  "percentiles": {
    "p10": 0.053155782724080586,
    "p50": 0.10838243298113939,
    "p90": 0.17208196228291675
  },
  "ema": {
    "fast": 0.0208134431225858,
    "slow": 0.024432922733607698,
    "fast_period": 20,
    "slow_period": 100
  },
  "etv": {
    "horizon_days": 1,
    "risk_budget_usd": 100,
    "expected_move_usd": 46.59819090180226,
    "qty": 2.1460060587058614,
    "notional_usd": 185168.13277543525,
    "leverage": 1
  }
}