{
  "t": "2025-11-05T06:40:50.757Z",
  "spot": 102008,
  "sigma_d": 0.0005319869179295242,
  "ERI": 0.05319869179295242,
  "percentiles": {
    "p10": 0.053203071539855706,
    "p50": 0.0855497426876933,
    "p90": 0.17408365096621453
  },
  "ema": {
    "fast": 0.016585409708474094,
    "slow": 0.01827396411670969,
    "fast_period": 20,
    "slow_period": 100
  },
  "etv": {
    "horizon_days": 1,
    "risk_budget_usd": 100,
    "expected_move_usd": 54.2669215241549,
    "qty": 1.8427431885092047,
    "notional_usd": 187974.54717344695,
    "leverage": 1
  }
}