{
  "t": "2026-01-07T20:36:11.098Z",
  "spot": 90893,
  "sigma_d": 0.0016425510886557925,
  "ERI": 0.16425510886557926,
  "percentiles": {
    "p10": 0.05344432580036459,
    "p50": 0.16135744062852408,
    "p90": 0.19499864525190808
  },
  "ema": {
    "fast": 0.029217765940271128,
    "slow": 0.027391502017792318,
    "fast_period": 20,
    "slow_period": 100
  },
  "etv": {
    "horizon_days": 1,
    "risk_budget_usd": 100,
    "expected_move_usd": 149.29639610119094,
    "qty": 0.6698085326334431,
    "notional_usd": 60880.90695665154,
    "leverage": 1
  }
}