{
  "t": "2025-12-31T04:04:47.652Z",
  "spot": 88352,
  "sigma_d": 0.0005582450916034072,
  "ERI": 0.05582450916034072,
  "percentiles": {
    "p10": 0.05363583835294846,
    "p50": 0.1494375813623157,
    "p90": 0.1770085932382241
  },
  "ema": {
    "fast": 0.018178757549540767,
    "slow": 0.025861653590670646,
    "fast_period": 20,
    "slow_period": 100
  },
  "etv": {
    "horizon_days": 1,
    "risk_budget_usd": 100,
    "expected_move_usd": 49.322070333344236,
    "qty": 2.027489911192858,
    "notional_usd": 179132.7886337114,
    "leverage": 1
  }
}