{
  "t": "2025-11-07T16:32:29.006Z",
  "spot": 101479,
  "sigma_d": 0.0006177008435292793,
  "ERI": 0.06177008435292793,
  "percentiles": {
    "p10": 0.05319278353489973,
    "p50": 0.06075315371018493,
    "p90": 0.17421358582124233
  },
  "ema": {
    "fast": 0.013843658858063643,
    "slow": 0.018260429129825822,
    "fast_period": 20,
    "slow_period": 100
  },
  "etv": {
    "horizon_days": 1,
    "risk_budget_usd": 100,
    "expected_move_usd": 62.68366390050773,
    "qty": 1.5953119804662537,
    "notional_usd": 161890.66446573497,
    "leverage": 1
  }
}