{
  "t": "2026-03-29T23:45:10.607Z",
  "spot": 65928,
  "sigma_d": 0.0019943121058921794,
  "ERI": 0.19943121058921795,
  "percentiles": {
    "p10": 0.054559859531896064,
    "p50": 0.08162431188657016,
    "p90": 0.17925429187722577
  },
  "ema": {
    "fast": 0.027097125485415856,
    "slow": 0.023266354267931437,
    "fast_period": 20,
    "slow_period": 100
  },
  "etv": {
    "horizon_days": 1,
    "risk_budget_usd": 100,
    "expected_move_usd": 131.4810085172596,
    "qty": 0.7605661161845509,
    "notional_usd": 50142.602907815075,
    "leverage": 1
  }
}