{
  "t": "2026-01-01T20:33:44.153Z",
  "spot": 88219,
  "sigma_d": 0.0005399470083338081,
  "ERI": 0.05399470083338081,
  "percentiles": {
    "p10": 0.05455637390811524,
    "p50": 0.15428850315115827,
    "p90": 0.18372789989009
  },
  "ema": {
    "fast": 0.025919546025369684,
    "slow": 0.026598267936750426,
    "fast_period": 20,
    "slow_period": 100
  },
  "etv": {
    "horizon_days": 1,
    "risk_budget_usd": 100,
    "expected_move_usd": 47.63358512820022,
    "qty": 2.099359091507845,
    "notional_usd": 185203.35969373057,
    "leverage": 1
  }
}