{
  "t": "2025-12-26T02:21:25.206Z",
  "spot": 88613,
  "sigma_d": 0.0007131273239538808,
  "ERI": 0.07131273239538807,
  "percentiles": {
    "p10": 0.05346815503075944,
    "p50": 0.08032595737140551,
    "p90": 0.16896380694936142
  },
  "ema": {
    "fast": 0.022774817132169372,
    "slow": 0.023577159845992478,
    "fast_period": 20,
    "slow_period": 100
  },
  "etv": {
    "horizon_days": 1,
    "risk_budget_usd": 100,
    "expected_move_usd": 63.192351557525235,
    "qty": 1.582469990991996,
    "notional_usd": 140227.41331177374,
    "leverage": 1
  }
}