{
  "t": "2025-12-20T06:42:29.356Z",
  "spot": 88275,
  "sigma_d": 0.0005646412180883402,
  "ERI": 0.05646412180883402,
  "percentiles": {
    "p10": 0.05343540167561071,
    "p50": 0.0579854105782687,
    "p90": 0.16347030090647133
  },
  "ema": {
    "fast": 0.015080765211442906,
    "slow": 0.01633567877174914,
    "fast_period": 20,
    "slow_period": 100
  },
  "etv": {
    "horizon_days": 1,
    "risk_budget_usd": 100,
    "expected_move_usd": 49.84370352674823,
    "qty": 2.0062714630813057,
    "notional_usd": 177103.61340350227,
    "leverage": 1
  }
}