{
  "t": "2025-12-11T08:40:55.930Z",
  "spot": 90014,
  "sigma_d": 0.0005305857394917468,
  "ERI": 0.05305857394917468,
  "percentiles": {
    "p10": 0.05371435886562633,
    "p50": 0.17447902662563997,
    "p90": 0.2363877997195679
  },
  "ema": {
    "fast": 0.018855837061490473,
    "slow": 0.02598182587662803,
    "fast_period": 20,
    "slow_period": 100
  },
  "etv": {
    "horizon_days": 1,
    "risk_budget_usd": 100,
    "expected_move_usd": 47.760144754610096,
    "qty": 2.093795999023797,
    "notional_usd": 188470.95305612808,
    "leverage": 1
  }
}