{
  "t": "2025-09-24T14:27:07.626Z",
  "spot": 113093,
  "sigma_d": 0.0013832173221876725,
  "ERI": 0.13832173221876726,
  "percentiles": {
    "p10": 0.05307665496401791,
    "p50": 0.057795007155739514,
    "p90": 0.1276850144193757
  },
  "ema": {
    "fast": 0.017561456182862353,
    "slow": 0.015131759992687527,
    "fast_period": 20,
    "slow_period": 100
  },
  "etv": {
    "horizon_days": 1,
    "risk_budget_usd": 100,
    "expected_move_usd": 156.43219661817045,
    "qty": 0.639254591841386,
    "notional_usd": 72295.21955511787,
    "leverage": 1
  }
}