{
  "t": "2026-01-07T10:37:11.308Z",
  "spot": 91843,
  "sigma_d": 0.0022765893055195345,
  "ERI": 0.22765893055195344,
  "percentiles": {
    "p10": 0.05356725749908423,
    "p50": 0.1602912363908594,
    "p90": 0.19459997960265174
  },
  "ema": {
    "fast": 0.0295722915114617,
    "slow": 0.027360417791050577,
    "fast_period": 20,
    "slow_period": 100
  },
  "etv": {
    "horizon_days": 1,
    "risk_budget_usd": 100,
    "expected_move_usd": 209.0887915868306,
    "qty": 0.4782657130545991,
    "notional_usd": 43925.35788407354,
    "leverage": 1
  }
}