{
  "t": "2026-02-25T05:36:10.987Z",
  "spot": 65053,
  "sigma_d": 0.0005384288916075404,
  "ERI": 0.05384288916075404,
  "percentiles": {
    "p10": 0.053862838141891335,
    "p50": 0.1427811269139188,
    "p90": 0.2043380258057758
  },
  "ema": {
    "fast": 0.021678887646731843,
    "slow": 0.024121086277465238,
    "fast_period": 20,
    "slow_period": 100
  },
  "etv": {
    "horizon_days": 1,
    "risk_budget_usd": 100,
    "expected_move_usd": 35.02641468574532,
    "qty": 2.8549881824101435,
    "notional_usd": 185725.54623032708,
    "leverage": 1
  }
}