{
  "t": "2025-11-23T17:24:49.456Z",
  "spot": 86636,
  "sigma_d": 0.0008796032980700854,
  "ERI": 0.08796032980700853,
  "percentiles": {
    "p10": 0.05317644544024231,
    "p50": 0.06471554001405122,
    "p90": 0.1536037204494056
  },
  "ema": {
    "fast": 0.015051072902540734,
    "slow": 0.01731381316295371,
    "fast_period": 20,
    "slow_period": 100
  },
  "etv": {
    "horizon_days": 1,
    "risk_budget_usd": 100,
    "expected_move_usd": 76.20531133159992,
    "qty": 1.3122444912646554,
    "notional_usd": 113687.61374520468,
    "leverage": 1
  }
}