{
  "t": "2025-10-04T13:26:39.282Z",
  "spot": 122388,
  "sigma_d": 0.000539512830170358,
  "ERI": 0.053951283017035806,
  "percentiles": {
    "p10": 0.05307087882423132,
    "p50": 0.11228296533682913,
    "p90": 0.1646905743578683
  },
  "ema": {
    "fast": 0.012056761688400204,
    "slow": 0.015709238866088254,
    "fast_period": 20,
    "slow_period": 100
  },
  "etv": {
    "horizon_days": 1,
    "risk_budget_usd": 100,
    "expected_move_usd": 66.02989625888978,
    "qty": 1.5144655022312978,
    "notional_usd": 185352.40388708407,
    "leverage": 1
  }
}