{
  "t": "2026-01-23T02:26:49.431Z",
  "spot": 89716,
  "sigma_d": 0.001832639000500414,
  "ERI": 0.1832639000500414,
  "percentiles": {
    "p10": 0.053155782724080586,
    "p50": 0.0716848094999226,
    "p90": 0.1661676052556754
  },
  "ema": {
    "fast": 0.027435392256974635,
    "slow": 0.022822156898419627,
    "fast_period": 20,
    "slow_period": 100
  },
  "etv": {
    "horizon_days": 1,
    "risk_budget_usd": 100,
    "expected_move_usd": 164.41704056889515,
    "qty": 0.6082094632891615,
    "notional_usd": 54566.12020845041,
    "leverage": 1
  }
}