{
  "t": "2026-02-16T11:49:25.659Z",
  "spot": 68621,
  "sigma_d": 0.0013525648888900244,
  "ERI": 0.13525648888900244,
  "percentiles": {
    "p10": 0.05448011542492735,
    "p50": 0.14724866946707083,
    "p90": 0.214143311615601
  },
  "ema": {
    "fast": 0.023144362954100498,
    "slow": 0.027459955624330748,
    "fast_period": 20,
    "slow_period": 100
  },
  "etv": {
    "horizon_days": 1,
    "risk_budget_usd": 100,
    "expected_move_usd": 92.81435524052236,
    "qty": 1.0774195407688445,
    "notional_usd": 73933.60630709887,
    "leverage": 1
  }
}