{
  "t": "2025-10-10T05:28:03.776Z",
  "spot": 121431,
  "sigma_d": 0.0017878277894930563,
  "ERI": 0.17878277894930564,
  "percentiles": {
    "p10": 0.05302796107930348,
    "p50": 0.05856056779039008,
    "p90": 0.17862013642480556
  },
  "ema": {
    "fast": 0.029514393894829332,
    "slow": 0.022877308427325976,
    "fast_period": 20,
    "slow_period": 100
  },
  "etv": {
    "horizon_days": 1,
    "risk_budget_usd": 100,
    "expected_move_usd": 217.09771630593133,
    "qty": 0.46062207240854286,
    "notional_usd": 55933.79887464177,
    "leverage": 1
  }
}