{
  "t": "2026-03-13T19:41:06.890Z",
  "spot": 71110,
  "sigma_d": 0.0005535870583136185,
  "ERI": 0.05535870583136185,
  "percentiles": {
    "p10": 0.054270929683564076,
    "p50": 0.10674629158846086,
    "p90": 0.1959327237142394
  },
  "ema": {
    "fast": 0.016403553736344847,
    "slow": 0.020787081703703834,
    "fast_period": 20,
    "slow_period": 100
  },
  "etv": {
    "horizon_days": 1,
    "risk_budget_usd": 100,
    "expected_move_usd": 39.36557571668141,
    "qty": 2.540290550294794,
    "notional_usd": 180640.0610314628,
    "leverage": 1
  }
}