{
  "t": "2025-09-25T15:28:55.016Z",
  "spot": 110971,
  "sigma_d": 0.0011157183444012004,
  "ERI": 0.11157183444012005,
  "percentiles": {
    "p10": 0.05314733399594723,
    "p50": 0.05879906454242367,
    "p90": 0.13913059059756927
  },
  "ema": {
    "fast": 0.024024424355109472,
    "slow": 0.018699611164793437,
    "fast_period": 20,
    "slow_period": 100
  },
  "etv": {
    "horizon_days": 1,
    "risk_budget_usd": 100,
    "expected_move_usd": 123.8123803965456,
    "qty": 0.8076736726950936,
    "notional_usd": 89628.35513264724,
    "leverage": 1
  }
}