{
  "t": "2026-02-27T18:59:24.619Z",
  "spot": 65299,
  "sigma_d": 0.000604062755841111,
  "ERI": 0.0604062755841111,
  "percentiles": {
    "p10": 0.053943606700607674,
    "p50": 0.13680531377645744,
    "p90": 0.2043380258057758
  },
  "ema": {
    "fast": 0.019507586023627444,
    "slow": 0.022199019767581648,
    "fast_period": 20,
    "slow_period": 100
  },
  "etv": {
    "horizon_days": 1,
    "risk_budget_usd": 100,
    "expected_move_usd": 39.444693893668706,
    "qty": 2.535195234866585,
    "notional_usd": 165545.71364155316,
    "leverage": 1
  }
}