{
  "t": "2026-02-28T21:32:05.384Z",
  "spot": 66495,
  "sigma_d": 0.0012889622956221273,
  "ERI": 0.12889622956221272,
  "percentiles": {
    "p10": 0.053870915533750396,
    "p50": 0.13378187969677302,
    "p90": 0.20604456074113697
  },
  "ema": {
    "fast": 0.025458755240107617,
    "slow": 0.02376235322410858,
    "fast_period": 20,
    "slow_period": 100
  },
  "etv": {
    "horizon_days": 1,
    "risk_budget_usd": 100,
    "expected_move_usd": 85.70954784739335,
    "qty": 1.1667311578641266,
    "notional_usd": 77581.7883421751,
    "leverage": 1
  }
}