{
  "t": "2026-06-14T15:14:24.370Z",
  "spot": 64065,
  "sigma_d": 0.0005372657463145136,
  "ERI": 0.05372657463145136,
  "percentiles": {
    "p10": 0.05358765594495179,
    "p50": 0.13816153898121358,
    "p90": 0.19825940003545983
  },
  "ema": {
    "fast": 0.020611523505794538,
    "slow": 0.02499513129654141,
    "fast_period": 20,
    "slow_period": 100
  },
  "etv": {
    "horizon_days": 1,
    "risk_budget_usd": 100,
    "expected_move_usd": 34.41993003763932,
    "qty": 2.905293528797029,
    "notional_usd": 186127.62992238166,
    "leverage": 1
  }
}