{
  "t": "2025-10-09T09:28:38.617Z",
  "spot": 121596,
  "sigma_d": 0.0018627778857017903,
  "ERI": 0.18627778857017901,
  "percentiles": {
    "p10": 0.05302796107930348,
    "p50": 0.05820542948823999,
    "p90": 0.17511141174712924
  },
  "ema": {
    "fast": 0.024899558414068466,
    "slow": 0.02005303031108009,
    "fast_period": 20,
    "slow_period": 100
  },
  "etv": {
    "horizon_days": 1,
    "risk_budget_usd": 100,
    "expected_move_usd": 226.50633978979488,
    "qty": 0.4414887463759434,
    "notional_usd": 53683.26560432921,
    "leverage": 1
  }
}