{
  "t": "2025-09-23T12:54:16.881Z",
  "spot": 112987,
  "sigma_d": 0.0010138174124142492,
  "ERI": 0.10138174124142492,
  "percentiles": {
    "p10": 0.05305961072462763,
    "p50": 0.05752351752676286,
    "p90": 0.12723204531788404
  },
  "ema": {
    "fast": 0.01750608175372729,
    "slow": 0.014490007245838807,
    "fast_period": 20,
    "slow_period": 100
  },
  "etv": {
    "horizon_days": 1,
    "risk_budget_usd": 100,
    "expected_move_usd": 114.54818797644877,
    "qty": 0.8729950404851459,
    "notional_usd": 98637.09063929517,
    "leverage": 1
  }
}