{
  "t": "2025-10-13T11:23:33.501Z",
  "spot": 114499,
  "sigma_d": 0.0006619630776423603,
  "ERI": 0.06619630776423603,
  "percentiles": {
    "p10": 0.05307968939635492,
    "p50": 0.059407791887562365,
    "p90": 0.17889867710438903
  },
  "ema": {
    "fast": 0.017741036027259505,
    "slow": 0.018330346170995278,
    "fast_period": 20,
    "slow_period": 100
  },
  "etv": {
    "horizon_days": 1,
    "risk_budget_usd": 100,
    "expected_move_usd": 75.79411042697261,
    "qty": 1.319363726768054,
    "notional_usd": 151065.8273512154,
    "leverage": 1
  }
}