{
  "t": "2025-09-11T15:25:41.263Z",
  "spot": 114552,
  "sigma_d": 0.0005957175824280335,
  "ERI": 0.05957175824280335,
  "percentiles": {
    "p10": 0.05309866591739323,
    "p50": 0.13718058772668984,
    "p90": 0.18254532882940133
  },
  "ema": {
    "fast": 0.01706502128199734,
    "slow": 0.023037204395914584,
    "fast_period": 20,
    "slow_period": 100
  },
  "etv": {
    "horizon_days": 1,
    "risk_budget_usd": 100,
    "expected_move_usd": 68.24064050229609,
    "qty": 1.4654024238918935,
    "notional_usd": 167864.7784616642,
    "leverage": 1
  }
}