{
  "t": "2026-03-19T16:04:06.123Z",
  "spot": 69425,
  "sigma_d": 0.0007484779982262211,
  "ERI": 0.0748477998226221,
  "percentiles": {
    "p10": 0.05447715046447988,
    "p50": 0.0830721690225067,
    "p90": 0.1921725726004723
  },
  "ema": {
    "fast": 0.013652713137643093,
    "slow": 0.017394449269425256,
    "fast_period": 20,
    "slow_period": 100
  },
  "etv": {
    "horizon_days": 1,
    "risk_budget_usd": 100,
    "expected_move_usd": 51.963085026855396,
    "qty": 1.9244430916355009,
    "notional_usd": 133604.46163679464,
    "leverage": 1
  }
}