{
  "t": "2025-11-06T14:30:57.505Z",
  "spot": 102802,
  "sigma_d": 0.0012925533829302575,
  "ERI": 0.12925533829302574,
  "percentiles": {
    "p10": 0.053203071539855706,
    "p50": 0.06603260845436437,
    "p90": 0.17438267887051415
  },
  "ema": {
    "fast": 0.026416263417347242,
    "slow": 0.021440734536542216,
    "fast_period": 20,
    "slow_period": 100
  },
  "etv": {
    "horizon_days": 1,
    "risk_budget_usd": 100,
    "expected_move_usd": 132.87707287199632,
    "qty": 0.7525752775750291,
    "notional_usd": 77366.24368526814,
    "leverage": 1
  }
}