{
  "t": "2025-12-02T08:41:32.902Z",
  "spot": 86595,
  "sigma_d": 0.0010018559188802155,
  "ERI": 0.10018559188802155,
  "percentiles": {
    "p10": 0.05366689722950273,
    "p50": 0.14161534426444672,
    "p90": 0.19269846184236292
  },
  "ema": {
    "fast": 0.022327270794206145,
    "slow": 0.02583070237484611,
    "fast_period": 20,
    "slow_period": 100
  },
  "etv": {
    "horizon_days": 1,
    "risk_budget_usd": 100,
    "expected_move_usd": 86.75571329543226,
    "qty": 1.1526618386441767,
    "notional_usd": 99814.75191739248,
    "leverage": 1
  }
}