{
  "t": "2025-10-30T07:26:26.041Z",
  "spot": 111442,
  "sigma_d": 0.0016991006671742508,
  "ERI": 0.1699100667174251,
  "percentiles": {
    "p10": 0.05332822699214965,
    "p50": 0.08334121322048496,
    "p90": 0.1671939628795067
  },
  "ema": {
    "fast": 0.021091318371367195,
    "slow": 0.0195281368939051,
    "fast_period": 20,
    "slow_period": 100
  },
  "etv": {
    "horizon_days": 1,
    "risk_budget_usd": 100,
    "expected_move_usd": 189.35117655123287,
    "qty": 0.5281192428870012,
    "notional_usd": 58854.66466581319,
    "leverage": 1
  }
}