{
  "t": "2025-12-11T06:48:21.017Z",
  "spot": 90333,
  "sigma_d": 0.0005895738944345869,
  "ERI": 0.058957389443458685,
  "percentiles": {
    "p10": 0.05375239634717526,
    "p50": 0.17447902662563997,
    "p90": 0.2363877997195679
  },
  "ema": {
    "fast": 0.020771361913895572,
    "slow": 0.026625296060969077,
    "fast_period": 20,
    "slow_period": 100
  },
  "etv": {
    "horizon_days": 1,
    "risk_budget_usd": 100,
    "expected_move_usd": 53.257978605959536,
    "qty": 1.8776529379733173,
    "notional_usd": 169614.02284594366,
    "leverage": 1
  }
}