{
  "t": "2026-04-15T14:02:02.805Z",
  "spot": 74057,
  "sigma_d": 0.0005409054852115736,
  "ERI": 0.054090548521157356,
  "percentiles": {
    "p10": 0.05409980168402025,
    "p50": 0.13460341155317868,
    "p90": 0.2000791444040298
  },
  "ema": {
    "fast": 0.015901189971236195,
    "slow": 0.021644834264306922,
    "fast_period": 20,
    "slow_period": 100
  },
  "etv": {
    "horizon_days": 1,
    "risk_budget_usd": 100,
    "expected_move_usd": 40.057837518313505,
    "qty": 2.4963903744000744,
    "notional_usd": 184875.1819569463,
    "leverage": 1
  }
}