{
  "t": "2026-01-06T15:34:22.528Z",
  "spot": 94020,
  "sigma_d": 0.0005313974251737576,
  "ERI": 0.05313974251737576,
  "percentiles": {
    "p10": 0.05347389298798627,
    "p50": 0.15979470881776747,
    "p90": 0.19303902785369595
  },
  "ema": {
    "fast": 0.029259449767055093,
    "slow": 0.02713932577876878,
    "fast_period": 20,
    "slow_period": 100
  },
  "etv": {
    "horizon_days": 1,
    "risk_budget_usd": 100,
    "expected_move_usd": 49.96198591483669,
    "qty": 2.0015217203426663,
    "notional_usd": 188183.0721466175,
    "leverage": 1
  }
}