{
  "t": "2025-12-06T15:26:46.663Z",
  "spot": 89567,
  "sigma_d": 0.002279090018663934,
  "ERI": 0.22790900186639337,
  "percentiles": {
    "p10": 0.056747908516380535,
    "p50": 0.16730372188088571,
    "p90": 0.20898857574797866
  },
  "ema": {
    "fast": 0.041340378064251046,
    "slow": 0.03233728313268897,
    "fast_period": 20,
    "slow_period": 100
  },
  "etv": {
    "horizon_days": 1,
    "risk_budget_usd": 100,
    "expected_move_usd": 204.13125570167256,
    "qty": 0.4898808840236838,
    "notional_usd": 43877.161139349286,
    "leverage": 1
  }
}