{
  "t": "2025-12-20T10:31:06.137Z",
  "spot": 88113,
  "sigma_d": 0.0005399202011315605,
  "ERI": 0.05399202011315605,
  "percentiles": {
    "p10": 0.05343540167561071,
    "p50": 0.05791675099555661,
    "p90": 0.16347030090647133
  },
  "ema": {
    "fast": 0.01360910792088766,
    "slow": 0.015896824118520815,
    "fast_period": 20,
    "slow_period": 100
  },
  "etv": {
    "horizon_days": 1,
    "risk_budget_usd": 100,
    "expected_move_usd": 47.573988682305185,
    "qty": 2.1019889811592423,
    "notional_usd": 185212.55509688432,
    "leverage": 1
  }
}