{
  "t": "2026-04-30T09:22:39.916Z",
  "spot": 76000,
  "sigma_d": 0.0005361805628883717,
  "ERI": 0.05361805628883717,
  "percentiles": {
    "p10": 0.05383554500253685,
    "p50": 0.0742582530613898,
    "p90": 0.16340895914543382
  },
  "ema": {
    "fast": 0.020872495281641236,
    "slow": 0.01850175284585762,
    "fast_period": 20,
    "slow_period": 100
  },
  "etv": {
    "horizon_days": 1,
    "risk_budget_usd": 100,
    "expected_move_usd": 40.74972277951625,
    "qty": 2.454004424547085,
    "notional_usd": 186504.33626557846,
    "leverage": 1
  }
}