{
  "t": "2026-02-08T22:41:20.129Z",
  "spot": 70684,
  "sigma_d": 0.0019814732366503674,
  "ERI": 0.19814732366503673,
  "percentiles": {
    "p10": 0.05335916484553838,
    "p50": 0.10952870428817138,
    "p90": 0.20645432599677974
  },
  "ema": {
    "fast": 0.02290865187590653,
    "slow": 0.024425596031146996,
    "fast_period": 20,
    "slow_period": 100
  },
  "etv": {
    "horizon_days": 1,
    "risk_budget_usd": 100,
    "expected_move_usd": 140.05845425939458,
    "qty": 0.7139876027390356,
    "notional_usd": 50467.49971200599,
    "leverage": 1
  }
}