{
  "t": "2026-05-10T11:09:46.707Z",
  "spot": 80915,
  "sigma_d": 0.0018623688365702528,
  "ERI": 0.1862368836570253,
  "percentiles": {
    "p10": 0.05383554500253685,
    "p50": 0.06705326137325243,
    "p90": 0.1638037520973905
  },
  "ema": {
    "fast": 0.026251737892448567,
    "slow": 0.020824390286874984,
    "fast_period": 20,
    "slow_period": 100
  },
  "etv": {
    "horizon_days": 1,
    "risk_budget_usd": 100,
    "expected_move_usd": 150.693574411082,
    "qty": 0.6635983013264167,
    "notional_usd": 53695.05655182701,
    "leverage": 1
  }
}