{
  "t": "2026-03-18T19:15:53.654Z",
  "spot": 71352,
  "sigma_d": 0.0006205495109779412,
  "ERI": 0.062054951097794124,
  "percentiles": {
    "p10": 0.05450823009131296,
    "p50": 0.09761515689787026,
    "p90": 0.19734676601485696
  },
  "ema": {
    "fast": 0.013257411039251734,
    "slow": 0.018631806673394948,
    "fast_period": 20,
    "slow_period": 100
  },
  "etv": {
    "horizon_days": 1,
    "risk_budget_usd": 100,
    "expected_move_usd": 44.27744870729806,
    "qty": 2.2584860446920336,
    "notional_usd": 161147.49626086597,
    "leverage": 1
  }
}