{
  "t": "2025-12-06T02:04:58.873Z",
  "spot": 89290,
  "sigma_d": 0.0020353648574305172,
  "ERI": 0.20353648574305172,
  "percentiles": {
    "p10": 0.05496116164032621,
    "p50": 0.1647522996267767,
    "p90": 0.2020242339163693
  },
  "ema": {
    "fast": 0.03287531472914778,
    "slow": 0.028760567929727185,
    "fast_period": 20,
    "slow_period": 100
  },
  "etv": {
    "horizon_days": 1,
    "risk_budget_usd": 100,
    "expected_move_usd": 181.73772811997088,
    "qty": 0.5502434801759314,
    "notional_usd": 49131.24034490891,
    "leverage": 1
  }
}