{
  "t": "2025-11-02T02:17:29.783Z",
  "spot": 109957,
  "sigma_d": 0.0005319230867533325,
  "ERI": 0.05319230867533325,
  "percentiles": {
    "p10": 0.05324979297825574,
    "p50": 0.07845869428410854,
    "p90": 0.1738178699415084
  },
  "ema": {
    "fast": 0.013295404352539102,
    "slow": 0.019254732701221796,
    "fast_period": 20,
    "slow_period": 100
  },
  "etv": {
    "horizon_days": 1,
    "risk_budget_usd": 100,
    "expected_move_usd": 58.488666850136184,
    "qty": 1.70973293435166,
    "notional_usd": 187997.10426250548,
    "leverage": 1
  }
}