{
  "t": "2026-02-10T19:21:24.240Z",
  "spot": 68815,
  "sigma_d": 0.0022934372026762037,
  "ERI": 0.22934372026762037,
  "percentiles": {
    "p10": 0.05341006987788778,
    "p50": 0.11672215591576235,
    "p90": 0.21024971203744108
  },
  "ema": {
    "fast": 0.07310491603768858,
    "slow": 0.0397805272112025,
    "fast_period": 20,
    "slow_period": 100
  },
  "etv": {
    "horizon_days": 1,
    "risk_budget_usd": 100,
    "expected_move_usd": 157.82288110216297,
    "qty": 0.633621685915538,
    "notional_usd": 43602.67631627775,
    "leverage": 1
  }
}