{
  "t": "2025-11-28T08:38:43.112Z",
  "spot": 91176,
  "sigma_d": 0.0017113681465560548,
  "ERI": 0.17113681465560548,
  "percentiles": {
    "p10": 0.05338620237532711,
    "p50": 0.13133495208683096,
    "p90": 0.18378576103734445
  },
  "ema": {
    "fast": 0.034250265383607606,
    "slow": 0.02837644333304942,
    "fast_period": 20,
    "slow_period": 100
  },
  "etv": {
    "horizon_days": 1,
    "risk_budget_usd": 100,
    "expected_move_usd": 156.03570213039487,
    "qty": 0.6408789695862853,
    "notional_usd": 58432.78093099915,
    "leverage": 1
  }
}