{
  "t": "2025-09-05T10:29:38.490Z",
  "spot": 112228,
  "sigma_d": 0.0005341087446379224,
  "ERI": 0.053410874463792245,
  "percentiles": {
    "p10": 0.05323781897081806,
    "p50": 0.12728934926307342,
    "p90": 0.17919153560793877
  },
  "ema": {
    "fast": 0.02173824172485536,
    "slow": 0.02315482092651858,
    "fast_period": 20,
    "slow_period": 100
  },
  "etv": {
    "horizon_days": 1,
    "risk_budget_usd": 100,
    "expected_move_usd": 59.94195619322476,
    "qty": 1.6682805559038962,
    "notional_usd": 187227.79022798248,
    "leverage": 1
  }
}