{
  "t": "2026-01-26T05:41:39.987Z",
  "spot": 87660,
  "sigma_d": 0.0017451106019931622,
  "ERI": 0.17451106019931623,
  "percentiles": {
    "p10": 0.053155782724080586,
    "p50": 0.11090663612837924,
    "p90": 0.17301077245089558
  },
  "ema": {
    "fast": 0.022616456617322235,
    "slow": 0.024364649167130614,
    "fast_period": 20,
    "slow_period": 100
  },
  "etv": {
    "horizon_days": 1,
    "risk_budget_usd": 100,
    "expected_move_usd": 152.97639537072058,
    "qty": 0.6536956225021617,
    "notional_usd": 57302.9582685395,
    "leverage": 1
  }
}