{
  "t": "2025-10-11T09:24:19.587Z",
  "spot": 111805,
  "sigma_d": 0.0014258752609243959,
  "ERI": 0.14258752609243958,
  "percentiles": {
    "p10": 0.05304813429630988,
    "p50": 0.058911460202386995,
    "p90": 0.17889867710438903
  },
  "ema": {
    "fast": 0.016403885710738305,
    "slow": 0.019871677944819175,
    "fast_period": 20,
    "slow_period": 100
  },
  "etv": {
    "horizon_days": 1,
    "risk_budget_usd": 100,
    "expected_move_usd": 159.41998354765207,
    "qty": 0.6272739325061409,
    "notional_usd": 70132.36202384908,
    "leverage": 1
  }
}