{
  "t": "2026-03-19T10:56:58.551Z",
  "spot": 70169,
  "sigma_d": 0.0005562397168077267,
  "ERI": 0.05562397168077267,
  "percentiles": {
    "p10": 0.054484500135043024,
    "p50": 0.08590071391747481,
    "p90": 0.1921725726004723
  },
  "ema": {
    "fast": 0.013389113543200461,
    "slow": 0.017675592600606714,
    "fast_period": 20,
    "slow_period": 100
  },
  "etv": {
    "horizon_days": 1,
    "risk_budget_usd": 100,
    "expected_move_usd": 39.03078468868138,
    "qty": 2.562080183568516,
    "notional_usd": 179778.6044008192,
    "leverage": 1
  }
}