{
  "t": "2026-06-04T08:57:32.727Z",
  "spot": 63539,
  "sigma_d": 0.0024677194854906986,
  "ERI": 0.24677194854906986,
  "percentiles": {
    "p10": 0.05361042782889638,
    "p50": 0.1297829347972692,
    "p90": 0.18921419755047747
  },
  "ema": {
    "fast": 0.029959465936902192,
    "slow": 0.02871661627971205,
    "fast_period": 20,
    "slow_period": 100
  },
  "etv": {
    "horizon_days": 1,
    "risk_budget_usd": 100,
    "expected_move_usd": 156.79642838859348,
    "qty": 0.6377696292428733,
    "notional_usd": 40523.244472462924,
    "leverage": 1
  }
}