{
  "t": "2026-01-29T22:40:35.839Z",
  "spot": 84265,
  "sigma_d": 0.0005336857089132524,
  "ERI": 0.05336857089132524,
  "percentiles": {
    "p10": 0.05320074318355092,
    "p50": 0.12321127572530995,
    "p90": 0.17810142383398367
  },
  "ema": {
    "fast": 0.015362109862129386,
    "slow": 0.01796689824143033,
    "fast_period": 20,
    "slow_period": 100
  },
  "etv": {
    "horizon_days": 1,
    "risk_budget_usd": 100,
    "expected_move_usd": 44.97102626157522,
    "qty": 2.2236539459506046,
    "notional_usd": 187376.1997555277,
    "leverage": 1
  }
}