{
  "t": "2025-12-11T22:31:42.877Z",
  "spot": 92325,
  "sigma_d": 0.0005800963755559948,
  "ERI": 0.058009637555599486,
  "percentiles": {
    "p10": 0.053526531170064326,
    "p50": 0.16954200109717346,
    "p90": 0.2363877997195679
  },
  "ema": {
    "fast": 0.014454870698096261,
    "slow": 0.02261540795401607,
    "fast_period": 20,
    "slow_period": 100
  },
  "etv": {
    "horizon_days": 1,
    "risk_budget_usd": 100,
    "expected_move_usd": 53.55739787320722,
    "qty": 1.8671556866287988,
    "notional_usd": 172385.14876800386,
    "leverage": 1
  }
}