{
  "t": "2026-04-27T14:22:50.806Z",
  "spot": 77875,
  "sigma_d": 0.0015417451609773148,
  "ERI": 0.15417451609773147,
  "percentiles": {
    "p10": 0.05382385284426585,
    "p50": 0.07273579258898913,
    "p90": 0.17253049818922586
  },
  "ema": {
    "fast": 0.018059008845186145,
    "slow": 0.01703646990645768,
    "fast_period": 20,
    "slow_period": 100
  },
  "etv": {
    "horizon_days": 1,
    "risk_budget_usd": 100,
    "expected_move_usd": 120.0634044111084,
    "qty": 0.8328932574457958,
    "notional_usd": 64861.56242359135,
    "leverage": 1
  }
}