{
  "t": "2025-12-20T07:26:36.952Z",
  "spot": 88183,
  "sigma_d": 0.0005462894297430548,
  "ERI": 0.054628942974305476,
  "percentiles": {
    "p10": 0.05343540167561071,
    "p50": 0.0579854105782687,
    "p90": 0.16347030090647133
  },
  "ema": {
    "fast": 0.014638487086617614,
    "slow": 0.01621887018024475,
    "fast_period": 20,
    "slow_period": 100
  },
  "etv": {
    "horizon_days": 1,
    "risk_budget_usd": 100,
    "expected_move_usd": 48.1734407830318,
    "qty": 2.0758326242542995,
    "notional_usd": 183053.1483046169,
    "leverage": 1
  }
}