{
  "t": "2026-05-14T10:29:26.597Z",
  "spot": 79658,
  "sigma_d": 0.0013481463487081595,
  "ERI": 0.13481463487081596,
  "percentiles": {
    "p10": 0.05384851089601218,
    "p50": 0.07597831084980788,
    "p90": 0.16858564388101388
  },
  "ema": {
    "fast": 0.027782296768519982,
    "slow": 0.02303105169204382,
    "fast_period": 20,
    "slow_period": 100
  },
  "etv": {
    "horizon_days": 1,
    "risk_budget_usd": 100,
    "expected_move_usd": 107.39064184539457,
    "qty": 0.9311798335646924,
    "notional_usd": 74175.92318209626,
    "leverage": 1
  }
}