{
  "t": "2026-06-26T09:47:35.524Z",
  "spot": 59910,
  "sigma_d": 0.001854390199471494,
  "ERI": 0.1854390199471494,
  "percentiles": {
    "p10": 0.05380774518072851,
    "p50": 0.1410536529501481,
    "p90": 0.19868732007533244
  },
  "ema": {
    "fast": 0.02435965805523341,
    "slow": 0.02204471807925049,
    "fast_period": 20,
    "slow_period": 100
  },
  "etv": {
    "horizon_days": 1,
    "risk_budget_usd": 100,
    "expected_move_usd": 111.09651685033721,
    "qty": 0.9001182290414578,
    "notional_usd": 53926.08310187374,
    "leverage": 1
  }
}