{
  "t": "2025-09-08T09:31:19.086Z",
  "spot": 111859,
  "sigma_d": 0.0020724222615311517,
  "ERI": 0.20724222615311516,
  "percentiles": {
    "p10": 0.05334155550744563,
    "p50": 0.13273591637570265,
    "p90": 0.17370970065232086
  },
  "ema": {
    "fast": 0.030641306144633677,
    "slow": 0.02470860677092425,
    "fast_period": 20,
    "slow_period": 100
  },
  "etv": {
    "horizon_days": 1,
    "risk_budget_usd": 100,
    "expected_move_usd": 231.8190817526131,
    "qty": 0.43137087440763616,
    "notional_usd": 48252.714640363774,
    "leverage": 1
  }
}