{
  "t": "2026-01-03T18:40:18.356Z",
  "spot": 90104,
  "sigma_d": 0.0005345159935304977,
  "ERI": 0.05345159935304977,
  "percentiles": {
    "p10": 0.053570355594861736,
    "p50": 0.15440752354104997,
    "p90": 0.18753190808595477
  },
  "ema": {
    "fast": 0.02067402537792273,
    "slow": 0.0243031450537161,
    "fast_period": 20,
    "slow_period": 100
  },
  "etv": {
    "horizon_days": 1,
    "risk_budget_usd": 100,
    "expected_move_usd": 48.162029081071964,
    "qty": 2.076324480259507,
    "notional_usd": 187085.14096930262,
    "leverage": 1
  }
}