{
  "t": "2026-02-25T15:04:07.511Z",
  "spot": 67102,
  "sigma_d": 0.0016892259143111079,
  "ERI": 0.1689225914311108,
  "percentiles": {
    "p10": 0.05384441578003304,
    "p50": 0.13919789091211854,
    "p90": 0.20370664970164232
  },
  "ema": {
    "fast": 0.020633968293653528,
    "slow": 0.023531056187448978,
    "fast_period": 20,
    "slow_period": 100
  },
  "etv": {
    "horizon_days": 1,
    "risk_budget_usd": 100,
    "expected_move_usd": 113.35043730210396,
    "qty": 0.882219798883333,
    "notional_usd": 59198.71294466941,
    "leverage": 1
  }
}