{
  "t": "2026-05-28T08:51:19.937Z",
  "spot": 73214,
  "sigma_d": 0.0017305364728848562,
  "ERI": 0.17305364728848563,
  "percentiles": {
    "p10": 0.05372729504333167,
    "p50": 0.1162044766130652,
    "p90": 0.17179341159965336
  },
  "ema": {
    "fast": 0.0216871389977174,
    "slow": 0.021758929035346024,
    "fast_period": 20,
    "slow_period": 100
  },
  "etv": {
    "horizon_days": 1,
    "risk_budget_usd": 100,
    "expected_move_usd": 126.69949732579187,
    "qty": 0.789269114011262,
    "notional_usd": 57785.54891322053,
    "leverage": 1
  }
}