{
  "t": "2026-01-10T17:27:52.260Z",
  "spot": 90625,
  "sigma_d": 0.001308017795241366,
  "ERI": 0.1308017795241366,
  "percentiles": {
    "p10": 0.05340456198130164,
    "p50": 0.14516064485888314,
    "p90": 0.1987794020330305
  },
  "ema": {
    "fast": 0.018200513841843652,
    "slow": 0.022088119823129124,
    "fast_period": 20,
    "slow_period": 100
  },
  "etv": {
    "horizon_days": 1,
    "risk_budget_usd": 100,
    "expected_move_usd": 118.5391126937488,
    "qty": 0.8436034126419906,
    "notional_usd": 76451.5592706804,
    "leverage": 1
  }
}