{
  "t": "2025-11-22T07:24:48.142Z",
  "spot": 84484,
  "sigma_d": 0.0005851612659066683,
  "ERI": 0.05851612659066683,
  "percentiles": {
    "p10": 0.05319566311840973,
    "p50": 0.0632670964257013,
    "p90": 0.15387473844989635
  },
  "ema": {
    "fast": 0.01783873118279724,
    "slow": 0.01946934782319796,
    "fast_period": 20,
    "slow_period": 100
  },
  "etv": {
    "horizon_days": 1,
    "risk_budget_usd": 100,
    "expected_move_usd": 49.43676438885896,
    "qty": 2.022786103342474,
    "notional_usd": 170893.0611547856,
    "leverage": 1
  }
}