{
  "t": "2025-10-08T21:24:09.708Z",
  "spot": 123190,
  "sigma_d": 0.0015581173465112556,
  "ERI": 0.15581173465112555,
  "percentiles": {
    "p10": 0.05303335139507826,
    "p50": 0.05878749241802936,
    "p90": 0.17336137692182824
  },
  "ema": {
    "fast": 0.023468006083555044,
    "slow": 0.01894320513926352,
    "fast_period": 20,
    "slow_period": 100
  },
  "etv": {
    "horizon_days": 1,
    "risk_budget_usd": 100,
    "expected_move_usd": 191.9444759167216,
    "qty": 0.5209839956185388,
    "notional_usd": 64180.0184202478,
    "leverage": 1
  }
}