{
  "t": "2026-05-05T00:03:21.526Z",
  "spot": 79834,
  "sigma_d": 0.0017016799975186152,
  "ERI": 0.17016799975186153,
  "percentiles": {
    "p10": 0.05386186908544669,
    "p50": 0.06517530883553743,
    "p90": 0.1568619937354151
  },
  "ema": {
    "fast": 0.019925401189686096,
    "slow": 0.01839923717591059,
    "fast_period": 20,
    "slow_period": 100
  },
  "etv": {
    "horizon_days": 1,
    "risk_budget_usd": 100,
    "expected_move_usd": 135.85192092190113,
    "qty": 0.7360955908565197,
    "notional_usd": 58765.45540043939,
    "leverage": 1
  }
}