{
  "t": "2025-12-31T17:28:53.127Z",
  "spot": 87539,
  "sigma_d": 0.0017189969711124656,
  "ERI": 0.17189969711124656,
  "percentiles": {
    "p10": 0.05382381353855519,
    "p50": 0.14985088206476616,
    "p90": 0.17720451449456723
  },
  "ema": {
    "fast": 0.02199385261071444,
    "slow": 0.024543759897214273,
    "fast_period": 20,
    "slow_period": 100
  },
  "etv": {
    "horizon_days": 1,
    "risk_budget_usd": 100,
    "expected_move_usd": 150.47927585421414,
    "qty": 0.6645433361659783,
    "notional_usd": 58173.45910463357,
    "leverage": 1
  }
}