{
  "t": "2025-12-26T05:33:27.323Z",
  "spot": 88811,
  "sigma_d": 0.0013579722407547885,
  "ERI": 0.13579722407547887,
  "percentiles": {
    "p10": 0.05346815503075944,
    "p50": 0.08611910217128113,
    "p90": 0.16896380694936142
  },
  "ema": {
    "fast": 0.023213336193615167,
    "slow": 0.023620857528013392,
    "fast_period": 20,
    "slow_period": 100
  },
  "etv": {
    "horizon_days": 1,
    "risk_budget_usd": 100,
    "expected_move_usd": 120.60287267367353,
    "qty": 0.8291676457042557,
    "notional_usd": 73639.20778264066,
    "leverage": 1
  }
}