{
  "t": "2026-02-20T17:50:41.934Z",
  "spot": 67148,
  "sigma_d": 0.0016197593904541247,
  "ERI": 0.16197593904541246,
  "percentiles": {
    "p10": 0.05466549699228721,
    "p50": 0.15036626699376945,
    "p90": 0.20613082654930917
  },
  "ema": {
    "fast": 0.029064727750604105,
    "slow": 0.02655240623093035,
    "fast_period": 20,
    "slow_period": 100
  },
  "etv": {
    "horizon_days": 1,
    "risk_budget_usd": 100,
    "expected_move_usd": 108.76360355021356,
    "qty": 0.9194252188769415,
    "notional_usd": 61737.56459714887,
    "leverage": 1
  }
}