{
  "t": "2025-09-15T17:24:29.210Z",
  "spot": 114751,
  "sigma_d": 0.0011242415920052862,
  "ERI": 0.11242415920052862,
  "percentiles": {
    "p10": 0.05298946810701005,
    "p50": 0.07935923234163295,
    "p90": 0.17662431391382796
  },
  "ema": {
    "fast": 0.01625314554650003,
    "slow": 0.015885609135963225,
    "fast_period": 20,
    "slow_period": 100
  },
  "etv": {
    "horizon_days": 1,
    "risk_budget_usd": 100,
    "expected_move_usd": 129.0078469241986,
    "qty": 0.7751466471551705,
    "notional_usd": 88948.85290770297,
    "leverage": 1
  }
}