{
  "t": "2025-09-19T06:38:11.750Z",
  "spot": 116735,
  "sigma_d": 0.0007349566623494312,
  "ERI": 0.07349566623494312,
  "percentiles": {
    "p10": 0.052984836736338026,
    "p50": 0.05648444438627068,
    "p90": 0.16514515955230927
  },
  "ema": {
    "fast": 0.01249663804359559,
    "slow": 0.013814134859329079,
    "fast_period": 20,
    "slow_period": 100
  },
  "etv": {
    "horizon_days": 1,
    "risk_budget_usd": 100,
    "expected_move_usd": 85.79516597936085,
    "qty": 1.1655668341973522,
    "notional_usd": 136062.4443900279,
    "leverage": 1
  }
}