{
  "t": "2025-10-29T04:35:41.555Z",
  "spot": 112803,
  "sigma_d": 0.0008388012645567371,
  "ERI": 0.0838801264556737,
  "percentiles": {
    "p10": 0.05333903843381573,
    "p50": 0.07773558348133729,
    "p90": 0.16627302273485584
  },
  "ema": {
    "fast": 0.013563551735586314,
    "slow": 0.01707077364280094,
    "fast_period": 20,
    "slow_period": 100
  },
  "etv": {
    "horizon_days": 1,
    "risk_budget_usd": 100,
    "expected_move_usd": 94.61929904579361,
    "qty": 1.0568668443802596,
    "notional_usd": 119217.75064662642,
    "leverage": 1
  }
}