{
  "t": "2025-09-20T01:53:59.886Z",
  "spot": 115727,
  "sigma_d": 0.0007924639194331211,
  "ERI": 0.07924639194331211,
  "percentiles": {
    "p10": 0.05298946810701005,
    "p50": 0.05657759926584558,
    "p90": 0.1597307772741465
  },
  "ema": {
    "fast": 0.012256823028227079,
    "slow": 0.013413316360040844,
    "fast_period": 20,
    "slow_period": 100
  },
  "etv": {
    "horizon_days": 1,
    "risk_budget_usd": 100,
    "expected_move_usd": 91.7094720042368,
    "qty": 1.090399909786638,
    "notional_usd": 126188.71035987824,
    "leverage": 1
  }
}