{
  "t": "2025-10-01T02:08:50.633Z",
  "spot": 114497,
  "sigma_d": 0.0005528238611325826,
  "ERI": 0.05528238611325826,
  "percentiles": {
    "p10": 0.053226844763579396,
    "p50": 0.0988402339060325,
    "p90": 0.16338634325204687
  },
  "ema": {
    "fast": 0.02029235705590923,
    "slow": 0.02127434009719951,
    "fast_period": 20,
    "slow_period": 100
  },
  "etv": {
    "horizon_days": 1,
    "risk_budget_usd": 100,
    "expected_move_usd": 63.29667362809731,
    "qty": 1.5798618516283316,
    "notional_usd": 180889.44242588908,
    "leverage": 1
  }
}