{
  "t": "2026-04-02T11:55:51.807Z",
  "spot": 66269,
  "sigma_d": 0.0006364948308282775,
  "ERI": 0.06364948308282775,
  "percentiles": {
    "p10": 0.05452403731817776,
    "p50": 0.08162431188657016,
    "p90": 0.1808465333534499
  },
  "ema": {
    "fast": 0.023785514825109346,
    "slow": 0.0278515361540337,
    "fast_period": 20,
    "slow_period": 100
  },
  "etv": {
    "horizon_days": 1,
    "risk_budget_usd": 100,
    "expected_move_usd": 42.17987594415912,
    "qty": 2.370798817246108,
    "notional_usd": 157110.46682008234,
    "leverage": 1
  }
}