{
  "t": "2025-10-12T12:49:11.422Z",
  "spot": 111693,
  "sigma_d": 0.0011506319783933857,
  "ERI": 0.11506319783933856,
  "percentiles": {
    "p10": 0.053072414882093695,
    "p50": 0.05888858375589487,
    "p90": 0.17889867710438903
  },
  "ema": {
    "fast": 0.01862143669542871,
    "slow": 0.018788785081722558,
    "fast_period": 20,
    "slow_period": 100
  },
  "etv": {
    "horizon_days": 1,
    "risk_budget_usd": 100,
    "expected_move_usd": 128.51753756269244,
    "qty": 0.7781039218185982,
    "notional_usd": 86908.76133968469,
    "leverage": 1
  }
}