{
  "t": "2025-12-24T08:40:48.766Z",
  "spot": 86790,
  "sigma_d": 0.0011134944009970856,
  "ERI": 0.11134944009970855,
  "percentiles": {
    "p10": 0.05348961193671695,
    "p50": 0.05900226553219095,
    "p90": 0.16580245472706595
  },
  "ema": {
    "fast": 0.02613652896425948,
    "slow": 0.021548144224257635,
    "fast_period": 20,
    "slow_period": 100
  },
  "etv": {
    "horizon_days": 1,
    "risk_budget_usd": 100,
    "expected_move_usd": 96.64017906253706,
    "qty": 1.0347662946204679,
    "notional_usd": 89807.36671011041,
    "leverage": 1
  }
}