{
  "t": "2025-12-06T21:24:48.865Z",
  "spot": 89447,
  "sigma_d": 0.002195535046971867,
  "ERI": 0.2195535046971867,
  "percentiles": {
    "p10": 0.05680949289426833,
    "p50": 0.17008582752081525,
    "p90": 0.21868555244700663
  },
  "ema": {
    "fast": 0.04262153631202487,
    "slow": 0.03370776212194382,
    "fast_period": 20,
    "slow_period": 100
  },
  "etv": {
    "horizon_days": 1,
    "risk_budget_usd": 100,
    "expected_move_usd": 196.3840233464926,
    "qty": 0.5092063921287718,
    "notional_usd": 45546.984156742255,
    "leverage": 1
  }
}