{
  "t": "2025-12-19T08:41:11.528Z",
  "spot": 87944,
  "sigma_d": 0.0005362763694086594,
  "ERI": 0.05362763694086594,
  "percentiles": {
    "p10": 0.053432222807870106,
    "p50": 0.05911801257885456,
    "p90": 0.19521655143159175
  },
  "ema": {
    "fast": 0.01623519864480173,
    "slow": 0.016474752776434346,
    "fast_period": 20,
    "slow_period": 100
  },
  "etv": {
    "horizon_days": 1,
    "risk_budget_usd": 100,
    "expected_move_usd": 47.162289031275144,
    "qty": 2.1203381357017284,
    "notional_usd": 186471.0170061528,
    "leverage": 1
  }
}