{
  "t": "2025-09-15T04:22:59.504Z",
  "spot": 116146.78,
  "sigma_d": 0.0005326333330348492,
  "ERI": 0.05326333330348492,
  "percentiles": {
    "p10": 0.05298946810701005,
    "p50": 0.08936726989875188,
    "p90": 0.17769865078352132
  },
  "ema": {
    "fast": 0.013322349468951576,
    "slow": 0.01584229576947372,
    "fast_period": 20,
    "slow_period": 100
  },
  "etv": {
    "horizon_days": 1,
    "risk_budget_usd": 100,
    "expected_move_usd": 61.86364655266536,
    "qty": 1.6164582201740831,
    "notional_usd": 187746.4172777508,
    "leverage": 1
  }
}