{
  "t": "2025-10-28T08:37:11.651Z",
  "spot": 114409,
  "sigma_d": 0.0005470270536369681,
  "ERI": 0.054702705363696806,
  "percentiles": {
    "p10": 0.05335280878794368,
    "p50": 0.0789652386867423,
    "p90": 0.16627302273485584
  },
  "ema": {
    "fast": 0.013031510854691572,
    "slow": 0.0189094463584273,
    "fast_period": 20,
    "slow_period": 100
  },
  "etv": {
    "horizon_days": 1,
    "risk_budget_usd": 100,
    "expected_move_usd": 62.58481817955188,
    "qty": 1.5978315973229535,
    "notional_usd": 182806.3152181218,
    "leverage": 1
  }
}