{
  "t": "2025-10-18T12:50:09.517Z",
  "spot": 107047,
  "sigma_d": 0.0005356963381615104,
  "ERI": 0.05356963381615104,
  "percentiles": {
    "p10": 0.053456777830512475,
    "p50": 0.06555177007935467,
    "p90": 0.1734841896653029
  },
  "ema": {
    "fast": 0.016615438929973476,
    "slow": 0.01686878268771613,
    "fast_period": 20,
    "slow_period": 100
  },
  "etv": {
    "horizon_days": 1,
    "risk_budget_usd": 100,
    "expected_move_usd": 57.344685911175205,
    "qty": 1.7438407484678928,
    "notional_usd": 186672.9206012425,
    "leverage": 1
  }
}