{
  "t": "2026-01-09T13:04:18.668Z",
  "spot": 90368,
  "sigma_d": 0.0005792547569317781,
  "ERI": 0.05792547569317781,
  "percentiles": {
    "p10": 0.05339829836591422,
    "p50": 0.16117257302145027,
    "p90": 0.1987794020330305
  },
  "ema": {
    "fast": 0.022231882439292805,
    "slow": 0.025832761547338094,
    "fast_period": 20,
    "slow_period": 100
  },
  "etv": {
    "horizon_days": 1,
    "risk_budget_usd": 100,
    "expected_move_usd": 52.34609387441092,
    "qty": 1.910362218046692,
    "notional_usd": 172635.61292044347,
    "leverage": 1
  }
}