{
  "t": "2026-05-30T14:46:02.781Z",
  "spot": 73917,
  "sigma_d": 0.002127228557382655,
  "ERI": 0.2127228557382655,
  "percentiles": {
    "p10": 0.05372729504333167,
    "p50": 0.12172412526667531,
    "p90": 0.17959945754256232
  },
  "ema": {
    "fast": 0.033045243686181704,
    "slow": 0.025680995584327022,
    "fast_period": 20,
    "slow_period": 100
  },
  "etv": {
    "horizon_days": 1,
    "risk_budget_usd": 100,
    "expected_move_usd": 157.23835327605372,
    "qty": 0.6359771513533733,
    "notional_usd": 47009.52309658729,
    "leverage": 1
  }
}