{
  "t": "2025-11-10T06:44:26.556Z",
  "spot": 106150,
  "sigma_d": 0.0005411367838795469,
  "ERI": 0.05411367838795469,
  "percentiles": {
    "p10": 0.05325364294364326,
    "p50": 0.06844430726771861,
    "p90": 0.17405962265194586
  },
  "ema": {
    "fast": 0.01709663108905145,
    "slow": 0.01712426186741456,
    "fast_period": 20,
    "slow_period": 100
  },
  "etv": {
    "horizon_days": 1,
    "risk_budget_usd": 100,
    "expected_move_usd": 57.4416696088139,
    "qty": 1.7408964725610256,
    "notional_usd": 184796.16056235286,
    "leverage": 1
  }
}