{
  "t": "2025-12-10T18:43:29.354Z",
  "spot": 92542,
  "sigma_d": 0.0012259555797577413,
  "ERI": 0.12259555797577414,
  "percentiles": {
    "p10": 0.05403674132904217,
    "p50": 0.17234246616050525,
    "p90": 0.23075387938608483
  },
  "ema": {
    "fast": 0.023642043380099977,
    "slow": 0.028039938455516555,
    "fast_period": 20,
    "slow_period": 100
  },
  "etv": {
    "horizon_days": 1,
    "risk_budget_usd": 100,
    "expected_move_usd": 113.4523812619409,
    "qty": 0.8814270699979245,
    "notional_usd": 81569.02391174794,
    "leverage": 1
  }
}