{
  "t": "2026-04-14T18:15:46.164Z",
  "spot": 74728,
  "sigma_d": 0.001874743077978727,
  "ERI": 0.18747430779787272,
  "percentiles": {
    "p10": 0.05417277901873848,
    "p50": 0.15536956657077966,
    "p90": 0.2000791444040298
  },
  "ema": {
    "fast": 0.02410436019671093,
    "slow": 0.023918323602268254,
    "fast_period": 20,
    "slow_period": 100
  },
  "etv": {
    "horizon_days": 1,
    "risk_budget_usd": 100,
    "expected_move_usd": 140.09580073119432,
    "qty": 0.7137972692834154,
    "notional_usd": 53340.642339011065,
    "leverage": 1
  }
}