{
  "t": "2025-09-22T16:34:27.129Z",
  "spot": 112842,
  "sigma_d": 0.0007145731450039958,
  "ERI": 0.07145731450039958,
  "percentiles": {
    "p10": 0.05302717817697743,
    "p50": 0.0565692123224132,
    "p90": 0.12363324476900656
  },
  "ema": {
    "fast": 0.013867626587152935,
    "slow": 0.013411711506512986,
    "fast_period": 20,
    "slow_period": 100
  },
  "etv": {
    "horizon_days": 1,
    "risk_budget_usd": 100,
    "expected_move_usd": 80.6338628285409,
    "qty": 1.2401737494908198,
    "notional_usd": 139943.68624004308,
    "leverage": 1
  }
}