{
  "t": "2025-12-08T11:27:50.548Z",
  "spot": 92123,
  "sigma_d": 0.0005373367041550683,
  "ERI": 0.05373367041550683,
  "percentiles": {
    "p10": 0.05726589601349984,
    "p50": 0.17883457053016139,
    "p90": 0.22852907941368356
  },
  "ema": {
    "fast": 0.03221384057533877,
    "slow": 0.03461511211253709,
    "fast_period": 20,
    "slow_period": 100
  },
  "etv": {
    "horizon_days": 1,
    "risk_budget_usd": 100,
    "expected_move_usd": 49.50106919687735,
    "qty": 2.0201583849083455,
    "notional_usd": 186103.0508929115,
    "leverage": 1
  }
}