{
  "t": "2026-01-09T04:06:59.659Z",
  "spot": 91068,
  "sigma_d": 0.0018187246251316444,
  "ERI": 0.18187246251316444,
  "percentiles": {
    "p10": 0.05339829836591422,
    "p50": 0.16776234960268785,
    "p90": 0.1987794020330305
  },
  "ema": {
    "fast": 0.02866671788607311,
    "slow": 0.027119698588281275,
    "fast_period": 20,
    "slow_period": 100
  },
  "etv": {
    "horizon_days": 1,
    "risk_budget_usd": 100,
    "expected_move_usd": 165.6276141614886,
    "qty": 0.6037640553253336,
    "notional_usd": 54983.58499036748,
    "leverage": 1
  }
}