{
  "t": "2026-02-05T10:56:16.158Z",
  "spot": 70709,
  "sigma_d": 0.0013655262436644757,
  "ERI": 0.13655262436644758,
  "percentiles": {
    "p10": 0.05329682557792195,
    "p50": 0.12173046328620077,
    "p90": 0.18108615083540522
  },
  "ema": {
    "fast": 0.02965881970671076,
    "slow": 0.023853085096736743,
    "fast_period": 20,
    "slow_period": 100
  },
  "etv": {
    "horizon_days": 1,
    "risk_budget_usd": 100,
    "expected_move_usd": 96.55499516327141,
    "qty": 1.0356791984806502,
    "notional_usd": 73231.84044536829,
    "leverage": 1
  }
}