{
  "t": "2025-12-17T22:31:57.641Z",
  "spot": 86255,
  "sigma_d": 0.000538763830349582,
  "ERI": 0.0538763830349582,
  "percentiles": {
    "p10": 0.05345411429667231,
    "p50": 0.06465309567270497,
    "p90": 0.22904277504257284
  },
  "ema": {
    "fast": 0.016687593529879207,
    "slow": 0.01760475518185992,
    "fast_period": 20,
    "slow_period": 100
  },
  "etv": {
    "horizon_days": 1,
    "risk_budget_usd": 100,
    "expected_move_usd": 46.47107418680319,
    "qty": 2.1518762316107143,
    "notional_usd": 185610.08435758215,
    "leverage": 1
  }
}