{
  "t": "2025-11-24T13:40:34.118Z",
  "spot": 86417,
  "sigma_d": 0.0005853906892692965,
  "ERI": 0.058539068926929644,
  "percentiles": {
    "p10": 0.05320823902364695,
    "p50": 0.06772729982903289,
    "p90": 0.15600116978377335
  },
  "ema": {
    "fast": 0.020861980074760252,
    "slow": 0.019607015940787717,
    "fast_period": 20,
    "slow_period": 100
  },
  "etv": {
    "horizon_days": 1,
    "risk_budget_usd": 100,
    "expected_move_usd": 50.587707194584794,
    "qty": 1.976764821844003,
    "notional_usd": 170826.08560929322,
    "leverage": 1
  }
}