{
  "t": "2026-06-16T05:25:47.024Z",
  "spot": 66054,
  "sigma_d": 0.0005361344186356107,
  "ERI": 0.053613441863561075,
  "percentiles": {
    "p10": 0.053588812562010445,
    "p50": 0.13816153898121358,
    "p90": 0.19825940003545983
  },
  "ema": {
    "fast": 0.022931438911192065,
    "slow": 0.02513165276688638,
    "fast_period": 20,
    "slow_period": 100
  },
  "etv": {
    "horizon_days": 1,
    "risk_budget_usd": 100,
    "expected_move_usd": 35.41382288855663,
    "qty": 2.8237561450140216,
    "notional_usd": 186520.3884027562,
    "leverage": 1
  }
}