{
  "t": "2025-10-09T08:35:22.761Z",
  "spot": 121401,
  "sigma_d": 0.001735410421032043,
  "ERI": 0.17354104210320428,
  "percentiles": {
    "p10": 0.05302796107930348,
    "p50": 0.05820542948823999,
    "p90": 0.1750178251877448
  },
  "ema": {
    "fast": 0.023774425453816278,
    "slow": 0.019739186043900615,
    "fast_period": 20,
    "slow_period": 100
  },
  "etv": {
    "horizon_days": 1,
    "risk_budget_usd": 100,
    "expected_move_usd": 210.68056052371105,
    "qty": 0.47465224010900375,
    "notional_usd": 57623.256601473164,
    "leverage": 1
  }
}