{
  "t": "2026-02-04T08:56:52.570Z",
  "spot": 76410,
  "sigma_d": 0.0006428891903251848,
  "ERI": 0.06428891903251847,
  "percentiles": {
    "p10": 0.053293381778060284,
    "p50": 0.12273795619369712,
    "p90": 0.17857597715880205
  },
  "ema": {
    "fast": 0.01790027668409174,
    "slow": 0.020840787216466525,
    "fast_period": 20,
    "slow_period": 100
  },
  "etv": {
    "horizon_days": 1,
    "risk_budget_usd": 100,
    "expected_move_usd": 49.12316303274737,
    "qty": 2.0356995320789135,
    "notional_usd": 155547.8012461498,
    "leverage": 1
  }
}