{
  "t": "2025-11-23T10:29:19.477Z",
  "spot": 86255,
  "sigma_d": 0.0005468329208429661,
  "ERI": 0.05468329208429661,
  "percentiles": {
    "p10": 0.05317644544024231,
    "p50": 0.06381370646172169,
    "p90": 0.15387473844989635
  },
  "ema": {
    "fast": 0.013351334769171636,
    "slow": 0.017491556998200077,
    "fast_period": 20,
    "slow_period": 100
  },
  "etv": {
    "horizon_days": 1,
    "risk_budget_usd": 100,
    "expected_move_usd": 47.16707358731004,
    "qty": 2.1201230518338594,
    "notional_usd": 182871.21383592955,
    "leverage": 1
  }
}