{
  "t": "2026-05-19T21:41:12.904Z",
  "spot": 76964,
  "sigma_d": 0.001344809227205121,
  "ERI": 0.1344809227205121,
  "percentiles": {
    "p10": 0.05363576496625867,
    "p50": 0.06774592943579333,
    "p90": 0.16858564388101388
  },
  "ema": {
    "fast": 0.01973282812979239,
    "slow": 0.01881811155286004,
    "fast_period": 20,
    "slow_period": 100
  },
  "etv": {
    "horizon_days": 1,
    "risk_budget_usd": 100,
    "expected_move_usd": 103.50189736261494,
    "qty": 0.9661658631208839,
    "notional_usd": 74359.98948923571,
    "leverage": 1
  }
}