{
  "t": "2025-09-25T07:26:27.976Z",
  "spot": 111851,
  "sigma_d": 0.0017277016006159373,
  "ERI": 0.17277016006159374,
  "percentiles": {
    "p10": 0.053149857184474646,
    "p50": 0.05821625970206434,
    "p90": 0.1377361733253875
  },
  "ema": {
    "fast": 0.022492927859352793,
    "slow": 0.017690557468351575,
    "fast_period": 20,
    "slow_period": 100
  },
  "etv": {
    "horizon_days": 1,
    "risk_budget_usd": 100,
    "expected_move_usd": 193.2451517304932,
    "qty": 0.5174774068301785,
    "notional_usd": 57880.3654313623,
    "leverage": 1
  }
}