{
  "t": "2026-03-16T11:07:11.421Z",
  "spot": 73728,
  "sigma_d": 0.0014681113521942614,
  "ERI": 0.14681113521942615,
  "percentiles": {
    "p10": 0.05447808823599011,
    "p50": 0.1286518586948384,
    "p90": 0.19734676601485696
  },
  "ema": {
    "fast": 0.019443749636900192,
    "slow": 0.0222339393551226,
    "fast_period": 20,
    "slow_period": 100
  },
  "etv": {
    "horizon_days": 1,
    "risk_budget_usd": 100,
    "expected_move_usd": 108.2409137745785,
    "qty": 0.9238650757167391,
    "notional_usd": 68114.72430244375,
    "leverage": 1
  }
}