{
  "t": "2026-05-12T18:09:46.858Z",
  "spot": 80484,
  "sigma_d": 0.0011971850182138338,
  "ERI": 0.11971850182138338,
  "percentiles": {
    "p10": 0.05382265092149636,
    "p50": 0.07049161053478306,
    "p90": 0.16692543694463846
  },
  "ema": {
    "fast": 0.022930036437653244,
    "slow": 0.021283644330642185,
    "fast_period": 20,
    "slow_period": 100
  },
  "etv": {
    "horizon_days": 1,
    "risk_budget_usd": 100,
    "expected_move_usd": 96.3542390059222,
    "qty": 1.0378370586669645,
    "notional_usd": 83529.27782975197,
    "leverage": 1
  }
}