{
  "t": "2026-03-07T05:47:48.824Z",
  "spot": 68088,
  "sigma_d": 0.0005465723279371145,
  "ERI": 0.054657232793711444,
  "percentiles": {
    "p10": 0.05401325548405414,
    "p50": 0.10861208192471708,
    "p90": 0.19923154664482842
  },
  "ema": {
    "fast": 0.01753148406027473,
    "slow": 0.022405318057211056,
    "fast_period": 20,
    "slow_period": 100
  },
  "etv": {
    "horizon_days": 1,
    "risk_budget_usd": 100,
    "expected_move_usd": 37.21501666458225,
    "qty": 2.6870873363109515,
    "notional_usd": 182958.40255474008,
    "leverage": 1
  }
}