{
  "t": "2026-01-10T10:32:20.356Z",
  "spot": 90642,
  "sigma_d": 0.0013356631875588673,
  "ERI": 0.13356631875588673,
  "percentiles": {
    "p10": 0.05340456198130164,
    "p50": 0.14858914343961158,
    "p90": 0.1987794020330305
  },
  "ema": {
    "fast": 0.016729670177245776,
    "slow": 0.022413890839911563,
    "fast_period": 20,
    "slow_period": 100
  },
  "etv": {
    "horizon_days": 1,
    "risk_budget_usd": 100,
    "expected_move_usd": 121.06718264671085,
    "qty": 0.8259876691094108,
    "notional_usd": 74869.17430341522,
    "leverage": 1
  }
}