{
  "t": "2025-11-13T19:23:15.378Z",
  "spot": 98527,
  "sigma_d": 0.0006878831769832257,
  "ERI": 0.06878831769832257,
  "percentiles": {
    "p10": 0.0532336208874702,
    "p50": 0.06070513777180214,
    "p90": 0.1610780015509636
  },
  "ema": {
    "fast": 0.013320378567372813,
    "slow": 0.01492636264793413,
    "fast_period": 20,
    "slow_period": 100
  },
  "etv": {
    "horizon_days": 1,
    "risk_budget_usd": 100,
    "expected_move_usd": 67.77506577862628,
    "qty": 1.47546887415248,
    "notional_usd": 145373.5217636214,
    "leverage": 1
  }
}