{
  "t": "2025-10-10T11:23:32.500Z",
  "spot": 121509,
  "sigma_d": 0.0005797553947889033,
  "ERI": 0.05797553947889034,
  "percentiles": {
    "p10": 0.05302796107930348,
    "p50": 0.05820542948823999,
    "p90": 0.17877112334487313
  },
  "ema": {
    "fast": 0.024121765229900668,
    "slow": 0.02240950234207032,
    "fast_period": 20,
    "slow_period": 100
  },
  "etv": {
    "horizon_days": 1,
    "risk_budget_usd": 100,
    "expected_move_usd": 70.44549826540485,
    "qty": 1.4195371239088688,
    "notional_usd": 172486.53638904274,
    "leverage": 1
  }
}