{
  "t": "2026-05-23T11:22:11.859Z",
  "spot": 74737,
  "sigma_d": 0.0012169842674747775,
  "ERI": 0.12169842674747774,
  "percentiles": {
    "p10": 0.05372729504333167,
    "p50": 0.07675333850077545,
    "p90": 0.17040385624602597
  },
  "ema": {
    "fast": 0.022466235984256837,
    "slow": 0.0217606353564686,
    "fast_period": 20,
    "slow_period": 100
  },
  "etv": {
    "horizon_days": 1,
    "risk_budget_usd": 100,
    "expected_move_usd": 90.95375319826245,
    "qty": 1.0994598516678955,
    "notional_usd": 82170.3309341035,
    "leverage": 1
  }
}