{
  "t": "2026-02-07T17:37:04.788Z",
  "spot": 68975,
  "sigma_d": 0.0005449738260709728,
  "ERI": 0.054497382607097286,
  "percentiles": {
    "p10": 0.053325303755698696,
    "p50": 0.11523327938748165,
    "p90": 0.20354090018186194
  },
  "ema": {
    "fast": 0.025269103637226998,
    "slow": 0.0261656568642713,
    "fast_period": 20,
    "slow_period": 100
  },
  "etv": {
    "horizon_days": 1,
    "risk_budget_usd": 100,
    "expected_move_usd": 37.58956965324535,
    "qty": 2.660312446310924,
    "notional_usd": 183495.050984296,
    "leverage": 1
  }
}