{
  "t": "2025-10-05T14:23:25.142Z",
  "spot": 123169,
  "sigma_d": 0.0014862083193295773,
  "ERI": 0.14862083193295772,
  "percentiles": {
    "p10": 0.05304850673877119,
    "p50": 0.13240303920303328,
    "p90": 0.1660063402777824
  },
  "ema": {
    "fast": 0.01872718673169749,
    "slow": 0.016679484511999607,
    "fast_period": 20,
    "slow_period": 100
  },
  "etv": {
    "horizon_days": 1,
    "risk_budget_usd": 100,
    "expected_move_usd": 183.0547924835047,
    "qty": 0.5462845230288692,
    "notional_usd": 67285.31841694278,
    "leverage": 1
  }
}