{
  "t": "2025-11-27T16:35:57.001Z",
  "spot": 91300,
  "sigma_d": 0.001793723676869217,
  "ERI": 0.1793723676869217,
  "percentiles": {
    "p10": 0.053251055307540374,
    "p50": 0.1181136675824662,
    "p90": 0.17783234987304308
  },
  "ema": {
    "fast": 0.030673698795391904,
    "slow": 0.026025018729901164,
    "fast_period": 20,
    "slow_period": 100
  },
  "etv": {
    "horizon_days": 1,
    "risk_budget_usd": 100,
    "expected_move_usd": 163.76697169815952,
    "qty": 0.6106237354398356,
    "notional_usd": 55749.94704565699,
    "leverage": 1
  }
}