{
  "t": "2026-03-06T07:04:38.932Z",
  "spot": 70723,
  "sigma_d": 0.0018989063788293142,
  "ERI": 0.18989063788293142,
  "percentiles": {
    "p10": 0.05384467929998492,
    "p50": 0.11948813499443772,
    "p90": 0.2067096621724498
  },
  "ema": {
    "fast": 0.023384944895802937,
    "slow": 0.023790629258619016,
    "fast_period": 20,
    "slow_period": 100
  },
  "etv": {
    "horizon_days": 1,
    "risk_budget_usd": 100,
    "expected_move_usd": 134.29635582994558,
    "qty": 0.7446218431021779,
    "notional_usd": 52661.89060971533,
    "leverage": 1
  }
}