{
  "t": "2026-05-18T21:21:53.059Z",
  "spot": 76909,
  "sigma_d": 0.0012945512225583085,
  "ERI": 0.12945512225583086,
  "percentiles": {
    "p10": 0.05363576496625867,
    "p50": 0.06612419720518764,
    "p90": 0.16858564388101388
  },
  "ema": {
    "fast": 0.016565667059358146,
    "slow": 0.018197015880296017,
    "fast_period": 20,
    "slow_period": 100
  },
  "etv": {
    "horizon_days": 1,
    "risk_budget_usd": 100,
    "expected_move_usd": 99.56263997573694,
    "qty": 1.0043928126490984,
    "notional_usd": 77246.8468280295,
    "leverage": 1
  }
}