{
  "t": "2025-10-23T08:37:12.939Z",
  "spot": 109758,
  "sigma_d": 0.0017343161857810599,
  "ERI": 0.173431618578106,
  "percentiles": {
    "p10": 0.05345662302416434,
    "p50": 0.06780233308143463,
    "p90": 0.15364478236821857
  },
  "ema": {
    "fast": 0.017789044064745047,
    "slow": 0.016835844046863134,
    "fast_period": 20,
    "slow_period": 100
  },
  "etv": {
    "horizon_days": 1,
    "risk_budget_usd": 100,
    "expected_move_usd": 190.35507591895757,
    "qty": 0.5253340343946192,
    "notional_usd": 57659.61294708462,
    "leverage": 1
  }
}