{
  "t": "2026-01-10T06:43:40.702Z",
  "spot": 90411,
  "sigma_d": 0.0006074900054287044,
  "ERI": 0.06074900054287044,
  "percentiles": {
    "p10": 0.05340456198130164,
    "p50": 0.15098604270164026,
    "p90": 0.1987794020330305
  },
  "ema": {
    "fast": 0.016010766159580206,
    "slow": 0.02280036506994111,
    "fast_period": 20,
    "slow_period": 100
  },
  "etv": {
    "horizon_days": 1,
    "risk_budget_usd": 100,
    "expected_move_usd": 54.923778880814595,
    "qty": 1.8207050213533462,
    "notional_usd": 164611.7616855774,
    "leverage": 1
  }
}