{
  "t": "2026-01-02T05:36:45.680Z",
  "spot": 88506,
  "sigma_d": 0.0006444077539914007,
  "ERI": 0.06444077539914007,
  "percentiles": {
    "p10": 0.05455637390811524,
    "p50": 0.15428850315115827,
    "p90": 0.18372789989009
  },
  "ema": {
    "fast": 0.021061069505100477,
    "slow": 0.025265768152901817,
    "fast_period": 20,
    "slow_period": 100
  },
  "etv": {
    "horizon_days": 1,
    "risk_budget_usd": 100,
    "expected_move_usd": 57.033952674762915,
    "qty": 1.7533415677894832,
    "notional_usd": 155181.248798776,
    "leverage": 1
  }
}