{
  "t": "2026-05-17T09:58:00.711Z",
  "spot": 78208,
  "sigma_d": 0.0005383199826842702,
  "ERI": 0.05383199826842702,
  "percentiles": {
    "p10": 0.05370156727196636,
    "p50": 0.06855050811474131,
    "p90": 0.16858564388101388
  },
  "ema": {
    "fast": 0.013315607476102687,
    "slow": 0.01881337925460158,
    "fast_period": 20,
    "slow_period": 100
  },
  "etv": {
    "horizon_days": 1,
    "risk_budget_usd": 100,
    "expected_move_usd": 42.10092920577141,
    "qty": 2.375244487152352,
    "notional_usd": 185763.12085121116,
    "leverage": 1
  }
}