{
  "t": "2026-01-24T18:43:01.276Z",
  "spot": 89303,
  "sigma_d": 0.001602177603020614,
  "ERI": 0.1602177603020614,
  "percentiles": {
    "p10": 0.053155782724080586,
    "p50": 0.08714625433988962,
    "p90": 0.17188924640986158
  },
  "ema": {
    "fast": 0.030747344548031314,
    "slow": 0.026614794231177664,
    "fast_period": 20,
    "slow_period": 100
  },
  "etv": {
    "horizon_days": 1,
    "risk_budget_usd": 100,
    "expected_move_usd": 143.07926648254988,
    "qty": 0.6989132839326941,
    "notional_usd": 62415.052995041384,
    "leverage": 1
  }
}