{
  "t": "2026-02-06T22:38:41.815Z",
  "spot": 71119,
  "sigma_d": 0.0005530194211061481,
  "ERI": 0.05530194211061481,
  "percentiles": {
    "p10": 0.053325303755698696,
    "p50": 0.11523327938748165,
    "p90": 0.191567545116524
  },
  "ema": {
    "fast": 0.025504438611074355,
    "slow": 0.026189037000502912,
    "fast_period": 20,
    "slow_period": 100
  },
  "etv": {
    "horizon_days": 1,
    "risk_budget_usd": 100,
    "expected_move_usd": 39.33018820964814,
    "qty": 2.542576187709899,
    "notional_usd": 180825.4758937403,
    "leverage": 1
  }
}