{
  "t": "2026-01-29T08:55:38.023Z",
  "spot": 87860,
  "sigma_d": 0.0013008985007957371,
  "ERI": 0.13008985007957372,
  "percentiles": {
    "p10": 0.05321879850701251,
    "p50": 0.10309769217185591,
    "p90": 0.17810142383398367
  },
  "ema": {
    "fast": 0.012773449459369783,
    "slow": 0.018313345861200852,
    "fast_period": 20,
    "slow_period": 100
  },
  "etv": {
    "horizon_days": 1,
    "risk_budget_usd": 100,
    "expected_move_usd": 114.29694227991347,
    "qty": 0.8749140441141442,
    "notional_usd": 76869.9479158687,
    "leverage": 1
  }
}