{
  "t": "2026-04-03T09:07:21.271Z",
  "spot": 66934,
  "sigma_d": 0.0020649208426947985,
  "ERI": 0.20649208426947985,
  "percentiles": {
    "p10": 0.054487761828111145,
    "p50": 0.08591495888751266,
    "p90": 0.18421434993197505
  },
  "ema": {
    "fast": 0.030132853347324722,
    "slow": 0.028563761307783916,
    "fast_period": 20,
    "slow_period": 100
  },
  "etv": {
    "horizon_days": 1,
    "risk_budget_usd": 100,
    "expected_move_usd": 138.21341168493365,
    "qty": 0.7235187872212895,
    "notional_usd": 48428.00650386979,
    "leverage": 1
  }
}