{
  "t": "2026-05-24T11:39:24.033Z",
  "spot": 77192,
  "sigma_d": 0.0015402588608746963,
  "ERI": 0.15402588608746962,
  "percentiles": {
    "p10": 0.05372729504333167,
    "p50": 0.09605386861734876,
    "p90": 0.17040385624602597
  },
  "ema": {
    "fast": 0.021904627510976386,
    "slow": 0.021508346032216765,
    "fast_period": 20,
    "slow_period": 100
  },
  "etv": {
    "horizon_days": 1,
    "risk_budget_usd": 100,
    "expected_move_usd": 118.89566198863956,
    "qty": 0.8410735793670501,
    "notional_usd": 64924.15173850133,
    "leverage": 1
  }
}