{
  "t": "2026-04-29T22:08:43.490Z",
  "spot": 75924,
  "sigma_d": 0.001659315866592913,
  "ERI": 0.1659315866592913,
  "percentiles": {
    "p10": 0.05384901722666843,
    "p50": 0.07505803921091844,
    "p90": 0.16577616714958154
  },
  "ema": {
    "fast": 0.01913229615923665,
    "slow": 0.01795876604541872,
    "fast_period": 20,
    "slow_period": 100
  },
  "etv": {
    "horizon_days": 1,
    "risk_budget_usd": 100,
    "expected_move_usd": 125.98189785520033,
    "qty": 0.7937648321105377,
    "notional_usd": 60265.801113160465,
    "leverage": 1
  }
}