{
  "t": "2025-11-01T16:30:04.796Z",
  "spot": 110223,
  "sigma_d": 0.0005375467081047608,
  "ERI": 0.05375467081047608,
  "percentiles": {
    "p10": 0.053258196496831514,
    "p50": 0.0898019778871122,
    "p90": 0.1738178699415084
  },
  "ema": {
    "fast": 0.017000114168035145,
    "slow": 0.02081071909358389,
    "fast_period": 20,
    "slow_period": 100
  },
  "etv": {
    "horizon_days": 1,
    "risk_budget_usd": 100,
    "expected_move_usd": 59.250010807431046,
    "qty": 1.6877634052255421,
    "notional_usd": 186030.34581417494,
    "leverage": 1
  }
}