{
  "t": "2026-02-03T13:22:34.701Z",
  "spot": 78210,
  "sigma_d": 0.0005412328773516846,
  "ERI": 0.05412328773516846,
  "percentiles": {
    "p10": 0.053269282265723826,
    "p50": 0.12508908313715572,
    "p90": 0.18108615083540522
  },
  "ema": {
    "fast": 0.018883883819819366,
    "slow": 0.021439781585658256,
    "fast_period": 20,
    "slow_period": 100
  },
  "etv": {
    "horizon_days": 1,
    "risk_budget_usd": 100,
    "expected_move_usd": 42.32982333767525,
    "qty": 2.362400598799475,
    "notional_usd": 184763.35083210692,
    "leverage": 1
  }
}