{
  "t": "2025-09-22T21:23:00.546Z",
  "spot": 112827,
  "sigma_d": 0.0006956559207755037,
  "ERI": 0.06956559207755036,
  "percentiles": {
    "p10": 0.05302717817697743,
    "p50": 0.056697397622397575,
    "p90": 0.12363324476900656
  },
  "ema": {
    "fast": 0.012929853091452257,
    "slow": 0.013222660898330789,
    "fast_period": 20,
    "slow_period": 100
  },
  "etv": {
    "horizon_days": 1,
    "risk_budget_usd": 100,
    "expected_move_usd": 78.48877057333776,
    "qty": 1.2740676057164475,
    "notional_usd": 143749.22575016963,
    "leverage": 1
  }
}