{
  "t": "2025-11-03T14:30:39.033Z",
  "spot": 107565,
  "sigma_d": 0.0015809622732525289,
  "ERI": 0.15809622732525289,
  "percentiles": {
    "p10": 0.0532309346792926,
    "p50": 0.09368269124855544,
    "p90": 0.17419728214191088
  },
  "ema": {
    "fast": 0.024951105454729894,
    "slow": 0.019700856115679587,
    "fast_period": 20,
    "slow_period": 100
  },
  "etv": {
    "horizon_days": 1,
    "risk_budget_usd": 100,
    "expected_move_usd": 170.05620692240828,
    "qty": 0.5880408707788426,
    "notional_usd": 63252.61626532621,
    "leverage": 1
  }
}