{
  "t": "2025-10-11T23:22:52.426Z",
  "spot": 111077,
  "sigma_d": 0.0005372706941392379,
  "ERI": 0.05372706941392379,
  "percentiles": {
    "p10": 0.0530537025431007,
    "p50": 0.05804292568504012,
    "p90": 0.17889867710438903
  },
  "ema": {
    "fast": 0.015585263465441378,
    "slow": 0.018634639659893676,
    "fast_period": 20,
    "slow_period": 100
  },
  "etv": {
    "horizon_days": 1,
    "risk_budget_usd": 100,
    "expected_move_usd": 59.67841689290413,
    "qty": 1.6756476663825541,
    "notional_usd": 186125.91583877496,
    "leverage": 1
  }
}