{
  "t": "2026-05-12T20:47:14.242Z",
  "spot": 80673,
  "sigma_d": 0.001647989461503167,
  "ERI": 0.1647989461503167,
  "percentiles": {
    "p10": 0.05382265092149636,
    "p50": 0.07049161053478306,
    "p90": 0.16692543694463846
  },
  "ema": {
    "fast": 0.02374477529634791,
    "slow": 0.0214856473033809,
    "fast_period": 20,
    "slow_period": 100
  },
  "etv": {
    "horizon_days": 1,
    "risk_budget_usd": 100,
    "expected_move_usd": 132.94825382784498,
    "qty": 0.7521723461632692,
    "notional_usd": 60679.99968202942,
    "leverage": 1
  }
}