{
  "t": "2025-12-25T22:30:47.622Z",
  "spot": 87799,
  "sigma_d": 0.0017656292595232925,
  "ERI": 0.17656292595232925,
  "percentiles": {
    "p10": 0.05346815503075944,
    "p50": 0.08032595737140551,
    "p90": 0.16896380694936142
  },
  "ema": {
    "fast": 0.023022377637763096,
    "slow": 0.023641692450819648,
    "fast_period": 20,
    "slow_period": 100
  },
  "etv": {
    "horizon_days": 1,
    "risk_budget_usd": 100,
    "expected_move_usd": 155.02048335688556,
    "qty": 0.6450760430786535,
    "notional_usd": 56637.0315062627,
    "leverage": 1
  }
}