{
  "t": "2026-03-27T13:39:01.707Z",
  "spot": 66268,
  "sigma_d": 0.0006098833125722251,
  "ERI": 0.060988331257222514,
  "percentiles": {
    "p10": 0.05452403731817776,
    "p50": 0.0763183428898416,
    "p90": 0.17925429187722577
  },
  "ema": {
    "fast": 0.02475003537822937,
    "slow": 0.021497737502686545,
    "fast_period": 20,
    "slow_period": 100
  },
  "etv": {
    "horizon_days": 1,
    "risk_budget_usd": 100,
    "expected_move_usd": 40.41574735753621,
    "qty": 2.474283083654354,
    "notional_usd": 163965.79138760673,
    "leverage": 1
  }
}