{
  "t": "2025-10-08T08:35:27.774Z",
  "spot": 122272,
  "sigma_d": 0.0005349628146858412,
  "ERI": 0.053496281468584116,
  "percentiles": {
    "p10": 0.05303335139507826,
    "p50": 0.05920013765172809,
    "p90": 0.1714533243446884
  },
  "ema": {
    "fast": 0.0224336150383284,
    "slow": 0.01814589035114867,
    "fast_period": 20,
    "slow_period": 100
  },
  "etv": {
    "horizon_days": 1,
    "risk_budget_usd": 100,
    "expected_move_usd": 65.41097327726717,
    "qty": 1.5287954755865687,
    "notional_usd": 186928.88039092094,
    "leverage": 1
  }
}