{
  "t": "2026-04-17T10:21:36.538Z",
  "spot": 75663,
  "sigma_d": 0.0014712735064319404,
  "ERI": 0.14712735064319404,
  "percentiles": {
    "p10": 0.05407933589544059,
    "p50": 0.11208584969589191,
    "p90": 0.2000791444040298
  },
  "ema": {
    "fast": 0.02040061535815989,
    "slow": 0.020631639545364212,
    "fast_period": 20,
    "slow_period": 100
  },
  "etv": {
    "horizon_days": 1,
    "risk_budget_usd": 100,
    "expected_move_usd": 111.3209673171599,
    "qty": 0.8983033691675908,
    "notional_usd": 67968.32782132742,
    "leverage": 1
  }
}