{
  "t": "2025-11-11T15:31:18.948Z",
  "spot": 103960,
  "sigma_d": 0.0005350510030588992,
  "ERI": 0.05350510030588992,
  "percentiles": {
    "p10": 0.053262511273042906,
    "p50": 0.061385582645367004,
    "p90": 0.17025333525577632
  },
  "ema": {
    "fast": 0.012823034733349586,
    "slow": 0.01542428959623233,
    "fast_period": 20,
    "slow_period": 100
  },
  "etv": {
    "horizon_days": 1,
    "risk_budget_usd": 100,
    "expected_move_usd": 55.62390227800316,
    "qty": 1.7977882871325563,
    "notional_usd": 186898.07033030054,
    "leverage": 1
  }
}