{
  "t": "2025-10-09T14:29:35.197Z",
  "spot": 121734,
  "sigma_d": 0.0019691997155004194,
  "ERI": 0.19691997155004193,
  "percentiles": {
    "p10": 0.05302796107930348,
    "p50": 0.05820542948823999,
    "p90": 0.1755743574346818
  },
  "ema": {
    "fast": 0.02713075401610292,
    "slow": 0.021020429391071082,
    "fast_period": 20,
    "slow_period": 100
  },
  "etv": {
    "horizon_days": 1,
    "risk_budget_usd": 100,
    "expected_move_usd": 239.71855816672806,
    "qty": 0.4171558546186834,
    "notional_usd": 50782.0508061508,
    "leverage": 1
  }
}