{
  "t": "2025-09-23T04:31:16.808Z",
  "spot": 112159,
  "sigma_d": 0.0005325285491852141,
  "ERI": 0.053252854918521414,
  "percentiles": {
    "p10": 0.053031354982022764,
    "p50": 0.05683464297856655,
    "p90": 0.12384648317784276
  },
  "ema": {
    "fast": 0.01371491918004643,
    "slow": 0.013390953586553619,
    "fast_period": 20,
    "slow_period": 100
  },
  "etv": {
    "horizon_days": 1,
    "risk_budget_usd": 100,
    "expected_move_usd": 59.72786954806443,
    "qty": 1.6742602868084493,
    "notional_usd": 187783.35950814886,
    "leverage": 1
  }
}