{
  "t": "2026-05-20T08:33:46.209Z",
  "spot": 77246,
  "sigma_d": 0.0015539575865575175,
  "ERI": 0.15539575865575175,
  "percentiles": {
    "p10": 0.05370285309628635,
    "p50": 0.0691032825401455,
    "p90": 0.16858564388101388
  },
  "ema": {
    "fast": 0.021111608058528818,
    "slow": 0.019169401467097436,
    "fast_period": 20,
    "slow_period": 100
  },
  "etv": {
    "horizon_days": 1,
    "risk_budget_usd": 100,
    "expected_move_usd": 120.037007731222,
    "qty": 0.8330764144330606,
    "notional_usd": 64351.8207092962,
    "leverage": 1
  }
}