{
  "t": "2026-03-16T03:30:17.213Z",
  "spot": 72832,
  "sigma_d": 0.001573655285372885,
  "ERI": 0.1573655285372885,
  "percentiles": {
    "p10": 0.05446261163699834,
    "p50": 0.12306224525008284,
    "p90": 0.19734676601485696
  },
  "ema": {
    "fast": 0.020448195364715947,
    "slow": 0.022674538820677177,
    "fast_period": 20,
    "slow_period": 100
  },
  "etv": {
    "horizon_days": 1,
    "risk_budget_usd": 100,
    "expected_move_usd": 114.61246174427797,
    "qty": 0.8725054717271397,
    "notional_usd": 63546.31851683104,
    "leverage": 1
  }
}