{
  "t": "2025-12-31T15:31:04.535Z",
  "spot": 87896,
  "sigma_d": 0.0019468119851220112,
  "ERI": 0.19468119851220111,
  "percentiles": {
    "p10": 0.05382381353855519,
    "p50": 0.14899410940158522,
    "p90": 0.17706443579868195
  },
  "ema": {
    "fast": 0.019455563871660392,
    "slow": 0.02417932128688659,
    "fast_period": 20,
    "slow_period": 100
  },
  "etv": {
    "horizon_days": 1,
    "risk_budget_usd": 100,
    "expected_move_usd": 171.1169862442843,
    "qty": 0.5843955190821404,
    "notional_usd": 51366.02854524381,
    "leverage": 1
  }
}