{
  "t": "2026-03-28T16:48:16.212Z",
  "spot": 66858,
  "sigma_d": 0.0018481243606707427,
  "ERI": 0.18481243606707426,
  "percentiles": {
    "p10": 0.05449094573647753,
    "p50": 0.07420465026019096,
    "p90": 0.17925429187722577
  },
  "ema": {
    "fast": 0.018722995682139518,
    "slow": 0.019711470054953373,
    "fast_period": 20,
    "slow_period": 100
  },
  "etv": {
    "horizon_days": 1,
    "risk_budget_usd": 100,
    "expected_move_usd": 123.56189850572451,
    "qty": 0.8093109705284035,
    "notional_usd": 54108.912867588,
    "leverage": 1
  }
}