{
  "t": "2026-03-01T14:36:23.579Z",
  "spot": 66968,
  "sigma_d": 0.0005360798451539046,
  "ERI": 0.053607984515390464,
  "percentiles": {
    "p10": 0.053870915533750396,
    "p50": 0.1323031060720305,
    "p90": 0.2043974653983321
  },
  "ema": {
    "fast": 0.020416832747359177,
    "slow": 0.022721398553181206,
    "fast_period": 20,
    "slow_period": 100
  },
  "etv": {
    "horizon_days": 1,
    "risk_budget_usd": 100,
    "expected_move_usd": 35.90019507026668,
    "qty": 2.7855001847280256,
    "notional_usd": 186539.37637086643,
    "leverage": 1
  }
}