{
  "t": "2026-02-26T04:59:19.620Z",
  "spot": 68617,
  "sigma_d": 0.0014913520255147989,
  "ERI": 0.14913520255147988,
  "percentiles": {
    "p10": 0.05384441578003304,
    "p50": 0.142506202727415,
    "p90": 0.2043097084043783
  },
  "ema": {
    "fast": 0.02380270874269995,
    "slow": 0.02418244357632496,
    "fast_period": 20,
    "slow_period": 100
  },
  "etv": {
    "horizon_days": 1,
    "risk_budget_usd": 100,
    "expected_move_usd": 102.33210193474895,
    "qty": 0.977210456047937,
    "notional_usd": 67053.2498626413,
    "leverage": 1
  }
}