{
  "t": "2026-07-01T13:38:54.117Z",
  "spot": 58744,
  "sigma_d": 0.001617838983472226,
  "ERI": 0.16178389834722262,
  "percentiles": {
    "p10": 0.0539916170532698,
    "p50": 0.14447304996881483,
    "p90": 0.19868732007533244
  },
  "ema": {
    "fast": 0.022792551217838138,
    "slow": 0.02135681029906548,
    "fast_period": 20,
    "slow_period": 100
  },
  "etv": {
    "horizon_days": 1,
    "risk_budget_usd": 100,
    "expected_move_usd": 95.03833324509245,
    "qty": 1.052207005168241,
    "notional_usd": 61810.84831160315,
    "leverage": 1
  }
}