{
  "t": "2026-05-08T20:13:57.631Z",
  "spot": 80204,
  "sigma_d": 0.0005466756370259005,
  "ERI": 0.05466756370259005,
  "percentiles": {
    "p10": 0.05383554500253685,
    "p50": 0.06626903063970768,
    "p90": 0.15954952557265467
  },
  "ema": {
    "fast": 0.018477663703017993,
    "slow": 0.019325542172776947,
    "fast_period": 20,
    "slow_period": 100
  },
  "etv": {
    "horizon_days": 1,
    "risk_budget_usd": 100,
    "expected_move_usd": 43.84557279202532,
    "qty": 2.2807319789009144,
    "notional_usd": 182923.82763576895,
    "leverage": 1
  }
}