{
  "t": "2026-05-31T14:07:25.947Z",
  "spot": 73694,
  "sigma_d": 0.0019873274918035524,
  "ERI": 0.19873274918035524,
  "percentiles": {
    "p10": 0.05372410378425222,
    "p50": 0.1227233172843962,
    "p90": 0.1820890991572356
  },
  "ema": {
    "fast": 0.03465653620447,
    "slow": 0.027379111204157345,
    "fast_period": 20,
    "slow_period": 100
  },
  "etv": {
    "horizon_days": 1,
    "risk_budget_usd": 100,
    "expected_move_usd": 146.45411218097098,
    "qty": 0.6828077307684718,
    "notional_usd": 50318.83291125176,
    "leverage": 1
  }
}