{
  "t": "2026-01-05T11:29:59.006Z",
  "spot": 93038,
  "sigma_d": 0.0016892826032377868,
  "ERI": 0.1689282603237787,
  "percentiles": {
    "p10": 0.05354676100809286,
    "p50": 0.1587014930266622,
    "p90": 0.18792297298868865
  },
  "ema": {
    "fast": 0.02502324822785973,
    "slow": 0.025725949904842695,
    "fast_period": 20,
    "slow_period": 100
  },
  "etv": {
    "horizon_days": 1,
    "risk_budget_usd": 100,
    "expected_move_usd": 157.16747484003722,
    "qty": 0.6362639604776914,
    "notional_usd": 59196.726354923456,
    "leverage": 1
  }
}