{
  "t": "2025-09-25T04:31:16.019Z",
  "spot": 111914,
  "sigma_d": 0.0005303681612185133,
  "ERI": 0.05303681612185133,
  "percentiles": {
    "p10": 0.05316231792682091,
    "p50": 0.05848312101940154,
    "p90": 0.1356887614133256
  },
  "ema": {
    "fast": 0.02134877822358961,
    "slow": 0.01722854491129011,
    "fast_period": 20,
    "slow_period": 100
  },
  "etv": {
    "horizon_days": 1,
    "risk_budget_usd": 100,
    "expected_move_usd": 59.355622394608694,
    "qty": 1.6847603641518392,
    "notional_usd": 188548.27139368892,
    "leverage": 1
  }
}