{
  "t": "2025-10-08T01:56:52.953Z",
  "spot": 121986,
  "sigma_d": 0.0005308454246633202,
  "ERI": 0.05308454246633202,
  "percentiles": {
    "p10": 0.05303335139507826,
    "p50": 0.05978019369369714,
    "p90": 0.16681578050834833
  },
  "ema": {
    "fast": 0.01786435976397208,
    "slow": 0.016810358038750885,
    "fast_period": 20,
    "slow_period": 100
  },
  "etv": {
    "horizon_days": 1,
    "risk_budget_usd": 100,
    "expected_move_usd": 64.75570997297977,
    "qty": 1.5442653634980823,
    "notional_usd": 188378.75463167706,
    "leverage": 1
  }
}