{
  "t": "2025-09-21T17:22:47.267Z",
  "spot": 115431,
  "sigma_d": 0.0005405593592523223,
  "ERI": 0.054055935925232224,
  "percentiles": {
    "p10": 0.05298946810701005,
    "p50": 0.05648444438627068,
    "p90": 0.12723204531788404
  },
  "ema": {
    "fast": 0.011810273074704392,
    "slow": 0.013581147239456814,
    "fast_period": 20,
    "slow_period": 100
  },
  "etv": {
    "horizon_days": 1,
    "risk_budget_usd": 100,
    "expected_move_usd": 62.39730739785481,
    "qty": 1.6026332572715782,
    "notional_usd": 184993.55952011555,
    "leverage": 1
  }
}