{
  "t": "2026-05-21T04:39:32.518Z",
  "spot": 77899,
  "sigma_d": 0.001830869239923672,
  "ERI": 0.1830869239923672,
  "percentiles": {
    "p10": 0.05372729504333167,
    "p50": 0.0744671834003741,
    "p90": 0.16917793924414254
  },
  "ema": {
    "fast": 0.026414267328322985,
    "slow": 0.02070111587927332,
    "fast_period": 20,
    "slow_period": 100
  },
  "etv": {
    "horizon_days": 1,
    "risk_budget_usd": 100,
    "expected_move_usd": 142.62288292081413,
    "qty": 0.7011497590854417,
    "notional_usd": 54618.865082996825,
    "leverage": 1
  }
}