{
  "t": "2026-05-03T23:58:49.662Z",
  "spot": 78542,
  "sigma_d": 0.001048061868609374,
  "ERI": 0.1048061868609374,
  "percentiles": {
    "p10": 0.053866954478401306,
    "p50": 0.06459775606316089,
    "p90": 0.15574936288237334
  },
  "ema": {
    "fast": 0.02256102031046998,
    "slow": 0.01833128695089274,
    "fast_period": 20,
    "slow_period": 100
  },
  "etv": {
    "horizon_days": 1,
    "risk_budget_usd": 100,
    "expected_move_usd": 82.31687528431745,
    "qty": 1.2148177351801333,
    "notional_usd": 95414.21455651803,
    "leverage": 1
  }
}