{
  "t": "2025-09-12T11:21:35.326Z",
  "spot": 114971,
  "sigma_d": 0.0005293216699931422,
  "ERI": 0.05293216699931422,
  "percentiles": {
    "p10": 0.05301757488552494,
    "p50": 0.1299100540011464,
    "p90": 0.18254532882940133
  },
  "ema": {
    "fast": 0.01142211460048224,
    "slow": 0.019068937028772145,
    "fast_period": 20,
    "slow_period": 100
  },
  "etv": {
    "horizon_days": 1,
    "risk_budget_usd": 100,
    "expected_move_usd": 60.856641720781546,
    "qty": 1.6432060194647848,
    "notional_usd": 188921.0392638858,
    "leverage": 1
  }
}