{
  "t": "2026-01-01T05:37:59.627Z",
  "spot": 87571,
  "sigma_d": 0.0017482416997052722,
  "ERI": 0.17482416997052722,
  "percentiles": {
    "p10": 0.05382909808401353,
    "p50": 0.15227138820853248,
    "p90": 0.17868466047654455
  },
  "ema": {
    "fast": 0.029106567019842263,
    "slow": 0.026096599918251563,
    "fast_period": 20,
    "slow_period": 100
  },
  "etv": {
    "horizon_days": 1,
    "risk_budget_usd": 100,
    "expected_move_usd": 153.0952738848904,
    "qty": 0.6531880277061212,
    "notional_usd": 57200.32877425274,
    "leverage": 1
  }
}