{
  "t": "2026-06-20T23:21:24.068Z",
  "spot": 64210,
  "sigma_d": 0.0005542539516184045,
  "ERI": 0.05542539516184045,
  "percentiles": {
    "p10": 0.053959744269348436,
    "p50": 0.14414390391937337,
    "p90": 0.19868732007533244
  },
  "ema": {
    "fast": 0.02431959501302606,
    "slow": 0.02442665238087976,
    "fast_period": 20,
    "slow_period": 100
  },
  "etv": {
    "horizon_days": 1,
    "risk_budget_usd": 100,
    "expected_move_usd": 35.588646233417755,
    "qty": 2.8098849094771117,
    "notional_usd": 180422.71003752534,
    "leverage": 1
  }
}