{
  "t": "2025-09-30T08:37:43.301Z",
  "spot": 113610,
  "sigma_d": 0.0016468963113480065,
  "ERI": 0.16468963113480065,
  "percentiles": {
    "p10": 0.05315498564756345,
    "p50": 0.07829336590386185,
    "p90": 0.16309236047815828
  },
  "ema": {
    "fast": 0.014716804790884974,
    "slow": 0.020631076811310052,
    "fast_period": 20,
    "slow_period": 100
  },
  "etv": {
    "horizon_days": 1,
    "risk_budget_usd": 100,
    "expected_move_usd": 187.10388993224703,
    "qty": 0.5344624317335754,
    "notional_usd": 60720.2768692515,
    "leverage": 1
  }
}