{
  "t": "2026-03-08T11:31:08.973Z",
  "spot": 67697,
  "sigma_d": 0.001744454428084293,
  "ERI": 0.1744454428084293,
  "percentiles": {
    "p10": 0.05413029206631162,
    "p50": 0.12734720108041842,
    "p90": 0.1981648559903167
  },
  "ema": {
    "fast": 0.02174035474567253,
    "slow": 0.02269369391349066,
    "fast_period": 20,
    "slow_period": 100
  },
  "etv": {
    "horizon_days": 1,
    "risk_budget_usd": 100,
    "expected_move_usd": 118.09433141802238,
    "qty": 0.8467806947145221,
    "notional_usd": 57324.512690089,
    "leverage": 1
  }
}