{
  "t": "2026-01-22T06:50:44.309Z",
  "spot": 90082,
  "sigma_d": 0.0005328162501028125,
  "ERI": 0.05328162501028125,
  "percentiles": {
    "p10": 0.0532104042688585,
    "p50": 0.07056109984338385,
    "p90": 0.15779117117683916
  },
  "ema": {
    "fast": 0.024614578787018997,
    "slow": 0.021399509637273318,
    "fast_period": 20,
    "slow_period": 100
  },
  "etv": {
    "horizon_days": 1,
    "risk_budget_usd": 100,
    "expected_move_usd": 47.997153441761554,
    "qty": 2.083456889195258,
    "notional_usd": 187681.9634924872,
    "leverage": 1
  }
}