{
  "t": "2026-04-21T16:18:56.247Z",
  "spot": 75912,
  "sigma_d": 0.0005369112609841527,
  "ERI": 0.053691126098415275,
  "percentiles": {
    "p10": 0.053978436781708224,
    "p50": 0.07841577708321451,
    "p90": 0.1883248268772469
  },
  "ema": {
    "fast": 0.014875620363041955,
    "slow": 0.01804392355688453,
    "fast_period": 20,
    "slow_period": 100
  },
  "etv": {
    "horizon_days": 1,
    "risk_budget_usd": 100,
    "expected_move_usd": 40.758007643829,
    "qty": 2.453505600025093,
    "notional_usd": 186250.51710910487,
    "leverage": 1
  }
}