{
  "t": "2025-09-19T04:31:08.476Z",
  "spot": 117029,
  "sigma_d": 0.0005281993581293779,
  "ERI": 0.052819935812937785,
  "percentiles": {
    "p10": 0.05298893573212414,
    "p50": 0.0565210491272727,
    "p90": 0.16726280195947013
  },
  "ema": {
    "fast": 0.012570695036053115,
    "slow": 0.013884772115575903,
    "fast_period": 20,
    "slow_period": 100
  },
  "etv": {
    "horizon_days": 1,
    "risk_budget_usd": 100,
    "expected_move_usd": 61.81464268252296,
    "qty": 1.617739675591028,
    "notional_usd": 189322.45649474242,
    "leverage": 1
  }
}