{
  "t": "2025-09-06T16:28:41.984Z",
  "spot": 110159,
  "sigma_d": 0.0005320007371354034,
  "ERI": 0.05320007371354034,
  "percentiles": {
    "p10": 0.05334457723604319,
    "p50": 0.12761357573944415,
    "p90": 0.17401736360081044
  },
  "ema": {
    "fast": 0.022414290978960635,
    "slow": 0.023309136342591272,
    "fast_period": 20,
    "slow_period": 100
  },
  "etv": {
    "horizon_days": 1,
    "risk_budget_usd": 100,
    "expected_move_usd": 58.604669202098904,
    "qty": 1.7063486811118889,
    "notional_usd": 187969.66436260456,
    "leverage": 1
  }
}