{
  "t": "2025-11-04T23:25:51.278Z",
  "spot": 101129,
  "sigma_d": 0.0012854910184166221,
  "ERI": 0.1285491018416622,
  "percentiles": {
    "p10": 0.05320354264118024,
    "p50": 0.08136601472665667,
    "p90": 0.17408365096621453
  },
  "ema": {
    "fast": 0.01820553173239565,
    "slow": 0.01873480271061115,
    "fast_period": 20,
    "slow_period": 100
  },
  "etv": {
    "horizon_days": 1,
    "risk_budget_usd": 100,
    "expected_move_usd": 130.00042120145457,
    "qty": 0.7692282769225451,
    "notional_usd": 77791.28641690007,
    "leverage": 1
  }
}