{
  "t": "2026-05-28T19:42:56.585Z",
  "spot": 73336,
  "sigma_d": 0.0016535835289703418,
  "ERI": 0.16535835289703418,
  "percentiles": {
    "p10": 0.05372729504333167,
    "p50": 0.11686178546264529,
    "p90": 0.1722898825091991
  },
  "ema": {
    "fast": 0.024768877398947373,
    "slow": 0.02245183531111554,
    "fast_period": 20,
    "slow_period": 100
  },
  "etv": {
    "horizon_days": 1,
    "risk_budget_usd": 100,
    "expected_move_usd": 121.26720168056899,
    "qty": 0.8246252788401178,
    "notional_usd": 60474.71944901888,
    "leverage": 1
  }
}