{
  "t": "2026-01-31T08:43:51.627Z",
  "spot": 82606,
  "sigma_d": 0.000787673844635471,
  "ERI": 0.0787673844635471,
  "percentiles": {
    "p10": 0.053293381778060284,
    "p50": 0.13250290072466386,
    "p90": 0.17810142383398367
  },
  "ema": {
    "fast": 0.02060184848520757,
    "slow": 0.018624652596393693,
    "fast_period": 20,
    "slow_period": 100
  },
  "etv": {
    "horizon_days": 1,
    "risk_budget_usd": 100,
    "expected_move_usd": 65.06658560995771,
    "qty": 1.536887160476669,
    "notional_usd": 126956.10077833572,
    "leverage": 1
  }
}