{
  "t": "2025-09-07T09:23:35.179Z",
  "spot": 111220,
  "sigma_d": 0.0016040176341777048,
  "ERI": 0.1604017634177705,
  "percentiles": {
    "p10": 0.05328083323475482,
    "p50": 0.12524483478418783,
    "p90": 0.17105762190065515
  },
  "ema": {
    "fast": 0.017651747891607856,
    "slow": 0.02101471477835111,
    "fast_period": 20,
    "slow_period": 100
  },
  "etv": {
    "horizon_days": 1,
    "risk_budget_usd": 100,
    "expected_move_usd": 178.39884127324433,
    "qty": 0.5605417573695737,
    "notional_usd": 62343.454254643984,
    "leverage": 1
  }
}