{
  "t": "2025-09-18T12:53:32.220Z",
  "spot": 117149,
  "sigma_d": 0.0005300831584463585,
  "ERI": 0.05300831584463585,
  "percentiles": {
    "p10": 0.0529892658871037,
    "p50": 0.05775537984368678,
    "p90": 0.1721120054796441
  },
  "ema": {
    "fast": 0.01332132898265648,
    "slow": 0.01425235707279709,
    "fast_period": 20,
    "slow_period": 100
  },
  "etv": {
    "horizon_days": 1,
    "risk_budget_usd": 100,
    "expected_move_usd": 62.098711928832444,
    "qty": 1.610339359608681,
    "notional_usd": 188649.64563879737,
    "leverage": 1
  }
}