{
  "t": "2025-12-07T13:32:00.439Z",
  "spot": 88949,
  "sigma_d": 0.0017848335615596128,
  "ERI": 0.17848335615596128,
  "percentiles": {
    "p10": 0.05726589601349984,
    "p50": 0.17370885261531033,
    "p90": 0.22503645562024002
  },
  "ema": {
    "fast": 0.04105891192266589,
    "slow": 0.03548312686478862,
    "fast_period": 20,
    "slow_period": 100
  },
  "etv": {
    "horizon_days": 1,
    "risk_budget_usd": 100,
    "expected_move_usd": 158.759160467166,
    "qty": 0.6298849131334481,
    "notional_usd": 56027.63313830707,
    "leverage": 1
  }
}