{
  "t": "2025-11-30T20:30:54.799Z",
  "spot": 91321,
  "sigma_d": 0.001887671641491229,
  "ERI": 0.1887671641491229,
  "percentiles": {
    "p10": 0.053686371751819624,
    "p50": 0.14353821770823838,
    "p90": 0.19269846184236292
  },
  "ema": {
    "fast": 0.03544123701768598,
    "slow": 0.03019799160887206,
    "fast_period": 20,
    "slow_period": 100
  },
  "etv": {
    "horizon_days": 1,
    "risk_budget_usd": 100,
    "expected_move_usd": 172.38406197262051,
    "qty": 0.5801000327738121,
    "notional_usd": 52975.31509293729,
    "leverage": 1
  }
}