{
  "t": "2026-01-11T20:32:46.517Z",
  "spot": 90399,
  "sigma_d": 0.0006131223323280199,
  "ERI": 0.061312233232801994,
  "percentiles": {
    "p10": 0.05346494524880328,
    "p50": 0.14077568933971735,
    "p90": 0.1987794020330305
  },
  "ema": {
    "fast": 0.022823168040767897,
    "slow": 0.022026717419811933,
    "fast_period": 20,
    "slow_period": 100
  },
  "etv": {
    "horizon_days": 1,
    "risk_budget_usd": 100,
    "expected_move_usd": 55.42564572012068,
    "qty": 1.8042189441502148,
    "notional_usd": 163099.58833223526,
    "leverage": 1
  }
}