{
  "t": "2025-09-02T03:33:56.095Z",
  "spot": 23.638,
  "sigma_d": 0.046446767737407066,
  "ERI": 4.644676773740707,
  "percentiles": {
    "p10": 4.64149509582737,
    "p50": 4.644526312846747,
    "p90": 4.65655337343005
  },
  "ema": {
    "fast": 0.8873266016034339,
    "slow": 0.8877937738649294,
    "fast_period": 20,
    "slow_period": 100
  },
  "etv": {
    "horizon_days": 1,
    "risk_budget_usd": 100,
    "expected_move_usd": 1.0979086957768283,
    "qty": 91.08225518629737,
    "notional_usd": 2153.0023480936975,
    "leverage": 1
  }
}