{
  "t": "2025-09-03T02:24:59.221Z",
  "spot": 24.487,
  "sigma_d": 0.04645050825184529,
  "ERI": 4.645050825184529,
  "percentiles": {
    "p10": 4.641672811049911,
    "p50": 4.644676773740707,
    "p90": 4.65539075708163
  },
  "ema": {
    "fast": 0.8873489908127957,
    "slow": 0.8877715187876812,
    "fast_period": 20,
    "slow_period": 100
  },
  "etv": {
    "horizon_days": 1,
    "risk_budget_usd": 100,
    "expected_move_usd": 1.1374335955629356,
    "qty": 87.91722030199773,
    "notional_usd": 2152.828973535018,
    "leverage": 1
  }
}