{
  "t": "2025-09-01T23:40:01.914Z",
  "spot": 22.999,
  "sigma_d": 0.04643974487610868,
  "ERI": 4.643974487610867,
  "percentiles": {
    "p10": 4.64117649821124,
    "p50": 4.645372048897253,
    "p90": 4.658516169859075
  },
  "ema": {
    "fast": 0.8873527504366636,
    "slow": 0.8878798294065059,
    "fast_period": 20,
    "slow_period": 100
  },
  "etv": {
    "horizon_days": 1,
    "risk_budget_usd": 100,
    "expected_move_usd": 1.0680676924056234,
    "qty": 93.62702449576828,
    "notional_usd": 2153.3279363781744,
    "leverage": 1
  }
}