{
  "t": "2025-09-01T20:24:32.579Z",
  "spot": 23.425,
  "sigma_d": 0.04647117517929372,
  "ERI": 4.647117517929372,
  "percentiles": {
    "p10": 4.641083972009808,
    "p50": 4.64719715521521,
    "p90": 4.659242162077877
  },
  "ema": {
    "fast": 0.8874067894229484,
    "slow": 0.8880703107222413,
    "fast_period": 20,
    "slow_period": 100
  },
  "etv": {
    "horizon_days": 1,
    "risk_budget_usd": 100,
    "expected_move_usd": 1.0885872785749555,
    "qty": 91.86217951298099,
    "notional_usd": 2151.8715550915795,
    "leverage": 1
  }
}