{
  "t": "2025-09-01T22:42:11.030Z",
  "spot": 22.694,
  "sigma_d": 0.04644172337754494,
  "ERI": 4.644172337754494,
  "percentiles": {
    "p10": 4.641139155580305,
    "p50": 4.646742295324553,
    "p90": 4.658558007384058
  },
  "ema": {
    "fast": 0.8874283536613372,
    "slow": 0.887947362732603,
    "fast_period": 20,
    "slow_period": 100
  },
  "etv": {
    "horizon_days": 1,
    "risk_budget_usd": 100,
    "expected_move_usd": 1.0539484703300048,
    "qty": 94.88129905315837,
    "notional_usd": 2153.236200712376,
    "leverage": 1
  }
}