{
  "t": "2025-09-01T22:32:25.907Z",
  "spot": 22.807,
  "sigma_d": 0.046441556779779194,
  "ERI": 4.64415567797792,
  "percentiles": {
    "p10": 4.641131687054118,
    "p50": 4.64682996617872,
    "p90": 4.6585663748890545
  },
  "ema": {
    "fast": 0.8874452456985797,
    "slow": 0.8879610896704833,
    "fast_period": 20,
    "slow_period": 100
  },
  "etv": {
    "horizon_days": 1,
    "risk_budget_usd": 100,
    "expected_move_usd": 1.059192585476424,
    "qty": 94.41153702470461,
    "notional_usd": 2153.243924922438,
    "leverage": 1
  }
}