{
  "t": "2025-09-01T23:21:39.999Z",
  "spot": 22.978,
  "sigma_d": 0.04643930627099085,
  "ERI": 4.643930627099085,
  "percentiles": {
    "p10": 4.6411615611588655,
    "p50": 4.645710670166228,
    "p90": 4.658532904869068
  },
  "ema": {
    "fast": 0.8873801042998567,
    "slow": 0.8879063795725831,
    "fast_period": 20,
    "slow_period": 100
  },
  "etv": {
    "horizon_days": 1,
    "risk_budget_usd": 100,
    "expected_move_usd": 1.0670823794948279,
    "qty": 93.71347697385973,
    "notional_usd": 2153.348273905349,
    "leverage": 1
  }
}