{
  "t": "2025-09-03T02:24:01.232Z",
  "spot": 24.482,
  "sigma_d": 0.04644921836499939,
  "ERI": 4.64492183649994,
  "percentiles": {
    "p10": 4.641613572642397,
    "p50": 4.644619474463081,
    "p90": 4.655778295864437
  },
  "ema": {
    "fast": 0.8873398620462076,
    "slow": 0.887778302720859,
    "fast_period": 20,
    "slow_period": 100
  },
  "etv": {
    "horizon_days": 1,
    "risk_budget_usd": 100,
    "expected_move_usd": 1.1371697640119152,
    "qty": 87.93761772842231,
    "notional_usd": 2152.888757227235,
    "leverage": 1
  }
}